Force,Compressive stress,Compressive strain (Displacement)
(N),(MPa),(%)
"-0.0020","0.0000","0.0000"
"0.0063","0.0000","0.0000"
"0.0135","0.0000","595.2863"
"0.0195","0.0000","6021.0072"
"0.0247","0.0000","30088.2111"
"0.0296","0.0000","102921.5454"
"0.0351","0.0000","276801.8799"
"0.0416","0.0000","630201.9043"
"0.0490","0.0000","1269321.5820"
"0.0569","0.0000","2327461.5234"
"0.0650","0.0000","3963331.6406"
"0.0730","0.0000","6358642.9688"
"0.0808","0.0000","9715025.7812"
"0.0884","0.0000","14251092.1875"
"0.0950","0.0000","20199876.5625"
"0.0999","0.0000","27806112.5000"
"0.1032","0.0000","37323750.0000"
"0.1057","0.0000","49014121.8750"
"0.1086","0.0000","63144325.0000"
"0.1126","0.0000","79985843.7500"
"0.1179","0.0000","99813275.0000"
"0.1237","0.0000","122902762.5000"
"0.1297","0.0000","149530862.5000"
"0.1361","0.0000","179973487.5000"
"0.1433","0.0000","214505100.0000"
"0.1513","0.0000","253397800.0000"
"0.1597","0.0000","296919700.0000"
"0.1676","0.0000","345334325.0000"
"0.1745","0.0000","398899525.0000"
"0.1800","0.0000","457867750.0000"
"0.1839","0.0000","522485300.0000"
"0.1867","0.0000","592991850.0000"
"0.1887","0.0000","669619200.0000"
"0.1899","0.0000","752591200.0000"
"0.1904","0.0000","842124300.0000"
"0.1901","0.0000","938427600.0000"
"0.1893","0.0000","1041702000.0000"
"0.1892","0.0000","1152141100.0000"
"0.1908","0.0000","1269930600.0000"
"0.1943","0.0000","1395248000.0000"
"0.1988","0.0000","1528262000.0000"
"0.2035","0.0000","1669132900.0000"
"0.2076","0.0000","1818013200.0000"
"0.2110","0.0000","1975047000.0000"
"0.2139","0.0000","2140371400.0000"
"0.2166","0.0000","2314113400.0000"
"0.2194","0.0000","2496392600.0000"
"0.2222","0.0000","2687321200.0000"
"0.2245","0.0000","2887004400.0000"
"0.2256","0.0000","3095540600.0000"
"0.2253","0.0000","3313020400.0000"
"0.2242","0.0000","3539526800.0000"
"0.2232","0.0000","3775136000.0000"
"0.2235","0.0000","4019916400.0000"
"0.2260","0.0000","4273933600.0000"
"0.2307","0.0000","4537246000.0000"
"0.2364","0.0000","4809907200.0000"
"0.2416","0.0000","5091964000.0000"
"0.2455","0.0000","5383457600.0000"
"0.2482","0.0000","5684426800.0000"
"0.2497","0.0000","5994903200.0000"
"0.2506","0.0000","6314914800.0000"
"0.2511","0.0000","6644486000.0000"
"0.2512","0.0000","6983637600.0000"
"0.2507","0.0000","7332384800.0000"
"0.2493","0.0000","7690741600.0000"
"0.2466","0.0000","8058716800.0000"
"0.2430","0.0000","8436315200.0000"
"0.2394","0.0000","8823540800.0000"
"0.2366","0.0000","9220396000.0000"
"0.2349","0.0000","9626879200.0000"
"0.2341","0.0000","10042984000.0000"
"0.2341","0.0000","10468707200.0000"
"0.2349","0.0000","10904042400.0000"
"0.2365","0.0000","11348978400.0000"
"0.2391","0.0000","11803504000.0000"
"0.2427","0.0000","12267607200.0000"
"0.2471","0.0000","12741275200.0000"
"0.2519","0.0000","13224493600.0000"
"0.2565","0.0000","13717244800.0000"
"0.2602","0.0000","14219512000.0000"
"0.2625","0.0000","14731278400.0000"
"0.2641","0.0000","15252523200.0000"
"0.2652","0.0000","15783225600.0000"
"0.2664","0.0000","16323363200.0000"
"0.2679","0.0000","16872913600.0000"
"0.2698","0.0000","17431852800.0000"
"0.2720","0.0000","18000158400.0000"
"0.2748","0.0000","18577806400.0000"
"0.2785","0.0000","19164771200.0000"
"0.2833","0.0000","19761024000.0000"
"0.2890","0.0000","20366542400.0000"
"0.2949","0.0000","20981299200.0000"
"0.3006","0.0000","21605264000.0000"
"0.3057","0.0000","22238411200.0000"
"0.3106","0.0000","22880713600.0000"
"0.3151","0.0000","23532144000.0000"
"0.3188","0.0000","24192672000.0000"
"0.3214","0.0000","24862267200.0000"
"0.3229","0.0000","25540907200.0000"
"0.3240","0.0000","26228568000.0000"
"0.3254","0.0000","26925222400.0000"
"0.3274","0.0000","27630841600.0000"
"0.3297","0.0000","28345404800.0000"
"0.3324","0.0000","29068880000.0000"
"0.3353","0.0000","29801248000.0000"
"0.3384","0.0000","30542476800.0000"
"0.3412","0.0000","31292534400.0000"
"0.3437","0.0000","32051408000.0000"
"0.3465","0.0000","32819062400.0000"
"0.3496","0.0000","33595478400.0000"
"0.3526","0.0000","34380624000.0000"
"0.3550","0.0000","35174473600.0000"
"0.3566","0.0000","35976988800.0000"
"0.3572","0.0000","36788153600.0000"
"0.3573","0.0000","37607926400.0000"
"0.3573","0.0000","38436272000.0000"
"0.3574","0.0000","39273155200.0000"
"0.3575","0.0000","40118534400.0000"
"0.3574","0.0000","40972348800.0000"
"0.3576","0.0000","41834556800.0000"
"0.3584","0.0000","42705075200.0000"
"0.3598","0.0000","43583836800.0000"
"0.3613","0.0000","44470729600.0000"
"0.3622","0.0000","45365619200.0000"
"0.3618","0.0000","46268348800.0000"
"0.3599","0.0000","47178729600.0000"
"0.3563","0.0000","48096537600.0000"
"0.3515","0.0000","49021536000.0000"
"0.3462","0.0000","49953456000.0000"
"0.3408","0.0000","50892009600.0000"
"0.3354","0.0000","51836892800.0000"
"0.3302","0.0000","52787795200.0000"
"0.3259","0.0000","53744390400.0000"
"0.3230","0.0000","54706355200.0000"
"0.3208","0.0000","55673337600.0000"
"0.3186","0.0000","56645004800.0000"
"0.3161","0.0000","57621024000.0000"
"0.3130","0.0000","58601056000.0000"
"0.3093","0.0000","59584755200.0000"
"0.3052","0.0000","60571820800.0000"
"0.3009","0.0000","61561900800.0000"
"0.2969","0.0000","62554707200.0000"
"0.2930","0.0000","63549907200.0000"
"0.2887","0.0000","64547238400.0000"
"0.2837","0.0000","65546393600.0000"
"0.2775","0.0000","66547129600.0000"
"0.2702","0.0000","67549152000.0000"
"0.2619","0.0000","68552256000.0000"
"0.2533","0.0000","69556198400.0000"
"0.2455","0.0000","70560761600.0000"
"0.2397","0.0000","71565747200.0000"
"0.2363","0.0000","72570988800.0000"
"0.2348","0.0000","73576294400.0000"
"0.2344","0.0000","74581510400.0000"
"0.2340","0.0000","75586515200.0000"
"0.2330","0.0000","76591174400.0000"
"0.2312","0.0000","77595372800.0000"
"0.2285","0.0000","78599020800.0000"
"0.2252","0.0000","79602016000.0000"
"0.2214","0.0000","80604307200.0000"
"0.2177","0.0000","81605804800.0000"
"0.2148","0.0000","82606476800.0000"
"0.2129","0.0000","83606278400.0000"
"0.2122","0.0000","84605171200.0000"
"0.2124","0.0000","85603129600.0000"
"0.2141","0.0000","86600160000.0000"
"0.2173","0.0000","87596236800.0000"
"0.2223","0.0000","88591366400.0000"
"0.2290","0.0000","89585555200.0000"
"0.2369","0.0000","90578828800.0000"
"0.2458","0.0000","91571200000.0000"
"0.2552","0.0000","92562707200.0000"
"0.2648","0.0000","93553376000.0000"
"0.2740","0.0000","94543264000.0000"
"0.2823","0.0000","95532396800.0000"
"0.2889","0.0000","96520832000.0000"
"0.2937","0.0000","97508627200.0000"
"0.2967","0.0000","98495840000.0000"
"0.2982","0.0000","99482540800.0000"
"0.2991","0.0000","100468768000.0000"
"0.3003","0.0000","101454592000.0000"
"0.3025","0.0000","102440096000.0000"
"0.3059","0.0000","103425312000.0000"
"0.3105","0.0000","104410342400.0000"
"0.3161","0.0000","105395212800.0000"
"0.3224","0.0000","106380012800.0000"
"0.3289","0.0000","107364800000.0000"
"0.3350","0.0000","108349606400.0000"
"0.3400","0.0000","109334540800.0000"
"0.3439","0.0000","110319628800.0000"
"0.3470","0.0000","111304908800.0000"
"0.3490","0.0000","112290457600.0000"
"0.3502","0.0000","113276313600.0000"
"0.3510","0.0000","114262515200.0000"
"0.3520","0.0000","115249126400.0000"
"0.3532","0.0000","116236172800.0000"
"0.3549","0.0000","117223692800.0000"
"0.3574","0.0000","118211737600.0000"
"0.3605","0.0000","119200345600.0000"
"0.3641","0.0000","120189542400.0000"
"0.3680","0.0000","121179328000.0000"
"0.3720","0.0000","122169779200.0000"
"0.3756","0.0000","123160908800.0000"
"0.3789","0.0000","124152729600.0000"
"0.3825","0.0000","125145267200.0000"
"0.3867","0.0000","126138560000.0000"
"0.3917","0.0000","127132595200.0000"
"0.3971","0.0000","128127398400.0000"
"0.4027","0.0000","129122982400.0000"
"0.4085","0.0001","130119334400.0000"
"0.4143","0.0001","131116492800.0000"
"0.4202","0.0001","132114432000.0000"
"0.4262","0.0001","133113139200.0000"
"0.4324","0.0001","134112640000.0000"
"0.4392","0.0001","135112896000.0000"
"0.4467","0.0001","136113907200.0000"
"0.4552","0.0001","137115660800.0000"
"0.4646","0.0001","138118144000.0000"
"0.4748","0.0001","139121344000.0000"
"0.4856","0.0001","140125248000.0000"
"0.4967","0.0001","141129792000.0000"
"0.5076","0.0001","142135027200.0000"
"0.5179","0.0001","143140864000.0000"
"0.5276","0.0001","144147340800.0000"
"0.5373","0.0001","145154406400.0000"
"0.5465","0.0001","146162022400.0000"
"0.5547","0.0001","147170201600.0000"
"0.5616","0.0001","148178892800.0000"
"0.5678","0.0001","149188108800.0000"
"0.5743","0.0001","150197760000.0000"
"0.5817","0.0001","151207884800.0000"
"0.5898","0.0001","152218432000.0000"
"0.5982","0.0001","153229388800.0000"
"0.6063","0.0001","154240678400.0000"
"0.6138","0.0001","155252339200.0000"
"0.6206","0.0001","156264281600.0000"
"0.6267","0.0001","157276544000.0000"
"0.6325","0.0001","158289049600.0000"
"0.6385","0.0001","159301760000.0000"
"0.6446","0.0001","160314675200.0000"
"0.6502","0.0001","161327731200.0000"
"0.6545","0.0001","162340940800.0000"
"0.6579","0.0001","163354252800.0000"
"0.6611","0.0001","164367616000.0000"
"0.6645","0.0001","165381030400.0000"
"0.6685","0.0001","166394483200.0000"
"0.6734","0.0001","167407910400.0000"
"0.6793","0.0001","168421337600.0000"
"0.6864","0.0001","169434700800.0000"
"0.6942","0.0001","170448000000.0000"
"0.7027","0.0001","171461196800.0000"
"0.7116","0.0001","172474304000.0000"
"0.7204","0.0001","173487283200.0000"
"0.7285","0.0001","174500134400.0000"
"0.7360","0.0001","175512844800.0000"
"0.7430","0.0001","176525376000.0000"
"0.7493","0.0001","177537702400.0000"
"0.7549","0.0001","178549875200.0000"
"0.7596","0.0001","179561817600.0000"
"0.7635","0.0001","180573542400.0000"
"0.7664","0.0001","181585036800.0000"
"0.7683","0.0001","182596300800.0000"
"0.7697","0.0001","183607283200.0000"
"0.7716","0.0001","184617996800.0000"
"0.7743","0.0001","185628454400.0000"
"0.7783","0.0001","186638592000.0000"
"0.7837","0.0001","187648448000.0000"
"0.7906","0.0001","188657984000.0000"
"0.7988","0.0001","189667212800.0000"
"0.8075","0.0001","190676121600.0000"
"0.8161","0.0001","191684710400.0000"
"0.8245","0.0001","192692979200.0000"
"0.8328","0.0001","193700940800.0000"
"0.8408","0.0001","194708544000.0000"
"0.8481","0.0001","195715840000.0000"
"0.8541","0.0001","196722828800.0000"
"0.8587","0.0001","197729497600.0000"
"0.8625","0.0001","198735859200.0000"
"0.8662","0.0001","199741939200.0000"
"0.8704","0.0001","200747712000.0000"
"0.8753","0.0001","201753190400.0000"
"0.8813","0.0001","202758336000.0000"
"0.8883","0.0001","203763251200.0000"
"0.8957","0.0001","204767872000.0000"
"0.9026","0.0001","205772211200.0000"
"0.9083","0.0001","206776268800.0000"
"0.9132","0.0001","207780108800.0000"
"0.9177","0.0001","208783628800.0000"
"0.9222","0.0001","209786918400.0000"
"0.9269","0.0001","210789926400.0000"
"0.9319","0.0001","211792691200.0000"
"0.9368","0.0001","212795187200.0000"
"0.9415","0.0001","213797478400.0000"
"0.9460","0.0001","214799539200.0000"
"0.9508","0.0001","215801344000.0000"
"0.9563","0.0001","216802944000.0000"
"0.9626","0.0001","217804339200.0000"
"0.9690","0.0001","218805529600.0000"
"0.9753","0.0001","219806540800.0000"
"0.9812","0.0001","220807372800.0000"
"0.9868","0.0001","221808025600.0000"
"0.9921","0.0001","222808550400.0000"
"0.9977","0.0001","223808947200.0000"
"1.0037","0.0001","224809164800.0000"
"1.0101","0.0001","225809280000.0000"
"1.0163","0.0001","226809241600.0000"
"1.0221","0.0001","227809177600.0000"
"1.0273","0.0001","228808934400.0000"
"1.0327","0.0001","229808640000.0000"
"1.0391","0.0001","230808268800.0000"
"1.0475","0.0001","231807820800.0000"
"1.0584","0.0001","232807296000.0000"
"1.0718","0.0001","233806668800.0000"
"1.0871","0.0001","234805990400.0000"
"1.1032","0.0001","235805260800.0000"
"1.1195","0.0001","236804480000.0000"
"1.1357","0.0001","237803596800.0000"
"1.1514","0.0001","238802713600.0000"
"1.1664","0.0001","239801804800.0000"
"1.1803","0.0001","240800819200.0000"
"1.1926","0.0001","241799808000.0000"
"1.2032","0.0001","242798822400.0000"
"1.2125","0.0001","243797760000.0000"
"1.2204","0.0001","244796723200.0000"
"1.2273","0.0002","245795686400.0000"
"1.2340","0.0002","246794624000.0000"
"1.2415","0.0002","247793638400.0000"
"1.2501","0.0002","248792627200.0000"
"1.2595","0.0002","249791641600.0000"
"1.2690","0.0002","250790707200.0000"
"1.2779","0.0002","251789798400.0000"
"1.2862","0.0002","252788915200.0000"
"1.2942","0.0002","253788083200.0000"
"1.3018","0.0002","254787225600.0000"
"1.3084","0.0002","255786444800.0000"
"1.3141","0.0002","256785715200.0000"
"1.3193","0.0002","257785011200.0000"
"1.3245","0.0002","258784358400.0000"
"1.3300","0.0002","259783705600.0000"
"1.3358","0.0002","260783129600.0000"
"1.3421","0.0002","261782553600.0000"
"1.3493","0.0002","262782028800.0000"
"1.3579","0.0002","263781529600.0000"
"1.3679","0.0002","264781081600.0000"
"1.3791","0.0002","265780659200.0000"
"1.3909","0.0002","266780262400.0000"
"1.4031","0.0002","267779942400.0000"
"1.4149","0.0002","268779648000.0000"
"1.4257","0.0002","269779379200.0000"
"1.4347","0.0002","270779212800.0000"
"1.4421","0.0002","271779046400.0000"
"1.4482","0.0002","272778982400.0000"
"1.4533","0.0002","273778944000.0000"
"1.4582","0.0002","274778956800.0000"
"1.4630","0.0002","275779072000.0000"
"1.4673","0.0002","276779212800.0000"
"1.4710","0.0002","277779404800.0000"
"1.4744","0.0002","278779622400.0000"
"1.4782","0.0002","279779916800.0000"
"1.4826","0.0002","280780262400.0000"
"1.4871","0.0002","281780633600.0000"
"1.4916","0.0002","282781030400.0000"
"1.4960","0.0002","283781478400.0000"
"1.5004","0.0002","284781952000.0000"
"1.5049","0.0002","285782451200.0000"
"1.5095","0.0002","286782976000.0000"
"1.5138","0.0002","287783475200.0000"
"1.5179","0.0002","288784025600.0000"
"1.5218","0.0002","289784601600.0000"
"1.5259","0.0002","290785177600.0000"
"1.5305","0.0002","291785804800.0000"
"1.5352","0.0002","292786406400.0000"
"1.5395","0.0002","293787033600.0000"
"1.5436","0.0002","294787737600.0000"
"1.5483","0.0002","295788390400.0000"
"1.5535","0.0002","296789094400.0000"
"1.5592","0.0002","297789824000.0000"
"1.5650","0.0002","298790579200.0000"
"1.5702","0.0002","299791334400.0000"
"1.5749","0.0002","300792166400.0000"
"1.5796","0.0002","301792947200.0000"
"1.5847","0.0002","302793779200.0000"
"1.5901","0.0002","303794585600.0000"
"1.5956","0.0002","304795443200.0000"
"1.6007","0.0002","305796300800.0000"
"1.6050","0.0002","306797132800.0000"
"1.6088","0.0002","307797964800.0000"
"1.6125","0.0002","308798796800.0000"
"1.6175","0.0002","309799603200.0000"
"1.6245","0.0002","310800384000.0000"
"1.6339","0.0002","311801190400.0000"
"1.6448","0.0002","312801945600.0000"
"1.6568","0.0002","313802700800.0000"
"1.6696","0.0002","314803404800.0000"
"1.6835","0.0002","315804108800.0000"
"1.6983","0.0002","316804787200.0000"
"1.7135","0.0002","317805465600.0000"
"1.7286","0.0002","318806092800.0000"
"1.7432","0.0002","319806720000.0000"
"1.7572","0.0002","320807347200.0000"
"1.7708","0.0002","321807948800.0000"
"1.7837","0.0002","322808524800.0000"
"1.7960","0.0002","323809126400.0000"
"1.8076","0.0002","324809702400.0000"
"1.8185","0.0002","325810278400.0000"
"1.8290","0.0002","326810828800.0000"
"1.8399","0.0002","327811379200.0000"
"1.8516","0.0002","328811878400.0000"
"1.8641","0.0002","329812377600.0000"
"1.8765","0.0002","330812851200.0000"
"1.8886","0.0002","331813324800.0000"
"1.9003","0.0002","332813721600.0000"
"1.9120","0.0002","333814118400.0000"
"1.9234","0.0002","334814489600.0000"
"1.9337","0.0002","335814809600.0000"
"1.9428","0.0002","336815104000.0000"
"1.9509","0.0002","337815424000.0000"
"1.9584","0.0002","338815641600.0000"
"1.9648","0.0002","339815859200.0000"
"1.9698","0.0002","340816076800.0000"
"1.9738","0.0002","341816268800.0000"
"1.9779","0.0002","342816486400.0000"
"1.9828","0.0002","343816627200.0000"
"1.9885","0.0002","344816793600.0000"
"1.9948","0.0002","345816960000.0000"
"2.0012","0.0002","346817100800.0000"
"2.0071","0.0002","347817241600.0000"
"2.0122","0.0002","348817433600.0000"
"2.0160","0.0002","349817548800.0000"
"2.0185","0.0002","350817715200.0000"
"2.0195","0.0002","351817881600.0000"
"2.0198","0.0002","352818022400.0000"
"2.0200","0.0002","353818163200.0000"
"2.0209","0.0002","354818304000.0000"
"2.0232","0.0002","355818419200.0000"
"2.0266","0.0002","356818534400.0000"
"2.0304","0.0002","357818649600.0000"
"2.0344","0.0002","358818739200.0000"
"2.0390","0.0003","359818803200.0000"
"2.0447","0.0003","360818867200.0000"
"2.0516","0.0003","361818905600.0000"
"2.0596","0.0003","362818944000.0000"
"2.0687","0.0003","363818982400.0000"
"2.0784","0.0003","364818995200.0000"
"2.0882","0.0003","365819008000.0000"
"2.0975","0.0003","366819020800.0000"
"2.1061","0.0003","367819059200.0000"
"2.1139","0.0003","368819072000.0000"
"2.1209","0.0003","369819136000.0000"
"2.1271","0.0003","370819148800.0000"
"2.1322","0.0003","371819187200.0000"
"2.1357","0.0003","372819251200.0000"
"2.1379","0.0003","373819289600.0000"
"2.1393","0.0003","374819353600.0000"
"2.1412","0.0003","375819443200.0000"
"2.1444","0.0003","376819507200.0000"
"2.1497","0.0003","377819545600.0000"
"2.1574","0.0003","378819635200.0000"
"2.1674","0.0003","379819673600.0000"
"2.1791","0.0003","380819686400.0000"
"2.1916","0.0003","381819724800.0000"
"2.2038","0.0003","382819737600.0000"
"2.2150","0.0003","383819699200.0000"
"2.2255","0.0003","384819712000.0000"
"2.2360","0.0003","385819648000.0000"
"2.2466","0.0003","386819635200.0000"
"2.2568","0.0003","387819571200.0000"
"2.2660","0.0003","388819481600.0000"
"2.2737","0.0003","389819443200.0000"
"2.2807","0.0003","390819328000.0000"
"2.2880","0.0003","391819289600.0000"
"2.2970","0.0003","392819200000.0000"
"2.3084","0.0003","393819136000.0000"
"2.3222","0.0003","394819072000.0000"
"2.3376","0.0003","395819008000.0000"
"2.3539","0.0003","396818969600.0000"
"2.3707","0.0003","397818905600.0000"
"2.3874","0.0003","398818944000.0000"
"2.4037","0.0003","399818880000.0000"
"2.4194","0.0003","400818892800.0000"
"2.4342","0.0003","401818854400.0000"
"2.4479","0.0003","402818841600.0000"
"2.4602","0.0003","403818752000.0000"
"2.4705","0.0003","404818739200.0000"
"2.4786","0.0003","405818700800.0000"
"2.4853","0.0003","406818636800.0000"
"2.4916","0.0003","407818521600.0000"
"2.4988","0.0003","408818457600.0000"
"2.5073","0.0003","409818368000.0000"
"2.5172","0.0003","410818201600.0000"
"2.5276","0.0003","411818137600.0000"
"2.5378","0.0003","412818022400.0000"
"2.5479","0.0003","413817881600.0000"
"2.5586","0.0003","414817715200.0000"
"2.5700","0.0003","415817651200.0000"
"2.5821","0.0003","416817536000.0000"
"2.5945","0.0003","417817420800.0000"
"2.6061","0.0003","418817305600.0000"
"2.6161","0.0003","419817216000.0000"
"2.6237","0.0003","420817152000.0000"
"2.6288","0.0003","421817088000.0000"
"2.6317","0.0003","422816998400.0000"
"2.6332","0.0003","423816934400.0000"
"2.6345","0.0003","424816896000.0000"
"2.6369","0.0003","425816832000.0000"
"2.6413","0.0003","426816819200.0000"
"2.6480","0.0003","427816780800.0000"
"2.6563","0.0003","428816716800.0000"
"2.6652","0.0003","429816627200.0000"
"2.6736","0.0003","430816614400.0000"
"2.6811","0.0003","431816550400.0000"
"2.6876","0.0003","432816435200.0000"
"2.6931","0.0003","433816422400.0000"
"2.6979","0.0003","434816307200.0000"
"2.7019","0.0003","435816243200.0000"
"2.7050","0.0003","436816128000.0000"
"2.7075","0.0003","437816064000.0000"
"2.7099","0.0003","438816051200.0000"
"2.7131","0.0003","439815936000.0000"
"2.7178","0.0003","440815872000.0000"
"2.7239","0.0003","441815859200.0000"
"2.7313","0.0003","442815846400.0000"
"2.7401","0.0003","443815833600.0000"
"2.7510","0.0003","444815872000.0000"
"2.7647","0.0003","445815910400.0000"
"2.7810","0.0003","446815897600.0000"
"2.7991","0.0003","447815936000.0000"
"2.8179","0.0003","448816025600.0000"
"2.8366","0.0003","449816115200.0000"
"2.8547","0.0004","450816204800.0000"
"2.8720","0.0004","451816294400.0000"
"2.8881","0.0004","452816332800.0000"
"2.9027","0.0004","453816473600.0000"
"2.9162","0.0004","454816512000.0000"
"2.9296","0.0004","455816601600.0000"
"2.9437","0.0004","456816691200.0000"
"2.9583","0.0004","457816729600.0000"
"2.9733","0.0004","458816716800.0000"
"2.9885","0.0004","459816857600.0000"
"3.0041","0.0004","460816896000.0000"
"3.0205","0.0004","461816934400.0000"
"3.0375","0.0004","462817024000.0000"
"3.0544","0.0004","463817062400.0000"
"3.0704","0.0004","464817152000.0000"
"3.0850","0.0004","465817241600.0000"
"3.0984","0.0004","466817331200.0000"
"3.1110","0.0004","467817472000.0000"
"3.1230","0.0004","468817510400.0000"
"3.1346","0.0004","469817702400.0000"
"3.1460","0.0004","470817843200.0000"
"3.1574","0.0004","471817984000.0000"
"3.1684","0.0004","472818124800.0000"
"3.1787","0.0004","473818265600.0000"
"3.1882","0.0004","474818457600.0000"
"3.1974","0.0004","475818700800.0000"
"3.2065","0.0004","476818790400.0000"
"3.2163","0.0004","477818880000.0000"
"3.2275","0.0004","478819072000.0000"
"3.2404","0.0004","479819161600.0000"
"3.2544","0.0004","480819251200.0000"
"3.2685","0.0004","481819289600.0000"
"3.2822","0.0004","482819379200.0000"
"3.2954","0.0004","483819468800.0000"
"3.3082","0.0004","484819456000.0000"
"3.3200","0.0004","485819494400.0000"
"3.3306","0.0004","486819584000.0000"
"3.3404","0.0004","487819520000.0000"
"3.3501","0.0004","488819558400.0000"
"3.3602","0.0004","489819596800.0000"
"3.3703","0.0004","490819584000.0000"
"3.3803","0.0004","491819571200.0000"
"3.3904","0.0004","492819609600.0000"
"3.4006","0.0004","493819545600.0000"
"3.4108","0.0004","494819584000.0000"
"3.4206","0.0004","495819622400.0000"
"3.4301","0.0004","496819609600.0000"
"3.4391","0.0004","497819596800.0000"
"3.4476","0.0004","498819584000.0000"
"3.4559","0.0004","499819571200.0000"
"3.4644","0.0004","500819507200.0000"
"3.4730","0.0004","501819494400.0000"
"3.4816","0.0004","502819430400.0000"
"3.4902","0.0004","503819264000.0000"
"3.4993","0.0004","504819200000.0000"
"3.5098","0.0004","505819033600.0000"
"3.5220","0.0004","506818918400.0000"
"3.5359","0.0004","507818752000.0000"
"3.5508","0.0004","508818585600.0000"
"3.5659","0.0004","509818419200.0000"
"3.5809","0.0004","510818304000.0000"
"3.5958","0.0004","511818137600.0000"
"3.6104","0.0004","512817971200.0000"
"3.6244","0.0004","513817856000.0000"
"3.6381","0.0004","514817740800.0000"
"3.6520","0.0004","515817625600.0000"
"3.6661","0.0005","516817459200.0000"
"3.6799","0.0005","517817344000.0000"
"3.6931","0.0005","518817280000.0000"
"3.7058","0.0005","519817164800.0000"
"3.7186","0.0005","520817152000.0000"
"3.7322","0.0005","521817088000.0000"
"3.7470","0.0005","522817075200.0000"
"3.7631","0.0005","523816960000.0000"
"3.7804","0.0005","524816947200.0000"
"3.7987","0.0005","525816934400.0000"
"3.8178","0.0005","526816870400.0000"
"3.8374","0.0005","527816857600.0000"
"3.8568","0.0005","528816793600.0000"
"3.8754","0.0005","529816729600.0000"
"3.8926","0.0005","530816665600.0000"
"3.9085","0.0005","531816652800.0000"
"3.9235","0.0005","532816588800.0000"
"3.9377","0.0005","533816473600.0000"
"3.9510","0.0005","534816460800.0000"
"3.9636","0.0005","535816448000.0000"
"3.9765","0.0005","536816384000.0000"
"3.9903","0.0005","537816371200.0000"
"4.0054","0.0005","538816358400.0000"
"4.0216","0.0005","539816396800.0000"
"4.0383","0.0005","540816435200.0000"
"4.0547","0.0005","541816422400.0000"
"4.0704","0.0005","542816563200.0000"
"4.0852","0.0005","543816601600.0000"
"4.0992","0.0005","544816691200.0000"
"4.1129","0.0005","545816780800.0000"
"4.1266","0.0005","546816819200.0000"
"4.1402","0.0005","547816960000.0000"
"4.1533","0.0005","548816998400.0000"
"4.1660","0.0005","549817139200.0000"
"4.1782","0.0005","550817228800.0000"
"4.1902","0.0005","551817267200.0000"
"4.2025","0.0005","552817408000.0000"
"4.2157","0.0005","553817446400.0000"
"4.2302","0.0005","554817433600.0000"
"4.2460","0.0005","555817523200.0000"
"4.2633","0.0005","556817612800.0000"
"4.2816","0.0005","557817600000.0000"
"4.3006","0.0005","558817689600.0000"
"4.3196","0.0005","559817779200.0000"
"4.3378","0.0005","560817766400.0000"
"4.3543","0.0005","561817907200.0000"
"4.3687","0.0005","562817945600.0000"
"4.3808","0.0005","563818035200.0000"
"4.3913","0.0005","564818227200.0000"
"4.4002","0.0005","565818265600.0000"
"4.4077","0.0005","566818508800.0000"
"4.4144","0.0005","567818598400.0000"
"4.4213","0.0005","568818688000.0000"
"4.4294","0.0005","569818880000.0000"
"4.4393","0.0005","570818969600.0000"
"4.4512","0.0005","571819161600.0000"
"4.4646","0.0005","572819302400.0000"
"4.4792","0.0006","573819392000.0000"
"4.4948","0.0006","574819532800.0000"
"4.5108","0.0006","575819622400.0000"
"4.5268","0.0006","576819609600.0000"
"4.5428","0.0006","577819750400.0000"
"4.5586","0.0006","578819788800.0000"
"4.5741","0.0006","579819776000.0000"
"4.5890","0.0006","580819865600.0000"
"4.6026","0.0006","581819852800.0000"
"4.6149","0.0006","582819840000.0000"
"4.6266","0.0006","583819878400.0000"
"4.6383","0.0006","584819968000.0000"
"4.6507","0.0006","585819955200.0000"
"4.6635","0.0006","586819993600.0000"
"4.6768","0.0006","587820032000.0000"
"4.6906","0.0006","588820070400.0000"
"4.7052","0.0006","589820160000.0000"
"4.7209","0.0006","590820198400.0000"
"4.7377","0.0006","591820236800.0000"
"4.7549","0.0006","592820326400.0000"
"4.7720","0.0006","593820467200.0000"
"4.7885","0.0006","594820505600.0000"
"4.8041","0.0006","595820595200.0000"
"4.8191","0.0006","596820633600.0000"
"4.8339","0.0006","597820723200.0000"
"4.8484","0.0006","598820812800.0000"
"4.8628","0.0006","599820800000.0000"
"4.8776","0.0006","600820838400.0000"
"4.8929","0.0006","601820979200.0000"
"4.9087","0.0006","602820915200.0000"
"4.9253","0.0006","603820953600.0000"
"4.9430","0.0006","604820992000.0000"
"4.9617","0.0006","605820979200.0000"
"4.9808","0.0006","606820966400.0000"
"4.9992","0.0006","607821004800.0000"
"5.0166","0.0006","608821043200.0000"
"5.0328","0.0006","609821030400.0000"
"5.0483","0.0006","610821068800.0000"
"5.0630","0.0006","611821107200.0000"
"5.0770","0.0006","612821145600.0000"
"5.0908","0.0006","613821235200.0000"
"5.1044","0.0006","614821376000.0000"
"5.1182","0.0006","615821414400.0000"
"5.1326","0.0006","616821606400.0000"
"5.1483","0.0006","617821644800.0000"
"5.1660","0.0006","618821785600.0000"
"5.1853","0.0006","619821875200.0000"
"5.2056","0.0006","620822067200.0000"
"5.2262","0.0006","621822208000.0000"
"5.2471","0.0006","622822297600.0000"
"5.2679","0.0006","623822438400.0000"
"5.2886","0.0006","624822476800.0000"
"5.3089","0.0007","625822617600.0000"
"5.3285","0.0007","626822707200.0000"
"5.3472","0.0007","627822796800.0000"
"5.3653","0.0007","628822937600.0000"
"5.3829","0.0007","629822976000.0000"
"5.3999","0.0007","630823065600.0000"
"5.4166","0.0007","631823155200.0000"
"5.4335","0.0007","632823296000.0000"
"5.4510","0.0007","633823436800.0000"
"5.4691","0.0007","634823526400.0000"
"5.4882","0.0007","635823667200.0000"
"5.5078","0.0007","636823808000.0000"
"5.5274","0.0007","637823948800.0000"
"5.5467","0.0007","638824089600.0000"
"5.5662","0.0007","639824281600.0000"
"5.5861","0.0007","640824422400.0000"
"5.6064","0.0007","641824665600.0000"
"5.6271","0.0007","642824857600.0000"
"5.6484","0.0007","643824998400.0000"
"5.6704","0.0007","644825190400.0000"
"5.6929","0.0007","645825331200.0000"
"5.7154","0.0007","646825472000.0000"
"5.7370","0.0007","647825612800.0000"
"5.7577","0.0007","648825651200.0000"
"5.7776","0.0007","649825792000.0000"
"5.7971","0.0007","650825830400.0000"
"5.8163","0.0007","651825868800.0000"
"5.8351","0.0007","652825907200.0000"
"5.8534","0.0007","653825945600.0000"
"5.8709","0.0007","654825830400.0000"
"5.8880","0.0007","655825920000.0000"
"5.9045","0.0007","656825907200.0000"
"5.9203","0.0007","657825843200.0000"
"5.9350","0.0007","658825779200.0000"
"5.9484","0.0007","659825664000.0000"
"5.9607","0.0007","660825651200.0000"
"5.9724","0.0007","661825587200.0000"
"5.9837","0.0007","662825523200.0000"
"5.9950","0.0007","663825459200.0000"
"6.0073","0.0007","664825344000.0000"
"6.0213","0.0007","665825280000.0000"
"6.0377","0.0007","666825216000.0000"
"6.0563","0.0007","667825152000.0000"
"6.0767","0.0007","668825036800.0000"
"6.0977","0.0007","669824870400.0000"
"6.1186","0.0008","670824755200.0000"
"6.1394","0.0008","671824640000.0000"
"6.1604","0.0008","672824422400.0000"
"6.1816","0.0008","673824204800.0000"
"6.2031","0.0008","674823987200.0000"
"6.2247","0.0008","675823769600.0000"
"6.2460","0.0008","676823552000.0000"
"6.2666","0.0008","677823232000.0000"
"6.2862","0.0008","678823014400.0000"
"6.3044","0.0008","679822745600.0000"
"6.3212","0.0008","680822528000.0000"
"6.3375","0.0008","681822259200.0000"
"6.3540","0.0008","682821990400.0000"
"6.3714","0.0008","683821721600.0000"
"6.3895","0.0008","684821555200.0000"
"6.4082","0.0008","685821388800.0000"
"6.4273","0.0008","686821171200.0000"
"6.4472","0.0008","687821004800.0000"
"6.4680","0.0008","688820787200.0000"
"6.4900","0.0008","689820672000.0000"
"6.5125","0.0008","690820556800.0000"
"6.5350","0.0008","691820390400.0000"
"6.5573","0.0008","692820275200.0000"
"6.5794","0.0008","693820108800.0000"
"6.6011","0.0008","694819993600.0000"
"6.6223","0.0008","695819827200.0000"
"6.6436","0.0008","696819660800.0000"
"6.6656","0.0008","697819545600.0000"
"6.6885","0.0008","698819379200.0000"
"6.7118","0.0008","699819212800.0000"
"6.7354","0.0008","700819046400.0000"
"6.7591","0.0008","701818931200.0000"
"6.7828","0.0008","702818816000.0000"
"6.8060","0.0008","703818649600.0000"
"6.8285","0.0008","704818483200.0000"
"6.8499","0.0008","705818368000.0000"
"6.8700","0.0008","706818304000.0000"
"6.8889","0.0008","707818188800.0000"
"6.9071","0.0008","708818124800.0000"
"6.9248","0.0009","709818112000.0000"
"6.9421","0.0009","710818099200.0000"
"6.9590","0.0009","711818035200.0000"
"6.9757","0.0009","712818073600.0000"
"6.9926","0.0009","713818112000.0000"
"7.0095","0.0009","714818099200.0000"
"7.0263","0.0009","715818240000.0000"
"7.0432","0.0009","716818278400.0000"
"7.0604","0.0009","717818265600.0000"
"7.0780","0.0009","718818355200.0000"
"7.0961","0.0009","719818444800.0000"
"7.1150","0.0009","720818432000.0000"
"7.1348","0.0009","721818521600.0000"
"7.1556","0.0009","722818560000.0000"
"7.1769","0.0009","723818547200.0000"
"7.1979","0.0009","724818688000.0000"
"7.2183","0.0009","725818726400.0000"
"7.2385","0.0009","726818713600.0000"
"7.2589","0.0009","727818803200.0000"
"7.2805","0.0009","728818841600.0000"
"7.3035","0.0009","729818880000.0000"
"7.3280","0.0009","730819020800.0000"
"7.3537","0.0009","731819008000.0000"
"7.3804","0.0009","732819200000.0000"
"7.4079","0.0009","733819289600.0000"
"7.4360","0.0009","734819379200.0000"
"7.4643","0.0009","735819571200.0000"
"7.4921","0.0009","736819712000.0000"
"7.5189","0.0009","737819852800.0000"
"7.5447","0.0009","738819993600.0000"
"7.5693","0.0009","739820134400.0000"
"7.5929","0.0009","740820275200.0000"
"7.6158","0.0009","741820416000.0000"
"7.6380","0.0009","742820505600.0000"
"7.6591","0.0009","743820646400.0000"
"7.6795","0.0009","744820736000.0000"
"7.6998","0.0009","745820876800.0000"
"7.7210","0.0009","746820966400.0000"
"7.7435","0.0010","747820953600.0000"
"7.7678","0.0010","748821094400.0000"
"7.7936","0.0010","749821132800.0000"
"7.8201","0.0010","750821120000.0000"
"7.8464","0.0010","751821209600.0000"
"7.8716","0.0010","752821248000.0000"
"7.8951","0.0010","753821286400.0000"
"7.9167","0.0010","754821324800.0000"
"7.9365","0.0010","755821414400.0000"
"7.9548","0.0010","756821401600.0000"
"7.9715","0.0010","757821491200.0000"
"7.9869","0.0010","758821632000.0000"
"8.0015","0.0010","759821670400.0000"
"8.0164","0.0010","760821862400.0000"
"8.0324","0.0010","761821849600.0000"
"8.0499","0.0010","762821990400.0000"
"8.0687","0.0010","763822028800.0000"
"8.0887","0.0010","764822169600.0000"
"8.1095","0.0010","765822259200.0000"
"8.1307","0.0010","766822297600.0000"
"8.1518","0.0010","767822387200.0000"
"8.1729","0.0010","768822425600.0000"
"8.1942","0.0010","769822464000.0000"
"8.2159","0.0010","770822451200.0000"
"8.2378","0.0010","771822489600.0000"
"8.2597","0.0010","772822425600.0000"
"8.2816","0.0010","773822412800.0000"
"8.3030","0.0010","774822400000.0000"
"8.3236","0.0010","775822438400.0000"
"8.3436","0.0010","776822374400.0000"
"8.3640","0.0010","777822361600.0000"
"8.3855","0.0010","778822348800.0000"
"8.4079","0.0010","779822438400.0000"
"8.4307","0.0010","780822374400.0000"
"8.4536","0.0010","781822412800.0000"
"8.4769","0.0010","782822502400.0000"
"8.5006","0.0010","783822489600.0000"
"8.5244","0.0010","784822579200.0000"
"8.5483","0.0011","785822668800.0000"
"8.5726","0.0011","786822758400.0000"
"8.5972","0.0011","787822848000.0000"
"8.6216","0.0011","788822886400.0000"
"8.6453","0.0011","789823027200.0000"
"8.6684","0.0011","790823116800.0000"
"8.6909","0.0011","791823104000.0000"
"8.7129","0.0011","792823193600.0000"
"8.7349","0.0011","793823283200.0000"
"8.7573","0.0011","794823270400.0000"
"8.7806","0.0011","795823360000.0000"
"8.8052","0.0011","796823449600.0000"
"8.8311","0.0011","797823436800.0000"
"8.8579","0.0011","798823628800.0000"
"8.8849","0.0011","799823667200.0000"
"8.9115","0.0011","800823705600.0000"
"8.9368","0.0011","801823846400.0000"
"8.9603","0.0011","802823936000.0000"
"8.9818","0.0011","803823974400.0000"
"9.0017","0.0011","804824064000.0000"
"9.0205","0.0011","805824307200.0000"
"9.0386","0.0011","806824396800.0000"
"9.0560","0.0011","807824537600.0000"
"9.0724","0.0011","808824832000.0000"
"9.0885","0.0011","809824972800.0000"
"9.1054","0.0011","810825062400.0000"
"9.1241","0.0011","811825203200.0000"
"9.1449","0.0011","812825395200.0000"
"9.1674","0.0011","813825638400.0000"
"9.1907","0.0011","814825728000.0000"
"9.2143","0.0011","815825971200.0000"
"9.2378","0.0011","816826060800.0000"
"9.2610","0.0011","817826201600.0000"
"9.2842","0.0011","818826342400.0000"
"9.3075","0.0011","819826329600.0000"
"9.3311","0.0011","820826470400.0000"
"9.3552","0.0011","821826560000.0000"
"9.3798","0.0012","822826598400.0000"
"9.4043","0.0012","823826636800.0000"
"9.4292","0.0012","824826624000.0000"
"9.4555","0.0012","825826662400.0000"
"9.4837","0.0012","826826700800.0000"
"9.5131","0.0012","827826790400.0000"
"9.5428","0.0012","828826726400.0000"
"9.5722","0.0012","829826764800.0000"
"9.6013","0.0012","830826854400.0000"
"9.6305","0.0012","831826892800.0000"
"9.6597","0.0012","832826828800.0000"
"9.6886","0.0012","833826969600.0000"
"9.7175","0.0012","834826854400.0000"
"9.7468","0.0012","835826892800.0000"
"9.7762","0.0012","836826931200.0000"
"9.8055","0.0012","837826867200.0000"
"9.8340","0.0012","838826752000.0000"
"9.8614","0.0012","839826790400.0000"
"9.8877","0.0012","840826726400.0000"
"9.9137","0.0012","841826560000.0000"
"9.9399","0.0012","842826496000.0000"
"9.9663","0.0012","843826329600.0000"
"9.9922","0.0012","844826265600.0000"
"10.0171","0.0012","845826099200.0000"
"10.0407","0.0012","846825830400.0000"
"10.0637","0.0012","847825766400.0000"
"10.0868","0.0012","848825497600.0000"
"10.1105","0.0012","849825331200.0000"
"10.1347","0.0012","850825164800.0000"
"10.1592","0.0012","851824896000.0000"
"10.1835","0.0013","852824832000.0000"
"10.2074","0.0013","853824563200.0000"
"10.2311","0.0013","854824396800.0000"
"10.2544","0.0013","855824230400.0000"
"10.2774","0.0013","856824064000.0000"
"10.3000","0.0013","857823897600.0000"
"10.3226","0.0013","858823680000.0000"
"10.3460","0.0013","859823411200.0000"
"10.3705","0.0013","860823347200.0000"
"10.3956","0.0013","861823180800.0000"
"10.4211","0.0013","862822912000.0000"
"10.4466","0.0013","863822745600.0000"
"10.4716","0.0013","864822476800.0000"
"10.4961","0.0013","865822310400.0000"
"10.5200","0.0013","866822041600.0000"
"10.5433","0.0013","867821772800.0000"
"10.5663","0.0013","868821504000.0000"
"10.5894","0.0013","869821337600.0000"
"10.6125","0.0013","870821068800.0000"
"10.6355","0.0013","871820800000.0000"
"10.6585","0.0013","872820531200.0000"
"10.6822","0.0013","873820262400.0000"
"10.7074","0.0013","874819993600.0000"
"10.7343","0.0013","875819827200.0000"
"10.7622","0.0013","876819558400.0000"
"10.7904","0.0013","877819392000.0000"
"10.8186","0.0013","878819225600.0000"
"10.8469","0.0013","879819059200.0000"
"10.8750","0.0013","880818995200.0000"
"10.9029","0.0013","881818828800.0000"
"10.9300","0.0013","882818662400.0000"
"10.9561","0.0013","883818496000.0000"
"10.9812","0.0013","884818534400.0000"
"11.0056","0.0014","885818265600.0000"
"11.0293","0.0014","886818201600.0000"
"11.0522","0.0014","887818035200.0000"
"11.0744","0.0014","888817971200.0000"
"11.0967","0.0014","889817907200.0000"
"11.1199","0.0014","890817740800.0000"
"11.1447","0.0014","891817779200.0000"
"11.1715","0.0014","892817612800.0000"
"11.2001","0.0014","893817446400.0000"
"11.2302","0.0014","894817484800.0000"
"11.2610","0.0014","895817318400.0000"
"11.2920","0.0014","896817356800.0000"
"11.3229","0.0014","897817190400.0000"
"11.3537","0.0014","898817024000.0000"
"11.3845","0.0014","899816960000.0000"
"11.4150","0.0014","900816896000.0000"
"11.4445","0.0014","901816729600.0000"
"11.4727","0.0014","902816870400.0000"
"11.4995","0.0014","903816908800.0000"
"11.5252","0.0014","904816742400.0000"
"11.5500","0.0014","905816985600.0000"
"11.5745","0.0014","906816921600.0000"
"11.5995","0.0014","907816960000.0000"
"11.6253","0.0014","908816998400.0000"
"11.6524","0.0014","909817036800.0000"
"11.6809","0.0014","910816972800.0000"
"11.7110","0.0014","911817113600.0000"
"11.7428","0.0014","912817152000.0000"
"11.7758","0.0014","913817088000.0000"
"11.8091","0.0015","914817126400.0000"
"11.8417","0.0015","915817062400.0000"
"11.8729","0.0015","916816998400.0000"
"11.9025","0.0015","917817139200.0000"
"11.9301","0.0015","918817177600.0000"
"11.9555","0.0015","919817011200.0000"
"11.9791","0.0015","920817254400.0000"
"12.0019","0.0015","921817088000.0000"
"12.0248","0.0015","922817024000.0000"
"12.0489","0.0015","923817164800.0000"
"12.0746","0.0015","924817100800.0000"
"12.1016","0.0015","925817139200.0000"
"12.1293","0.0015","926817280000.0000"
"12.1570","0.0015","927817318400.0000"
"12.1845","0.0015","928817254400.0000"
"12.2120","0.0015","929817395200.0000"
"12.2399","0.0015","930817331200.0000"
"12.2683","0.0015","931817472000.0000"
"12.2973","0.0015","932817612800.0000"
"12.3264","0.0015","933817651200.0000"
"12.3547","0.0015","934817587200.0000"
"12.3816","0.0015","935817728000.0000"
"12.4074","0.0015","936817664000.0000"
"12.4332","0.0015","937817600000.0000"
"12.4604","0.0015","938817638400.0000"
"12.4896","0.0015","939817574400.0000"
"12.5211","0.0015","940817612800.0000"
"12.5543","0.0015","941817548800.0000"
"12.5884","0.0015","942817382400.0000"
"12.6227","0.0016","943817318400.0000"
"12.6564","0.0016","944817254400.0000"
"12.6892","0.0016","945817088000.0000"
"12.7212","0.0016","946817126400.0000"
"12.7520","0.0016","947816960000.0000"
"12.7818","0.0016","948816896000.0000"
"12.8105","0.0016","949816934400.0000"
"12.8382","0.0016","950816870400.0000"
"12.8650","0.0016","951816704000.0000"
"12.8916","0.0016","952816640000.0000"
"12.9183","0.0016","953816678400.0000"
"12.9456","0.0016","954816512000.0000"
"12.9733","0.0016","955816550400.0000"
"13.0008","0.0016","956816384000.0000"
"13.0284","0.0016","957816524800.0000"
"13.0563","0.0016","958816358400.0000"
"13.0845","0.0016","959816396800.0000"
"13.1127","0.0016","960816332800.0000"
"13.1399","0.0016","961816371200.0000"
"13.1656","0.0016","962816102400.0000"
"13.1901","0.0016","963816140800.0000"
"13.2140","0.0016","964815974400.0000"
"13.2375","0.0016","965815808000.0000"
"13.2610","0.0016","966815744000.0000"
"13.2842","0.0016","967815680000.0000"
"13.3068","0.0016","968815616000.0000"
"13.3289","0.0016","969815552000.0000"
"13.3512","0.0016","970815385600.0000"
"13.3747","0.0016","971815424000.0000"
"13.3996","0.0016","972815257600.0000"
"13.4256","0.0016","973815193600.0000"
"13.4524","0.0017","974815232000.0000"
"13.4799","0.0017","975815168000.0000"
"13.5078","0.0017","976815104000.0000"
"13.5358","0.0017","977815142400.0000"
"13.5638","0.0017","978815078400.0000"
"13.5915","0.0017","979815014400.0000"
"13.6185","0.0017","980815155200.0000"
"13.6448","0.0017","981815091200.0000"
"13.6700","0.0017","982815027200.0000"
"13.6938","0.0017","983815168000.0000"
"13.7160","0.0017","984815104000.0000"
"13.7367","0.0017","985815040000.0000"
"13.7572","0.0017","986814976000.0000"
"13.7787","0.0017","987815014400.0000"
"13.8011","0.0017","988815052800.0000"
"13.8242","0.0017","989814988800.0000"
"13.8477","0.0017","990814924800.0000"
"13.8713","0.0017","991814963200.0000"
"13.8955","0.0017","992814899200.0000"
"13.9204","0.0017","993814732800.0000"
"13.9459","0.0017","994814771200.0000"
"13.9716","0.0017","995814809600.0000"
"13.9970","0.0017","996814745600.0000"
"14.0217","0.0017","997814988800.0000"
"14.0455","0.0017","998814822400.0000"
"14.0684","0.0017","999814963200.0000"
"14.0912","0.0017","1000815001600.0000"
"14.1147","0.0017","1001815040000.0000"
"14.1394","0.0017","1002815078400.0000"
"14.1656","0.0017","1003815219200.0000"
"14.1934","0.0017","1004815257600.0000"
"14.2226","0.0017","1005815296000.0000"
"14.2532","0.0018","1006815539200.0000"
"14.2847","0.0018","1007815475200.0000"
"14.3168","0.0018","1008815513600.0000"
"14.3494","0.0018","1009815654400.0000"
"14.3823","0.0018","1010815692800.0000"
"14.4152","0.0018","1011815526400.0000"
"14.4476","0.0018","1012815564800.0000"
"14.4797","0.0018","1013815603200.0000"
"14.5116","0.0018","1014815539200.0000"
"14.5432","0.0018","1015815577600.0000"
"14.5743","0.0018","1016815513600.0000"
"14.6050","0.0018","1017815449600.0000"
"14.6361","0.0018","1018815488000.0000"
"14.6685","0.0018","1019815424000.0000"
"14.7027","0.0018","1020815360000.0000"
"14.7390","0.0018","1021815398400.0000"
"14.7776","0.0018","1022815334400.0000"
"14.8179","0.0018","1023815372800.0000"
"14.8588","0.0018","1024815411200.0000"
"14.8995","0.0018","1025815552000.0000"
"14.9392","0.0018","1026815385600.0000"
"14.9768","0.0018","1027815526400.0000"
"15.0121","0.0018","1028815564800.0000"
"15.0454","0.0018","1029815500800.0000"
"15.0771","0.0019","1030815641600.0000"
"15.1077","0.0019","1031815577600.0000"
"15.1377","0.0019","1032815513600.0000"
"15.1676","0.0019","1033815552000.0000"
"15.1984","0.0019","1034815385600.0000"
"15.2304","0.0019","1035815424000.0000"
"15.2638","0.0019","1036815360000.0000"
"15.2979","0.0019","1037815296000.0000"
"15.3325","0.0019","1038815334400.0000"
"15.3670","0.0019","1039815270400.0000"
"15.4009","0.0019","1040815104000.0000"
"15.4335","0.0019","1041815142400.0000"
"15.4644","0.0019","1042815078400.0000"
"15.4934","0.0019","1043815014400.0000"
"15.5211","0.0019","1044815052800.0000"
"15.5481","0.0019","1045814988800.0000"
"15.5749","0.0019","1046815027200.0000"
"15.6017","0.0019","1047815168000.0000"
"15.6286","0.0019","1048815104000.0000"
"15.6559","0.0019","1049815244800.0000"
"15.6840","0.0019","1050815385600.0000"
"15.7133","0.0019","1051815424000.0000"
"15.7438","0.0019","1052815462400.0000"
"15.7749","0.0019","1053815705600.0000"
"15.8064","0.0019","1054815744000.0000"
"15.8382","0.0019","1055815782400.0000"
"15.8702","0.0019","1056815923200.0000"
"15.9023","0.0020","1057816064000.0000"
"15.9340","0.0020","1058816102400.0000"
"15.9653","0.0020","1059816345600.0000"
"15.9964","0.0020","1060816281600.0000"
"16.0276","0.0020","1061816320000.0000"
"16.0586","0.0020","1062816460800.0000"
"16.0892","0.0020","1063816499200.0000"
"16.1193","0.0020","1064816640000.0000"
"16.1490","0.0020","1065816576000.0000"
"16.1788","0.0020","1066816819200.0000"
"16.2090","0.0020","1067816857600.0000"
"16.2403","0.0020","1068816896000.0000"
"16.2726","0.0020","1069817241600.0000"
"16.3059","0.0020","1070817280000.0000"
"16.3399","0.0020","1071817420800.0000"
"16.3750","0.0020","1072817664000.0000"
"16.4113","0.0020","1073817804800.0000"
"16.4486","0.0020","1074817945600.0000"
"16.4865","0.0020","1075818188800.0000"
"16.5244","0.0020","1076818432000.0000"
"16.5620","0.0020","1077818572800.0000"
"16.5991","0.0020","1078818816000.0000"
"16.6355","0.0020","1079819161600.0000"
"16.6707","0.0020","1080819302400.0000"
"16.7047","0.0021","1081819443200.0000"
"16.7383","0.0021","1082819788800.0000"
"16.7722","0.0021","1083820032000.0000"
"16.8071","0.0021","1084820070400.0000"
"16.8441","0.0021","1085820313600.0000"
"16.8832","0.0021","1086820556800.0000"
"16.9236","0.0021","1087820800000.0000"
"16.9645","0.0021","1088820838400.0000"
"17.0054","0.0021","1089821184000.0000"
"17.0465","0.0021","1090821324800.0000"
"17.0874","0.0021","1091821465600.0000"
"17.1275","0.0021","1092821708800.0000"
"17.1669","0.0021","1093821952000.0000"
"17.2053","0.0021","1094822297600.0000"
"17.2428","0.0021","1095822438400.0000"
"17.2795","0.0021","1096822784000.0000"
"17.3161","0.0021","1097823129600.0000"
"17.3535","0.0021","1098823270400.0000"
"17.3924","0.0021","1099823616000.0000"
"17.4332","0.0021","1100823859200.0000"
"17.4755","0.0021","1101824102400.0000"
"17.5185","0.0022","1102824448000.0000"
"17.5618","0.0022","1103824691200.0000"
"17.6054","0.0022","1104824832000.0000"
"17.6488","0.0022","1105825177600.0000"
"17.6919","0.0022","1106825318400.0000"
"17.7343","0.0022","1107825561600.0000"
"17.7759","0.0022","1108825804800.0000"
"17.8164","0.0022","1109825945600.0000"
"17.8556","0.0022","1110826086400.0000"
"17.8935","0.0022","1111826227200.0000"
"17.9306","0.0022","1112826368000.0000"
"17.9675","0.0022","1113826508800.0000"
"18.0048","0.0022","1114826752000.0000"
"18.0430","0.0022","1115826688000.0000"
"18.0820","0.0022","1116826828800.0000"
"18.1217","0.0022","1117827072000.0000"
"18.1618","0.0022","1118827212800.0000"
"18.2018","0.0022","1119827251200.0000"
"18.2415","0.0022","1120827392000.0000"
"18.2808","0.0022","1121827532800.0000"
"18.3197","0.0023","1122827673600.0000"
"18.3583","0.0023","1123827814400.0000"
"18.3969","0.0023","1124827852800.0000"
"18.4355","0.0023","1125827891200.0000"
"18.4743","0.0023","1126828032000.0000"
"18.5130","0.0023","1127828070400.0000"
"18.5510","0.0023","1128828108800.0000"
"18.5877","0.0023","1129828249600.0000"
"18.6234","0.0023","1130828083200.0000"
"18.6590","0.0023","1131828121600.0000"
"18.6949","0.0023","1132827955200.0000"
"18.7315","0.0023","1133828096000.0000"
"18.7689","0.0023","1134827929600.0000"
"18.8068","0.0023","1135827865600.0000"
"18.8448","0.0023","1136827801600.0000"
"18.8826","0.0023","1137827635200.0000"
"18.9203","0.0023","1138827673600.0000"
"18.9579","0.0023","1139827507200.0000"
"18.9953","0.0023","1140827340800.0000"
"19.0322","0.0023","1141827379200.0000"
"19.0681","0.0023","1142827212800.0000"
"19.1024","0.0023","1143827046400.0000"
"19.1353","0.0024","1144826982400.0000"
"19.1674","0.0024","1145826918400.0000"
"19.1996","0.0024","1146826956800.0000"
"19.2328","0.0024","1147826790400.0000"
"19.2678","0.0024","1148826726400.0000"
"19.3045","0.0024","1149826560000.0000"
"19.3425","0.0024","1150826598400.0000"
"19.3815","0.0024","1151826329600.0000"
"19.4214","0.0024","1152826368000.0000"
"19.4618","0.0024","1153826201600.0000"
"19.5020","0.0024","1154826137600.0000"
"19.5409","0.0024","1155825971200.0000"
"19.5785","0.0024","1156825804800.0000"
"19.6150","0.0024","1157825740800.0000"
"19.6513","0.0024","1158825574400.0000"
"19.6874","0.0024","1159825408000.0000"
"19.7229","0.0024","1160825139200.0000"
"19.7570","0.0024","1161824972800.0000"
"19.7901","0.0024","1162824908800.0000"
"19.8230","0.0024","1163824742400.0000"
"19.8567","0.0024","1164824576000.0000"
"19.8914","0.0024","1165824512000.0000"
"19.9268","0.0024","1166824448000.0000"
"19.9633","0.0025","1167824281600.0000"
"20.0008","0.0025","1168824320000.0000"
"20.0389","0.0025","1169824256000.0000"
"20.0774","0.0025","1170824192000.0000"
"20.1157","0.0025","1171824230400.0000"
"20.1538","0.0025","1172824166400.0000"
"20.1918","0.0025","1173824102400.0000"
"20.2299","0.0025","1174824038400.0000"
"20.2682","0.0025","1175823974400.0000"
"20.3065","0.0025","1176824012800.0000"
"20.3448","0.0025","1177823948800.0000"
"20.3837","0.0025","1178823782400.0000"
"20.4239","0.0025","1179823718400.0000"
"20.4660","0.0025","1180823756800.0000"
"20.5100","0.0025","1181823488000.0000"
"20.5553","0.0025","1182823526400.0000"
"20.6011","0.0025","1183823360000.0000"
"20.6471","0.0025","1184823193600.0000"
"20.6927","0.0025","1185823129600.0000"
"20.7378","0.0025","1186822963200.0000"
"20.7822","0.0026","1187822899200.0000"
"20.8254","0.0026","1188822732800.0000"
"20.8671","0.0026","1189822566400.0000"
"20.9072","0.0026","1190822400000.0000"
"20.9456","0.0026","1191822438400.0000"
"20.9824","0.0026","1192822169600.0000"
"21.0184","0.0026","1193822208000.0000"
"21.0546","0.0026","1194822041600.0000"
"21.0916","0.0026","1195822080000.0000"
"21.1297","0.0026","1196822016000.0000"
"21.1691","0.0026","1197821849600.0000"
"21.2100","0.0026","1198821888000.0000"
"21.2521","0.0026","1199821721600.0000"
"21.2948","0.0026","1200821657600.0000"
"21.3377","0.0026","1201821593600.0000"
"21.3804","0.0026","1202821529600.0000"
"21.4228","0.0026","1203821260800.0000"
"21.4643","0.0026","1204821196800.0000"
"21.5042","0.0026","1205820928000.0000"
"21.5425","0.0026","1206820864000.0000"
"21.5799","0.0027","1207820697600.0000"
"21.6172","0.0027","1208820531200.0000"
"21.6549","0.0027","1209820467200.0000"
"21.6936","0.0027","1210820300800.0000"
"21.7337","0.0027","1211820236800.0000"
"21.7759","0.0027","1212820172800.0000"
"21.8201","0.0027","1213820006400.0000"
"21.8660","0.0027","1214820044800.0000"
"21.9129","0.0027","1215819878400.0000"
"21.9603","0.0027","1216819712000.0000"
"22.0080","0.0027","1217819852800.0000"
"22.0558","0.0027","1218819686400.0000"
"22.1040","0.0027","1219819724800.0000"
"22.1521","0.0027","1220819558400.0000"
"22.1998","0.0027","1221819596800.0000"
"22.2461","0.0027","1222819430400.0000"
"22.2908","0.0027","1223819571200.0000"
"22.3342","0.0027","1224819404800.0000"
"22.3767","0.0027","1225819443200.0000"
"22.4187","0.0028","1226819379200.0000"
"22.4606","0.0028","1227819212800.0000"
"22.5033","0.0028","1228819251200.0000"
"22.5472","0.0028","1229819187200.0000"
"22.5923","0.0028","1230819020800.0000"
"22.6380","0.0028","1231818956800.0000"
"22.6835","0.0028","1232818790400.0000"
"22.7286","0.0028","1233818726400.0000"
"22.7732","0.0028","1234818662400.0000"
"22.8172","0.0028","1235818598400.0000"
"22.8605","0.0028","1236818432000.0000"
"22.9028","0.0028","1237818470400.0000"
"22.9439","0.0028","1238818406400.0000"
"22.9836","0.0028","1239818444800.0000"
"23.0217","0.0028","1240818380800.0000"
"23.0587","0.0028","1241818316800.0000"
"23.0954","0.0028","1242818355200.0000"
"23.1325","0.0028","1243818393600.0000"
"23.1702","0.0028","1244818329600.0000"
"23.2079","0.0029","1245818470400.0000"
"23.2453","0.0029","1246818508800.0000"
"23.2827","0.0029","1247818649600.0000"
"23.3204","0.0029","1248818483200.0000"
"23.3581","0.0029","1249818624000.0000"
"23.3963","0.0029","1250818662400.0000"
"23.4348","0.0029","1251818700800.0000"
"23.4732","0.0029","1252818739200.0000"
"23.5111","0.0029","1253818777600.0000"
"23.5483","0.0029","1254818713600.0000"
"23.5849","0.0029","1255818752000.0000"
"23.6216","0.0029","1256818688000.0000"
"23.6585","0.0029","1257818828800.0000"
"23.6962","0.0029","1258818867200.0000"
"23.7352","0.0029","1259818905600.0000"
"23.7755","0.0029","1260819046400.0000"
"23.8164","0.0029","1261819084800.0000"
"23.8573","0.0029","1262819123200.0000"
"23.8986","0.0029","1263819264000.0000"
"23.9407","0.0029","1264819404800.0000"
"23.9840","0.0029","1265819545600.0000"
"24.0285","0.0030","1266819686400.0000"
"24.0737","0.0030","1267819929600.0000"
"24.1194","0.0030","1268820070400.0000"
"24.1651","0.0030","1269820313600.0000"
"24.2104","0.0030","1270820556800.0000"
"24.2550","0.0030","1271820697600.0000"
"24.2989","0.0030","1272820838400.0000"
"24.3421","0.0030","1273820979200.0000"
"24.3846","0.0030","1274821222400.0000"
"24.4268","0.0030","1275821363200.0000"
"24.4697","0.0030","1276821504000.0000"
"24.5134","0.0030","1277821747200.0000"
"24.5575","0.0030","1278821785600.0000"
"24.6017","0.0030","1279821926400.0000"
"24.6462","0.0030","1280822067200.0000"
"24.6903","0.0030","1281822105600.0000"
"24.7335","0.0030","1282822144000.0000"
"24.7758","0.0030","1283822489600.0000"
"24.8176","0.0030","1284822528000.0000"
"24.8592","0.0031","1285822668800.0000"
"24.9013","0.0031","1286822604800.0000"
"24.9440","0.0031","1287822745600.0000"
"24.9874","0.0031","1288822988800.0000"
"25.0308","0.0031","1289823027200.0000"
"25.0737","0.0031","1290823168000.0000"
"25.1161","0.0031","1291823206400.0000"
"25.1583","0.0031","1292823244800.0000"
"25.2014","0.0031","1293823385600.0000"
"25.2457","0.0031","1294823424000.0000"
"25.2910","0.0031","1295823564800.0000"
"25.3376","0.0031","1296823603200.0000"
"25.3858","0.0031","1297823539200.0000"
"25.4355","0.0031","1298823475200.0000"
"25.4859","0.0031","1299823513600.0000"
"25.5363","0.0031","1300823449600.0000"
"25.5859","0.0031","1301823283200.0000"
"25.6345","0.0031","1302823116800.0000"
"25.6823","0.0032","1303822950400.0000"
"25.7298","0.0032","1304822886400.0000"
"25.7766","0.0032","1305822720000.0000"
"25.8225","0.0032","1306822553600.0000"
"25.8679","0.0032","1307822387200.0000"
"25.9131","0.0032","1308822220800.0000"
"25.9589","0.0032","1309821952000.0000"
"26.0056","0.0032","1310821785600.0000"
"26.0528","0.0032","1311821516800.0000"
"26.0999","0.0032","1312821452800.0000"
"26.1462","0.0032","1313821184000.0000"
"26.1918","0.0032","1314820915200.0000"
"26.2369","0.0032","1315820851200.0000"
"26.2814","0.0032","1316820684800.0000"
"26.3254","0.0032","1317820518400.0000"
"26.3695","0.0032","1318820352000.0000"
"26.4142","0.0032","1319820185600.0000"
"26.4593","0.0033","1320820019200.0000"
"26.5040","0.0033","1321819750400.0000"
"26.5482","0.0033","1322819584000.0000"
"26.5921","0.0033","1323819417600.0000"
"26.6366","0.0033","1324819148800.0000"
"26.6820","0.0033","1325819084800.0000"
"26.7283","0.0033","1326818713600.0000"
"26.7751","0.0033","1327818649600.0000"
"26.8220","0.0033","1328818380800.0000"
"26.8687","0.0033","1329818214400.0000"
"26.9149","0.0033","1330818150400.0000"
"26.9604","0.0033","1331817984000.0000"
"27.0052","0.0033","1332817817600.0000"
"27.0499","0.0033","1333817651200.0000"
"27.0948","0.0033","1334817484800.0000"
"27.1396","0.0033","1335817420800.0000"
"27.1835","0.0033","1336817356800.0000"
"27.2261","0.0033","1337817292800.0000"
"27.2674","0.0034","1338817331200.0000"
"27.3086","0.0034","1339817267200.0000"
"27.3509","0.0034","1340817305600.0000"
"27.3949","0.0034","1341817344000.0000"
"27.4406","0.0034","1342817484800.0000"
"27.4874","0.0034","1343817420800.0000"
"27.5350","0.0034","1344817561600.0000"
"27.5831","0.0034","1345817497600.0000"
"27.6314","0.0034","1346817536000.0000"
"27.6796","0.0034","1347817676800.0000"
"27.7274","0.0034","1348817612800.0000"
"27.7748","0.0034","1349817651200.0000"
"27.8216","0.0034","1350817587200.0000"
"27.8681","0.0034","1351817625600.0000"
"27.9138","0.0034","1352817561600.0000"
"27.9584","0.0034","1353817600000.0000"
"28.0020","0.0034","1354817638400.0000"
"28.0452","0.0034","1355817574400.0000"
"28.0890","0.0035","1356817715200.0000"
"28.1338","0.0035","1357817753600.0000"
"28.1801","0.0035","1358817792000.0000"
"28.2286","0.0035","1359817932800.0000"
"28.2790","0.0035","1360817971200.0000"
"28.3305","0.0035","1361818009600.0000"
"28.3826","0.0035","1362818048000.0000"
"28.4347","0.0035","1363818086400.0000"
"28.4866","0.0035","1364818329600.0000"
"28.5379","0.0035","1365818470400.0000"
"28.5883","0.0035","1366818508800.0000"
"28.6374","0.0035","1367818547200.0000"
"28.6853","0.0035","1368818688000.0000"
"28.7320","0.0035","1369818726400.0000"
"28.7780","0.0035","1370818764800.0000"
"28.8235","0.0035","1371818905600.0000"
"28.8693","0.0035","1372818944000.0000"
"28.9161","0.0036","1373818880000.0000"
"28.9636","0.0036","1374818918400.0000"
"29.0114","0.0036","1375818956800.0000"
"29.0592","0.0036","1376818995200.0000"
"29.1066","0.0036","1377819033600.0000"
"29.1533","0.0036","1378818969600.0000"
"29.1996","0.0036","1379818905600.0000"
"29.2459","0.0036","1380818944000.0000"
"29.2927","0.0036","1381818880000.0000"
"29.3398","0.0036","1382818816000.0000"
"29.3866","0.0036","1383818854400.0000"
"29.4323","0.0036","1384818892800.0000"
"29.4764","0.0036","1385818828800.0000"
"29.5191","0.0036","1386818969600.0000"
"29.5613","0.0036","1387818803200.0000"
"29.6043","0.0036","1388818944000.0000"
"29.6489","0.0036","1389818880000.0000"
"29.6960","0.0036","1390818918400.0000"
"29.7454","0.0037","1391818956800.0000"
"29.7965","0.0037","1392818995200.0000"
"29.8484","0.0037","1393818931200.0000"
"29.9005","0.0037","1394818867200.0000"
"29.9522","0.0037","1395818803200.0000"
"30.0032","0.0037","1396818739200.0000"
"30.0535","0.0037","1397818470400.0000"
"30.1028","0.0037","1398818611200.0000"
"30.1513","0.0037","1399818444800.0000"
"30.1992","0.0037","1400818380800.0000"
"30.2468","0.0037","1401818214400.0000"
"30.2939","0.0037","1402818150400.0000"
"30.3406","0.0037","1403818086400.0000"
"30.3874","0.0037","1404818022400.0000"
"30.4350","0.0037","1405817856000.0000"
"30.4834","0.0037","1406817894400.0000"
"30.5322","0.0038","1407817830400.0000"
"30.5811","0.0038","1408817664000.0000"
"30.6298","0.0038","1409817702400.0000"
"30.6781","0.0038","1410817638400.0000"
"30.7262","0.0038","1411817676800.0000"
"30.7741","0.0038","1412817715200.0000"
"30.8215","0.0038","1413817753600.0000"
"30.8682","0.0038","1414817689600.0000"
"30.9139","0.0038","1415817728000.0000"
"30.9589","0.0038","1416817868800.0000"
"31.0035","0.0038","1417817702400.0000"
"31.0482","0.0038","1418817945600.0000"
"31.0935","0.0038","1419817881600.0000"
"31.1400","0.0038","1420817920000.0000"
"31.1881","0.0038","1421818060800.0000"
"31.2384","0.0038","1422817894400.0000"
"31.2908","0.0038","1423817932800.0000"
"31.3449","0.0039","1424817971200.0000"
"31.3995","0.0039","1425818009600.0000"
"31.4534","0.0039","1426818048000.0000"
"31.5055","0.0039","1427818086400.0000"
"31.5555","0.0039","1428818124800.0000"
"31.6037","0.0039","1429818163200.0000"
"31.6508","0.0039","1430818406400.0000"
"31.6974","0.0039","1431818444800.0000"
"31.7437","0.0039","1432818585600.0000"
"31.7897","0.0039","1433818624000.0000"
"31.8356","0.0039","1434818867200.0000"
"31.8817","0.0039","1435819008000.0000"
"31.9287","0.0039","1436819251200.0000"
"31.9773","0.0039","1437819289600.0000"
"32.0280","0.0039","1438819635200.0000"
"32.0809","0.0039","1439819776000.0000"
"32.1356","0.0039","1440820019200.0000"
"32.1907","0.0040","1441820057600.0000"
"32.2451","0.0040","1442820300800.0000"
"32.2987","0.0040","1443820544000.0000"
"32.3522","0.0040","1444820684800.0000"
"32.4059","0.0040","1445820723200.0000"
"32.4597","0.0040","1446821068800.0000"
"32.5137","0.0040","1447821107200.0000"
"32.5675","0.0040","1448821145600.0000"
"32.6204","0.0040","1449821286400.0000"
"32.6720","0.0040","1450821324800.0000"
"32.7222","0.0040","1451821363200.0000"
"32.7718","0.0040","1452821606400.0000"
"32.8219","0.0040","1453821644800.0000"
"32.8729","0.0040","1454821683200.0000"
"32.9250","0.0040","1455821721600.0000"
"32.9777","0.0041","1456821862400.0000"
"33.0310","0.0041","1457821900800.0000"
"33.0844","0.0041","1458821939200.0000"
"33.1372","0.0041","1459822080000.0000"
"33.1888","0.0041","1460822118400.0000"
"33.2394","0.0041","1461822156800.0000"
"33.2893","0.0041","1462822297600.0000"
"33.3390","0.0041","1463822336000.0000"
"33.3887","0.0041","1464822272000.0000"
"33.4382","0.0041","1465822310400.0000"
"33.4871","0.0041","1466822246400.0000"
"33.5352","0.0041","1467822182400.0000"
"33.5824","0.0041","1468822118400.0000"
"33.6297","0.0041","1469822054400.0000"
"33.6776","0.0041","1470821990400.0000"
"33.7261","0.0041","1471821824000.0000"
"33.7751","0.0041","1472821657600.0000"
"33.8245","0.0042","1473821388800.0000"
"33.8747","0.0042","1474821222400.0000"
"33.9259","0.0042","1475820953600.0000"
"33.9777","0.0042","1476820889600.0000"
"34.0300","0.0042","1477820620800.0000"
"34.0822","0.0042","1478820556800.0000"
"34.1335","0.0042","1479820185600.0000"
"34.1834","0.0042","1480819916800.0000"
"34.2315","0.0042","1481819852800.0000"
"34.2777","0.0042","1482819584000.0000"
"34.3221","0.0042","1483819520000.0000"
"34.3654","0.0042","1484819148800.0000"
"34.4085","0.0042","1485818982400.0000"
"34.4527","0.0042","1486818918400.0000"
"34.4985","0.0042","1487818649600.0000"
"34.5457","0.0042","1488818585600.0000"
"34.5940","0.0043","1489818214400.0000"
"34.6430","0.0043","1490817945600.0000"
"34.6921","0.0043","1491817881600.0000"
"34.7413","0.0043","1492817612800.0000"
"34.7908","0.0043","1493817446400.0000"
"34.8405","0.0043","1494817075200.0000"
"34.8903","0.0043","1495816806400.0000"
"34.9398","0.0043","1496816640000.0000"
"34.9889","0.0043","1497816473600.0000"
"35.0375","0.0043","1498816204800.0000"
"35.0857","0.0043","1499815936000.0000"
"35.1339","0.0043","1500815769600.0000"
"35.1830","0.0043","1501815603200.0000"
"35.2338","0.0043","1502815334400.0000"
"35.2864","0.0043","1503815168000.0000"
"35.3407","0.0043","1504815001600.0000"
"35.3965","0.0043","1505814835200.0000"
"35.4533","0.0044","1506814873600.0000"
"35.5108","0.0044","1507814707200.0000"
"35.5688","0.0044","1508814643200.0000"
"35.6271","0.0044","1509814579200.0000"
"35.6854","0.0044","1510814515200.0000"
"35.7436","0.0044","1511814451200.0000"
"35.8010","0.0044","1512814489600.0000"
"35.8570","0.0044","1513814425600.0000"
"35.9113","0.0044","1514814361600.0000"
"35.9646","0.0044","1515814297600.0000"
"36.0180","0.0044","1516814233600.0000"
"36.0725","0.0044","1517814272000.0000"
"36.1285","0.0044","1518814105600.0000"
"36.1861","0.0044","1519814041600.0000"
"36.2450","0.0045","1520814080000.0000"
"36.3046","0.0045","1521814016000.0000"
"36.3646","0.0045","1522813952000.0000"
"36.4245","0.0045","1523814092800.0000"
"36.4838","0.0045","1524814028800.0000"
"36.5421","0.0045","1525813862400.0000"
"36.5989","0.0045","1526814003200.0000"
"36.6543","0.0045","1527814041600.0000"
"36.7084","0.0045","1528814080000.0000"
"36.7613","0.0045","1529814220800.0000"
"36.8130","0.0045","1530814259200.0000"
"36.8631","0.0045","1531814297600.0000"
"36.9121","0.0045","1532814540800.0000"
"36.9611","0.0045","1533814579200.0000"
"37.0117","0.0045","1534814720000.0000"
"37.0650","0.0046","1535814860800.0000"
"37.1207","0.0046","1536815001600.0000"
"37.1777","0.0046","1537815142400.0000"
"37.2349","0.0046","1538815283200.0000"
"37.2920","0.0046","1539815424000.0000"
"37.3487","0.0046","1540815462400.0000"
"37.4047","0.0046","1541815603200.0000"
"37.4596","0.0046","1542815846400.0000"
"37.5128","0.0046","1543815884800.0000"
"37.5641","0.0046","1544815923200.0000"
"37.6136","0.0046","1545816064000.0000"
"37.6617","0.0046","1546816204800.0000"
"37.7095","0.0046","1547816345600.0000"
"37.7582","0.0046","1548816486400.0000"
"37.8085","0.0046","1549816524800.0000"
"37.8611","0.0047","1550816563200.0000"
"37.9162","0.0047","1551816908800.0000"
"37.9731","0.0047","1552817049600.0000"
"38.0313","0.0047","1553817088000.0000"
"38.0898","0.0047","1554817228800.0000"
"38.1479","0.0047","1555817472000.0000"
"38.2054","0.0047","1556817715200.0000"
"38.2623","0.0047","1557817856000.0000"
"38.3185","0.0047","1558818099200.0000"
"38.3734","0.0047","1559818444800.0000"
"38.4266","0.0047","1560818483200.0000"
"38.4784","0.0047","1561818624000.0000"
"38.5289","0.0047","1562818969600.0000"
"38.5783","0.0047","1563819212800.0000"
"38.6277","0.0047","1564819353600.0000"
"38.6781","0.0048","1565819494400.0000"
"38.7300","0.0048","1566819737600.0000"
"38.7833","0.0048","1567819776000.0000"
"38.8379","0.0048","1568820019200.0000"
"38.8934","0.0048","1569820262400.0000"
"38.9496","0.0048","1570820300800.0000"
"39.0060","0.0048","1571820339200.0000"
"39.0622","0.0048","1572820582400.0000"
"39.1181","0.0048","1573820825600.0000"
"39.1734","0.0048","1574820864000.0000"
"39.2276","0.0048","1575821107200.0000"
"39.2803","0.0048","1576821145600.0000"
"39.3311","0.0048","1577821593600.0000"
"39.3800","0.0048","1578821734400.0000"
"39.4275","0.0048","1579821875200.0000"
"39.4746","0.0048","1580822118400.0000"
"39.5222","0.0049","1581822361600.0000"
"39.5710","0.0049","1582822604800.0000"
"39.6215","0.0049","1583822848000.0000"
"39.6742","0.0049","1584823091200.0000"
"39.7290","0.0049","1585823334400.0000"
"39.7855","0.0049","1586823577600.0000"
"39.8430","0.0049","1587823820800.0000"
"39.9010","0.0049","1588824064000.0000"
"39.9589","0.0049","1589824307200.0000"
"40.0162","0.0049","1590824345600.0000"
"40.0726","0.0049","1591824588800.0000"
"40.1279","0.0049","1592824729600.0000"
"40.1821","0.0049","1593824870400.0000"
"40.2356","0.0049","1594825113600.0000"
"40.2888","0.0049","1595825152000.0000"
"40.3419","0.0050","1596825497600.0000"
"40.3953","0.0050","1597825638400.0000"
"40.4494","0.0050","1598825676800.0000"
"40.5042","0.0050","1599826022400.0000"
"40.5598","0.0050","1600825958400.0000"
"40.6158","0.0050","1601826304000.0000"
"40.6720","0.0050","1602826547200.0000"
"40.7286","0.0050","1603826790400.0000"
"40.7861","0.0050","1604826828800.0000"
"40.8448","0.0050","1605827174400.0000"
"40.9043","0.0050","1606827212800.0000"
"40.9641","0.0050","1607827456000.0000"
"41.0240","0.0050","1608827801600.0000"
"41.0838","0.0050","1609828044800.0000"
"41.1437","0.0051","1610828083200.0000"
"41.2037","0.0051","1611828121600.0000"
"41.2636","0.0051","1612828262400.0000"
"41.3240","0.0051","1613828300800.0000"
"41.3851","0.0051","1614828748800.0000"
"41.4472","0.0051","1615828787200.0000"
"41.5106","0.0051","1616828723200.0000"
"41.5758","0.0051","1617828556800.0000"
"41.6425","0.0051","1618828595200.0000"
"41.7103","0.0051","1619828838400.0000"
"41.7784","0.0051","1620828876800.0000"
"41.8461","0.0051","1621828915200.0000"
"41.9127","0.0051","1622828953600.0000"
"41.9781","0.0052","1623828787200.0000"
"42.0423","0.0052","1624828723200.0000"
"42.1049","0.0052","1625828761600.0000"
"42.1657","0.0052","1626829004800.0000"
"42.2252","0.0052","1627828838400.0000"
"42.2842","0.0052","1628828876800.0000"
"42.3439","0.0052","1629828915200.0000"
"42.4046","0.0052","1630828748800.0000"
"42.4663","0.0052","1631828684800.0000"
"42.5285","0.0052","1632828723200.0000"
"42.5915","0.0052","1633828761600.0000"
"42.6554","0.0052","1634828595200.0000"
"42.7203","0.0052","1635828633600.0000"
"42.7862","0.0053","1636828467200.0000"
"42.8529","0.0053","1637828505600.0000"
"42.9200","0.0053","1638828339200.0000"
"42.9871","0.0053","1639828172800.0000"
"43.0534","0.0053","1640827801600.0000"
"43.1181","0.0053","1641827635200.0000"
"43.1809","0.0053","1642827468800.0000"
"43.2416","0.0053","1643827302400.0000"
"43.3008","0.0053","1644827136000.0000"
"43.3593","0.0053","1645826764800.0000"
"43.4177","0.0053","1646826598400.0000"
"43.4765","0.0053","1647826432000.0000"
"43.5359","0.0053","1648826265600.0000"
"43.5958","0.0054","1649826099200.0000"
"43.6562","0.0054","1650825932800.0000"
"43.7168","0.0054","1651825561600.0000"
"43.7774","0.0054","1652825395200.0000"
"43.8380","0.0054","1653825433600.0000"
"43.8985","0.0054","1654825267200.0000"
"43.9587","0.0054","1655825100800.0000"
"44.0196","0.0054","1656824934400.0000"
"44.0818","0.0054","1657824563200.0000"
"44.1454","0.0054","1658824601600.0000"
"44.2096","0.0054","1659824435200.0000"
"44.2736","0.0054","1660824268800.0000"
"44.3373","0.0054","1661824102400.0000"
"44.4012","0.0055","1662823731200.0000"
"44.4655","0.0055","1663823564800.0000"
"44.5300","0.0055","1664823398400.0000"
"44.5946","0.0055","1665823027200.0000"
"44.6588","0.0055","1666822656000.0000"
"44.7224","0.0055","1667822489600.0000"
"44.7849","0.0055","1668822528000.0000"
"44.8465","0.0055","1669822156800.0000"
"44.9072","0.0055","1670821990400.0000"
"44.9675","0.0055","1671821619200.0000"
"45.0277","0.0055","1672821452800.0000"
"45.0880","0.0055","1673821286400.0000"
"45.1485","0.0055","1674821120000.0000"
"45.2087","0.0056","1675820953600.0000"
"45.2684","0.0056","1676820787200.0000"
"45.3280","0.0056","1677820620800.0000"
"45.3888","0.0056","1678820454400.0000"
"45.4511","0.0056","1679820492800.0000"
"45.5150","0.0056","1680820326400.0000"
"45.5798","0.0056","1681820160000.0000"
"45.6449","0.0056","1682819993600.0000"
"45.7098","0.0056","1683819827200.0000"
"45.7743","0.0056","1684819865600.0000"
"45.8384","0.0056","1685819699200.0000"
"45.9016","0.0056","1686819532800.0000"
"45.9637","0.0056","1687819366400.0000"
"46.0246","0.0057","1688819200000.0000"
"46.0844","0.0057","1689819238400.0000"
"46.1432","0.0057","1690819072000.0000"
"46.2006","0.0057","1691818700800.0000"
"46.2567","0.0057","1692818534400.0000"
"46.3124","0.0057","1693818368000.0000"
"46.3691","0.0057","1694818304000.0000"
"46.4277","0.0057","1695818137600.0000"
"46.4885","0.0057","1696817971200.0000"
"46.5516","0.0057","1697817804800.0000"
"46.6168","0.0057","1698817843200.0000"
"46.6831","0.0057","1699817676800.0000"
"46.7497","0.0057","1700817715200.0000"
"46.8158","0.0058","1701817753600.0000"
"46.8811","0.0058","1702817587200.0000"
"46.9459","0.0058","1703817420800.0000"
"47.0102","0.0058","1704817459200.0000"
"47.0742","0.0058","1705817497600.0000"
"47.1377","0.0058","1706817433600.0000"
"47.2006","0.0058","1707817267200.0000"
"47.2632","0.0058","1708817305600.0000"
"47.3258","0.0058","1709817139200.0000"
"47.3890","0.0058","1710816972800.0000"
"47.4529","0.0058","1711817011200.0000"
"47.5176","0.0058","1712817049600.0000"
"47.5828","0.0058","1713816883200.0000"
"47.6485","0.0059","1714816716800.0000"
"47.7147","0.0059","1715816550400.0000"
"47.7814","0.0059","1716816384000.0000"
"47.8481","0.0059","1717816627200.0000"
"47.9140","0.0059","1718816358400.0000"
"47.9787","0.0059","1719816396800.0000"
"48.0421","0.0059","1720816230400.0000"
"48.1041","0.0059","1721816268800.0000"
"48.1645","0.0059","1722816512000.0000"
"48.2231","0.0059","1723816345600.0000"
"48.2803","0.0059","1724816588800.0000"
"48.3369","0.0059","1725816627200.0000"
"48.3940","0.0059","1726816665600.0000"
"48.4528","0.0060","1727816704000.0000"
"48.5134","0.0060","1728816742400.0000"
"48.5750","0.0060","1729816780800.0000"
"48.6371","0.0060","1730816819200.0000"
"48.6994","0.0060","1731817062400.0000"
"48.7619","0.0060","1732817100800.0000"
"48.8247","0.0060","1733817139200.0000"
"48.8881","0.0060","1734817177600.0000"
"48.9523","0.0060","1735817420800.0000"
"49.0172","0.0060","1736817459200.0000"
"49.0826","0.0060","1737817497600.0000"
"49.1481","0.0060","1738817740800.0000"
"49.2136","0.0060","1739817574400.0000"
"49.2787","0.0061","1740817612800.0000"
"49.3434","0.0061","1741817856000.0000"
"49.4079","0.0061","1742817894400.0000"
"49.4722","0.0061","1743817932800.0000"
"49.5363","0.0061","1744818176000.0000"
"49.6001","0.0061","1745818214400.0000"
"49.6641","0.0061","1746818457600.0000"
"49.7291","0.0061","1747818700800.0000"
"49.7948","0.0061","1748818944000.0000"
"49.8607","0.0061","1749818982400.0000"
"49.9262","0.0061","1750819225600.0000"
"49.9913","0.0061","1751819468800.0000"
"50.0562","0.0061","1752819712000.0000"
"50.1210","0.0062","1753819955200.0000"
"50.1858","0.0062","1754820198400.0000"
"50.2504","0.0062","1755820441600.0000"
"50.3150","0.0062","1756820480000.0000"
"50.3796","0.0062","1757820723200.0000"
"50.4445","0.0062","1758820966400.0000"
"50.5101","0.0062","1759821004800.0000"
"50.5767","0.0062","1760821248000.0000"
"50.6441","0.0062","1761821491200.0000"
"50.7122","0.0062","1762821529600.0000"
"50.7806","0.0062","1763821772800.0000"
"50.8493","0.0062","1764821811200.0000"
"50.9180","0.0063","1765822054400.0000"
"50.9868","0.0063","1766822092800.0000"
"51.0558","0.0063","1767822131200.0000"
"51.1246","0.0063","1768822579200.0000"
"51.1932","0.0063","1769822617600.0000"
"51.2618","0.0063","1770822860800.0000"
"51.3304","0.0063","1771822899200.0000"
"51.3988","0.0063","1772822937600.0000"
"51.4669","0.0063","1773823180800.0000"
"51.5353","0.0063","1774823424000.0000"
"51.6055","0.0063","1775823667200.0000"
"51.6780","0.0063","1776823910400.0000"
"51.7525","0.0064","1777823948800.0000"
"51.8280","0.0064","1778823987200.0000"
"51.9038","0.0064","1779824025600.0000"
"51.9793","0.0064","1780824064000.0000"
"52.0543","0.0064","1781824307200.0000"
"52.1286","0.0064","1782824140800.0000"
"52.2017","0.0064","1783824384000.0000"
"52.2735","0.0064","1784824217600.0000"
"52.3440","0.0064","1785824256000.0000"
"52.4134","0.0064","1786824089600.0000"
"52.4819","0.0064","1787824332800.0000"
"52.5492","0.0065","1788824166400.0000"
"52.6156","0.0065","1789824000000.0000"
"52.6816","0.0065","1790823833600.0000"
"52.7480","0.0065","1791823667200.0000"
"52.8147","0.0065","1792823910400.0000"
"52.8814","0.0065","1793823948800.0000"
"52.9479","0.0065","1794823782400.0000"
"53.0143","0.0065","1795823616000.0000"
"53.0800","0.0065","1796823654400.0000"
"53.1450","0.0065","1797823488000.0000"
"53.2092","0.0065","1798823526400.0000"
"53.2727","0.0065","1799823155200.0000"
"53.3364","0.0066","1800823193600.0000"
"53.4008","0.0066","1801823027200.0000"
"53.4662","0.0066","1802823065600.0000"
"53.5317","0.0066","1803823104000.0000"
"53.5969","0.0066","1804822937600.0000"
"53.6614","0.0066","1805822771200.0000"
"53.7257","0.0066","1806822809600.0000"
"53.7900","0.0066","1807822438400.0000"
"53.8545","0.0066","1808822476800.0000"
"53.9189","0.0066","1809822310400.0000"
"53.9829","0.0066","1810821939200.0000"
"54.0466","0.0066","1811821977600.0000"
"54.1103","0.0066","1812821606400.0000"
"54.1742","0.0067","1813821644800.0000"
"54.2384","0.0067","1814821478400.0000"
"54.3032","0.0067","1815821312000.0000"
"54.3681","0.0067","1816821145600.0000"
"54.4328","0.0067","1817820774400.0000"
"54.4973","0.0067","1818820812800.0000"
"54.5616","0.0067","1819820851200.0000"
"54.6256","0.0067","1820820684800.0000"
"54.6894","0.0067","1821820518400.0000"
"54.7534","0.0067","1822820556800.0000"
"54.8184","0.0067","1823820185600.0000"
"54.8846","0.0067","1824820224000.0000"
"54.9520","0.0068","1825820262400.0000"
"55.0201","0.0068","1826819891200.0000"
"55.0885","0.0068","1827819929600.0000"
"55.1569","0.0068","1828819968000.0000"
"55.2249","0.0068","1829819596800.0000"
"55.2923","0.0068","1830819635200.0000"
"55.3592","0.0068","1831819468800.0000"
"55.4260","0.0068","1832819302400.0000"
"55.4925","0.0068","1833819136000.0000"
"55.5584","0.0068","1834818969600.0000"
"55.6232","0.0068","1835818803200.0000"
"55.6871","0.0068","1836818636800.0000"
"55.7505","0.0068","1837818470400.0000"
"55.8140","0.0069","1838818508800.0000"
"55.8775","0.0069","1839818137600.0000"
"55.9408","0.0069","1840818176000.0000"
"56.0039","0.0069","1841818009600.0000"
"56.0668","0.0069","1842817843200.0000"
"56.1294","0.0069","1843817676800.0000"
"56.1923","0.0069","1844817715200.0000"
"56.2557","0.0069","1845817548800.0000"
"56.3197","0.0069","1846817792000.0000"
"56.3844","0.0069","1847817830400.0000"
"56.4497","0.0069","1848817868800.0000"
"56.5154","0.0069","1849817702400.0000"
"56.5815","0.0070","1850817740800.0000"
"56.6477","0.0070","1851817574400.0000"
"56.7139","0.0070","1852817817600.0000"
"56.7798","0.0070","1853817856000.0000"
"56.8456","0.0070","1854817894400.0000"
"56.9118","0.0070","1855817728000.0000"
"56.9790","0.0070","1856817766400.0000"
"57.0477","0.0070","1857817600000.0000"
"57.1180","0.0070","1858817638400.0000"
"57.1901","0.0070","1859817472000.0000"
"57.2633","0.0070","1860817510400.0000"
"57.3369","0.0070","1861817753600.0000"
"57.4101","0.0071","1862817587200.0000"
"57.4828","0.0071","1863817420800.0000"
"57.5547","0.0071","1864817868800.0000"
"57.6254","0.0071","1865817907200.0000"
"57.6949","0.0071","1866817740800.0000"
"57.7631","0.0071","1867817984000.0000"
"57.8303","0.0071","1868818022400.0000"
"57.8968","0.0071","1869818060800.0000"
"57.9632","0.0071","1870818099200.0000"
"58.0304","0.0071","1871818342400.0000"
"58.0991","0.0071","1872818585600.0000"
"58.1694","0.0071","1873818419200.0000"
"58.2410","0.0072","1874818662400.0000"
"58.3139","0.0072","1875818905600.0000"
"58.3875","0.0072","1876819148800.0000"
"58.4617","0.0072","1877819187200.0000"
"58.5360","0.0072","1878819225600.0000"
"58.6100","0.0072","1879819264000.0000"
"58.6833","0.0072","1880819097600.0000"
"58.7558","0.0072","1881819340800.0000"
"58.8274","0.0072","1882819379200.0000"
"58.8979","0.0072","1883819622400.0000"
"58.9672","0.0072","1884819660800.0000"
"59.0352","0.0073","1885819699200.0000"
"59.1027","0.0073","1886819737600.0000"
"59.1702","0.0073","1887819776000.0000"
"59.2389","0.0073","1888819814400.0000"
"59.3094","0.0073","1889820057600.0000"
"59.3819","0.0073","1890820096000.0000"
"59.4556","0.0073","1891820339200.0000"
"59.5299","0.0073","1892820172800.0000"
"59.6043","0.0073","1893820416000.0000"
"59.6785","0.0073","1894820454400.0000"
"59.7524","0.0073","1895820902400.0000"
"59.8259","0.0074","1896821145600.0000"
"59.8989","0.0074","1897821184000.0000"
"59.9712","0.0074","1898821222400.0000"
"60.0428","0.0074","1899821260800.0000"
"60.1137","0.0074","1900821299200.0000"
"60.1839","0.0074","1901821542400.0000"
"60.2535","0.0074","1902821580800.0000"
"60.3228","0.0074","1903821824000.0000"
"60.3918","0.0074","1904821657600.0000"
"60.4605","0.0074","1905821900800.0000"
"60.5294","0.0074","1906821939200.0000"
"60.5989","0.0074","1907821772800.0000"
"60.6687","0.0075","1908822016000.0000"
"60.7384","0.0075","1909821849600.0000"
"60.8073","0.0075","1910821888000.0000"
"60.8753","0.0075","1911821926400.0000"
"60.9423","0.0075","1912821964800.0000"
"61.0084","0.0075","1913822003200.0000"
"61.0736","0.0075","1914822246400.0000"
"61.1376","0.0075","1915822284800.0000"
"61.2009","0.0075","1916822323200.0000"
"61.2636","0.0075","1917822566400.0000"
"61.3264","0.0075","1918822400000.0000"
"61.3900","0.0075","1919822643200.0000"
"61.4548","0.0076","1920822681600.0000"
"61.5207","0.0076","1921822720000.0000"
"61.5882","0.0076","1922822553600.0000"
"61.6575","0.0076","1923822796800.0000"
"61.7287","0.0076","1924822835200.0000"
"61.8016","0.0076","1925822668800.0000"
"61.8754","0.0076","1926822707200.0000"
"61.9491","0.0076","1927822745600.0000"
"62.0221","0.0076","1928822784000.0000"
"62.0936","0.0076","1929822617600.0000"
"62.1635","0.0076","1930822451200.0000"
"62.2321","0.0076","1931822489600.0000"
"62.2995","0.0077","1932822323200.0000"
"62.3659","0.0077","1933822361600.0000"
"62.4315","0.0077","1934821990400.0000"
"62.4970","0.0077","1935822028800.0000"
"62.5630","0.0077","1936821862400.0000"
"62.6296","0.0077","1937821900800.0000"
"62.6965","0.0077","1938821734400.0000"
"62.7634","0.0077","1939821363200.0000"
"62.8301","0.0077","1940821401600.0000"
"62.8974","0.0077","1941821030400.0000"
"62.9660","0.0077","1942821273600.0000"
"63.0357","0.0077","1943821107200.0000"
"63.1060","0.0078","1944820940800.0000"
"63.1760","0.0078","1945820774400.0000"
"63.2454","0.0078","1946820403200.0000"
"63.3145","0.0078","1947820236800.0000"
"63.3840","0.0078","1948820070400.0000"
"63.4544","0.0078","1949819904000.0000"
"63.5259","0.0078","1950819737600.0000"
"63.5983","0.0078","1951819571200.0000"
"63.6716","0.0078","1952819200000.0000"
"63.7456","0.0078","1953819033600.0000"
"63.8200","0.0078","1954818867200.0000"
"63.8943","0.0079","1955818496000.0000"
"63.9686","0.0079","1956818534400.0000"
"64.0431","0.0079","1957818163200.0000"
"64.1180","0.0079","1958817996800.0000"
"64.1932","0.0079","1959817830400.0000"
"64.2684","0.0079","1960817459200.0000"
"64.3433","0.0079","1961817292800.0000"
"64.4178","0.0079","1962817126400.0000"
"64.4915","0.0079","1963816960000.0000"
"64.5641","0.0079","1964816793600.0000"
"64.6357","0.0079","1965816627200.0000"
"64.7064","0.0079","1966816665600.0000"
"64.7767","0.0080","1967816294400.0000"
"64.8466","0.0080","1968816332800.0000"
"64.9162","0.0080","1969816166400.0000"
"64.9854","0.0080","1970816000000.0000"
"65.0544","0.0080","1971815833600.0000"
"65.1240","0.0080","1972815667200.0000"
"65.1947","0.0080","1973815705600.0000"
"65.2667","0.0080","1974815539200.0000"
"65.3397","0.0080","1975815577600.0000"
"65.4132","0.0080","1976815206400.0000"
"65.4864","0.0080","1977815244800.0000"
"65.5587","0.0081","1978815078400.0000"
"65.6303","0.0081","1979815116800.0000"
"65.7012","0.0081","1980814950400.0000"
"65.7713","0.0081","1981814988800.0000"
"65.8401","0.0081","1982814617600.0000"
"65.9080","0.0081","1983814656000.0000"
"65.9757","0.0081","1984814694400.0000"
"66.0439","0.0081","1985814528000.0000"
"66.1133","0.0081","1986814566400.0000"
"66.1841","0.0081","1987814604800.0000"
"66.2559","0.0081","1988814438400.0000"
"66.3286","0.0081","1989814272000.0000"
"66.4020","0.0082","1990814515200.0000"
"66.4762","0.0082","1991814553600.0000"
"66.5509","0.0082","1992814387200.0000"
"66.6258","0.0082","1993814425600.0000"
"66.7005","0.0082","1994814259200.0000"
"66.7741","0.0082","1995814297600.0000"
"66.8461","0.0082","1996814336000.0000"
"66.9169","0.0082","1997814374400.0000"
"66.9864","0.0082","1998814208000.0000"
"67.0554","0.0082","1999814246400.0000"
"67.1245","0.0082","2000814080000.0000"
"67.1945","0.0083","2001814118400.0000"
"67.2662","0.0083","2002814156800.0000"
"67.3398","0.0083","2003813990400.0000"
"67.4149","0.0083","2004813824000.0000"
"67.4907","0.0083","2005813657600.0000"
"67.5662","0.0083","2006813696000.0000"
"67.6406","0.0083","2007813939200.0000"
"67.7140","0.0083","2008813772800.0000"
"67.7869","0.0083","2009813606400.0000"
"67.8599","0.0083","2010813644800.0000"
"67.9331","0.0083","2011813683200.0000"
"68.0065","0.0084","2012813516800.0000"
"68.0798","0.0084","2013813555200.0000"
"68.1532","0.0084","2014813388800.0000"
"68.2266","0.0084","2015813427200.0000"
"68.3005","0.0084","2016813465600.0000"
"68.3752","0.0084","2017813504000.0000"
"68.4509","0.0084","2018813337600.0000"
"68.5273","0.0084","2019813580800.0000"
"68.6040","0.0084","2020813414400.0000"
"68.6806","0.0084","2021813452800.0000"
"68.7565","0.0084","2022813491200.0000"
"68.8315","0.0085","2023813529600.0000"
"68.9057","0.0085","2024813568000.0000"
"68.9791","0.0085","2025813606400.0000"
"69.0519","0.0085","2026813440000.0000"
"69.1241","0.0085","2027813478400.0000"
"69.1957","0.0085","2028813312000.0000"
"69.2669","0.0085","2029813350400.0000"
"69.3374","0.0085","2030813184000.0000"
"69.4072","0.0085","2031813222400.0000"
"69.4768","0.0085","2032813056000.0000"
"69.5467","0.0085","2033813094400.0000"
"69.6175","0.0086","2034812928000.0000"
"69.6890","0.0086","2035813171200.0000"
"69.7605","0.0086","2036813209600.0000"
"69.8311","0.0086","2037813452800.0000"
"69.9008","0.0086","2038813491200.0000"
"69.9701","0.0086","2039813529600.0000"
"70.0396","0.0086","2040813772800.0000"
"70.1096","0.0086","2041813811200.0000"
"70.1802","0.0086","2042813849600.0000"
"70.2514","0.0086","2043813888000.0000"
"70.3229","0.0086","2044814131200.0000"
"70.3942","0.0086","2045814374400.0000"
"70.4653","0.0087","2046814412800.0000"
"70.5364","0.0087","2047814451200.0000"
"70.6077","0.0087","2048814694400.0000"
"70.6801","0.0087","2049814937600.0000"
"70.7541","0.0087","2050814976000.0000"
"70.8298","0.0087","2051815014400.0000"
"70.9072","0.0087","2052815052800.0000"
"70.9857","0.0087","2053815091200.0000"
"71.0654","0.0087","2054815334400.0000"
"71.1463","0.0087","2055815782400.0000"
"71.2282","0.0088","2056815820800.0000"
"71.3104","0.0088","2057816268800.0000"
"71.3924","0.0088","2058816307200.0000"
"71.4736","0.0088","2059816345600.0000"
"71.5536","0.0088","2060816793600.0000"
"71.6321","0.0088","2061817036800.0000"
"71.7085","0.0088","2062817484800.0000"
"71.7837","0.0088","2063817932800.0000"
"71.8594","0.0088","2064817971200.0000"
"71.9366","0.0088","2065818419200.0000"
"72.0155","0.0088","2066818662400.0000"
"72.0959","0.0089","2067819110400.0000"
"72.1770","0.0089","2068819353600.0000"
"72.2578","0.0089","2069819801600.0000"
"72.3375","0.0089","2070820044800.0000"
"72.4160","0.0089","2071820288000.0000"
"72.4936","0.0089","2072820736000.0000"
"72.5707","0.0089","2073820979200.0000"
"72.6473","0.0089","2074821222400.0000"
"72.7229","0.0089","2075821465600.0000"
"72.7970","0.0089","2076821708800.0000"
"72.8692","0.0090","2077821952000.0000"
"72.9396","0.0090","2078822604800.0000"
"73.0086","0.0090","2079823052800.0000"
"73.0768","0.0090","2080823091200.0000"
"73.1447","0.0090","2081823334400.0000"
"73.2132","0.0090","2082823782400.0000"
"73.2829","0.0090","2083823820800.0000"
"73.3538","0.0090","2084824268800.0000"
"73.4255","0.0090","2085824921600.0000"
"73.4975","0.0090","2086825164800.0000"
"73.5697","0.0090","2087825408000.0000"
"73.6419","0.0090","2088825651200.0000"
"73.7139","0.0091","2089826099200.0000"
"73.7852","0.0091","2090826342400.0000"
"73.8559","0.0091","2091826585600.0000"
"73.9268","0.0091","2092826828800.0000"
"73.9985","0.0091","2093827072000.0000"
"74.0708","0.0091","2094827315200.0000"
"74.1436","0.0091","2095827558400.0000"
"74.2170","0.0091","2096827596800.0000"
"74.2910","0.0091","2097827840000.0000"
"74.3658","0.0091","2098828083200.0000"
"74.4417","0.0091","2099827916800.0000"
"74.5186","0.0092","2100828160000.0000"
"74.5962","0.0092","2101828198400.0000"
"74.6737","0.0092","2102828236800.0000"
"74.7510","0.0092","2103828070400.0000"
"74.8279","0.0092","2104828313600.0000"
"74.9046","0.0092","2105828352000.0000"
"74.9813","0.0092","2106828390400.0000"
"75.0583","0.0092","2107828224000.0000"
"75.1359","0.0092","2108828467200.0000"
"75.2142","0.0092","2109828505600.0000"
"75.2935","0.0093","2110828339200.0000"
"75.3743","0.0093","2111828377600.0000"
"75.4572","0.0093","2112828416000.0000"
"75.5425","0.0093","2113828249600.0000"
"75.6300","0.0093","2114828083200.0000"
"75.7191","0.0093","2115828121600.0000"
"75.8092","0.0093","2116827955200.0000"
"75.9001","0.0093","2117827993600.0000"
"75.9918","0.0093","2118827827200.0000"
"76.0836","0.0093","2119827660800.0000"
"76.1751","0.0094","2120827494400.0000"
"76.2663","0.0094","2121827123200.0000"
"76.3569","0.0094","2122827366400.0000"
"76.4463","0.0094","2123826995200.0000"
"76.5336","0.0094","2124826624000.0000"
"76.6182","0.0094","2125826662400.0000"
"76.7003","0.0094","2126826291200.0000"
"76.7806","0.0094","2127826329600.0000"
"76.8599","0.0094","2128825958400.0000"
"76.9390","0.0095","2129825996800.0000"
"77.0183","0.0095","2130825625600.0000"
"77.0975","0.0095","2131825664000.0000"
"77.1766","0.0095","2132825292800.0000"
"77.2552","0.0095","2133825331200.0000"
"77.3331","0.0095","2134825164800.0000"
"77.4102","0.0095","2135824998400.0000"
"77.4868","0.0095","2136825036800.0000"
"77.5634","0.0095","2137824665600.0000"
"77.6397","0.0095","2138824908800.0000"
"77.7155","0.0095","2139824742400.0000"
"77.7907","0.0096","2140824780800.0000"
"77.8656","0.0096","2141824409600.0000"
"77.9407","0.0096","2142824243200.0000"
"78.0160","0.0096","2143824076800.0000"
"78.0921","0.0096","2144824115200.0000"
"78.1690","0.0096","2145824153600.0000"
"78.2465","0.0096","2146823782400.0000"
"78.3244","0.0096","2147823820800.0000"
"78.4030","0.0096","2148823449600.0000"
"78.4822","0.0096","2149823692800.0000"
"78.5616","0.0097","2150823321600.0000"
"78.6407","0.0097","2151823155200.0000"
"78.7192","0.0097","2152822988800.0000"
"78.7972","0.0097","2153822822400.0000"
"78.8750","0.0097","2154823065600.0000"
"78.9524","0.0097","2155822694400.0000"
"79.0292","0.0097","2156822732800.0000"
"79.1050","0.0097","2157822566400.0000"
"79.1798","0.0097","2158822400000.0000"
"79.2537","0.0097","2159822233600.0000"
"79.3274","0.0097","2160822476800.0000"
"79.4021","0.0098","2161822310400.0000"
"79.4787","0.0098","2162822348800.0000"
"79.5576","0.0098","2163822182400.0000"
"79.6384","0.0098","2164822220800.0000"
"79.7209","0.0098","2165822259200.0000"
"79.8050","0.0098","2166822297600.0000"
"79.8908","0.0098","2167822131200.0000"
"79.9779","0.0098","2168822169600.0000"
"80.0659","0.0098","2169822003200.0000"
"80.1541","0.0098","2170822041600.0000"
"80.2414","0.0099","2171822080000.0000"
"80.3268","0.0099","2172821913600.0000"
"80.4098","0.0099","2173821747200.0000"
"80.4905","0.0099","2174821785600.0000"
"80.5695","0.0099","2175821414400.0000"
"80.6484","0.0099","2176821248000.0000"
"80.7282","0.0099","2177821491200.0000"
"80.8090","0.0099","2178821529600.0000"
"80.8904","0.0099","2179821363200.0000"
"80.9720","0.0099","2180821196800.0000"
"81.0536","0.0100","2181821030400.0000"
"81.1357","0.0100","2182821273600.0000"
"81.2182","0.0100","2183821107200.0000"
"81.3012","0.0100","2184820736000.0000"
"81.3847","0.0100","2185820774400.0000"
"81.4685","0.0100","2186820608000.0000"
"81.5526","0.0100","2187820646400.0000"
"81.6364","0.0100","2188820684800.0000"
"81.7192","0.0100","2189820723200.0000"
"81.8006","0.0101","2190820556800.0000"
"81.8810","0.0101","2191820595200.0000"
"81.9614","0.0101","2192820224000.0000"
"82.0429","0.0101","2193820467200.0000"
"82.1262","0.0101","2194820300800.0000"
"82.2109","0.0101","2195820134400.0000"
"82.2966","0.0101","2196819968000.0000"
"82.3826","0.0101","2197820006400.0000"
"82.4687","0.0101","2198819635200.0000"
"82.5543","0.0101","2199819878400.0000"
"82.6391","0.0102","2200819712000.0000"
"82.7227","0.0102","2201819340800.0000"
"82.8049","0.0102","2202819379200.0000"
"82.8863","0.0102","2203819212800.0000"
"82.9671","0.0102","2204819456000.0000"
"83.0476","0.0102","2205819289600.0000"
"83.1277","0.0102","2206819123200.0000"
"83.2075","0.0102","2207819366400.0000"
"83.2875","0.0102","2208819200000.0000"
"83.3682","0.0102","2209819033600.0000"
"83.4503","0.0103","2210819276800.0000"
"83.5340","0.0103","2211819520000.0000"
"83.6192","0.0103","2212819353600.0000"
"83.7052","0.0103","2213819392000.0000"
"83.7908","0.0103","2214819430400.0000"
"83.8757","0.0103","2215819468800.0000"
"83.9596","0.0103","2216819507200.0000"
"84.0422","0.0103","2217819545600.0000"
"84.1230","0.0103","2218819379200.0000"
"84.2021","0.0103","2219819417600.0000"
"84.2797","0.0104","2220819251200.0000"
"84.3564","0.0104","2221819289600.0000"
"84.4324","0.0104","2222819328000.0000"
"84.5074","0.0104","2223819571200.0000"
"84.5822","0.0104","2224819404800.0000"
"84.6579","0.0104","2225819648000.0000"
"84.7355","0.0104","2226819686400.0000"
"84.8154","0.0104","2227819724800.0000"
"84.8974","0.0104","2228819968000.0000"
"84.9807","0.0104","2229820006400.0000"
"85.0649","0.0105","2230820044800.0000"
"85.1499","0.0105","2231820288000.0000"
"85.2360","0.0105","2232820326400.0000"
"85.3240","0.0105","2233820569600.0000"
"85.4142","0.0105","2234820608000.0000"
"85.5061","0.0105","2235820851200.0000"
"85.5985","0.0105","2236821094400.0000"
"85.6902","0.0105","2237821132800.0000"
"85.7805","0.0105","2238821376000.0000"
"85.8689","0.0105","2239821414400.0000"
"85.9557","0.0106","2240821452800.0000"
"86.0421","0.0106","2241821900800.0000"
"86.1293","0.0106","2242821734400.0000"
"86.2178","0.0106","2243821977600.0000"
"86.3078","0.0106","2244822016000.0000"
"86.3989","0.0106","2245822054400.0000"
"86.4904","0.0106","2246822297600.0000"
"86.5815","0.0106","2247822336000.0000"
"86.6717","0.0106","2248822579200.0000"
"86.7606","0.0107","2249822412800.0000"
"86.8479","0.0107","2250822656000.0000"
"86.9341","0.0107","2251822899200.0000"
"87.0194","0.0107","2252822937600.0000"
"87.1043","0.0107","2253823180800.0000"
"87.1889","0.0107","2254823424000.0000"
"87.2734","0.0107","2255823667200.0000"
"87.3578","0.0107","2256823705600.0000"
"87.4426","0.0107","2257823539200.0000"
"87.5279","0.0108","2258823782400.0000"
"87.6139","0.0108","2259824025600.0000"
"87.7009","0.0108","2260824064000.0000"
"87.7890","0.0108","2261824512000.0000"
"87.8780","0.0108","2262824345600.0000"
"87.9670","0.0108","2263824588800.0000"
"88.0550","0.0108","2264824422400.0000"
"88.1411","0.0108","2265824460800.0000"
"88.2247","0.0108","2266824499200.0000"
"88.3062","0.0108","2267824332800.0000"
"88.3859","0.0109","2268824166400.0000"
"88.4642","0.0109","2269824204800.0000"
"88.5416","0.0109","2270824038400.0000"
"88.6186","0.0109","2271824076800.0000"
"88.6956","0.0109","2272824115200.0000"
"88.7729","0.0109","2273823948800.0000"
"88.8507","0.0109","2274823782400.0000"
"88.9289","0.0109","2275823820800.0000"
"89.0073","0.0109","2276823654400.0000"
"89.0861","0.0109","2277823488000.0000"
"89.1659","0.0110","2278823526400.0000"
"89.2472","0.0110","2279823564800.0000"
"89.3301","0.0110","2280823398400.0000"
"89.4144","0.0110","2281823027200.0000"
"89.4994","0.0110","2282823065600.0000"
"89.5847","0.0110","2283822899200.0000"
"89.6696","0.0110","2284822937600.0000"
"89.7532","0.0110","2285822566400.0000"
"89.8349","0.0110","2286822604800.0000"
"89.9151","0.0110","2287822233600.0000"
"89.9945","0.0111","2288822272000.0000"
"90.0738","0.0111","2289822105600.0000"
"90.1539","0.0111","2290821734400.0000"
"90.2350","0.0111","2291821568000.0000"
"90.3171","0.0111","2292821196800.0000"
"90.4001","0.0111","2293821235200.0000"
"90.4835","0.0111","2294820864000.0000"
"90.5668","0.0111","2295820492800.0000"
"90.6498","0.0111","2296820326400.0000"
"90.7323","0.0111","2297820160000.0000"
"90.8139","0.0112","2298820198400.0000"
"90.8936","0.0112","2299819827200.0000"
"90.9708","0.0112","2300819456000.0000"
"91.0452","0.0112","2301819494400.0000"
"91.1173","0.0112","2302819123200.0000"
"91.1873","0.0112","2303819161600.0000"
"91.2563","0.0112","2304818995200.0000"
"91.3255","0.0112","2305818828800.0000"
"91.3957","0.0112","2306818867200.0000"
"91.4675","0.0112","2307818496000.0000"
"91.5412","0.0112","2308818534400.0000"
"91.6168","0.0113","2309818368000.0000"
"91.6944","0.0113","2310818406400.0000"
"91.7736","0.0113","2311818240000.0000"
"91.8541","0.0113","2312818073600.0000"
"91.9354","0.0113","2313817907200.0000"
"92.0169","0.0113","2314817740800.0000"
"92.0978","0.0113","2315817779200.0000"
"92.1776","0.0113","2316817408000.0000"
"92.2560","0.0113","2317817446400.0000"
"92.3332","0.0113","2318817075200.0000"
"92.4094","0.0114","2319817113600.0000"
"92.4852","0.0114","2320816947200.0000"
"92.5614","0.0114","2321816985600.0000"
"92.6390","0.0114","2322816819200.0000"
"92.7187","0.0114","2323816652800.0000"
"92.8008","0.0114","2324816486400.0000"
"92.8853","0.0114","2325816729600.0000"
"92.9718","0.0114","2326816563200.0000"
"93.0600","0.0114","2327816601600.0000"
"93.1489","0.0114","2328816640000.0000"
"93.2379","0.0115","2329816678400.0000"
"93.3263","0.0115","2330816512000.0000"
"93.4148","0.0115","2331816960000.0000"
"93.5037","0.0115","2332816793600.0000"
"93.5932","0.0115","2333816832000.0000"
"93.6826","0.0115","2334816870400.0000"
"93.7712","0.0115","2335816908800.0000"
"93.8597","0.0115","2336816947200.0000"
"93.9493","0.0115","2337816985600.0000"
"94.0407","0.0116","2338817024000.0000"
"94.1340","0.0116","2339816857600.0000"
"94.2286","0.0116","2340817100800.0000"
"94.3242","0.0116","2341816934400.0000"
"94.4206","0.0116","2342816972800.0000"
"94.5177","0.0116","2343817011200.0000"
"94.6155","0.0116","2344817049600.0000"
"94.7139","0.0116","2345817088000.0000"
"94.8126","0.0116","2346817126400.0000"
"94.9112","0.0117","2347816960000.0000"
"95.0091","0.0117","2348816998400.0000"
"95.1057","0.0117","2349817241600.0000"
"95.2005","0.0117","2350817075200.0000"
"95.2932","0.0117","2351817318400.0000"
"95.3840","0.0117","2352817152000.0000"
"95.4734","0.0117","2353817395200.0000"
"95.5624","0.0117","2354817228800.0000"
"95.6511","0.0118","2355817472000.0000"
"95.7399","0.0118","2356817510400.0000"
"95.8290","0.0118","2357817548800.0000"
"95.9184","0.0118","2358817382400.0000"
"96.0079","0.0118","2359817625600.0000"
"96.0971","0.0118","2360817459200.0000"
"96.1855","0.0118","2361817702400.0000"
"96.2724","0.0118","2362817740800.0000"
"96.3574","0.0118","2363817574400.0000"
"96.4404","0.0118","2364817203200.0000"
"96.5218","0.0119","2365817241600.0000"
"96.6020","0.0119","2366817280000.0000"
"96.6819","0.0119","2367817318400.0000"
"96.7628","0.0119","2368817152000.0000"
"96.8456","0.0119","2369817190400.0000"
"96.9306","0.0119","2370817228800.0000"
"97.0179","0.0119","2371817267200.0000"
"97.1070","0.0119","2372817305600.0000"
"97.1972","0.0119","2373817344000.0000"
"97.2873","0.0120","2374817382400.0000"
"97.3767","0.0120","2375817420800.0000"
"97.4651","0.0120","2376817459200.0000"
"97.5524","0.0120","2377817497600.0000"
"97.6385","0.0120","2378817536000.0000"
"97.7236","0.0120","2379817574400.0000"
"97.8077","0.0120","2380817612800.0000"
"97.8906","0.0120","2381817856000.0000"
"97.9720","0.0120","2382817689600.0000"
"98.0522","0.0120","2383817932800.0000"
"98.1316","0.0121","2384817766400.0000"
"98.2112","0.0121","2385818009600.0000"
"98.2919","0.0121","2386818048000.0000"
"98.3739","0.0121","2387818086400.0000"
"98.4569","0.0121","2388817920000.0000"
"98.5409","0.0121","2389817958400.0000"
"98.6261","0.0121","2390817996800.0000"
"98.7123","0.0121","2391818035200.0000"
"98.7990","0.0121","2392818278400.0000"
"98.8863","0.0121","2393818112000.0000"
"98.9745","0.0122","2394818355200.0000"
"99.0635","0.0122","2395818188800.0000"
"99.1529","0.0122","2396818432000.0000"
"99.2419","0.0122","2397818675200.0000"
"99.3299","0.0122","2398818713600.0000"
"99.4166","0.0122","2399818956800.0000"
"99.5020","0.0122","2400818790400.0000"
"99.5861","0.0122","2401819033600.0000"
"99.6694","0.0122","2402819276800.0000"
"99.7528","0.0123","2403819520000.0000"
"99.8373","0.0123","2404819763200.0000"
"99.9231","0.0123","2405819801600.0000"
"100.0099","0.0123","2406820044800.0000"
"100.0972","0.0123","2407820288000.0000"
"100.1843","0.0123","2408820121600.0000"
"100.2710","0.0123","2409820364800.0000"
"100.3569","0.0123","2410820608000.0000"
"100.4419","0.0123","2411820646400.0000"
"100.5262","0.0124","2412820889600.0000"
"100.6099","0.0124","2413820928000.0000"
"100.6924","0.0124","2414820966400.0000"
"100.7736","0.0124","2415821004800.0000"
"100.8539","0.0124","2416821452800.0000"
"100.9341","0.0124","2417821286400.0000"
"101.0153","0.0124","2418821324800.0000"
"101.0977","0.0124","2419821568000.0000"
"101.1810","0.0124","2420821401600.0000"
"101.2645","0.0124","2421821644800.0000"
"101.3478","0.0125","2422821888000.0000"
"101.4314","0.0125","2423822131200.0000"
"101.5153","0.0125","2424822374400.0000"
"101.5995","0.0125","2425822208000.0000"
"101.6842","0.0125","2426822451200.0000"
"101.7695","0.0125","2427822284800.0000"
"101.8554","0.0125","2428822528000.0000"
"101.9418","0.0125","2429822771200.0000"
"102.0283","0.0125","2430822809600.0000"
"102.1143","0.0125","2431822848000.0000"
"102.1995","0.0126","2432822886400.0000"
"102.2838","0.0126","2433822924800.0000"
"102.3677","0.0126","2434822758400.0000"
"102.4515","0.0126","2435823001600.0000"
"102.5355","0.0126","2436822835200.0000"
"102.6205","0.0126","2437822873600.0000"
"102.7066","0.0126","2438822707200.0000"
"102.7941","0.0126","2439822745600.0000"
"102.8829","0.0126","2440822579200.0000"
"102.9730","0.0127","2441822617600.0000"
"103.0634","0.0127","2442822451200.0000"
"103.1531","0.0127","2443822489600.0000"
"103.2410","0.0127","2444822323200.0000"
"103.3265","0.0127","2445822361600.0000"
"103.4096","0.0127","2446822400000.0000"
"103.4911","0.0127","2447822438400.0000"
"103.5720","0.0127","2448822272000.0000"
"103.6535","0.0127","2449822310400.0000"
"103.7361","0.0127","2450822144000.0000"
"103.8196","0.0128","2451822182400.0000"
"103.9044","0.0128","2452822220800.0000"
"103.9901","0.0128","2453822259200.0000"
"104.0763","0.0128","2454822092800.0000"
"104.1627","0.0128","2455822131200.0000"
"104.2490","0.0128","2456821760000.0000"
"104.3352","0.0128","2457821798400.0000"
"104.4216","0.0128","2458821632000.0000"
"104.5082","0.0128","2459821670400.0000"
"104.5949","0.0129","2460821299200.0000"
"104.6815","0.0129","2461821337600.0000"
"104.7676","0.0129","2462820966400.0000"
"104.8535","0.0129","2463820800000.0000"
"104.9392","0.0129","2464820633600.0000"
"105.0251","0.0129","2465820262400.0000"
"105.1116","0.0129","2466820300800.0000"
"105.1991","0.0129","2467819929600.0000"
"105.2879","0.0129","2468819763200.0000"
"105.3783","0.0129","2469819801600.0000"
"105.4704","0.0130","2470819430400.0000"
"105.5637","0.0130","2471819264000.0000"
"105.6575","0.0130","2472819097600.0000"
"105.7510","0.0130","2473818931200.0000"
"105.8437","0.0130","2474818969600.0000"
"105.9353","0.0130","2475818598400.0000"
"106.0255","0.0130","2476818636800.0000"
"106.1143","0.0130","2477818265600.0000"
"106.2016","0.0130","2478818099200.0000"
"106.2874","0.0131","2479817932800.0000"
"106.3717","0.0131","2480817971200.0000"
"106.4548","0.0131","2481817600000.0000"
"106.5376","0.0131","2482817433600.0000"
"106.6208","0.0131","2483817267200.0000"
"106.7046","0.0131","2484817100800.0000"
"106.7893","0.0131","2485817139200.0000"
"106.8745","0.0131","2486816768000.0000"
"106.9603","0.0131","2487816601600.0000"
"107.0464","0.0132","2488816435200.0000"
"107.1329","0.0132","2489816473600.0000"
"107.2197","0.0132","2490816512000.0000"
"107.3069","0.0132","2491816140800.0000"
"107.3941","0.0132","2492816179200.0000"
"107.4810","0.0132","2493816012800.0000"
"107.5674","0.0132","2494816256000.0000"
"107.6534","0.0132","2495816294400.0000"
"107.7391","0.0132","2496816332800.0000"
"107.8245","0.0132","2497816576000.0000"
"107.9102","0.0133","2498816409600.0000"
"107.9966","0.0133","2499816243200.0000"
"108.0842","0.0133","2500816486400.0000"
"108.1735","0.0133","2501816729600.0000"
"108.2647","0.0133","2502816563200.0000"
"108.3576","0.0133","2503816806400.0000"
"108.4517","0.0133","2504816640000.0000"
"108.5466","0.0133","2505816678400.0000"
"108.6420","0.0133","2506816716800.0000"
"108.7374","0.0134","2507816960000.0000"
"108.8327","0.0134","2508817203200.0000"
"108.9274","0.0134","2509817036800.0000"
"109.0209","0.0134","2510817075200.0000"
"109.1127","0.0134","2511817113600.0000"
"109.2022","0.0134","2512817152000.0000"
"109.2897","0.0134","2513817190400.0000"
"109.3761","0.0134","2514817228800.0000"
"109.4626","0.0134","2515817472000.0000"
"109.5497","0.0135","2516817305600.0000"
"109.6378","0.0135","2517817548800.0000"
"109.7265","0.0135","2518817382400.0000"
"109.8153","0.0135","2519817830400.0000"
"109.9039","0.0135","2520817868800.0000"
"109.9924","0.0135","2521818112000.0000"
"110.0809","0.0135","2522818150400.0000"
"110.1692","0.0135","2523818188800.0000"
"110.2568","0.0135","2524818227200.0000"
"110.3434","0.0136","2525818265600.0000"
"110.4291","0.0136","2526818713600.0000"
"110.5139","0.0136","2527818547200.0000"
"110.5981","0.0136","2528818790400.0000"
"110.6826","0.0136","2529818828800.0000"
"110.7685","0.0136","2530818867200.0000"
"110.8562","0.0136","2531818905600.0000"
"110.9454","0.0136","2532819148800.0000"
"111.0355","0.0136","2533818982400.0000"
"111.1261","0.0137","2534819020800.0000"
"111.2171","0.0137","2535819059200.0000"
"111.3084","0.0137","2536819302400.0000"
"111.3992","0.0137","2537819136000.0000"
"111.4892","0.0137","2538819584000.0000"
"111.5782","0.0137","2539819417600.0000"
"111.6663","0.0137","2540819660800.0000"
"111.7537","0.0137","2541819494400.0000"
"111.8407","0.0137","2542819737600.0000"
"111.9280","0.0138","2543819980800.0000"
"112.0155","0.0138","2544819814400.0000"
"112.1034","0.0138","2545820057600.0000"
"112.1922","0.0138","2546820096000.0000"
"112.2827","0.0138","2547820339200.0000"
"112.3751","0.0138","2548820582400.0000"
"112.4690","0.0138","2549820416000.0000"
"112.5637","0.0138","2550820659200.0000"
"112.6585","0.0138","2551820902400.0000"
"112.7528","0.0139","2552820940800.0000"
"112.8460","0.0139","2553820979200.0000"
"112.9378","0.0139","2554821017600.0000"
"113.0284","0.0139","2555821056000.0000"
"113.1176","0.0139","2556821094400.0000"
"113.2053","0.0139","2557821542400.0000"
"113.2917","0.0139","2558821376000.0000"
"113.3768","0.0139","2559821619200.0000"
"113.4609","0.0139","2560821657600.0000"
"113.5448","0.0140","2561821696000.0000"
"113.6298","0.0140","2562821734400.0000"
"113.7166","0.0140","2563821772800.0000"
"113.8052","0.0140","2564822016000.0000"
"113.8954","0.0140","2565822054400.0000"
"113.9869","0.0140","2566822297600.0000"
"114.0794","0.0140","2567822336000.0000"
"114.1727","0.0140","2568822374400.0000"
"114.2662","0.0140","2569822617600.0000"
"114.3597","0.0141","2570823065600.0000"
"114.4529","0.0141","2571823104000.0000"
"114.5457","0.0141","2572823142400.0000"
"114.6377","0.0141","2573823180800.0000"
"114.7284","0.0141","2574823424000.0000"
"114.8177","0.0141","2575823667200.0000"
"114.9058","0.0141","2576823910400.0000"
"114.9931","0.0141","2577824153600.0000"
"115.0801","0.0141","2578823987200.0000"
"115.1676","0.0141","2579824230400.0000"
"115.2562","0.0142","2580824268800.0000"
"115.3460","0.0142","2581824102400.0000"
"115.4365","0.0142","2582824345600.0000"
"115.5270","0.0142","2583824384000.0000"
"115.6169","0.0142","2584824627200.0000"
"115.7063","0.0142","2585824460800.0000"
"115.7954","0.0142","2586824704000.0000"
"115.8848","0.0142","2587824947200.0000"
"115.9749","0.0142","2588824780800.0000"
"116.0655","0.0143","2589825228800.0000"
"116.1560","0.0143","2590825062400.0000"
"116.2456","0.0143","2591825100800.0000"
"116.3341","0.0143","2592825139200.0000"
"116.4218","0.0143","2593825382400.0000"
"116.5096","0.0143","2594825625600.0000"
"116.5985","0.0143","2595825868800.0000"
"116.6885","0.0143","2596825907200.0000"
"116.7793","0.0143","2597826150400.0000"
"116.8705","0.0144","2598826188800.0000"
"116.9617","0.0144","2599826022400.0000"
"117.0523","0.0144","2600826060800.0000"
"117.1425","0.0144","2601826099200.0000"
"117.2323","0.0144","2602826342400.0000"
"117.3218","0.0144","2603826380800.0000"
"117.4111","0.0144","2604826624000.0000"
"117.5000","0.0144","2605826457600.0000"
"117.5885","0.0144","2606826291200.0000"
"117.6770","0.0145","2607826534400.0000"
"117.7656","0.0145","2608826777600.0000"
"117.8542","0.0145","2609826611200.0000"
"117.9431","0.0145","2610826649600.0000"
"118.0330","0.0145","2611826688000.0000"
"118.1246","0.0145","2612826521600.0000"
"118.2185","0.0145","2613826560000.0000"
"118.3140","0.0145","2614826803200.0000"
"118.4106","0.0145","2615826636800.0000"
"118.5074","0.0146","2616826675200.0000"
"118.6043","0.0146","2617826713600.0000"
"118.7015","0.0146","2618826752000.0000"
"118.7990","0.0146","2619826995200.0000"
"118.8961","0.0146","2620827033600.0000"
"118.9925","0.0146","2621827072000.0000"
"119.0880","0.0146","2622826905600.0000"
"119.1821","0.0146","2623826944000.0000"
"119.2746","0.0147","2624826777600.0000"
"119.3661","0.0147","2625826816000.0000"
"119.4576","0.0147","2626826649600.0000"
"119.5499","0.0147","2627826688000.0000"
"119.6438","0.0147","2628826316800.0000"
"119.7391","0.0147","2629826150400.0000"
"119.8351","0.0147","2630825984000.0000"
"119.9312","0.0147","2631825817600.0000"
"120.0274","0.0147","2632825856000.0000"
"120.1236","0.0148","2633825484800.0000"
"120.2198","0.0148","2634825113600.0000"
"120.3160","0.0148","2635824947200.0000"
"120.4120","0.0148","2636824780800.0000"
"120.5075","0.0148","2637824614400.0000"
"120.6024","0.0148","2638824448000.0000"
"120.6965","0.0148","2639824076800.0000"
"120.7894","0.0148","2640823910400.0000"
"120.8812","0.0149","2641823744000.0000"
"120.9723","0.0149","2642823577600.0000"
"121.0636","0.0149","2643823411200.0000"
"121.1556","0.0149","2644823040000.0000"
"121.2488","0.0149","2645822873600.0000"
"121.3429","0.0149","2646822707200.0000"
"121.4374","0.0149","2647822540800.0000"
"121.5317","0.0149","2648822169600.0000"
"121.6255","0.0149","2649821798400.0000"
"121.7186","0.0150","2650821632000.0000"
"121.8111","0.0150","2651821260800.0000"
"121.9031","0.0150","2652820889600.0000"
"121.9949","0.0150","2653820723200.0000"
"122.0863","0.0150","2654820147200.0000"
"122.1773","0.0150","2655819980800.0000"
"122.2669","0.0150","2656819814400.0000"
"122.3548","0.0150","2657819443200.0000"
"122.4412","0.0150","2658818867200.0000"
"122.5273","0.0151","2659818700800.0000"
"122.6140","0.0151","2660818534400.0000"
"122.7014","0.0151","2661818163200.0000"
"122.7893","0.0151","2662818201600.0000"
"122.8776","0.0151","2663817830400.0000"
"122.9666","0.0151","2664817664000.0000"
"123.0562","0.0151","2665817497600.0000"
"123.1463","0.0151","2666817331200.0000"
"123.2369","0.0151","2667817164800.0000"
"123.3276","0.0152","2668816998400.0000"
"123.4180","0.0152","2669816832000.0000"
"123.5078","0.0152","2670816665600.0000"
"123.5969","0.0152","2671816908800.0000"
"123.6855","0.0152","2672816537600.0000"
"123.7740","0.0152","2673816576000.0000"
"123.8627","0.0152","2674816204800.0000"
"123.9521","0.0152","2675816038400.0000"
"124.0421","0.0152","2676816076800.0000"
"124.1323","0.0153","2677815910400.0000"
"124.2227","0.0153","2678815948800.0000"
"124.3135","0.0153","2679815577600.0000"
"124.4052","0.0153","2680815616000.0000"
"124.4977","0.0153","2681815654400.0000"
"124.5906","0.0153","2682815488000.0000"
"124.6836","0.0153","2683815321600.0000"
"124.7766","0.0153","2684815360000.0000"
"124.8694","0.0153","2685815398400.0000"
"124.9621","0.0154","2686815436800.0000"
"125.0544","0.0154","2687815270400.0000"
"125.1459","0.0154","2688815308800.0000"
"125.2364","0.0154","2689815347200.0000"
"125.3271","0.0154","2690815385600.0000"
"125.4189","0.0154","2691815424000.0000"
"125.5124","0.0154","2692815667200.0000"
"125.6076","0.0154","2693815910400.0000"
"125.7039","0.0154","2694815948800.0000"
"125.8009","0.0155","2695815987200.0000"
"125.8984","0.0155","2696816025600.0000"
"125.9957","0.0155","2697816064000.0000"
"126.0920","0.0155","2698815897600.0000"
"126.1869","0.0155","2699816140800.0000"
"126.2804","0.0155","2700816384000.0000"
"126.3729","0.0155","2701816422400.0000"
"126.4647","0.0155","2702816460800.0000"
"126.5561","0.0155","2703816499200.0000"
"126.6476","0.0156","2704816742400.0000"
"126.7396","0.0156","2705816576000.0000"
"126.8329","0.0156","2706817024000.0000"
"126.9283","0.0156","2707817062400.0000"
"127.0261","0.0156","2708816896000.0000"
"127.1257","0.0156","2709817139200.0000"
"127.2263","0.0156","2710817382400.0000"
"127.3270","0.0156","2711817420800.0000"
"127.4273","0.0157","2712817868800.0000"
"127.5267","0.0157","2713817907200.0000"
"127.6247","0.0157","2714818150400.0000"
"127.7208","0.0157","2715818393600.0000"
"127.8149","0.0157","2716818432000.0000"
"127.9070","0.0157","2717818675200.0000"
"127.9973","0.0157","2718818918400.0000"
"128.0862","0.0157","2719819161600.0000"
"128.1741","0.0157","2720819404800.0000"
"128.2611","0.0158","2721819443200.0000"
"128.3479","0.0158","2722819481600.0000"
"128.4357","0.0158","2723819520000.0000"
"128.5256","0.0158","2724819558400.0000"
"128.6180","0.0158","2725819801600.0000"
"128.7126","0.0158","2726819840000.0000"
"128.8091","0.0158","2727820083200.0000"
"128.9074","0.0158","2728820326400.0000"
"129.0068","0.0158","2729820160000.0000"
"129.1062","0.0159","2730820403200.0000"
"129.2052","0.0159","2731820441600.0000"
"129.3037","0.0159","2732820684800.0000"
"129.4017","0.0159","2733820723200.0000"
"129.4991","0.0159","2734820761600.0000"
"129.5961","0.0159","2735820800000.0000"
"129.6923","0.0159","2736820838400.0000"
"129.7874","0.0159","2737821081600.0000"
"129.8822","0.0160","2738821324800.0000"
"129.9778","0.0160","2739821363200.0000"
"130.0751","0.0160","2740821606400.0000"
"130.1744","0.0160","2741821644800.0000"
"130.2753","0.0160","2742821478400.0000"
"130.3772","0.0160","2743821516800.0000"
"130.4794","0.0160","2744821760000.0000"
"130.5810","0.0160","2745821593600.0000"
"130.6812","0.0161","2746821836800.0000"
"130.7799","0.0161","2747821875200.0000"
"130.8777","0.0161","2748821708800.0000"
"130.9752","0.0161","2749821542400.0000"
"131.0733","0.0161","2750821785600.0000"
"131.1720","0.0161","2751821824000.0000"
"131.2708","0.0161","2752821657600.0000"
"131.3696","0.0161","2753821491200.0000"
"131.4681","0.0162","2754821529600.0000"
"131.5664","0.0162","2755821158400.0000"
"131.6650","0.0162","2756821401600.0000"
"131.7641","0.0162","2757821235200.0000"
"131.8634","0.0162","2758821273600.0000"
"131.9625","0.0162","2759821107200.0000"
"132.0614","0.0162","2760820940800.0000"
"132.1605","0.0162","2761820979200.0000"
"132.2595","0.0162","2762821017600.0000"
"132.3583","0.0163","2763820851200.0000"
"132.4570","0.0163","2764820889600.0000"
"132.5555","0.0163","2765820928000.0000"
"132.6537","0.0163","2766820966400.0000"
"132.7516","0.0163","2767821209600.0000"
"132.8485","0.0163","2768820838400.0000"
"132.9439","0.0163","2769820672000.0000"
"133.0376","0.0163","2770820710400.0000"
"133.1305","0.0164","2771820544000.0000"
"133.2234","0.0164","2772820582400.0000"
"133.3168","0.0164","2773820620800.0000"
"133.4107","0.0164","2774820454400.0000"
"133.5048","0.0164","2775820288000.0000"
"133.5988","0.0164","2776820326400.0000"
"133.6926","0.0164","2777820160000.0000"
"133.7860","0.0164","2778820198400.0000"
"133.8789","0.0164","2779820032000.0000"
"133.9714","0.0165","2780820070400.0000"
"134.0639","0.0165","2781819904000.0000"
"134.1566","0.0165","2782819737600.0000"
"134.2491","0.0165","2783819571200.0000"
"134.3410","0.0165","2784819814400.0000"
"134.4324","0.0165","2785819648000.0000"
"134.5237","0.0165","2786819891200.0000"
"134.6154","0.0165","2787819724800.0000"
"134.7080","0.0166","2788819763200.0000"
"134.8018","0.0166","2789819596800.0000"
"134.8966","0.0166","2790819840000.0000"
"134.9924","0.0166","2791819673600.0000"
"135.0892","0.0166","2792819916800.0000"
"135.1865","0.0166","2793819750400.0000"
"135.2838","0.0166","2794819584000.0000"
"135.3809","0.0166","2795819622400.0000"
"135.4777","0.0166","2796819660800.0000"
"135.5739","0.0167","2797819494400.0000"
"135.6695","0.0167","2798819328000.0000"
"135.7638","0.0167","2799819161600.0000"
"135.8563","0.0167","2800818995200.0000"
"135.9468","0.0167","2801819033600.0000"
"136.0355","0.0167","2802818662400.0000"
"136.1237","0.0167","2803818700800.0000"
"136.2129","0.0167","2804818739200.0000"
"136.3040","0.0167","2805818572800.0000"
"136.3976","0.0168","2806818406400.0000"
"136.4933","0.0168","2807818444800.0000"
"136.5906","0.0168","2808818278400.0000"
"136.6888","0.0168","2809818316800.0000"
"136.7872","0.0168","2810818150400.0000"
"136.8854","0.0168","2811818188800.0000"
"136.9832","0.0168","2812818227200.0000"
"137.0801","0.0168","2813818265600.0000"
"137.1757","0.0169","2814818099200.0000"
"137.2699","0.0169","2815818137600.0000"
"137.3630","0.0169","2816817971200.0000"
"137.4553","0.0169","2817817804800.0000"
"137.5475","0.0169","2818817843200.0000"
"137.6401","0.0169","2819817881600.0000"
"137.7339","0.0169","2820817715200.0000"
"137.8289","0.0169","2821817548800.0000"
"137.9249","0.0169","2822817382400.0000"
"138.0212","0.0170","2823817625600.0000"
"138.1176","0.0170","2824817254400.0000"
"138.2136","0.0170","2825817088000.0000"
"138.3090","0.0170","2826816921600.0000"
"138.4035","0.0170","2827816755200.0000"
"138.4974","0.0170","2828816588800.0000"
"138.5913","0.0170","2829816627200.0000"
"138.6853","0.0170","2830816665600.0000"
"138.7787","0.0171","2831816499200.0000"
"138.8714","0.0171","2832816537600.0000"
"138.9634","0.0171","2833816371200.0000"
"139.0549","0.0171","2834816819200.0000"
"139.1462","0.0171","2835816652800.0000"
"139.2383","0.0171","2836816691200.0000"
"139.3316","0.0171","2837816729600.0000"
"139.4261","0.0171","2838816768000.0000"
"139.5217","0.0171","2839816806400.0000"
"139.6180","0.0172","2840816844800.0000"
"139.7149","0.0172","2841816883200.0000"
"139.8119","0.0172","2842816716800.0000"
"139.9087","0.0172","2843816755200.0000"
"140.0048","0.0172","2844816793600.0000"
"140.0999","0.0172","2845816832000.0000"
"140.1938","0.0172","2846816870400.0000"
"140.2862","0.0172","2847817113600.0000"
"140.3768","0.0172","2848817152000.0000"
"140.4658","0.0173","2849816985600.0000"
"140.5537","0.0173","2850817228800.0000"
"140.6417","0.0173","2851817062400.0000"
"140.7303","0.0173","2852817510400.0000"
"140.8196","0.0173","2853817548800.0000"
"140.9096","0.0173","2854817382400.0000"
"141.0006","0.0173","2855817625600.0000"
"141.0923","0.0173","2856817664000.0000"
"141.1844","0.0173","2857817907200.0000"
"141.2773","0.0174","2858817945600.0000"
"141.3709","0.0174","2859818393600.0000"
"141.4652","0.0174","2860818636800.0000"
"141.5595","0.0174","2861818675200.0000"
"141.6533","0.0174","2862818918400.0000"
"141.7467","0.0174","2863819161600.0000"
"141.8399","0.0174","2864819200000.0000"
"141.9331","0.0174","2865819443200.0000"
"142.0268","0.0174","2866819686400.0000"
"142.1217","0.0175","2867819929600.0000"
"142.2182","0.0175","2868820172800.0000"
"142.3163","0.0175","2869820006400.0000"
"142.4159","0.0175","2870820249600.0000"
"142.5165","0.0175","2871820288000.0000"
"142.6175","0.0175","2872820531200.0000"
"142.7186","0.0175","2873820774400.0000"
"142.8195","0.0175","2874820812800.0000"
"142.9200","0.0176","2875821056000.0000"
"143.0196","0.0176","2876821299200.0000"
"143.1187","0.0176","2877821337600.0000"
"143.2175","0.0176","2878821376000.0000"
"143.3157","0.0176","2879821619200.0000"
"143.4127","0.0176","2880821862400.0000"
"143.5082","0.0176","2881822105600.0000"
"143.6025","0.0176","2882822144000.0000"
"143.6966","0.0177","2883822387200.0000"
"143.7914","0.0177","2884822835200.0000"
"143.8875","0.0177","2885822668800.0000"
"143.9852","0.0177","2886823116800.0000"
"144.0842","0.0177","2887823360000.0000"
"144.1839","0.0177","2888823398400.0000"
"144.2836","0.0177","2889823641600.0000"
"144.3826","0.0177","2890823475200.0000"
"144.4808","0.0178","2891823718400.0000"
"144.5779","0.0178","2892824166400.0000"
"144.6743","0.0178","2893823795200.0000"
"144.7701","0.0178","2894824038400.0000"
"144.8655","0.0178","2895823872000.0000"
"144.9602","0.0178","2896823910400.0000"
"145.0537","0.0178","2897823948800.0000"
"145.1460","0.0178","2898824192000.0000"
"145.2372","0.0178","2899824025600.0000"
"145.3279","0.0179","2900824064000.0000"
"145.4185","0.0179","2901824307200.0000"
"145.5095","0.0179","2902824140800.0000"
"145.6011","0.0179","2903823974400.0000"
"145.6933","0.0179","2904824217600.0000"
"145.7861","0.0179","2905824460800.0000"
"145.8792","0.0179","2906824294400.0000"
"145.9724","0.0179","2907824128000.0000"
"146.0657","0.0179","2908823961600.0000"
"146.1588","0.0180","2909824204800.0000"
"146.2517","0.0180","2910824243200.0000"
"146.3439","0.0180","2911824281600.0000"
"146.4354","0.0180","2912824115200.0000"
"146.5260","0.0180","2913824153600.0000"
"146.6152","0.0180","2914823782400.0000"
"146.7034","0.0180","2915823820800.0000"
"146.7916","0.0180","2916823859200.0000"
"146.8814","0.0180","2917823692800.0000"
"146.9734","0.0181","2918823321600.0000"
"147.0677","0.0181","2919823155200.0000"
"147.1638","0.0181","2920822988800.0000"
"147.2611","0.0181","2921823027200.0000"
"147.3588","0.0181","2922822860800.0000"
"147.4559","0.0181","2923822489600.0000"
"147.5520","0.0181","2924822323200.0000"
"147.6472","0.0181","2925822156800.0000"
"147.7423","0.0182","2926821990400.0000"
"147.8375","0.0182","2927822028800.0000"
"147.9327","0.0182","2928821657600.0000"
"148.0275","0.0182","2929821696000.0000"
"148.1221","0.0182","2930821324800.0000"
"148.2167","0.0182","2931821568000.0000"
"148.3116","0.0182","2932821196800.0000"
"148.4073","0.0182","2933821030400.0000"
"148.5043","0.0182","2934820864000.0000"
"148.6026","0.0183","2935820697600.0000"
"148.7020","0.0183","2936820531200.0000"
"148.8019","0.0183","2937820569600.0000"
"148.9019","0.0183","2938820198400.0000"
"149.0018","0.0183","2939820236800.0000"
"149.1018","0.0183","2940819865600.0000"
"149.2019","0.0183","2941819699200.0000"
"149.3021","0.0183","2942819737600.0000"
"149.4023","0.0184","2943819571200.0000"
"149.5020","0.0184","2944819200000.0000"
"149.6006","0.0184","2945819238400.0000"
"149.6976","0.0184","2946818867200.0000"
"149.7935","0.0184","2947818905600.0000"
"149.8894","0.0184","2948818739200.0000"
"149.9860","0.0184","2949818572800.0000"
"150.0839","0.0184","2950818406400.0000"
"150.1835","0.0185","2951818240000.0000"
"150.2848","0.0185","2952818278400.0000"
"150.3876","0.0185","2953818112000.0000"
"150.4911","0.0185","2954818150400.0000"
"150.5945","0.0185","2955817779200.0000"
"150.6970","0.0185","2956817612800.0000"
"150.7982","0.0185","2957817651200.0000"
"150.8979","0.0185","2958817894400.0000"
"150.9960","0.0186","2959817728000.0000"
"151.0928","0.0186","2960817561600.0000"
"151.1886","0.0186","2961817600000.0000"
"151.2838","0.0186","2962817638400.0000"
"151.3784","0.0186","2963817472000.0000"
"151.4735","0.0186","2964817510400.0000"
"151.5699","0.0186","2965817344000.0000"
"151.6679","0.0186","2966817177600.0000"
"151.7672","0.0186","2967817216000.0000"
"151.8666","0.0187","2968817049600.0000"
"151.9647","0.0187","2969817088000.0000"
"152.0609","0.0187","2970816921600.0000"
"152.1551","0.0187","2971816960000.0000"
"152.2474","0.0187","2972816793600.0000"
"152.3378","0.0187","2973816832000.0000"
"152.4261","0.0187","2974816460800.0000"
"152.5132","0.0187","2975816704000.0000"
"152.5994","0.0187","2976816537600.0000"
"152.6853","0.0188","2977816576000.0000"
"152.7707","0.0188","2978816409600.0000"
"152.8557","0.0188","2979816243200.0000"
"152.9404","0.0188","2980816281600.0000"
"153.0252","0.0188","2981816320000.0000"
"153.1104","0.0188","2982816153600.0000"
"153.1959","0.0188","2983816192000.0000"
"153.2820","0.0188","2984816025600.0000"
"153.3689","0.0188","2985816064000.0000"
"153.4570","0.0189","2986815897600.0000"
"153.5465","0.0189","2987815936000.0000"
"153.6368","0.0189","2988815564800.0000"
"153.7270","0.0189","2989815398400.0000"
"153.8167","0.0189","2990815232000.0000"
"153.9053","0.0189","2991815270400.0000"
"153.9925","0.0189","2992815104000.0000"
"154.0784","0.0189","2993814732800.0000"
"154.1636","0.0189","2994814566400.0000"
"154.2490","0.0190","2995814400000.0000"
"154.3356","0.0190","2996814233600.0000"
"154.4241","0.0190","2997814272000.0000"
"154.5141","0.0190","2998813900800.0000"
"154.6055","0.0190","2999813939200.0000"
"154.6983","0.0190","3000813568000.0000"
"154.7926","0.0190","3001813606400.0000"
"154.8883","0.0190","3002813440000.0000"
"154.9852","0.0190","3003813273600.0000"
"155.0829","0.0191","3004813312000.0000"
"155.1811","0.0191","3005813145600.0000"
"155.2793","0.0191","3006812979200.0000"
"155.3773","0.0191","3007813017600.0000"
"155.4753","0.0191","3008813056000.0000"
"155.5732","0.0191","3009812684800.0000"
"155.6710","0.0191","3010812723200.0000"
"155.7687","0.0191","3011812556800.0000"
"155.8665","0.0191","3012812185600.0000"
"155.9641","0.0192","3013812428800.0000"
"156.0615","0.0192","3014812262400.0000"
"156.1591","0.0192","3015812096000.0000"
"156.2573","0.0192","3016811929600.0000"
"156.3561","0.0192","3017811763200.0000"
"156.4549","0.0192","3018811801600.0000"
"156.5532","0.0192","3019811840000.0000"
"156.6508","0.0192","3020811673600.0000"
"156.7475","0.0193","3021811712000.0000"
"156.8434","0.0193","3022811545600.0000"
"156.9394","0.0193","3023811788800.0000"
"157.0362","0.0193","3024811827200.0000"
"157.1344","0.0193","3025812070400.0000"
"157.2335","0.0193","3026812313600.0000"
"157.3328","0.0193","3027812147200.0000"
"157.4320","0.0193","3028812390400.0000"
"157.5310","0.0194","3029812428800.0000"
"157.6303","0.0194","3030812672000.0000"
"157.7299","0.0194","3031812915200.0000"
"157.8301","0.0194","3032812953600.0000"
"157.9307","0.0194","3033813196800.0000"
"158.0312","0.0194","3034813440000.0000"
"158.1313","0.0194","3035813683200.0000"
"158.2305","0.0194","3036813721600.0000"
"158.3291","0.0195","3037814169600.0000"
"158.4270","0.0195","3038814208000.0000"
"158.5243","0.0195","3039814451200.0000"
"158.6213","0.0195","3040814489600.0000"
"158.7178","0.0195","3041814937600.0000"
"158.8137","0.0195","3042815180800.0000"
"158.9088","0.0195","3043815219200.0000"
"159.0035","0.0195","3044815667200.0000"
"159.0982","0.0195","3045815910400.0000"
"159.1932","0.0196","3046816358400.0000"
"159.2889","0.0196","3047816396800.0000"
"159.3858","0.0196","3048816844800.0000"
"159.4844","0.0196","3049817088000.0000"
"159.5844","0.0196","3050817126400.0000"
"159.6851","0.0196","3051817574400.0000"
"159.7858","0.0196","3052818227200.0000"
"159.8858","0.0196","3053818675200.0000"
"159.9848","0.0197","3054818713600.0000"
"160.0825","0.0197","3055818956800.0000"
"160.1783","0.0197","3056819404800.0000"
"160.2720","0.0197","3057819648000.0000"
"160.3638","0.0197","3058819891200.0000"
"160.4546","0.0197","3059820544000.0000"
"160.5456","0.0197","3060820377600.0000"
"160.6376","0.0197","3061820825600.0000"
"160.7313","0.0197","3062821068800.0000"
"160.8269","0.0198","3063821107200.0000"
"160.9245","0.0198","3064821350400.0000"
"161.0229","0.0198","3065821798400.0000"
"161.1208","0.0198","3066822041600.0000"
"161.2174","0.0198","3067822080000.0000"
"161.3129","0.0198","3068822323200.0000"
"161.4085","0.0198","3069822361600.0000"
"161.5050","0.0198","3070822604800.0000"
"161.6024","0.0199","3071822848000.0000"
"161.7006","0.0199","3072822886400.0000"
"161.7988","0.0199","3073823334400.0000"
"161.8963","0.0199","3074823168000.0000"
"161.9932","0.0199","3075823206400.0000"
"162.0899","0.0199","3076823449600.0000"
"162.1870","0.0199","3077823488000.0000"
"162.2844","0.0199","3078823731200.0000"
"162.3824","0.0200","3079823769600.0000"
"162.4811","0.0200","3080824012800.0000"
"162.5809","0.0200","3081824051200.0000"
"162.6817","0.0200","3082824089600.0000"
"162.7836","0.0200","3083824128000.0000"
"162.8860","0.0200","3084823961600.0000"
"162.9881","0.0200","3085824000000.0000"
"163.0896","0.0200","3086823833600.0000"
"163.1898","0.0200","3087823872000.0000"
"163.2885","0.0201","3088823705600.0000"
"163.3853","0.0201","3089823744000.0000"
"163.4801","0.0201","3090823577600.0000"
"163.5737","0.0201","3091823411200.0000"
"163.6671","0.0201","3092823449600.0000"
"163.7613","0.0201","3093823488000.0000"
"163.8569","0.0201","3094823321600.0000"
"163.9541","0.0201","3095822950400.0000"
"164.0526","0.0202","3096822988800.0000"
"164.1521","0.0202","3097823027200.0000"
"164.2518","0.0202","3098823065600.0000"
"164.3509","0.0202","3099822899200.0000"
"164.4496","0.0202","3100822937600.0000"
"164.5479","0.0202","3101822566400.0000"
"164.6461","0.0202","3102822809600.0000"
"164.7441","0.0202","3103822643200.0000"
"164.8414","0.0203","3104822681600.0000"
"164.9378","0.0203","3105822515200.0000"
"165.0330","0.0203","3106822553600.0000"
"165.1271","0.0203","3107822182400.0000"
"165.2204","0.0203","3108822425600.0000"
"165.3137","0.0203","3109822259200.0000"
"165.4076","0.0203","3110822092800.0000"
"165.5024","0.0203","3111821926400.0000"
"165.5982","0.0203","3112821760000.0000"
"165.6949","0.0204","3113821593600.0000"
"165.7923","0.0204","3114821427200.0000"
"165.8899","0.0204","3115821465600.0000"
"165.9870","0.0204","3116821094400.0000"
"166.0837","0.0204","3117821132800.0000"
"166.1805","0.0204","3118820966400.0000"
"166.2775","0.0204","3119821209600.0000"
"166.3750","0.0204","3120821043200.0000"
"166.4733","0.0205","3121821286400.0000"
"166.5717","0.0205","3122821120000.0000"
"166.6700","0.0205","3123821158400.0000"
"166.7681","0.0205","3124821196800.0000"
"166.8662","0.0205","3125821235200.0000"
"166.9644","0.0205","3126821478400.0000"
"167.0626","0.0205","3127821721600.0000"
"167.1610","0.0205","3128821555200.0000"
"167.2598","0.0205","3129821593600.0000"
"167.3586","0.0206","3130821427200.0000"
"167.4572","0.0206","3131821875200.0000"
"167.5555","0.0206","3132821708800.0000"
"167.6537","0.0206","3133821952000.0000"
"167.7520","0.0206","3134821785600.0000"
"167.8507","0.0206","3135822028800.0000"
"167.9498","0.0206","3136821862400.0000"
"168.0486","0.0206","3137822310400.0000"
"168.1463","0.0207","3138822144000.0000"
"168.2425","0.0207","3139822387200.0000"
"168.3377","0.0207","3140822016000.0000"
"168.4326","0.0207","3141822259200.0000"
"168.5277","0.0207","3142822502400.0000"
"168.6237","0.0207","3143822540800.0000"
"168.7212","0.0207","3144822784000.0000"
"168.8206","0.0207","3145823027200.0000"
"168.9219","0.0208","3146822860800.0000"
"169.0243","0.0208","3147823104000.0000"
"169.1271","0.0208","3148823347200.0000"
"169.2299","0.0208","3149823385600.0000"
"169.3325","0.0208","3150823833600.0000"
"169.4349","0.0208","3151823667200.0000"
"169.5373","0.0208","3152823910400.0000"
"169.6395","0.0208","3153824153600.0000"
"169.7410","0.0209","3154823987200.0000"
"169.8416","0.0209","3155824230400.0000"
"169.9417","0.0209","3156824678400.0000"
"170.0420","0.0209","3157824512000.0000"
"170.1431","0.0209","3158824345600.0000"
"170.2451","0.0209","3159824384000.0000"
"170.3476","0.0209","3160824217600.0000"
"170.4502","0.0209","3161824051200.0000"
"170.5524","0.0210","3162824499200.0000"
"170.6538","0.0210","3163824332800.0000"
"170.7539","0.0210","3164824576000.0000"
"170.8525","0.0210","3165824409600.0000"
"170.9490","0.0210","3166824243200.0000"
"171.0436","0.0210","3167824076800.0000"
"171.1365","0.0210","3168824524800.0000"
"171.2281","0.0210","3169824358400.0000"
"171.3189","0.0210","3170824601600.0000"
"171.4091","0.0211","3171824435200.0000"
"171.4993","0.0211","3172824268800.0000"
"171.5903","0.0211","3173824307200.0000"
"171.6827","0.0211","3174824345600.0000"
"171.7766","0.0211","3175824179200.0000"
"171.8719","0.0211","3176824422400.0000"
"171.9680","0.0211","3177824256000.0000"
"172.0645","0.0211","3178824089600.0000"
"172.1613","0.0212","3179824537600.0000"
"172.2582","0.0212","3180824371200.0000"
"172.3551","0.0212","3181824204800.0000"
"172.4517","0.0212","3182824038400.0000"
"172.5478","0.0212","3183823872000.0000"
"172.6434","0.0212","3184823705600.0000"
"172.7386","0.0212","3185823744000.0000"
"172.8328","0.0212","3186823987200.0000"
"172.9261","0.0212","3187823820800.0000"
"173.0190","0.0213","3188823654400.0000"
"173.1126","0.0213","3189823488000.0000"
"173.2078","0.0213","3190823526400.0000"
"173.3047","0.0213","3191823360000.0000"
"173.4029","0.0213","3192823398400.0000"
"173.5022","0.0213","3193823232000.0000"
"173.6017","0.0213","3194823475200.0000"
"173.7009","0.0213","3195823308800.0000"
"173.7990","0.0214","3196823347200.0000"
"173.8962","0.0214","3197823180800.0000"
"173.9927","0.0214","3198823424000.0000"
"174.0887","0.0214","3199823257600.0000"
"174.1845","0.0214","3200823705600.0000"
"174.2801","0.0214","3201823948800.0000"
"174.3755","0.0214","3202823782400.0000"
"174.4711","0.0214","3203823616000.0000"
"174.5673","0.0214","3204823859200.0000"
"174.6642","0.0215","3205823692800.0000"
"174.7625","0.0215","3206823526400.0000"
"174.8632","0.0215","3207823564800.0000"
"174.9668","0.0215","3208823398400.0000"
"175.0729","0.0215","3209823641600.0000"
"175.1808","0.0215","3210823475200.0000"
"175.2897","0.0215","3211823718400.0000"
"175.3992","0.0215","3212823552000.0000"
"175.5091","0.0216","3213823795200.0000"
"175.6191","0.0216","3214823628800.0000"
"175.7282","0.0216","3215823872000.0000"
"175.8353","0.0216","3216824115200.0000"
"175.9401","0.0216","3217823948800.0000"
"176.0424","0.0216","3218824192000.0000"
"176.1428","0.0216","3219824025600.0000"
"176.2422","0.0217","3220824064000.0000"
"176.3413","0.0217","3221823897600.0000"
"176.4409","0.0217","3222824140800.0000"
"176.5411","0.0217","3223824384000.0000"
"176.6416","0.0217","3224824217600.0000"
"176.7422","0.0217","3225824460800.0000"
"176.8429","0.0217","3226824294400.0000"
"176.9442","0.0217","3227824537600.0000"
"177.0467","0.0218","3228824371200.0000"
"177.1507","0.0218","3229824614400.0000"
"177.2560","0.0218","3230824448000.0000"
"177.3621","0.0218","3231824281600.0000"
"177.4683","0.0218","3232824115200.0000"
"177.5739","0.0218","3233824153600.0000"
"177.6785","0.0218","3234823987200.0000"
"177.7817","0.0218","3235824230400.0000"
"177.8839","0.0219","3236824064000.0000"
"177.9859","0.0219","3237824307200.0000"
"178.0881","0.0219","3238824140800.0000"
"178.1906","0.0219","3239823974400.0000"
"178.2934","0.0219","3240823808000.0000"
"178.3967","0.0219","3241824051200.0000"
"178.5006","0.0219","3242823884800.0000"
"178.6047","0.0219","3243823718400.0000"
"178.7084","0.0220","3244823552000.0000"
"178.8113","0.0220","3245823795200.0000"
"178.9130","0.0220","3246824038400.0000"
"179.0135","0.0220","3247823872000.0000"
"179.1129","0.0220","3248823705600.0000"
"179.2115","0.0220","3249823948800.0000"
"179.3097","0.0220","3250823782400.0000"
"179.4076","0.0220","3251823616000.0000"
"179.5058","0.0221","3252823449600.0000"
"179.6049","0.0221","3253823488000.0000"
"179.7052","0.0221","3254822912000.0000"
"179.8061","0.0221","3255823155200.0000"
"179.9067","0.0221","3256822579200.0000"
"180.0067","0.0221","3257823232000.0000"
"180.1060","0.0221","3258823065600.0000"
"180.2047","0.0221","3259822489600.0000"
"180.3029","0.0222","3260822732800.0000"
"180.4002","0.0222","3261822156800.0000"
"180.4965","0.0222","3262822400000.0000"
"180.5917","0.0222","3263821824000.0000"
"180.6858","0.0222","3264822067200.0000"
"180.7788","0.0222","3265821900800.0000"
"180.8706","0.0222","3266821734400.0000"
"180.9616","0.0222","3267821568000.0000"
"181.0529","0.0222","3268821811200.0000"
"181.1456","0.0223","3269821644800.0000"
"181.2403","0.0223","3270821478400.0000"
"181.3375","0.0223","3271821312000.0000"
"181.4369","0.0223","3272821145600.0000"
"181.5376","0.0223","3273820979200.0000"
"181.6388","0.0223","3274820812800.0000"
"181.7404","0.0223","3275821056000.0000"
"181.8421","0.0223","3276820480000.0000"
"181.9431","0.0224","3277820723200.0000"
"182.0426","0.0224","3278820147200.0000"
"182.1405","0.0224","3279820390400.0000"
"182.2367","0.0224","3280820224000.0000"
"182.3315","0.0224","3281820057600.0000"
"182.4248","0.0224","3282819891200.0000"
"182.5168","0.0224","3283819724800.0000"
"182.6085","0.0224","3284819558400.0000"
"182.7012","0.0224","3285819392000.0000"
"182.7956","0.0225","3286819225600.0000"
"182.8918","0.0225","3287819059200.0000"
"182.9892","0.0225","3288818892800.0000"
"183.0875","0.0225","3289818726400.0000"
"183.1867","0.0225","3290818969600.0000"
"183.2865","0.0225","3291819008000.0000"
"183.3863","0.0225","3292818841600.0000"
"183.4852","0.0225","3293818675200.0000"
"183.5829","0.0226","3294818918400.0000"
"183.6797","0.0226","3295818752000.0000"
"183.7760","0.0226","3296818585600.0000"
"183.8715","0.0226","3297818828800.0000"
"183.9659","0.0226","3298818662400.0000"
"184.0591","0.0226","3299818905600.0000"
"184.1516","0.0226","3300818739200.0000"
"184.2447","0.0226","3301818982400.0000"
"184.3394","0.0226","3302819225600.0000"
"184.4363","0.0227","3303819059200.0000"
"184.5353","0.0227","3304818892800.0000"
"184.6361","0.0227","3305818931200.0000"
"184.7385","0.0227","3306818764800.0000"
"184.8421","0.0227","3307818598400.0000"
"184.9465","0.0227","3308818841600.0000"
"185.0515","0.0227","3309818675200.0000"
"185.1571","0.0227","3310818918400.0000"
"185.2626","0.0228","3311818752000.0000"
"185.3679","0.0228","3312818995200.0000"
"185.4721","0.0228","3313819238400.0000"
"185.5751","0.0228","3314819481600.0000"
"185.6771","0.0228","3315819315200.0000"
"185.7790","0.0228","3316819558400.0000"
"185.8812","0.0228","3317819596800.0000"
"185.9840","0.0229","3318819430400.0000"
"186.0872","0.0229","3319819673600.0000"
"186.1907","0.0229","3320819916800.0000"
"186.2941","0.0229","3321819750400.0000"
"186.3973","0.0229","3322819993600.0000"
"186.5004","0.0229","3323819827200.0000"
"186.6031","0.0229","3324820070400.0000"
"186.7048","0.0229","3325820313600.0000"
"186.8051","0.0230","3326820556800.0000"
"186.9036","0.0230","3327820595200.0000"
"187.0004","0.0230","3328820428800.0000"
"187.0954","0.0230","3329820672000.0000"
"187.1889","0.0230","3330820505600.0000"
"187.2812","0.0230","3331820748800.0000"
"187.3732","0.0230","3332820582400.0000"
"187.4655","0.0230","3333820825600.0000"
"187.5589","0.0230","3334820659200.0000"
"187.6534","0.0231","3335820902400.0000"
"187.7492","0.0231","3336820736000.0000"
"187.8461","0.0231","3337820979200.0000"
"187.9438","0.0231","3338821427200.0000"
"188.0419","0.0231","3339821260800.0000"
"188.1400","0.0231","3340821504000.0000"
"188.2381","0.0231","3341821747200.0000"
"188.3361","0.0231","3342821580800.0000"
"188.4344","0.0232","3343821824000.0000"
"188.5332","0.0232","3344821657600.0000"
"188.6320","0.0232","3345821900800.0000"
"188.7300","0.0232","3346822144000.0000"
"188.8268","0.0232","3347821977600.0000"
"188.9226","0.0232","3348822016000.0000"
"189.0179","0.0232","3349821849600.0000"
"189.1132","0.0232","3350822092800.0000"
"189.2090","0.0232","3351822336000.0000"
"189.3056","0.0233","3352822579200.0000"
"189.4031","0.0233","3353822412800.0000"
"189.5013","0.0233","3354822656000.0000"
"189.6000","0.0233","3355822899200.0000"
"189.6993","0.0233","3356822732800.0000"
"189.7991","0.0233","3357822566400.0000"
"189.8990","0.0233","3358822809600.0000"
"189.9980","0.0233","3359822643200.0000"
"190.0957","0.0234","3360822681600.0000"
"190.1923","0.0234","3361822515200.0000"
"190.2878","0.0234","3362822758400.0000"
"190.3827","0.0234","3363823411200.0000"
"190.4775","0.0234","3364823244800.0000"
"190.5727","0.0234","3365823488000.0000"
"190.6685","0.0234","3366823731200.0000"
"190.7650","0.0234","3367823564800.0000"
"190.8623","0.0234","3368823808000.0000"
"190.9603","0.0235","3369823846400.0000"
"191.0591","0.0235","3370823680000.0000"
"191.1579","0.0235","3371823923200.0000"
"191.2561","0.0235","3372823756800.0000"
"191.3531","0.0235","3373824000000.0000"
"191.4482","0.0235","3374823833600.0000"
"191.5408","0.0235","3375824486400.0000"
"191.6315","0.0235","3376824320000.0000"
"191.7217","0.0236","3377824153600.0000"
"191.8122","0.0236","3378824396800.0000"
"191.9033","0.0236","3379824230400.0000"
"191.9950","0.0236","3380824064000.0000"
"192.0878","0.0236","3381823897600.0000"
"192.1825","0.0236","3382823731200.0000"
"192.2794","0.0236","3383823769600.0000"
"192.3786","0.0236","3384823603200.0000"
"192.4799","0.0236","3385823436800.0000"
"192.5825","0.0237","3386823680000.0000"
"192.6855","0.0237","3387823923200.0000"
"192.7881","0.0237","3388824166400.0000"
"192.8897","0.0237","3389824000000.0000"
"192.9899","0.0237","3390823833600.0000"
"193.0883","0.0237","3391823667200.0000"
"193.1847","0.0237","3392823910400.0000"
"193.2795","0.0237","3393823334400.0000"
"193.3732","0.0238","3394823577600.0000"
"193.4662","0.0238","3395823411200.0000"
"193.5588","0.0238","3396822835200.0000"
"193.6515","0.0238","3397823078400.0000"
"193.7449","0.0238","3398822912000.0000"
"193.8394","0.0238","3399823155200.0000"
"193.9344","0.0238","3400822579200.0000"
"194.0288","0.0238","3401822822400.0000"
"194.1220","0.0239","3402822246400.0000"
"194.2141","0.0239","3403822080000.0000"
"194.3055","0.0239","3404821913600.0000"
"194.3961","0.0239","3405821747200.0000"
"194.4861","0.0239","3406821580800.0000"
"194.5759","0.0239","3407821414400.0000"
"194.6656","0.0239","3408821248000.0000"
"194.7556","0.0239","3409821081600.0000"
"194.8454","0.0239","3410820915200.0000"
"194.9347","0.0239","3411821158400.0000"
"195.0240","0.0240","3412820582400.0000"
"195.1139","0.0240","3413820825600.0000"
"195.2051","0.0240","3414820659200.0000"
"195.2977","0.0240","3415820492800.0000"
"195.3915","0.0240","3416820326400.0000"
"195.4862","0.0240","3417820160000.0000"
"195.5811","0.0240","3418819993600.0000"
"195.6761","0.0240","3419820032000.0000"
"195.7710","0.0241","3420819865600.0000"
"195.8658","0.0241","3421819699200.0000"
"195.9608","0.0241","3422819532800.0000"
"196.0558","0.0241","3423819366400.0000"
"196.1506","0.0241","3424819200000.0000"
"196.2446","0.0241","3425819033600.0000"
"196.3374","0.0241","3426818662400.0000"
"196.4288","0.0241","3427818700800.0000"
"196.5191","0.0241","3428818329600.0000"
"196.6095","0.0242","3429817958400.0000"
"196.7009","0.0242","3430818201600.0000"
"196.7934","0.0242","3431818444800.0000"
"196.8868","0.0242","3432817868800.0000"
"196.9810","0.0242","3433818112000.0000"
"197.0759","0.0242","3434817536000.0000"
"197.1719","0.0242","3435817369600.0000"
"197.2691","0.0242","3436817612800.0000"
"197.3673","0.0242","3437817446400.0000"
"197.4662","0.0243","3438817280000.0000"
"197.5658","0.0243","3439817113600.0000"
"197.6663","0.0243","3440817356800.0000"
"197.7676","0.0243","3441817190400.0000"
"197.8693","0.0243","3442817433600.0000"
"197.9711","0.0243","3443816857600.0000"
"198.0730","0.0243","3444817100800.0000"
"198.1756","0.0243","3445816934400.0000"
"198.2792","0.0244","3446816768000.0000"
"198.3836","0.0244","3447816601600.0000"
"198.4879","0.0244","3448816435200.0000"
"198.5915","0.0244","3449816268800.0000"
"198.6933","0.0244","3450815692800.0000"
"198.7932","0.0244","3451816345600.0000"
"198.8916","0.0244","3452816179200.0000"
"198.9892","0.0244","3453816012800.0000"
"199.0869","0.0245","3454815846400.0000"
"199.1845","0.0245","3455815680000.0000"
"199.2818","0.0245","3456815513600.0000"
"199.3784","0.0245","3457815347200.0000"
"199.4739","0.0245","3458815180800.0000"
"199.5683","0.0245","3459815424000.0000"
"199.6619","0.0245","3460815257600.0000"
"199.7558","0.0245","3461815091200.0000"
"199.8506","0.0246","3462815334400.0000"
"199.9464","0.0246","3463815577600.0000"
"200.0432","0.0246","3464815411200.0000"
"200.1412","0.0246","3465815654400.0000"
"200.2400","0.0246","3466815488000.0000"
"200.3391","0.0246","3467814912000.0000"
"200.4382","0.0246","3468814745600.0000"
"200.5378","0.0246","3469814988800.0000"
"200.6381","0.0247","3470814822400.0000"
"200.7392","0.0247","3471814656000.0000"
"200.8407","0.0247","3472814489600.0000"
"200.9420","0.0247","3473814732800.0000"
"201.0429","0.0247","3474814976000.0000"
"201.1433","0.0247","3475814809600.0000"
"201.2433","0.0247","3476814643200.0000"
"201.3427","0.0247","3477814476800.0000"
"201.4420","0.0247","3478814310400.0000"
"201.5419","0.0248","3479814553600.0000"
"201.6430","0.0248","3480814387200.0000"
"201.7452","0.0248","3481814630400.0000"
"201.8481","0.0248","3482814464000.0000"
"201.9507","0.0248","3483814707200.0000"
"202.0529","0.0248","3484814540800.0000"
"202.1546","0.0248","3485814784000.0000"
"202.2556","0.0248","3486815027200.0000"
"202.3562","0.0249","3487814860800.0000"
"202.4564","0.0249","3488815104000.0000"
"202.5560","0.0249","3489814937600.0000"
"202.6541","0.0249","3490815180800.0000"
"202.7504","0.0249","3491815014400.0000"
"202.8452","0.0249","3492815257600.0000"
"202.9396","0.0249","3493815091200.0000"
"203.0347","0.0249","3494815334400.0000"
"203.1310","0.0250","3495815577600.0000"
"203.2284","0.0250","3496815411200.0000"
"203.3267","0.0250","3497815244800.0000"
"203.4253","0.0250","3498815488000.0000"
"203.5235","0.0250","3499815321600.0000"
"203.6205","0.0250","3500815155200.0000"
"203.7160","0.0250","3501815398400.0000"
"203.8103","0.0250","3502815232000.0000"
"203.9038","0.0251","3503815475200.0000"
"203.9963","0.0251","3504815308800.0000"
"204.0877","0.0251","3505815552000.0000"
"204.1780","0.0251","3506815385600.0000"
"204.2678","0.0251","3507815628800.0000"
"204.3571","0.0251","3508815872000.0000"
"204.4461","0.0251","3509815705600.0000"
"204.5354","0.0251","3510816358400.0000"
"204.6251","0.0251","3511816192000.0000"
"204.7149","0.0252","3512816435200.0000"
"204.8051","0.0252","3513816678400.0000"
"204.8958","0.0252","3514816921600.0000"
"204.9871","0.0252","3515816755200.0000"
"205.0788","0.0252","3516816588800.0000"
"205.1705","0.0252","3517816832000.0000"
"205.2621","0.0252","3518816665600.0000"
"205.3537","0.0252","3519816499200.0000"
"205.4451","0.0252","3520817152000.0000"
"205.5366","0.0253","3521816985600.0000"
"205.6280","0.0253","3522817228800.0000"
"205.7194","0.0253","3523817062400.0000"
"205.8103","0.0253","3524817715200.0000"
"205.9006","0.0253","3525817548800.0000"
"205.9906","0.0253","3526817382400.0000"
"206.0807","0.0253","3527818035200.0000"
"206.1717","0.0253","3528817868800.0000"
"206.2640","0.0253","3529817702400.0000"
"206.3578","0.0254","3530818355200.0000"
"206.4531","0.0254","3531818188800.0000"
"206.5497","0.0254","3532818432000.0000"
"206.6472","0.0254","3533818265600.0000"
"206.7458","0.0254","3534818918400.0000"
"206.8454","0.0254","3535819161600.0000"
"206.9460","0.0254","3536818995200.0000"
"207.0470","0.0254","3537819238400.0000"
"207.1473","0.0255","3538819481600.0000"
"207.2464","0.0255","3539819315200.0000"
"207.3444","0.0255","3540819968000.0000"
"207.4421","0.0255","3541819801600.0000"
"207.5405","0.0255","3542819635200.0000"
"207.6398","0.0255","3543819468800.0000"
"207.7399","0.0255","3544820121600.0000"
"207.8402","0.0255","3545819955200.0000"
"207.9406","0.0255","3546819788800.0000"
"208.0410","0.0256","3547819622400.0000"
"208.1412","0.0256","3548820684800.0000"
"208.2407","0.0256","3549820518400.0000"
"208.3390","0.0256","3550820352000.0000"
"208.4358","0.0256","3551820595200.0000"
"208.5314","0.0256","3552820428800.0000"
"208.6260","0.0256","3553820672000.0000"
"208.7197","0.0256","3554820505600.0000"
"208.8124","0.0257","3555820748800.0000"
"208.9045","0.0257","3556820582400.0000"
"208.9968","0.0257","3557820416000.0000"
"209.0900","0.0257","3558820659200.0000"
"209.1847","0.0257","3559820492800.0000"
"209.2808","0.0257","3560821145600.0000"
"209.3775","0.0257","3561820979200.0000"
"209.4739","0.0257","3562821222400.0000"
"209.5698","0.0257","3563821056000.0000"
"209.6656","0.0258","3564820889600.0000"
"209.7616","0.0258","3565821542400.0000"
"209.8578","0.0258","3566821376000.0000"
"209.9542","0.0258","3567821209600.0000"
"210.0509","0.0258","3568821043200.0000"
"210.1478","0.0258","3569821286400.0000"
"210.2444","0.0258","3570821120000.0000"
"210.3398","0.0258","3571820953600.0000"
"210.4335","0.0259","3572822016000.0000"
"210.5261","0.0259","3573821849600.0000"
"210.6186","0.0259","3574821683200.0000"
"210.7115","0.0259","3575821516800.0000"
"210.8055","0.0259","3576821350400.0000"
"210.9007","0.0259","3577822003200.0000"
"210.9972","0.0259","3578821836800.0000"
"211.0948","0.0259","3579821670400.0000"
"211.1932","0.0259","3580821913600.0000"
"211.2920","0.0260","3581821747200.0000"
"211.3908","0.0260","3582821580800.0000"
"211.4890","0.0260","3583822233600.0000"
"211.5862","0.0260","3584822067200.0000"
"211.6825","0.0260","3585822720000.0000"
"211.7780","0.0260","3586822963200.0000"
"211.8734","0.0260","3587822796800.0000"
"211.9688","0.0260","3588823040000.0000"
"212.0644","0.0261","3589822873600.0000"
"212.1608","0.0261","3590823116800.0000"
"212.2588","0.0261","3591823360000.0000"
"212.3586","0.0261","3592823193600.0000"
"212.4595","0.0261","3593823436800.0000"
"212.5605","0.0261","3594823270400.0000"
"212.6611","0.0261","3595823513600.0000"
"212.7610","0.0261","3596823347200.0000"
"212.8601","0.0262","3597824000000.0000"
"212.9583","0.0262","3598823833600.0000"
"213.0554","0.0262","3599823667200.0000"
"213.1515","0.0262","3600823910400.0000"
"213.2470","0.0262","3601823744000.0000"
"213.3424","0.0262","3602823577600.0000"
"213.4377","0.0262","3603823820800.0000"
"213.5326","0.0262","3604824064000.0000"
"213.6271","0.0262","3605823897600.0000"
"213.7220","0.0263","3606824140800.0000"
"213.8180","0.0263","3607824384000.0000"
"213.9160","0.0263","3608824217600.0000"
"214.0164","0.0263","3609824460800.0000"
"214.1188","0.0263","3610824704000.0000"
"214.2226","0.0263","3611824947200.0000"
"214.3266","0.0263","3612824780800.0000"
"214.4300","0.0263","3613824614400.0000"
"214.5321","0.0264","3614824448000.0000"
"214.6327","0.0264","3615824691200.0000"
"214.7317","0.0264","3616824524800.0000"
"214.8292","0.0264","3617824358400.0000"
"214.9254","0.0264","3618824192000.0000"
"215.0208","0.0264","3619824435200.0000"
"215.1162","0.0264","3620824268800.0000"
"215.2123","0.0264","3621824512000.0000"
"215.3096","0.0265","3622823936000.0000"
"215.4084","0.0265","3623824179200.0000"
"215.5086","0.0265","3624824012800.0000"
"215.6093","0.0265","3625823846400.0000"
"215.7099","0.0265","3626823680000.0000"
"215.8101","0.0265","3627823513600.0000"
"215.9102","0.0265","3628823756800.0000"
"216.0103","0.0265","3629823590400.0000"
"216.1106","0.0266","3630823424000.0000"
"216.2109","0.0266","3631823257600.0000"
"216.3109","0.0266","3632823500800.0000"
"216.4101","0.0266","3633822924800.0000"
"216.5080","0.0266","3634822758400.0000"
"216.6048","0.0266","3635822592000.0000"
"216.7007","0.0266","3636822835200.0000"
"216.7968","0.0266","3637822668800.0000"
"216.8938","0.0266","3638822502400.0000"
"216.9918","0.0267","3639821926400.0000"
"217.0904","0.0267","3640822169600.0000"
"217.1889","0.0267","3641822003200.0000"
"217.2871","0.0267","3642821427200.0000"
"217.3848","0.0267","3643821670400.0000"
"217.4820","0.0267","3644821504000.0000"
"217.5789","0.0267","3645821747200.0000"
"217.6759","0.0267","3646821171200.0000"
"217.7724","0.0268","3647821004800.0000"
"217.8677","0.0268","3648820838400.0000"
"217.9610","0.0268","3649821081600.0000"
"218.0527","0.0268","3650820915200.0000"
"218.1434","0.0268","3651820748800.0000"
"218.2336","0.0268","3652820582400.0000"
"218.3244","0.0268","3653820416000.0000"
"218.4167","0.0268","3654821068800.0000"
"218.5112","0.0268","3655820902400.0000"
"218.6075","0.0269","3656820736000.0000"
"218.7048","0.0269","3657820979200.0000"
"218.8020","0.0269","3658820812800.0000"
"218.8990","0.0269","3659820646400.0000"
"218.9959","0.0269","3660820480000.0000"
"219.0928","0.0269","3661820313600.0000"
"219.1897","0.0269","3662820556800.0000"
"219.2864","0.0269","3663820800000.0000"
"219.3823","0.0270","3664820633600.0000"
"219.4775","0.0270","3665820876800.0000"
"219.5724","0.0270","3666821120000.0000"
"219.6672","0.0270","3667820953600.0000"
"219.7616","0.0270","3668820787200.0000"
"219.8555","0.0270","3669821030400.0000"
"219.9496","0.0270","3670820864000.0000"
"220.0452","0.0270","3671820697600.0000"
"220.1425","0.0270","3672820531200.0000"
"220.2410","0.0271","3673821184000.0000"
"220.3393","0.0271","3674821017600.0000"
"220.4366","0.0271","3675820441600.0000"
"220.5325","0.0271","3676821094400.0000"
"220.6270","0.0271","3677821337600.0000"
"220.7202","0.0271","3678821171200.0000"
"220.8124","0.0271","3679821824000.0000"
"220.9040","0.0271","3680821657600.0000"
"220.9952","0.0272","3681821491200.0000"
"221.0856","0.0272","3682821734400.0000"
"221.1749","0.0272","3683821977600.0000"
"221.2630","0.0272","3684821811200.0000"
"221.3510","0.0272","3685822054400.0000"
"221.4397","0.0272","3686822297600.0000"
"221.5300","0.0272","3687822131200.0000"
"221.6225","0.0272","3688822374400.0000"
"221.7172","0.0272","3689822208000.0000"
"221.8140","0.0273","3690822860800.0000"
"221.9121","0.0273","3691822694400.0000"
"222.0109","0.0273","3692822528000.0000"
"222.1098","0.0273","3693822361600.0000"
"222.2086","0.0273","3694822604800.0000"
"222.3068","0.0273","3695822438400.0000"
"222.4041","0.0273","3696822272000.0000"
"222.5005","0.0273","3697822105600.0000"
"222.5954","0.0273","3698822348800.0000"
"222.6885","0.0274","3699822182400.0000"
"222.7800","0.0274","3700822425600.0000"
"222.8706","0.0274","3701822668800.0000"
"222.9610","0.0274","3702822912000.0000"
"223.0522","0.0274","3703822745600.0000"
"223.1447","0.0274","3704822579200.0000"
"223.2389","0.0274","3705822822400.0000"
"223.3346","0.0274","3706823065600.0000"
"223.4313","0.0275","3707822899200.0000"
"223.5281","0.0275","3708823142400.0000"
"223.6244","0.0275","3709822976000.0000"
"223.7203","0.0275","3710822809600.0000"
"223.8161","0.0275","3711822233600.0000"
"223.9120","0.0275","3712822067200.0000"
"224.0076","0.0275","3713822310400.0000"
"224.1026","0.0275","3714822553600.0000"
"224.1972","0.0275","3715822387200.0000"
"224.2914","0.0276","3716821811200.0000"
"224.3855","0.0276","3717822054400.0000"
"224.4799","0.0276","3718821888000.0000"
"224.5746","0.0276","3719821312000.0000"
"224.6698","0.0276","3720821145600.0000"
"224.7653","0.0276","3721820979200.0000"
"224.8612","0.0276","3722821222400.0000"
"224.9576","0.0276","3723820646400.0000"
"225.0545","0.0277","3724820889600.0000"
"225.1520","0.0277","3725820723200.0000"
"225.2502","0.0277","3726820966400.0000"
"225.3487","0.0277","3727820800000.0000"
"225.4478","0.0277","3728820224000.0000"
"225.5477","0.0277","3729820057600.0000"
"225.6483","0.0277","3730819891200.0000"
"225.7482","0.0277","3731820134400.0000"
"225.8466","0.0277","3732819968000.0000"
"225.9439","0.0278","3733819392000.0000"
"226.0408","0.0278","3734819225600.0000"
"226.1379","0.0278","3735819878400.0000"
"226.2360","0.0278","3736819302400.0000"
"226.3353","0.0278","3737819136000.0000"
"226.4355","0.0278","3738818969600.0000"
"226.5365","0.0278","3739818803200.0000"
"226.6376","0.0278","3740818227200.0000"
"226.7383","0.0279","3741818470400.0000"
"226.8383","0.0279","3742818304000.0000"
"226.9378","0.0279","3743818137600.0000"
"227.0370","0.0279","3744817561600.0000"
"227.1359","0.0279","3745818214400.0000"
"227.2340","0.0279","3746818048000.0000"
"227.3312","0.0279","3747817881600.0000"
"227.4273","0.0279","3748817715200.0000"
"227.5230","0.0280","3749817958400.0000"
"227.6190","0.0280","3750817792000.0000"
"227.7158","0.0280","3751817625600.0000"
"227.8132","0.0280","3752817459200.0000"
"227.9106","0.0280","3753817702400.0000"
"228.0077","0.0280","3754817536000.0000"
"228.1049","0.0280","3755817369600.0000"
"228.2032","0.0280","3756817203200.0000"
"228.3030","0.0280","3757817856000.0000"
"228.4038","0.0281","3758817689600.0000"
"228.5047","0.0281","3759817523200.0000"
"228.6049","0.0281","3760817766400.0000"
"228.7039","0.0281","3761818009600.0000"
"228.8019","0.0281","3762817843200.0000"
"228.8988","0.0281","3763817676800.0000"
"228.9947","0.0281","3764817920000.0000"
"229.0902","0.0281","3765817753600.0000"
"229.1855","0.0282","3766817587200.0000"
"229.2806","0.0282","3767817420800.0000"
"229.3754","0.0282","3768817664000.0000"
"229.4702","0.0282","3769818316800.0000"
"229.5655","0.0282","3770818150400.0000"
"229.6614","0.0282","3771817984000.0000"
"229.7573","0.0282","3772818227200.0000"
"229.8522","0.0282","3773818470400.0000"
"229.9452","0.0283","3774818304000.0000"
"230.0362","0.0283","3775818547200.0000"
"230.1258","0.0283","3776818380800.0000"
"230.2148","0.0283","3777818214400.0000"
"230.3036","0.0283","3778818867200.0000"
"230.3923","0.0283","3779818700800.0000"
"230.4803","0.0283","3780818534400.0000"
"230.5679","0.0283","3781819187200.0000"
"230.6564","0.0283","3782819430400.0000"
"230.7473","0.0283","3783819264000.0000"
"230.8412","0.0284","3784819097600.0000"
"230.9376","0.0284","3785818931200.0000"
"231.0361","0.0284","3786819174400.0000"
"231.1355","0.0284","3787819417600.0000"
"231.2352","0.0284","3788819251200.0000"
"231.3345","0.0284","3789819494400.0000"
"231.4330","0.0284","3790819328000.0000"
"231.5307","0.0284","3791819161600.0000"
"231.6277","0.0285","3792818995200.0000"
"231.7243","0.0285","3793819648000.0000"
"231.8207","0.0285","3794819481600.0000"
"231.9169","0.0285","3795819315200.0000"
"232.0126","0.0285","3796819148800.0000"
"232.1076","0.0285","3797819392000.0000"
"232.2020","0.0285","3798819225600.0000"
"232.2962","0.0285","3799819059200.0000"
"232.3907","0.0286","3800818892800.0000"
"232.4858","0.0286","3801819136000.0000"
"232.5815","0.0286","3802818969600.0000"
"232.6776","0.0286","3803818803200.0000"
"232.7739","0.0286","3804818636800.0000"
"232.8700","0.0286","3805818880000.0000"
"232.9658","0.0286","3806818713600.0000"
"233.0604","0.0286","3807818547200.0000"
"233.1534","0.0286","3808818380800.0000"
"233.2444","0.0287","3809818624000.0000"
"233.3333","0.0287","3810818048000.0000"
"233.4202","0.0287","3811817881600.0000"
"233.5057","0.0287","3812817715200.0000"
"233.5905","0.0287","3813817958400.0000"
"233.6758","0.0287","3814817792000.0000"
"233.7621","0.0287","3815818035200.0000"
"233.8496","0.0287","3816817868800.0000"
"233.9383","0.0287","3817817702400.0000"
"234.0281","0.0288","3818817945600.0000"
"234.1189","0.0288","3819817779200.0000"
"234.2104","0.0288","3820817612800.0000"
"234.3020","0.0288","3821817856000.0000"
"234.3936","0.0288","3822817689600.0000"
"234.4849","0.0288","3823817932800.0000"
"234.5763","0.0288","3824817766400.0000"
"234.6681","0.0288","3825818009600.0000"
"234.7606","0.0288","3826818252800.0000"
"234.8538","0.0289","3827818496000.0000"
"234.9477","0.0289","3828818739200.0000"
"235.0419","0.0289","3829818572800.0000"
"235.1366","0.0289","3830818816000.0000"
"235.2319","0.0289","3831818649600.0000"
"235.3284","0.0289","3832818892800.0000"
"235.4258","0.0289","3833818726400.0000"
"235.5239","0.0289","3834818560000.0000"
"235.6233","0.0289","3835818803200.0000"
"235.7240","0.0290","3836818636800.0000"
"235.8259","0.0290","3837818880000.0000"
"235.9280","0.0290","3838818713600.0000"
"236.0293","0.0290","3839818956800.0000"
"236.1290","0.0290","3840819609600.0000"
"236.2273","0.0290","3841819443200.0000"
"236.3246","0.0290","3842820096000.0000"
"236.4217","0.0290","3843819929600.0000"
"236.5188","0.0291","3844820172800.0000"
"236.6164","0.0291","3845820006400.0000"
"236.7146","0.0291","3846820659200.0000"
"236.8132","0.0291","3847820902400.0000"
"236.9122","0.0291","3848821145600.0000"
"237.0113","0.0291","3849821388800.0000"
"237.1105","0.0291","3850821222400.0000"
"237.2100","0.0291","3851821056000.0000"
"237.3093","0.0292","3852821708800.0000"
"237.4078","0.0292","3853821542400.0000"
"237.5050","0.0292","3854822604800.0000"
"237.6006","0.0292","3855822848000.0000"
"237.6947","0.0292","3856822681600.0000"
"237.7872","0.0292","3857822924800.0000"
"237.8780","0.0292","3858823168000.0000"
"237.9675","0.0292","3859823411200.0000"
"238.0563","0.0292","3860823244800.0000"
"238.1451","0.0293","3861823488000.0000"
"238.2345","0.0293","3862823731200.0000"
"238.3253","0.0293","3863823564800.0000"
"238.4175","0.0293","3864824217600.0000"
"238.5104","0.0293","3865824051200.0000"
"238.6035","0.0293","3866823884800.0000"
"238.6969","0.0293","3867824537600.0000"
"238.7911","0.0293","3868824780800.0000"
"238.8865","0.0293","3869824614400.0000"
"238.9829","0.0294","3870824857600.0000"
"239.0801","0.0294","3871825100800.0000"
"239.1781","0.0294","3872824934400.0000"
"239.2773","0.0294","3873825177600.0000"
"239.3768","0.0294","3874825420800.0000"
"239.4756","0.0294","3875825254400.0000"
"239.5731","0.0294","3876825497600.0000"
"239.6694","0.0294","3877825331200.0000"
"239.7652","0.0295","3878825574400.0000"
"239.8610","0.0295","3879825408000.0000"
"239.9574","0.0295","3880825651200.0000"
"240.0546","0.0295","3881825894400.0000"
"240.1521","0.0295","3882825728000.0000"
"240.2488","0.0295","3883825561600.0000"
"240.3442","0.0295","3884825395200.0000"
"240.4380","0.0295","3885825228800.0000"
"240.5306","0.0296","3886825472000.0000"
"240.6218","0.0296","3887825305600.0000"
"240.7118","0.0296","3888825139200.0000"
"240.8005","0.0296","3889824972800.0000"
"240.8879","0.0296","3890824806400.0000"
"240.9747","0.0296","3891824640000.0000"
"241.0615","0.0296","3892824473600.0000"
"241.1488","0.0296","3893824307200.0000"
"241.2370","0.0296","3894824550400.0000"
"241.3265","0.0296","3895824384000.0000"
"241.4173","0.0297","3896824217600.0000"
"241.5099","0.0297","3897824051200.0000"
"241.6039","0.0297","3898823884800.0000"
"241.6987","0.0297","3899823718400.0000"
"241.7937","0.0297","3900823552000.0000"
"241.8883","0.0297","3901823385600.0000"
"241.9825","0.0297","3902823628800.0000"
"242.0760","0.0297","3903823462400.0000"
"242.1693","0.0298","3904823296000.0000"
"242.2626","0.0298","3905823129600.0000"
"242.3556","0.0298","3906822553600.0000"
"242.4480","0.0298","3907822796800.0000"
"242.5394","0.0298","3908822220800.0000"
"242.6297","0.0298","3909822054400.0000"
"242.7193","0.0298","3910821478400.0000"
"242.8091","0.0298","3911821312000.0000"
"242.8993","0.0298","3912821555200.0000"
"242.9898","0.0299","3913821388800.0000"
"243.0805","0.0299","3914821222400.0000"
"243.1709","0.0299","3915820646400.0000"
"243.2612","0.0299","3916820480000.0000"
"243.3517","0.0299","3917820723200.0000"
"243.4430","0.0299","3918820147200.0000"
"243.5352","0.0299","3919819980800.0000"
"243.6281","0.0299","3920819814400.0000"
"243.7212","0.0299","3921819648000.0000"
"243.8141","0.0300","3922819481600.0000"
"243.9060","0.0300","3923819724800.0000"
"243.9965","0.0300","3924819558400.0000"
"244.0861","0.0300","3925818982400.0000"
"244.1755","0.0300","3926818816000.0000"
"244.2649","0.0300","3927819059200.0000"
"244.3546","0.0300","3928818483200.0000"
"244.4447","0.0300","3929818316800.0000"
"244.5353","0.0300","3930818150400.0000"
"244.6265","0.0301","3931817574400.0000"
"244.7179","0.0301","3932817817600.0000"
"244.8092","0.0301","3933818060800.0000"
"244.9002","0.0301","3934817894400.0000"
"244.9910","0.0301","3935817318400.0000"
"245.0819","0.0301","3936817561600.0000"
"245.1727","0.0301","3937817395200.0000"
"245.2633","0.0301","3938817228800.0000"
"245.3535","0.0301","3939817062400.0000"
"245.4434","0.0302","3940816896000.0000"
"245.5328","0.0302","3941817139200.0000"
"245.6227","0.0302","3942816972800.0000"
"245.7140","0.0302","3943816806400.0000"
"245.8070","0.0302","3944817459200.0000"
"245.9020","0.0302","3945817292800.0000"
"245.9988","0.0302","3946817126400.0000"
"246.0965","0.0302","3947816960000.0000"
"246.1946","0.0302","3948816793600.0000"
"246.2923","0.0303","3949817036800.0000"
"246.3896","0.0303","3950816870400.0000"
"246.4867","0.0303","3951817113600.0000"
"246.5836","0.0303","3952817356800.0000"
"246.6804","0.0303","3953817190400.0000"
"246.7766","0.0303","3954817024000.0000"
"246.8713","0.0303","3955817267200.0000"
"246.9638","0.0303","3956816691200.0000"
"247.0547","0.0304","3957816934400.0000"
"247.1445","0.0304","3958816768000.0000"
"247.2338","0.0304","3959816601600.0000"
"247.3230","0.0304","3960816844800.0000"
"247.4122","0.0304","3961816678400.0000"
"247.5016","0.0304","3962816512000.0000"
"247.5912","0.0304","3963816345600.0000"
"247.6808","0.0304","3964816588800.0000"
"247.7708","0.0304","3965816422400.0000"
"247.8612","0.0305","3966816256000.0000"
"247.9518","0.0305","3967816499200.0000"
"248.0423","0.0305","3968816742400.0000"
"248.1328","0.0305","3969816576000.0000"
"248.2231","0.0305","3970816409600.0000"
"248.3130","0.0305","3971816243200.0000"
"248.4025","0.0305","3972816486400.0000"
"248.4920","0.0305","3973816320000.0000"
"248.5821","0.0305","3974816153600.0000"
"248.6734","0.0306","3975815987200.0000"
"248.7659","0.0306","3976816230400.0000"
"248.8593","0.0306","3977816064000.0000"
"248.9529","0.0306","3978816307200.0000"
"249.0463","0.0306","3979816140800.0000"
"249.1394","0.0306","3980816384000.0000"
"249.2320","0.0306","3981816217600.0000"
"249.3238","0.0306","3982816051200.0000"
"249.4147","0.0306","3983815884800.0000"
"249.5049","0.0307","3984816128000.0000"
"249.5946","0.0307","3985815961600.0000"
"249.6833","0.0307","3986815795200.0000"
"249.7709","0.0307","3987815628800.0000"
"249.8573","0.0307","3988815872000.0000"
"249.9426","0.0307","3989815705600.0000"
"250.0276","0.0307","3990816358400.0000"
"250.1134","0.0307","3991816601600.0000"
"250.2007","0.0307","3992816435200.0000"
"250.2900","0.0308","3993816268800.0000"
"250.3813","0.0308","3994816102400.0000"
"250.4741","0.0308","3995816345600.0000"
"250.5681","0.0308","3996816179200.0000"
"250.6630","0.0308","3997816012800.0000"
"250.7585","0.0308","3998815846400.0000"
"250.8535","0.0308","3999816499200.0000"
"250.9471","0.0308","4000816332800.0000"
"251.0392","0.0308","4001816166400.0000"
"251.1300","0.0309","4002816409600.0000"
"251.2196","0.0309","4003817062400.0000"
"251.3081","0.0309","4004816896000.0000"
"251.3958","0.0309","4005816729600.0000"
"251.4837","0.0309","4006816972800.0000"
"251.5725","0.0309","4007817216000.0000"
"251.6624","0.0309","4008817049600.0000"
"251.7533","0.0309","4009816883200.0000"
"251.8447","0.0309","4010817126400.0000"
"251.9365","0.0310","4011817369600.0000"
"252.0285","0.0310","4012817203200.0000"
"252.1208","0.0310","4013817856000.0000"
"252.2134","0.0310","4014818099200.0000"
"252.3062","0.0310","4015817932800.0000"
"252.3990","0.0310","4016818176000.0000"
"252.4914","0.0310","4017818419200.0000"
"252.5832","0.0310","4018818252800.0000"
"252.6741","0.0310","4019818905600.0000"
"252.7640","0.0311","4020818739200.0000"
"252.8527","0.0311","4021818982400.0000"
"252.9404","0.0311","4022818816000.0000"
"253.0280","0.0311","4023819059200.0000"
"253.1165","0.0311","4024819302400.0000"
"253.2063","0.0311","4025819136000.0000"
"253.2978","0.0311","4026819379200.0000"
"253.3910","0.0311","4027820032000.0000"
"253.4856","0.0311","4028819865600.0000"
"253.5812","0.0312","4029819699200.0000"
"253.6776","0.0312","4030819942400.0000"
"253.7744","0.0312","4031820185600.0000"
"253.8713","0.0312","4032820019200.0000"
"253.9678","0.0312","4033820262400.0000"
"254.0638","0.0312","4034820096000.0000"
"254.1591","0.0312","4035819929600.0000"
"254.2536","0.0312","4036819763200.0000"
"254.3471","0.0312","4037820006400.0000"
"254.4397","0.0313","4038819840000.0000"
"254.5322","0.0313","4039820083200.0000"
"254.6248","0.0313","4040820736000.0000"
"254.7174","0.0313","4041820569600.0000"
"254.8102","0.0313","4042820403200.0000"
"254.9038","0.0313","4043820646400.0000"
"254.9984","0.0313","4044820889600.0000"
"255.0938","0.0313","4045820723200.0000"
"255.1897","0.0314","4046820556800.0000"
"255.2858","0.0314","4047820800000.0000"
"255.3813","0.0314","4048820633600.0000"
"255.4755","0.0314","4049820467200.0000"
"255.5683","0.0314","4050820300800.0000"
"255.6598","0.0314","4051820544000.0000"
"255.7501","0.0314","4052820787200.0000"
"255.8389","0.0314","4053820620800.0000"
"255.9263","0.0314","4054820454400.0000"
"256.0128","0.0315","4055820697600.0000"
"256.0995","0.0315","4056820531200.0000"
"256.1864","0.0315","4057819955200.0000"
"256.2740","0.0315","4058819788800.0000"
"256.3619","0.0315","4059819622400.0000"
"256.4496","0.0315","4060819865600.0000"
"256.5367","0.0315","4061819699200.0000"
"256.6232","0.0315","4062819942400.0000"
"256.7095","0.0315","4063819776000.0000"
"256.7957","0.0316","4064820019200.0000"
"256.8819","0.0316","4065819852800.0000"
"256.9681","0.0316","4066819686400.0000"
"257.0544","0.0316","4067819520000.0000"
"257.1404","0.0316","4068819353600.0000"
"257.2259","0.0316","4069819187200.0000"
"257.3109","0.0316","4070819020800.0000"
"257.3961","0.0316","4071818854400.0000"
"257.4820","0.0316","4072819097600.0000"
"257.5695","0.0316","4073818931200.0000"
"257.6587","0.0317","4074819174400.0000"
"257.7495","0.0317","4075819008000.0000"
"257.8416","0.0317","4076818432000.0000"
"257.9341","0.0317","4077818675200.0000"
"258.0261","0.0317","4078818508800.0000"
"258.1175","0.0317","4079818342400.0000"
"258.2085","0.0317","4080818585600.0000"
"258.2989","0.0317","4081818419200.0000"
"258.3883","0.0317","4082817843200.0000"
"258.4765","0.0318","4083817676800.0000"
"258.5633","0.0318","4084817510400.0000"
"258.6488","0.0318","4085818163200.0000"
"258.7338","0.0318","4086817996800.0000"
"258.8192","0.0318","4087817830400.0000"
"258.9057","0.0318","4088817664000.0000"
"258.9937","0.0318","4089817907200.0000"
"259.0833","0.0318","4090817740800.0000"
"259.1741","0.0318","4091817574400.0000"
"259.2659","0.0319","4092817817600.0000"
"259.3585","0.0319","4093818060800.0000"
"259.4515","0.0319","4094817894400.0000"
"259.5446","0.0319","4095817728000.0000"
"259.6375","0.0319","4096817971200.0000"
"259.7299","0.0319","4097818214400.0000"
"259.8216","0.0319","4098818048000.0000"
"259.9125","0.0319","4099817881600.0000"
"260.0031","0.0319","4100817715200.0000"
"260.0933","0.0320","4101817958400.0000"
"260.1832","0.0320","4102818201600.0000"
"260.2731","0.0320","4103818035200.0000"
"260.3635","0.0320","4104818278400.0000"
"260.4542","0.0320","4105818112000.0000"
"260.5454","0.0320","4106817945600.0000"
"260.6367","0.0320","4107817779200.0000"
"260.7279","0.0320","4108818432000.0000"
"260.8191","0.0320","4109818675200.0000"
"260.9109","0.0321","4110818508800.0000"
"261.0035","0.0321","4111819161600.0000"
"261.0967","0.0321","4112818995200.0000"
"261.1902","0.0321","4113819238400.0000"
"261.2837","0.0321","4114819481600.0000"
"261.3770","0.0321","4115819724800.0000"
"261.4702","0.0321","4116819558400.0000"
"261.5636","0.0321","4117820211200.0000"
"261.6573","0.0321","4118820044800.0000"
"261.7523","0.0322","4119820288000.0000"
"261.8485","0.0322","4120820121600.0000"
"261.9456","0.0322","4121820364800.0000"
"262.0426","0.0322","4122820608000.0000"
"262.1389","0.0322","4123820441600.0000"
"262.2348","0.0322","4124821094400.0000"
"262.3308","0.0322","4125820928000.0000"
"262.4268","0.0322","4126821171200.0000"
"262.5220","0.0323","4127821414400.0000"
"262.6158","0.0323","4128821248000.0000"
"262.7077","0.0323","4129821491200.0000"
"262.7981","0.0323","4130821734400.0000"
"262.8878","0.0323","4131821977600.0000"
"262.9770","0.0323","4132821811200.0000"
"263.0659","0.0323","4133822054400.0000"
"263.1549","0.0323","4134822297600.0000"
"263.2444","0.0323","4135822950400.0000"
"263.3349","0.0324","4136822784000.0000"
"263.4265","0.0324","4137823027200.0000"
"263.5189","0.0324","4138822860800.0000"
"263.6117","0.0324","4139823104000.0000"
"263.7044","0.0324","4140823347200.0000"
"263.7966","0.0324","4141823590400.0000"
"263.8887","0.0324","4142823424000.0000"
"263.9811","0.0324","4143824076800.0000"
"264.0737","0.0324","4144823910400.0000"
"264.1659","0.0325","4145824153600.0000"
"264.2569","0.0325","4146823987200.0000"
"264.3463","0.0325","4147824230400.0000"
"264.4338","0.0325","4148824473600.0000"
"264.5196","0.0325","4149824716800.0000"
"264.6040","0.0325","4150824960000.0000"
"264.6881","0.0325","4151824793600.0000"
"264.7729","0.0325","4152824627200.0000"
"264.8595","0.0325","4153824460800.0000"
"264.9482","0.0326","4154825113600.0000"
"265.0392","0.0326","4155824947200.0000"
"265.1317","0.0326","4156824780800.0000"
"265.2252","0.0326","4157825024000.0000"
"265.3195","0.0326","4158824857600.0000"
"265.4137","0.0326","4159824691200.0000"
"265.5069","0.0326","4160824934400.0000"
"265.5985","0.0326","4161825177600.0000"
"265.6886","0.0326","4162825420800.0000"
"265.7769","0.0327","4163825254400.0000"
"265.8636","0.0327","4164825497600.0000"
"265.9490","0.0327","4165825331200.0000"
"266.0339","0.0327","4166825164800.0000"
"266.1196","0.0327","4167825408000.0000"
"266.2067","0.0327","4168825651200.0000"
"266.2953","0.0327","4169825484800.0000"
"266.3852","0.0327","4170825318400.0000"
"266.4762","0.0327","4171825152000.0000"
"266.5674","0.0328","4172825804800.0000"
"266.6583","0.0328","4173825638400.0000"
"266.7487","0.0328","4174825472000.0000"
"266.8391","0.0328","4175825305600.0000"
"266.9303","0.0328","4176825548800.0000"
"267.0224","0.0328","4177825382400.0000"
"267.1151","0.0328","4178825216000.0000"
"267.2082","0.0328","4179825049600.0000"
"267.3009","0.0328","4180825292800.0000"
"267.3925","0.0329","4181825126400.0000"
"267.4829","0.0329","4182825369600.0000"
"267.5726","0.0329","4183825203200.0000"
"267.6628","0.0329","4184825446400.0000"
"267.7540","0.0329","4185825280000.0000"
"267.8467","0.0329","4186825113600.0000"
"267.9409","0.0329","4187825356800.0000"
"268.0360","0.0329","4188825190400.0000"
"268.1314","0.0329","4189825024000.0000"
"268.2266","0.0330","4190825267200.0000"
"268.3205","0.0330","4191825510400.0000"
"268.4130","0.0330","4192825344000.0000"
"268.5042","0.0330","4193825177600.0000"
"268.5943","0.0330","4194825011200.0000"
"268.6830","0.0330","4195825254400.0000"
"268.7704","0.0330","4196825088000.0000"
"268.8564","0.0330","4197824921600.0000"
"268.9413","0.0330","4198824755200.0000"
"269.0257","0.0331","4199824588800.0000"
"269.1106","0.0331","4200824832000.0000"
"269.1972","0.0331","4201824665600.0000"
"269.2860","0.0331","4202824089600.0000"
"269.3771","0.0331","4203823923200.0000"
"269.4698","0.0331","4204824166400.0000"
"269.5637","0.0331","4205824000000.0000"
"269.6581","0.0331","4206824243200.0000"
"269.7523","0.0331","4207824076800.0000"
"269.8462","0.0332","4208824320000.0000"
"269.9396","0.0332","4209824153600.0000"
"270.0319","0.0332","4210823987200.0000"
"270.1234","0.0332","4211823820800.0000"
"270.2140","0.0332","4212824064000.0000"
"270.3039","0.0332","4213823897600.0000"
"270.3932","0.0332","4214823731200.0000"
"270.4825","0.0332","4215823155200.0000"
"270.5729","0.0332","4216822988800.0000"
"270.6648","0.0333","4217823641600.0000"
"270.7582","0.0333","4218823475200.0000"
"270.8525","0.0333","4219823308800.0000"
"270.9474","0.0333","4220822732800.0000"
"271.0430","0.0333","4221822976000.0000"
"271.1387","0.0333","4222822809600.0000"
"271.2341","0.0333","4223822643200.0000"
"271.3290","0.0333","4224822476800.0000"
"271.4230","0.0333","4225821900800.0000"
"271.5158","0.0334","4226822144000.0000"
"271.6075","0.0334","4227821977600.0000"
"271.6980","0.0334","4228822220800.0000"
"271.7872","0.0334","4229822464000.0000"
"271.8752","0.0334","4230822297600.0000"
"271.9624","0.0334","4231822131200.0000"
"272.0492","0.0334","4232821555200.0000"
"272.1355","0.0334","4233821388800.0000"
"272.2218","0.0334","4234821632000.0000"
"272.3087","0.0335","4235821465600.0000"
"272.3967","0.0335","4236821299200.0000"
"272.4859","0.0335","4237821132800.0000"
"272.5760","0.0335","4238820966400.0000"
"272.6665","0.0335","4239821209600.0000"
"272.7568","0.0335","4240820633600.0000"
"272.8466","0.0335","4241820467200.0000"
"272.9359","0.0335","4242820300800.0000"
"273.0245","0.0335","4243820544000.0000"
"273.1120","0.0336","4244819968000.0000"
"273.1981","0.0336","4245819801600.0000"
"273.2828","0.0336","4246819635200.0000"
"273.3664","0.0336","4247819468800.0000"
"273.4493","0.0336","4248819302400.0000"
"273.5323","0.0336","4249819136000.0000"
"273.6165","0.0336","4250818969600.0000"
"273.7025","0.0336","4251818803200.0000"
"273.7905","0.0336","4252819046400.0000"
"273.8798","0.0336","4253818470400.0000"
"273.9697","0.0337","4254818304000.0000"
"274.0596","0.0337","4255818137600.0000"
"274.1494","0.0337","4256818380800.0000"
"274.2392","0.0337","4257818214400.0000"
"274.3290","0.0337","4258817638400.0000"
"274.4188","0.0337","4259817472000.0000"
"274.5081","0.0337","4260817715200.0000"
"274.5967","0.0337","4261817958400.0000"
"274.6852","0.0337","4262817792000.0000"
"274.7745","0.0338","4263817625600.0000"
"274.8653","0.0338","4264817459200.0000"
"274.9580","0.0338","4265817292800.0000"
"275.0523","0.0338","4266817126400.0000"
"275.1480","0.0338","4267816960000.0000"
"275.2448","0.0338","4268816793600.0000"
"275.3418","0.0338","4269816627200.0000"
"275.4384","0.0338","4270816870400.0000"
"275.5338","0.0339","4271816704000.0000"
"275.6279","0.0339","4272816537600.0000"
"275.7212","0.0339","4273816371200.0000"
"275.8145","0.0339","4274816614400.0000"
"275.9081","0.0339","4275816448000.0000"
"276.0020","0.0339","4276816281600.0000"
"276.0952","0.0339","4277816115200.0000"
"276.1874","0.0339","4278816358400.0000"
"276.2786","0.0339","4279816601600.0000"
"276.3693","0.0340","4280816435200.0000"
"276.4603","0.0340","4281816678400.0000"
"276.5522","0.0340","4282816512000.0000"
"276.6450","0.0340","4283817164800.0000"
"276.7385","0.0340","4284816998400.0000"
"276.8318","0.0340","4285817241600.0000"
"276.9245","0.0340","4286817075200.0000"
"277.0165","0.0340","4287817318400.0000"
"277.1082","0.0340","4288817152000.0000"
"277.1997","0.0341","4289816985600.0000"
"277.2907","0.0341","4290817228800.0000"
"277.3807","0.0341","4291817062400.0000"
"277.4696","0.0341","4292817305600.0000"
"277.5575","0.0341","4293817548800.0000"
"277.6446","0.0341","4294817382400.0000"
"277.7313","0.0341","4295818035200.0000"
"277.8182","0.0341","4296818278400.0000"
"277.9052","0.0341","4297818112000.0000"
"277.9920","0.0342","4298818355200.0000"
"278.0788","0.0342","4299818598400.0000"
"278.1653","0.0342","4300818841600.0000"
"278.2511","0.0342","4301818675200.0000"
"278.3358","0.0342","4302819328000.0000"
"278.4192","0.0342","4303819571200.0000"
"278.5016","0.0342","4304819404800.0000"
"278.5831","0.0342","4305819648000.0000"
"278.6639","0.0342","4306819891200.0000"
"278.7439","0.0342","4307820544000.0000"
"278.8238","0.0343","4308820377600.0000"
"278.9040","0.0343","4309821030400.0000"
"278.9849","0.0343","4310821273600.0000"
"279.0665","0.0343","4311821516800.0000"
"279.1494","0.0343","4312821760000.0000"
"279.2339","0.0343","4313822412800.0000"
"279.3200","0.0343","4314822246400.0000"
"279.4075","0.0343","4315822489600.0000"
"279.4957","0.0343","4316822323200.0000"
"279.5848","0.0344","4317822566400.0000"
"279.6747","0.0344","4318822400000.0000"
"279.7652","0.0344","4319822643200.0000"
"279.8565","0.0344","4320823296000.0000"
"279.9484","0.0344","4321823129600.0000"
"280.0403","0.0344","4322823372800.0000"
"280.1311","0.0344","4323824025600.0000"
"280.2206","0.0344","4324824268800.0000"
"280.3087","0.0344","4325824102400.0000"
"280.3961","0.0344","4326824755200.0000"
"280.4836","0.0345","4327824588800.0000"
"280.5719","0.0345","4328824832000.0000"
"280.6614","0.0345","4329824665600.0000"
"280.7520","0.0345","4330825318400.0000"
"280.8436","0.0345","4331825152000.0000"
"280.9358","0.0345","4332824985600.0000"
"281.0288","0.0345","4333825228800.0000"
"281.1226","0.0345","4334825062400.0000"
"281.2169","0.0346","4335824896000.0000"
"281.3113","0.0346","4336825958400.0000"
"281.4051","0.0346","4337825792000.0000"
"281.4977","0.0346","4338825625600.0000"
"281.5888","0.0346","4339825459200.0000"
"281.6782","0.0346","4340825702400.0000"
"281.7658","0.0346","4341825536000.0000"
"281.8521","0.0346","4342825369600.0000"
"281.9381","0.0346","4343825203200.0000"
"282.0251","0.0346","4344825446400.0000"
"282.1136","0.0347","4345825280000.0000"
"282.2039","0.0347","4346825113600.0000"
"282.2956","0.0347","4347824947200.0000"
"282.3880","0.0347","4348825600000.0000"
"282.4805","0.0347","4349825433600.0000"
"282.5729","0.0347","4350825267200.0000"
"282.6653","0.0347","4351824691200.0000"
"282.7578","0.0347","4352824524800.0000"
"282.8506","0.0348","4353824768000.0000"
"282.9435","0.0348","4354824601600.0000"
"283.0360","0.0348","4355824435200.0000"
"283.1276","0.0348","4356824678400.0000"
"283.2181","0.0348","4357824512000.0000"
"283.3074","0.0348","4358824345600.0000"
"283.3956","0.0348","4359824179200.0000"
"283.4830","0.0348","4360824012800.0000"
"283.5702","0.0348","4361824256000.0000"
"283.6573","0.0349","4362823680000.0000"
"283.7445","0.0349","4363823513600.0000"
"283.8316","0.0349","4364823347200.0000"
"283.9185","0.0349","4365822771200.0000"
"284.0051","0.0349","4366823014400.0000"
"284.0914","0.0349","4367822438400.0000"
"284.1770","0.0349","4368822272000.0000"
"284.2616","0.0349","4369822515200.0000"
"284.3452","0.0349","4370821939200.0000"
"284.4279","0.0349","4371822182400.0000"
"284.5104","0.0350","4372822016000.0000"
"284.5930","0.0350","4373821440000.0000"
"284.6756","0.0350","4374821273600.0000"
"284.7586","0.0350","4375821516800.0000"
"284.8421","0.0350","4376821350400.0000"
"284.9263","0.0350","4377820774400.0000"
"285.0111","0.0350","4378820608000.0000"
"285.0963","0.0350","4379820851200.0000"
"285.1817","0.0350","4380821094400.0000"
"285.2673","0.0350","4381820928000.0000"
"285.3527","0.0351","4382820761600.0000"
"285.4374","0.0351","4383820595200.0000"
"285.5212","0.0351","4384820428800.0000"
"285.6040","0.0351","4385820262400.0000"
"285.6863","0.0351","4386820096000.0000"
"285.7685","0.0351","4387819929600.0000"
"285.8510","0.0351","4388819763200.0000"
"285.9341","0.0351","4389819596800.0000"
"286.0178","0.0351","4390819840000.0000"
"286.1018","0.0352","4391819673600.0000"
"286.1865","0.0352","4392819507200.0000"
"286.2727","0.0352","4393819750400.0000"
"286.3610","0.0352","4394819174400.0000"
"286.4519","0.0352","4395819008000.0000"
"286.5450","0.0352","4396818841600.0000"
"286.6394","0.0352","4397818675200.0000"
"286.7342","0.0352","4398818508800.0000"
"286.8286","0.0352","4399818342400.0000"
"286.9221","0.0353","4400818176000.0000"
"287.0142","0.0353","4401818828800.0000"
"287.1046","0.0353","4402818662400.0000"
"287.1934","0.0353","4403818496000.0000"
"287.2803","0.0353","4404818329600.0000"
"287.3651","0.0353","4405818163200.0000"
"287.4482","0.0353","4406818406400.0000"
"287.5305","0.0353","4407818240000.0000"
"287.6132","0.0353","4408818073600.0000"
"287.6968","0.0353","4409818316800.0000"
"287.7814","0.0354","4410818150400.0000"
"287.8670","0.0354","4411817984000.0000"
"287.9533","0.0354","4412818227200.0000"
"288.0406","0.0354","4413818060800.0000"
"288.1288","0.0354","4414817894400.0000"
"288.2174","0.0354","4415817728000.0000"
"288.3063","0.0354","4416817561600.0000"
"288.3953","0.0354","4417817395200.0000"
"288.4843","0.0354","4418817638400.0000"
"288.5730","0.0355","4419817062400.0000"
"288.6601","0.0355","4420816896000.0000"
"288.7451","0.0355","4421816729600.0000"
"288.8279","0.0355","4422816563200.0000"
"288.9092","0.0355","4423817216000.0000"
"288.9898","0.0355","4424817049600.0000"
"289.0707","0.0355","4425816883200.0000"
"289.1526","0.0355","4426816307200.0000"
"289.2353","0.0355","4427816550400.0000"
"289.3188","0.0355","4428816384000.0000"
"289.4034","0.0356","4429816217600.0000"
"289.4886","0.0356","4430816051200.0000"
"289.5742","0.0356","4431816294400.0000"
"289.6597","0.0356","4432816128000.0000"
"289.7449","0.0356","4433815552000.0000"
"289.8296","0.0356","4434815795200.0000"
"289.9134","0.0356","4435816038400.0000"
"289.9962","0.0356","4436815872000.0000"
"290.0781","0.0356","4437815296000.0000"
"290.1592","0.0356","4438815129600.0000"
"290.2397","0.0357","4439814963200.0000"
"290.3202","0.0357","4440815206400.0000"
"290.4012","0.0357","4441814630400.0000"
"290.4832","0.0357","4442814464000.0000"
"290.5666","0.0357","4443814297600.0000"
"290.6510","0.0357","4444814540800.0000"
"290.7365","0.0357","4445814784000.0000"
"290.8233","0.0357","4446814617600.0000"
"290.9113","0.0357","4447814041600.0000"
"290.9998","0.0358","4448813875200.0000"
"291.0885","0.0358","4449814528000.0000"
"291.1772","0.0358","4450814361600.0000"
"291.2657","0.0358","4451814195200.0000"
"291.3535","0.0358","4452814028800.0000"
"291.4404","0.0358","4453813862400.0000"
"291.5264","0.0358","4454813696000.0000"
"291.6119","0.0358","4455813529600.0000"
"291.6975","0.0358","4456813772800.0000"
"291.7837","0.0358","4457814016000.0000"
"291.8708","0.0359","4458813849600.0000"
"291.9590","0.0359","4459814092800.0000"
"292.0485","0.0359","4460814336000.0000"
"292.1395","0.0359","4461814169600.0000"
"292.2313","0.0359","4462814003200.0000"
"292.3229","0.0359","4463813836800.0000"
"292.4139","0.0359","4464814080000.0000"
"292.5040","0.0359","4465813913600.0000"
"292.5929","0.0359","4466814156800.0000"
"292.6806","0.0360","4467814400000.0000"
"292.7672","0.0360","4468814643200.0000"
"292.8528","0.0360","4469814886400.0000"
"292.9376","0.0360","4470814720000.0000"
"293.0219","0.0360","4471815372800.0000"
"293.1058","0.0360","4472815206400.0000"
"293.1895","0.0360","4473815449600.0000"
"293.2730","0.0360","4474815692800.0000"
"293.3566","0.0360","4475815526400.0000"
"293.4411","0.0361","4476815769600.0000"
"293.5268","0.0361","4477816012800.0000"
"293.6135","0.0361","4478816256000.0000"
"293.7003","0.0361","4479816089600.0000"
"293.7867","0.0361","4480816742400.0000"
"293.8718","0.0361","4481816576000.0000"
"293.9551","0.0361","4482817228800.0000"
"294.0367","0.0361","4483817062400.0000"
"294.1167","0.0361","4484817715200.0000"
"294.1954","0.0361","4485817548800.0000"
"294.2731","0.0362","4486818201600.0000"
"294.3506","0.0362","4487818035200.0000"
"294.4283","0.0362","4488818278400.0000"
"294.5061","0.0362","4489818112000.0000"
"294.5835","0.0362","4490818355200.0000"
"294.6600","0.0362","4491818188800.0000"
"294.7363","0.0362","4492818432000.0000"
"294.8135","0.0362","4493818675200.0000"
"294.8921","0.0362","4494818918400.0000"
"294.9717","0.0362","4495819161600.0000"
"295.0517","0.0363","4496819814400.0000"
"295.1312","0.0363","4497819648000.0000"
"295.2099","0.0363","4498819891200.0000"
"295.2876","0.0363","4499820134400.0000"
"295.3643","0.0363","4500820377600.0000"
"295.4408","0.0363","4501820211200.0000"
"295.5179","0.0363","4502820454400.0000"
"295.5964","0.0363","4503820697600.0000"
"295.6771","0.0363","4504820531200.0000"
"295.7599","0.0363","4505820364800.0000"
"295.8448","0.0363","4506820608000.0000"
"295.9315","0.0364","4507820441600.0000"
"296.0196","0.0364","4508820684800.0000"
"296.1084","0.0364","4509820518400.0000"
"296.1969","0.0364","4510820761600.0000"
"296.2845","0.0364","4511820595200.0000"
"296.3709","0.0364","4512820428800.0000"
"296.4557","0.0364","4513820262400.0000"
"296.5392","0.0364","4514820505600.0000"
"296.6220","0.0364","4515820339200.0000"
"296.7050","0.0365","4516820172800.0000"
"296.7883","0.0365","4517820006400.0000"
"296.8712","0.0365","4518820249600.0000"
"296.9537","0.0365","4519820492800.0000"
"297.0360","0.0365","4520820326400.0000"
"297.1190","0.0365","4521820160000.0000"
"297.2030","0.0365","4522820403200.0000"
"297.2881","0.0365","4523820236800.0000"
"297.3743","0.0365","4524820070400.0000"
"297.4616","0.0365","4525819494400.0000"
"297.5499","0.0366","4526819328000.0000"
"297.6388","0.0366","4527819571200.0000"
"297.7279","0.0366","4528819404800.0000"
"297.8173","0.0366","4529819238400.0000"
"297.9069","0.0366","4530819481600.0000"
"297.9965","0.0366","4531819724800.0000"
"298.0853","0.0366","4532819148800.0000"
"298.1730","0.0366","4533818982400.0000"
"298.2598","0.0366","4534818816000.0000"
"298.3457","0.0367","4535819059200.0000"
"298.4306","0.0367","4536818483200.0000"
"298.5145","0.0367","4537818316800.0000"
"298.5975","0.0367","4538818150400.0000"
"298.6801","0.0367","4539818393600.0000"
"298.7631","0.0367","4540817817600.0000"
"298.8472","0.0367","4541818060800.0000"
"298.9324","0.0367","4542817894400.0000"
"299.0186","0.0367","4543817728000.0000"
"299.1054","0.0367","4544817971200.0000"
"299.1924","0.0368","4545817804800.0000"
"299.2795","0.0368","4546817638400.0000"
"299.3666","0.0368","4547817472000.0000"
"299.4531","0.0368","4548817715200.0000"
"299.5384","0.0368","4549817958400.0000"
"299.6222","0.0368","4550817792000.0000"
"299.7048","0.0368","4551817625600.0000"
"299.7869","0.0368","4552817868800.0000"
"299.8695","0.0368","4553817702400.0000"
"299.9533","0.0369","4554817536000.0000"
"300.0388","0.0369","4555817779200.0000"
"300.1256","0.0369","4556817612800.0000"
"300.2130","0.0369","4557817446400.0000"
"300.3003","0.0369","4558817280000.0000"
"300.3869","0.0369","4559817113600.0000"
"300.4723","0.0369","4560817766400.0000"
"300.5559","0.0369","4561817600000.0000"
"300.6376","0.0369","4562817433600.0000"
"300.7175","0.0369","4563817676800.0000"
"300.7961","0.0370","4564817920000.0000"
"300.8736","0.0370","4565818163200.0000"
"300.9503","0.0370","4566817996800.0000"
"301.0266","0.0370","4567818240000.0000"
"301.1035","0.0370","4568818483200.0000"
"301.1818","0.0370","4569818316800.0000"
"301.2621","0.0370","4570818969600.0000"
"301.3447","0.0370","4571818803200.0000"
"301.4294","0.0370","4572819046400.0000"
"301.5154","0.0370","4573819289600.0000"
"301.6021","0.0371","4574819123200.0000"
"301.6894","0.0371","4575818956800.0000"
"301.7766","0.0371","4576819200000.0000"
"301.8635","0.0371","4577819443200.0000"
"301.9497","0.0371","4578819686400.0000"
"302.0346","0.0371","4579819929600.0000"
"302.1179","0.0371","4580820172800.0000"
"302.1996","0.0371","4581820006400.0000"
"302.2805","0.0371","4582820249600.0000"
"302.3616","0.0371","4583820492800.0000"
"302.4435","0.0372","4584820736000.0000"
"302.5267","0.0372","4585820569600.0000"
"302.6109","0.0372","4586820403200.0000"
"302.6956","0.0372","4587821056000.0000"
"302.7801","0.0372","4588820889600.0000"
"302.8644","0.0372","4589820723200.0000"
"302.9485","0.0372","4590821376000.0000"
"303.0322","0.0372","4591821619200.0000"
"303.1156","0.0372","4592821452800.0000"
"303.1992","0.0373","4593821696000.0000"
"303.2833","0.0373","4594821939200.0000"
"303.3673","0.0373","4595821772800.0000"
"303.4508","0.0373","4596822016000.0000"
"303.5336","0.0373","4597822259200.0000"
"303.6155","0.0373","4598822092800.0000"
"303.6967","0.0373","4599822336000.0000"
"303.7774","0.0373","4600822579200.0000"
"303.8578","0.0373","4601822412800.0000"
"303.9385","0.0373","4602822246400.0000"
"304.0203","0.0374","4603822899200.0000"
"304.1039","0.0374","4604823142400.0000"
"304.1896","0.0374","4605822976000.0000"
"304.2770","0.0374","4606822809600.0000"
"304.3654","0.0374","4607823052800.0000"
"304.4538","0.0374","4608822886400.0000"
"304.5416","0.0374","4609822720000.0000"
"304.6287","0.0374","4610822553600.0000"
"304.7155","0.0374","4611822796800.0000"
"304.8019","0.0374","4612822630400.0000"
"304.8879","0.0375","4613822464000.0000"
"304.9728","0.0375","4614822707200.0000"
"305.0564","0.0375","4615822950400.0000"
"305.1392","0.0375","4616822784000.0000"
"305.2217","0.0375","4617822617600.0000"
"305.3047","0.0375","4618822860800.0000"
"305.3888","0.0375","4619822694400.0000"
"305.4741","0.0375","4620822937600.0000"
"305.5600","0.0375","4621822771200.0000"
"305.6458","0.0376","4622823014400.0000"
"305.7312","0.0376","4623822848000.0000"
"305.8156","0.0376","4624823091200.0000"
"305.8985","0.0376","4625823334400.0000"
"305.9797","0.0376","4626823168000.0000"
"306.0595","0.0376","4627823411200.0000"
"306.1385","0.0376","4628823244800.0000"
"306.2169","0.0376","4629823078400.0000"
"306.2952","0.0376","4630823321600.0000"
"306.3733","0.0376","4631823564800.0000"
"306.4516","0.0377","4632823398400.0000"
"306.5303","0.0377","4633823641600.0000"
"306.6094","0.0377","4634823475200.0000"
"306.6896","0.0377","4635823308800.0000"
"306.7716","0.0377","4636823142400.0000"
"306.8552","0.0377","4637823795200.0000"
"306.9396","0.0377","4638823628800.0000"
"307.0240","0.0377","4639823462400.0000"
"307.1079","0.0377","4640824115200.0000"
"307.1908","0.0377","4641823948800.0000"
"307.2726","0.0378","4642824192000.0000"
"307.3536","0.0378","4643824025600.0000"
"307.4341","0.0378","4644824678400.0000"
"307.5144","0.0378","4645824512000.0000"
"307.5950","0.0378","4646825164800.0000"
"307.6762","0.0378","4647824998400.0000"
"307.7584","0.0378","4648825241600.0000"
"307.8418","0.0378","4649825075200.0000"
"307.9260","0.0378","4650825728000.0000"
"308.0107","0.0378","4651825561600.0000"
"308.0959","0.0379","4652826214400.0000"
"308.1815","0.0379","4653826457600.0000"
"308.2677","0.0379","4654826291200.0000"
"308.3545","0.0379","4655826124800.0000"
"308.4418","0.0379","4656825958400.0000"
"308.5292","0.0379","4657826611200.0000"
"308.6159","0.0379","4658826444800.0000"
"308.7016","0.0379","4659826278400.0000"
"308.7860","0.0379","4660826931200.0000"
"308.8693","0.0379","4661826764800.0000"
"308.9516","0.0380","4662827008000.0000"
"309.0330","0.0380","4663827251200.0000"
"309.1140","0.0380","4664827084800.0000"
"309.1946","0.0380","4665827737600.0000"
"309.2752","0.0380","4666827980800.0000"
"309.3560","0.0380","4667828224000.0000"
"309.4378","0.0380","4668828057600.0000"
"309.5210","0.0380","4669827891200.0000"
"309.6052","0.0380","4670828544000.0000"
"309.6889","0.0380","4671828377600.0000"
"309.7713","0.0381","4672828211200.0000"
"309.8524","0.0381","4673828454400.0000"
"309.9328","0.0381","4674828288000.0000"
"310.0130","0.0381","4675828121600.0000"
"310.0929","0.0381","4676827955200.0000"
"310.1720","0.0381","4677827788800.0000"
"310.2496","0.0381","4678828032000.0000"
"310.3263","0.0381","4679827865600.0000"
"310.4032","0.0381","4680827699200.0000"
"310.4814","0.0381","4681827942400.0000"
"310.5615","0.0382","4682827366400.0000"
"310.6438","0.0382","4683827200000.0000"
"310.7288","0.0382","4684827033600.0000"
"310.8161","0.0382","4685826457600.0000"
"310.9052","0.0382","4686826291200.0000"
"310.9947","0.0382","4687826534400.0000"
"311.0831","0.0382","4688826368000.0000"
"311.1697","0.0382","4689826201600.0000"
"311.2545","0.0382","4690826035200.0000"
"311.3378","0.0383","4691825868800.0000"
"311.4202","0.0383","4692825702400.0000"
"311.5023","0.0383","4693825126400.0000"
"311.5844","0.0383","4694824960000.0000"
"311.6660","0.0383","4695824793600.0000"
"311.7477","0.0383","4696824217600.0000"
"311.8300","0.0383","4697824051200.0000"
"311.9134","0.0383","4698824294400.0000"
"311.9975","0.0383","4699823718400.0000"
"312.0816","0.0383","4700823142400.0000"
"312.1653","0.0384","4701822976000.0000"
"312.2490","0.0384","4702822809600.0000"
"312.3332","0.0384","4703822643200.0000"
"312.4179","0.0384","4704822067200.0000"
"312.5031","0.0384","4705821900800.0000"
"312.5883","0.0384","4706821324800.0000"
"312.6732","0.0384","4707821158400.0000"
"312.7575","0.0384","4708820582400.0000"
"312.8410","0.0384","4709820825600.0000"
"312.9239","0.0384","4710820249600.0000"
"313.0068","0.0385","4711819673600.0000"
"313.0901","0.0385","4712819507200.0000"
"313.1740","0.0385","4713818931200.0000"
"313.2583","0.0385","4714818355200.0000"
"313.3430","0.0385","4715818598400.0000"
"313.4281","0.0385","4716818022400.0000"
"313.5138","0.0385","4717818265600.0000"
"313.6003","0.0385","4718817689600.0000"
"313.6876","0.0385","4719817523200.0000"
"313.7757","0.0386","4720816947200.0000"
"313.8640","0.0386","4721817190400.0000"
"313.9517","0.0386","4722816614400.0000"
"314.0377","0.0386","4723816448000.0000"
"314.1216","0.0386","4724815872000.0000"
"314.2038","0.0386","4725816115200.0000"
"314.2851","0.0386","4726815539200.0000"
"314.3659","0.0386","4727815782400.0000"
"314.4470","0.0386","4728815206400.0000"
"314.5291","0.0386","4729815040000.0000"
"314.6128","0.0387","4730814873600.0000"
"314.6978","0.0387","4731814707200.0000"
"314.7835","0.0387","4732814540800.0000"
"314.8695","0.0387","4733814374400.0000"
"314.9557","0.0387","4734814208000.0000"
"315.0421","0.0387","4735814451200.0000"
"315.1286","0.0387","4736813875200.0000"
"315.2148","0.0387","4737814528000.0000"
"315.3004","0.0387","4738814361600.0000"
"315.3852","0.0387","4739814604800.0000"
"315.4692","0.0388","4740814438400.0000"
"315.5522","0.0388","4741814272000.0000"
"315.6342","0.0388","4742814105600.0000"
"315.7155","0.0388","4743814348800.0000"
"315.7965","0.0388","4744814592000.0000"
"315.8783","0.0388","4745814425600.0000"
"315.9614","0.0388","4746814259200.0000"
"316.0457","0.0388","4747814502400.0000"
"316.1304","0.0388","4748814336000.0000"
"316.2147","0.0389","4749814579200.0000"
"316.2984","0.0389","4750814822400.0000"
"316.3820","0.0389","4751814656000.0000"
"316.4666","0.0389","4752814489600.0000"
"316.5527","0.0389","4753814732800.0000"
"316.6398","0.0389","4754814976000.0000"
"316.7270","0.0389","4755814809600.0000"
"316.8138","0.0389","4756815052800.0000"
"316.9002","0.0389","4757815296000.0000"
"316.9857","0.0389","4758815129600.0000"
"317.0698","0.0390","4759815372800.0000"
"317.1530","0.0390","4760815206400.0000"
"317.2364","0.0390","4761815859200.0000"
"317.3205","0.0390","4762816102400.0000"
"317.4052","0.0390","4763816755200.0000"
"317.4902","0.0390","4764816588800.0000"
"317.5755","0.0390","4765816832000.0000"
"317.6611","0.0390","4766816665600.0000"
"317.7469","0.0390","4767816499200.0000"
"317.8329","0.0390","4768816742400.0000"
"317.9193","0.0391","4769816576000.0000"
"318.0055","0.0391","4770817228800.0000"
"318.0908","0.0391","4771817062400.0000"
"318.1747","0.0391","4772816896000.0000"
"318.2570","0.0391","4773816729600.0000"
"318.3376","0.0391","4774817382400.0000"
"318.4170","0.0391","4775817625600.0000"
"318.4956","0.0391","4776817459200.0000"
"318.5747","0.0391","4777817702400.0000"
"318.6552","0.0392","4778817536000.0000"
"318.7371","0.0392","4779817779200.0000"
"318.8203","0.0392","4780817612800.0000"
"318.9045","0.0392","4781817856000.0000"
"318.9892","0.0392","4782817689600.0000"
"319.0739","0.0392","4783817523200.0000"
"319.1582","0.0392","4784817356800.0000"
"319.2417","0.0392","4785818009600.0000"
"319.3245","0.0392","4786817843200.0000"
"319.4067","0.0392","4787818086400.0000"
"319.4884","0.0393","4788817920000.0000"
"319.5697","0.0393","4789818163200.0000"
"319.6507","0.0393","4790817996800.0000"
"319.7316","0.0393","4791817830400.0000"
"319.8123","0.0393","4792818073600.0000"
"319.8927","0.0393","4793818316800.0000"
"319.9728","0.0393","4794818150400.0000"
"320.0525","0.0393","4795817984000.0000"
"320.1320","0.0393","4796818227200.0000"
"320.2112","0.0393","4797818060800.0000"
"320.2902","0.0394","4798817894400.0000"
"320.3689","0.0394","4799818547200.0000"
"320.4477","0.0394","4800818380800.0000"
"320.5269","0.0394","4801818624000.0000"
"320.6065","0.0394","4802818457600.0000"
"320.6862","0.0394","4803818700800.0000"
"320.7657","0.0394","4804818534400.0000"
"320.8442","0.0394","4805818368000.0000"
"320.9209","0.0394","4806819020800.0000"
"320.9954","0.0394","4807818854400.0000"
"321.0682","0.0394","4808818688000.0000"
"321.1407","0.0395","4809818931200.0000"
"321.2144","0.0395","4810819174400.0000"
"321.2906","0.0395","4811819417600.0000"
"321.3692","0.0395","4812819251200.0000"
"321.4501","0.0395","4813819904000.0000"
"321.5323","0.0395","4814819737600.0000"
"321.6151","0.0395","4815819980800.0000"
"321.6981","0.0395","4816819814400.0000"
"321.7815","0.0395","4817820467200.0000"
"321.8654","0.0395","4818820300800.0000"
"321.9494","0.0396","4819820953600.0000"
"322.0329","0.0396","4820820787200.0000"
"322.1159","0.0396","4821821030400.0000"
"322.1983","0.0396","4822820864000.0000"
"322.2804","0.0396","4823821107200.0000"
"322.3622","0.0396","4824821350400.0000"
"322.4440","0.0396","4825821593600.0000"
"322.5261","0.0396","4826821836800.0000"
"322.6087","0.0396","4827821670400.0000"
"322.6919","0.0396","4828821913600.0000"
"322.7754","0.0397","4829821747200.0000"
"322.8590","0.0397","4830822400000.0000"
"322.9424","0.0397","4831822233600.0000"
"323.0259","0.0397","4832822886400.0000"
"323.1098","0.0397","4833822720000.0000"
"323.1942","0.0397","4834822963200.0000"
"323.2791","0.0397","4835822796800.0000"
"323.3644","0.0397","4836823449600.0000"
"323.4497","0.0397","4837823283200.0000"
"323.5346","0.0397","4838823936000.0000"
"323.6179","0.0398","4839824179200.0000"
"323.6989","0.0398","4840824422400.0000"
"323.7782","0.0398","4841824256000.0000"
"323.8573","0.0398","4842824089600.0000"
"323.9373","0.0398","4843824332800.0000"
"324.0184","0.0398","4844824166400.0000"
"324.1003","0.0398","4845824000000.0000"
"324.1824","0.0398","4846824243200.0000"
"324.2636","0.0398","4847824486400.0000"
"324.3438","0.0398","4848824320000.0000"
"324.4232","0.0399","4849824153600.0000"
"324.5024","0.0399","4850824806400.0000"
"324.5811","0.0399","4851824640000.0000"
"324.6585","0.0399","4852824473600.0000"
"324.7344","0.0399","4853825126400.0000"
"324.8087","0.0399","4854824960000.0000"
"324.8812","0.0399","4855824793600.0000"
"324.9526","0.0399","4856824627200.0000"
"325.0237","0.0399","4857824870400.0000"
"325.0955","0.0399","4858824704000.0000"
"325.1683","0.0400","4859824947200.0000"
"325.2424","0.0400","4860825190400.0000"
"325.3178","0.0400","4861825024000.0000"
"325.3948","0.0400","4862825267200.0000"
"325.4732","0.0400","4863825100800.0000"
"325.5523","0.0400","4864824934400.0000"
"325.6318","0.0400","4865825177600.0000"
"325.7113","0.0400","4866825011200.0000"
"325.7909","0.0400","4867824844800.0000"
"325.8706","0.0400","4868825088000.0000"
"325.9503","0.0400","4869824921600.0000"
"326.0294","0.0401","4870824755200.0000"
"326.1078","0.0401","4871824588800.0000"
"326.1855","0.0401","4872824012800.0000"
"326.2631","0.0401","4873824256000.0000"
"326.3414","0.0401","4874824089600.0000"
"326.4215","0.0401","4875823923200.0000"
"326.5031","0.0401","4876823756800.0000"
"326.5856","0.0401","4877823590400.0000"
"326.6683","0.0401","4878823424000.0000"
"326.7507","0.0401","4879823257600.0000"
"326.8328","0.0402","4880823091200.0000"
"326.9152","0.0402","4881822924800.0000"
"326.9978","0.0402","4882822758400.0000"
"327.0806","0.0402","4883822592000.0000"
"327.1633","0.0402","4884822835200.0000"
"327.2455","0.0402","4885822668800.0000"
"327.3266","0.0402","4886822912000.0000"
"327.4066","0.0402","4887822336000.0000"
"327.4854","0.0402","4888822169600.0000"
"327.5638","0.0402","4889822003200.0000"
"327.6425","0.0403","4890821836800.0000"
"327.7215","0.0403","4891821670400.0000"
"327.8005","0.0403","4892821504000.0000"
"327.8795","0.0403","4893821337600.0000"
"327.9588","0.0403","4894820761600.0000"
"328.0381","0.0403","4895821414400.0000"
"328.1167","0.0403","4896821248000.0000"
"328.1935","0.0403","4897820672000.0000"
"328.2680","0.0403","4898820505600.0000"
"328.3405","0.0403","4899819929600.0000"
"328.4123","0.0403","4900819763200.0000"
"328.4845","0.0404","4901820006400.0000"
"328.5576","0.0404","4902819840000.0000"
"328.6319","0.0404","4903819264000.0000"
"328.7069","0.0404","4904819097600.0000"
"328.7829","0.0404","4905819750400.0000"
"328.8592","0.0404","4906819584000.0000"
"328.9357","0.0404","4907819417600.0000"
"329.0123","0.0404","4908819251200.0000"
"329.0893","0.0404","4909818675200.0000"
"329.1671","0.0404","4910818918400.0000"
"329.2460","0.0405","4911818752000.0000"
"329.3262","0.0405","4912818585600.0000"
"329.4075","0.0405","4913818828800.0000"
"329.4896","0.0405","4914818662400.0000"
"329.5719","0.0405","4915818496000.0000"
"329.6539","0.0405","4916818739200.0000"
"329.7357","0.0405","4917818572800.0000"
"329.8174","0.0405","4918818816000.0000"
"329.8993","0.0405","4919818649600.0000"
"329.9811","0.0405","4920818073600.0000"
"330.0627","0.0406","4921817907200.0000"
"330.1444","0.0406","4922818150400.0000"
"330.2268","0.0406","4923817984000.0000"
"330.3102","0.0406","4924817817600.0000"
"330.3936","0.0406","4925817651200.0000"
"330.4762","0.0406","4926817894400.0000"
"330.5570","0.0406","4927818137600.0000"
"330.6362","0.0406","4928817971200.0000"
"330.7142","0.0406","4929818624000.0000"
"330.7913","0.0406","4930818457600.0000"
"330.8682","0.0407","4931818291200.0000"
"330.9451","0.0407","4932818124800.0000"
"331.0218","0.0407","4933818777600.0000"
"331.0978","0.0407","4934818611200.0000"
"331.1733","0.0407","4935818035200.0000"
"331.2487","0.0407","4936817868800.0000"
"331.3241","0.0407","4937818521600.0000"
"331.4003","0.0407","4938818355200.0000"
"331.4778","0.0407","4939818598400.0000"
"331.5563","0.0407","4940818432000.0000"
"331.6359","0.0407","4941818675200.0000"
"331.7164","0.0408","4942818918400.0000"
"331.7978","0.0408","4943818752000.0000"
"331.8795","0.0408","4944818995200.0000"
"331.9611","0.0408","4945818828800.0000"
"332.0419","0.0408","4946818662400.0000"
"332.1215","0.0408","4947818496000.0000"
"332.1998","0.0408","4948818739200.0000"
"332.2769","0.0408","4949818982400.0000"
"332.3531","0.0408","4950818816000.0000"
"332.4284","0.0408","4951819059200.0000"
"332.5027","0.0409","4952819302400.0000"
"332.5766","0.0409","4953819136000.0000"
"332.6508","0.0409","4954819379200.0000"
"332.7258","0.0409","4955819622400.0000"
"332.8020","0.0409","4956819456000.0000"
"332.8794","0.0409","4957819289600.0000"
"332.9577","0.0409","4958819532800.0000"
"333.0362","0.0409","4959819366400.0000"
"333.1143","0.0409","4960819200000.0000"
"333.1919","0.0409","4961819033600.0000"
"333.2694","0.0409","4962819686400.0000"
"333.3468","0.0410","4963819520000.0000"
"333.4238","0.0410","4964819763200.0000"
"333.5001","0.0410","4965819596800.0000"
"333.5760","0.0410","4966819840000.0000"
"333.6514","0.0410","4967819673600.0000"
"333.7257","0.0410","4968819507200.0000"
"333.7992","0.0410","4969819750400.0000"
"333.8727","0.0410","4970819993600.0000"
"333.9469","0.0410","4971819827200.0000"
"334.0225","0.0410","4972819660800.0000"
"334.0995","0.0410","4973819904000.0000"
"334.1782","0.0411","4974819737600.0000"
"334.2577","0.0411","4975819571200.0000"
"334.3375","0.0411","4976820224000.0000"
"334.4170","0.0411","4977820467200.0000"
"334.4957","0.0411","4978820300800.0000"
"334.5735","0.0411","4979820544000.0000"
"334.6505","0.0411","4980820787200.0000"
"334.7270","0.0411","4981820620800.0000"
"334.8032","0.0411","4982820454400.0000"
"334.8788","0.0411","4983820288000.0000"
"334.9540","0.0412","4984820531200.0000"
"335.0292","0.0412","4985820774400.0000"
"335.1050","0.0412","4986820608000.0000"
"335.1819","0.0412","4987820851200.0000"
"335.2597","0.0412","4988821094400.0000"
"335.3386","0.0412","4989821337600.0000"
"335.4180","0.0412","4990821171200.0000"
"335.4978","0.0412","4991821414400.0000"
"335.5775","0.0412","4992821248000.0000"
"335.6565","0.0412","4993821081600.0000"
"335.7345","0.0412","4994820915200.0000"
"335.8114","0.0413","4995821158400.0000"
"335.8877","0.0413","4996820992000.0000"
"335.9634","0.0413","4997821235200.0000"
"336.0385","0.0413","4998821068800.0000"
"336.1124","0.0413","4999821312000.0000"
"336.1848","0.0413","5000821555200.0000"
"336.2560","0.0413","5001821388800.0000"
"336.3269","0.0413","5002821632000.0000"
"336.3987","0.0413","5003821875200.0000"
"336.4724","0.0413","5004821708800.0000"
"336.5484","0.0413","5005821542400.0000"
"336.6263","0.0414","5006821785600.0000"
"336.7057","0.0414","5007821619200.0000"
"336.7859","0.0414","5008821043200.0000"
"336.8664","0.0414","5009821696000.0000"
"336.9467","0.0414","5010821529600.0000"
"337.0271","0.0414","5011821363200.0000"
"337.1075","0.0414","5012821606400.0000"
"337.1875","0.0414","5013821440000.0000"
"337.2667","0.0414","5014821683200.0000"
"337.3444","0.0414","5015821516800.0000"
"337.4203","0.0415","5016821350400.0000"
"337.4948","0.0415","5017820774400.0000"
"337.5680","0.0415","5018821017600.0000"
"337.6405","0.0415","5019820851200.0000"
"337.7129","0.0415","5020820684800.0000"
"337.7855","0.0415","5021820518400.0000"
"337.8583","0.0415","5022820761600.0000"
"337.9312","0.0415","5023821004800.0000"
"338.0039","0.0415","5024820838400.0000"
"338.0766","0.0415","5025820672000.0000"
"338.1492","0.0415","5026820915200.0000"
"338.2220","0.0416","5027820748800.0000"
"338.2952","0.0416","5028820582400.0000"
"338.3687","0.0416","5029820825600.0000"
"338.4423","0.0416","5030821068800.0000"
"338.5153","0.0416","5031820902400.0000"
"338.5876","0.0416","5032820736000.0000"
"338.6598","0.0416","5033820979200.0000"
"338.7329","0.0416","5034820812800.0000"
"338.8077","0.0416","5035821056000.0000"
"338.8840","0.0416","5036820889600.0000"
"338.9612","0.0416","5037820723200.0000"
"339.0388","0.0417","5038820966400.0000"
"339.1167","0.0417","5039820800000.0000"
"339.1951","0.0417","5040820633600.0000"
"339.2739","0.0417","5041820057600.0000"
"339.3527","0.0417","5042820300800.0000"
"339.4308","0.0417","5043820134400.0000"
"339.5076","0.0417","5044819968000.0000"
"339.5830","0.0417","5045819801600.0000"
"339.6576","0.0417","5046820044800.0000"
"339.7316","0.0417","5047819878400.0000"
"339.8049","0.0417","5048819712000.0000"
"339.8775","0.0418","5049819545600.0000"
"339.9502","0.0418","5050819788800.0000"
"340.0239","0.0418","5051819622400.0000"
"340.0987","0.0418","5052819456000.0000"
"340.1745","0.0418","5053819289600.0000"
"340.2505","0.0418","5054819532800.0000"
"340.3265","0.0418","5055819366400.0000"
"340.4021","0.0418","5056819200000.0000"
"340.4772","0.0418","5057819443200.0000"
"340.5519","0.0418","5058819686400.0000"
"340.6268","0.0418","5059819520000.0000"
"340.7018","0.0419","5060819353600.0000"
"340.7769","0.0419","5061819187200.0000"
"340.8524","0.0419","5062818611200.0000"
"340.9280","0.0419","5063818854400.0000"
"341.0031","0.0419","5064818688000.0000"
"341.0781","0.0419","5065818521600.0000"
"341.1535","0.0419","5066818764800.0000"
"341.2297","0.0419","5067818598400.0000"
"341.3067","0.0419","5068818432000.0000"
"341.3842","0.0419","5069818265600.0000"
"341.4617","0.0420","5070818099200.0000"
"341.5389","0.0420","5071818342400.0000"
"341.6156","0.0420","5072818176000.0000"
"341.6920","0.0420","5073818009600.0000"
"341.7685","0.0420","5074817843200.0000"
"341.8447","0.0420","5075818086400.0000"
"341.9199","0.0420","5076817920000.0000"
"341.9939","0.0420","5077817753600.0000"
"342.0668","0.0420","5078817587200.0000"
"342.1392","0.0420","5079818240000.0000"
"342.2119","0.0420","5080818073600.0000"
"342.2852","0.0421","5081817907200.0000"
"342.3593","0.0421","5082817740800.0000"
"342.4340","0.0421","5083817984000.0000"
"342.5089","0.0421","5084817817600.0000"
"342.5841","0.0421","5085817651200.0000"
"342.6598","0.0421","5086817484800.0000"
"342.7354","0.0421","5087817728000.0000"
"342.8111","0.0421","5088817561600.0000"
"342.8866","0.0421","5089817395200.0000"
"342.9619","0.0421","5090816819200.0000"
"343.0372","0.0421","5091817472000.0000"
"343.1127","0.0422","5092817305600.0000"
"343.1879","0.0422","5093817139200.0000"
"343.2621","0.0422","5094816972800.0000"
"343.3354","0.0422","5095817216000.0000"
"343.4080","0.0422","5096817049600.0000"
"343.4806","0.0422","5097816883200.0000"
"343.5539","0.0422","5098817536000.0000"
"343.6287","0.0422","5099817369600.0000"
"343.7052","0.0422","5100817203200.0000"
"343.7836","0.0422","5101817446400.0000"
"343.8639","0.0422","5102817689600.0000"
"343.9460","0.0423","5103817932800.0000"
"344.0296","0.0423","5104818176000.0000"
"344.1139","0.0423","5105818419200.0000"
"344.1979","0.0423","5106818662400.0000"
"344.2806","0.0423","5107818496000.0000"
"344.3618","0.0423","5108818739200.0000"
"344.4417","0.0423","5109818982400.0000"
"344.5204","0.0423","5110818816000.0000"
"344.5980","0.0423","5111818649600.0000"
"344.6743","0.0423","5112818892800.0000"
"344.7493","0.0424","5113819136000.0000"
"344.8232","0.0424","5114818969600.0000"
"344.8972","0.0424","5115818803200.0000"
"344.9726","0.0424","5116819865600.0000"
"345.0497","0.0424","5117819699200.0000"
"345.1285","0.0424","5118820352000.0000"
"345.2084","0.0424","5119820185600.0000"
"345.2888","0.0424","5120820428800.0000"
"345.3695","0.0424","5121820262400.0000"
"345.4502","0.0424","5122820915200.0000"
"345.5308","0.0425","5123820748800.0000"
"345.6109","0.0425","5124820992000.0000"
"345.6908","0.0425","5125821644800.0000"
"345.7705","0.0425","5126821478400.0000"
"345.8501","0.0425","5127821312000.0000"
"345.9293","0.0425","5128821964800.0000"
"346.0080","0.0425","5129822208000.0000"
"346.0867","0.0425","5130822451200.0000"
"346.1656","0.0425","5131822694400.0000"
"346.2450","0.0425","5132822937600.0000"
"346.3243","0.0425","5133822771200.0000"
"346.4037","0.0426","5134823424000.0000"
"346.4836","0.0426","5135823257600.0000"
"346.5638","0.0426","5136823500800.0000"
"346.6441","0.0426","5137823744000.0000"
"346.7240","0.0426","5138823577600.0000"
"346.8035","0.0426","5139823820800.0000"
"346.8827","0.0426","5140823654400.0000"
"346.9614","0.0426","5141823897600.0000"
"347.0395","0.0426","5142824140800.0000"
"347.1169","0.0426","5143823974400.0000"
"347.1933","0.0427","5144824627200.0000"
"347.2687","0.0427","5145824460800.0000"
"347.3430","0.0427","5146824704000.0000"
"347.4161","0.0427","5147824537600.0000"
"347.4884","0.0427","5148824780800.0000"
"347.5605","0.0427","5149825024000.0000"
"347.6331","0.0427","5150824857600.0000"
"347.7066","0.0427","5151825510400.0000"
"347.7812","0.0427","5152825344000.0000"
"347.8566","0.0427","5153825177600.0000"
"347.9321","0.0427","5154825830400.0000"
"348.0070","0.0428","5155826073600.0000"
"348.0811","0.0428","5156825907200.0000"
"348.1546","0.0428","5157825740800.0000"
"348.2280","0.0428","5158825984000.0000"
"348.3015","0.0428","5159825817600.0000"
"348.3744","0.0428","5160825651200.0000"
"348.4466","0.0428","5161825484800.0000"
"348.5183","0.0428","5162825728000.0000"
"348.5903","0.0428","5163825561600.0000"
"348.6632","0.0428","5164825395200.0000"
"348.7372","0.0428","5165825228800.0000"
"348.8120","0.0429","5166825062400.0000"
"348.8870","0.0429","5167825305600.0000"
"348.9620","0.0429","5168825139200.0000"
"349.0368","0.0429","5169824972800.0000"
"349.1112","0.0429","5170825216000.0000"
"349.1847","0.0429","5171825049600.0000"
"349.2572","0.0429","5172824883200.0000"
"349.3286","0.0429","5173824716800.0000"
"349.3991","0.0429","5174824960000.0000"
"349.4690","0.0429","5175824793600.0000"
"349.5384","0.0429","5176824627200.0000"
"349.6073","0.0430","5177824460800.0000"
"349.6760","0.0430","5178825113600.0000"
"349.7445","0.0430","5179824537600.0000"
"349.8132","0.0430","5180824371200.0000"
"349.8821","0.0430","5181824204800.0000"
"349.9514","0.0430","5182824448000.0000"
"350.0213","0.0430","5183823872000.0000"
"350.0917","0.0430","5184823705600.0000"
"350.1624","0.0430","5185823539200.0000"
"350.2334","0.0430","5186822963200.0000"
"350.3046","0.0430","5187822796800.0000"
"350.3760","0.0430","5188823040000.0000"
"350.4474","0.0431","5189822873600.0000"
"350.5187","0.0431","5190822707200.0000"
"350.5897","0.0431","5191822131200.0000"
"350.6606","0.0431","5192822374400.0000"
"350.7319","0.0431","5193822208000.0000"
"350.8043","0.0431","5194821632000.0000"
"350.8787","0.0431","5195821465600.0000"
"350.9552","0.0431","5196821299200.0000"
"351.0336","0.0431","5197820723200.0000"
"351.1138","0.0431","5198820966400.0000"
"351.1953","0.0431","5199821209600.0000"
"351.2772","0.0432","5200821043200.0000"
"351.3593","0.0432","5201820467200.0000"
"351.4415","0.0432","5202820710400.0000"
"351.5237","0.0432","5203820544000.0000"
"351.6058","0.0432","5204819968000.0000"
"351.6878","0.0432","5205819801600.0000"
"351.7692","0.0432","5206819225600.0000"
"351.8492","0.0432","5207819468800.0000"
"351.9278","0.0432","5208819302400.0000"
"352.0050","0.0432","5209819136000.0000"
"352.0812","0.0433","5210818969600.0000"
"352.1573","0.0433","5211818393600.0000"
"352.2339","0.0433","5212818636800.0000"
"352.3112","0.0433","5213818060800.0000"
"352.3887","0.0433","5214817894400.0000"
"352.4662","0.0433","5215817728000.0000"
"352.5434","0.0433","5216817152000.0000"
"352.6201","0.0433","5217817395200.0000"
"352.6961","0.0433","5218817228800.0000"
"352.7711","0.0433","5219817472000.0000"
"352.8452","0.0434","5220816896000.0000"
"352.9183","0.0434","5221817139200.0000"
"352.9905","0.0434","5222816972800.0000"
"353.0618","0.0434","5223816806400.0000"
"353.1326","0.0434","5224816640000.0000"
"353.2033","0.0434","5225816473600.0000"
"353.2747","0.0434","5226816716800.0000"
"353.3472","0.0434","5227816550400.0000"
"353.4207","0.0434","5228815974400.0000"
"353.4951","0.0434","5229815808000.0000"
"353.5703","0.0434","5230816460800.0000"
"353.6461","0.0434","5231816294400.0000"
"353.7226","0.0435","5232816128000.0000"
"353.7994","0.0435","5233815552000.0000"
"353.8762","0.0435","5234815385600.0000"
"353.9526","0.0435","5235815628800.0000"
"354.0282","0.0435","5236815462400.0000"
"354.1025","0.0435","5237815296000.0000"
"354.1754","0.0435","5238814720000.0000"
"354.2473","0.0435","5239814963200.0000"
"354.3190","0.0435","5240814796800.0000"
"354.3912","0.0435","5241815040000.0000"
"354.4646","0.0435","5242814873600.0000"
"354.5393","0.0436","5243815116800.0000"
"354.6152","0.0436","5244814950400.0000"
"354.6917","0.0436","5245814784000.0000"
"354.7686","0.0436","5246814617600.0000"
"354.8456","0.0436","5247814860800.0000"
"354.9222","0.0436","5248814694400.0000"
"354.9980","0.0436","5249814937600.0000"
"355.0731","0.0436","5250814771200.0000"
"355.1476","0.0436","5251814604800.0000"
"355.2222","0.0436","5252814438400.0000"
"355.2968","0.0437","5253814681600.0000"
"355.3709","0.0437","5254814924800.0000"
"355.4443","0.0437","5255814758400.0000"
"355.5174","0.0437","5256814592000.0000"
"355.5905","0.0437","5257814425600.0000"
"355.6645","0.0437","5258814259200.0000"
"355.7392","0.0437","5259814912000.0000"
"355.8147","0.0437","5260814745600.0000"
"355.8909","0.0437","5261814579200.0000"
"355.9678","0.0437","5262814822400.0000"
"356.0449","0.0437","5263815065600.0000"
"356.1220","0.0438","5264814899200.0000"
"356.1991","0.0438","5265815142400.0000"
"356.2765","0.0438","5266815795200.0000"
"356.3539","0.0438","5267815628800.0000"
"356.4310","0.0438","5268816281600.0000"
"356.5077","0.0438","5269816115200.0000"
"356.5839","0.0438","5270816358400.0000"
"356.6595","0.0438","5271816601600.0000"
"356.7343","0.0438","5272816435200.0000"
"356.8086","0.0438","5273816678400.0000"
"356.8833","0.0438","5274817331200.0000"
"356.9592","0.0439","5275817164800.0000"
"357.0368","0.0439","5276817408000.0000"
"357.1157","0.0439","5277817651200.0000"
"357.1951","0.0439","5278818304000.0000"
"357.2744","0.0439","5279818547200.0000"
"357.3535","0.0439","5280819200000.0000"
"357.4317","0.0439","5281819033600.0000"
"357.5090","0.0439","5282819276800.0000"
"357.5853","0.0439","5283819520000.0000"
"357.6605","0.0439","5284819763200.0000"
"357.7342","0.0440","5285819596800.0000"
"357.8061","0.0440","5286820249600.0000"
"357.8763","0.0440","5287820492800.0000"
"357.9454","0.0440","5288820326400.0000"
"358.0140","0.0440","5289820569600.0000"
"358.0823","0.0440","5290821222400.0000"
"358.1508","0.0440","5291821465600.0000"
"358.2200","0.0440","5292822118400.0000"
"358.2904","0.0440","5293822771200.0000"
"358.3624","0.0440","5294823014400.0000"
"358.4359","0.0440","5295823257600.0000"
"358.5110","0.0440","5296823091200.0000"
"358.5872","0.0441","5297823334400.0000"
"358.6637","0.0441","5298823987200.0000"
"358.7396","0.0441","5299824230400.0000"
"358.8144","0.0441","5300824473600.0000"
"358.8879","0.0441","5301824716800.0000"
"358.9599","0.0441","5302824960000.0000"
"359.0303","0.0441","5303825612800.0000"
"359.0990","0.0441","5304825446400.0000"
"359.1667","0.0441","5305825689600.0000"
"359.2343","0.0441","5306825523200.0000"
"359.3026","0.0441","5307826176000.0000"
"359.3722","0.0442","5308826419200.0000"
"359.4435","0.0442","5309825843200.0000"
"359.5163","0.0442","5310826496000.0000"
"359.5903","0.0442","5311826329600.0000"
"359.6654","0.0442","5312826572800.0000"
"359.7417","0.0442","5313826406400.0000"
"359.8186","0.0442","5314826649600.0000"
"359.8961","0.0442","5315826892800.0000"
"359.9741","0.0442","5316826726400.0000"
"360.0532","0.0442","5317827379200.0000"
"360.1334","0.0442","5318827212800.0000"
"360.2140","0.0443","5319827046400.0000"
"360.2942","0.0443","5320827289600.0000"
"360.3730","0.0443","5321827942400.0000"
"360.4506","0.0443","5322827776000.0000"
"360.5277","0.0443","5323827609600.0000"
"360.6051","0.0443","5324827852800.0000"
"360.6828","0.0443","5325827686400.0000"
"360.7605","0.0443","5326827520000.0000"
"360.8375","0.0443","5327827353600.0000"
"360.9140","0.0443","5328827596800.0000"
"360.9901","0.0444","5329827430400.0000"
"361.0657","0.0444","5330826854400.0000"
"361.1411","0.0444","5331826688000.0000"
"361.2167","0.0444","5332827340800.0000"
"361.2927","0.0444","5333827174400.0000"
"361.3684","0.0444","5334827008000.0000"
"361.4431","0.0444","5335826432000.0000"
"361.5161","0.0444","5336826265600.0000"
"361.5874","0.0444","5337826508800.0000"
"361.6575","0.0444","5338826342400.0000"
"361.7277","0.0444","5339826176000.0000"
"361.7993","0.0445","5340825600000.0000"
"361.8724","0.0445","5341825843200.0000"
"361.9462","0.0445","5342825676800.0000"
"362.0198","0.0445","5343825510400.0000"
"362.0928","0.0445","5344825344000.0000"
"362.1646","0.0445","5345825177600.0000"
"362.2350","0.0445","5346825420800.0000"
"362.3039","0.0445","5347825254400.0000"
"362.3716","0.0445","5348825088000.0000"
"362.4383","0.0445","5349825331200.0000"
"362.5043","0.0445","5350825164800.0000"
"362.5700","0.0445","5351824588800.0000"
"362.6346","0.0446","5352824422400.0000"
"362.6970","0.0446","5353824256000.0000"
"362.7570","0.0446","5354824908800.0000"
"362.8156","0.0446","5355824332800.0000"
"362.8741","0.0446","5356824166400.0000"
"362.9332","0.0446","5357824000000.0000"
"362.9929","0.0446","5358824243200.0000"
"363.0528","0.0446","5359823667200.0000"
"363.1127","0.0446","5360823500800.0000"
"363.1728","0.0446","5361823334400.0000"
"363.2334","0.0446","5362823168000.0000"
"363.2951","0.0446","5363823411200.0000"
"363.3578","0.0446","5364823244800.0000"
"363.4210","0.0447","5365823078400.0000"
"363.4839","0.0447","5366822912000.0000"
"363.5461","0.0447","5367823155200.0000"
"363.6079","0.0447","5368822988800.0000"
"363.6697","0.0447","5369822822400.0000"
"363.7319","0.0447","5370822656000.0000"
"363.7948","0.0447","5371822489600.0000"
"363.8587","0.0447","5372822732800.0000"
"363.9240","0.0447","5373822566400.0000"
"363.9905","0.0447","5374821990400.0000"
"364.0580","0.0447","5375822233600.0000"
"364.1261","0.0447","5376822476800.0000"
"364.1952","0.0447","5377822310400.0000"
"364.2656","0.0448","5378821734400.0000"
"364.3374","0.0448","5379821568000.0000"
"364.4104","0.0448","5380821401600.0000"
"364.4843","0.0448","5381821644800.0000"
"364.5587","0.0448","5382821478400.0000"
"364.6328","0.0448","5383820902400.0000"
"364.7060","0.0448","5384820736000.0000"
"364.7780","0.0448","5385820979200.0000"
"364.8492","0.0448","5386821222400.0000"
"364.9206","0.0448","5387821056000.0000"
"364.9930","0.0448","5388820889600.0000"
"365.0663","0.0449","5389821132800.0000"
"365.1407","0.0449","5390820966400.0000"
"365.2158","0.0449","5391820800000.0000"
"365.2913","0.0449","5392820633600.0000"
"365.3669","0.0449","5393820876800.0000"
"365.4424","0.0449","5394820710400.0000"
"365.5179","0.0449","5395820544000.0000"
"365.5938","0.0449","5396820377600.0000"
"365.6699","0.0449","5397820211200.0000"
"365.7458","0.0449","5398820454400.0000"
"365.8211","0.0449","5399820288000.0000"
"365.8952","0.0450","5400820121600.0000"
"365.9679","0.0450","5401819955200.0000"
"366.0394","0.0450","5402819788800.0000"
"366.1109","0.0450","5403819622400.0000"
"366.1834","0.0450","5404819456000.0000"
"366.2570","0.0450","5405818880000.0000"
"366.3309","0.0450","5406818713600.0000"
"366.4044","0.0450","5407818956800.0000"
"366.4775","0.0450","5408818790400.0000"
"366.5506","0.0450","5409818624000.0000"
"366.6238","0.0450","5410818457600.0000"
"366.6973","0.0451","5411818291200.0000"
"366.7708","0.0451","5412818124800.0000"
"366.8440","0.0451","5413817548800.0000"
"366.9165","0.0451","5414817382400.0000"
"366.9878","0.0451","5415817216000.0000"
"367.0575","0.0451","5416817459200.0000"
"367.1258","0.0451","5417817292800.0000"
"367.1935","0.0451","5418817126400.0000"
"367.2618","0.0451","5419816960000.0000"
"367.3314","0.0451","5420817203200.0000"
"367.4023","0.0451","5421817036800.0000"
"367.4745","0.0451","5422816870400.0000"
"367.5472","0.0452","5423816704000.0000"
"367.6201","0.0452","5424816128000.0000"
"367.6927","0.0452","5425816371200.0000"
"367.7646","0.0452","5426816204800.0000"
"367.8352","0.0452","5427816038400.0000"
"367.9047","0.0452","5428815462400.0000"
"367.9732","0.0452","5429816115200.0000"
"368.0416","0.0452","5430815948800.0000"
"368.1101","0.0452","5431815782400.0000"
"368.1783","0.0452","5432815616000.0000"
"368.2460","0.0452","5433815859200.0000"
"368.3133","0.0453","5434815692800.0000"
"368.3810","0.0453","5435815526400.0000"
"368.4499","0.0453","5436815360000.0000"
"368.5206","0.0453","5437815603200.0000"
"368.5930","0.0453","5438815436800.0000"
"368.6668","0.0453","5439815680000.0000"
"368.7420","0.0453","5440815513600.0000"
"368.8182","0.0453","5441816166400.0000"
"368.8948","0.0453","5442816000000.0000"
"368.9713","0.0453","5443816243200.0000"
"369.0471","0.0453","5444816486400.0000"
"369.1218","0.0454","5445816320000.0000"
"369.1951","0.0454","5446816563200.0000"
"369.2670","0.0454","5447816396800.0000"
"369.3371","0.0454","5448816640000.0000"
"369.4056","0.0454","5449816473600.0000"
"369.4728","0.0454","5450816307200.0000"
"369.5392","0.0454","5451816550400.0000"
"369.6055","0.0454","5452816793600.0000"
"369.6720","0.0454","5453817036800.0000"
"369.7386","0.0454","5454816870400.0000"
"369.8057","0.0454","5455817523200.0000"
"369.8734","0.0454","5456817356800.0000"
"369.9419","0.0455","5457818009600.0000"
"370.0106","0.0455","5458817843200.0000"
"370.0789","0.0455","5459818086400.0000"
"370.1461","0.0455","5460818329600.0000"
"370.2121","0.0455","5461818572800.0000"
"370.2768","0.0455","5462818816000.0000"
"370.3407","0.0455","5463818649600.0000"
"370.4042","0.0455","5464819302400.0000"
"370.4677","0.0455","5465819136000.0000"
"370.5317","0.0455","5466818969600.0000"
"370.5967","0.0455","5467820032000.0000"
"370.6632","0.0455","5468820275200.0000"
"370.7307","0.0455","5469820108800.0000"
"370.7982","0.0456","5470820352000.0000"
"370.8652","0.0456","5471820595200.0000"
"370.9319","0.0456","5472820428800.0000"
"370.9980","0.0456","5473821081600.0000"
"371.0635","0.0456","5474820915200.0000"
"371.1287","0.0456","5475820748800.0000"
"371.1940","0.0456","5476820582400.0000"
"371.2598","0.0456","5477820825600.0000"
"371.3262","0.0456","5478821068800.0000"
"371.3932","0.0456","5479820902400.0000"
"371.4608","0.0456","5480821145600.0000"
"371.5284","0.0456","5481821388800.0000"
"371.5958","0.0457","5482821222400.0000"
"371.6633","0.0457","5483821056000.0000"
"371.7321","0.0457","5484820889600.0000"
"371.8026","0.0457","5485820723200.0000"
"371.8743","0.0457","5486820556800.0000"
"371.9467","0.0457","5487820800000.0000"
"372.0194","0.0457","5488821043200.0000"
"372.0923","0.0457","5489820876800.0000"
"372.1652","0.0457","5490820710400.0000"
"372.2383","0.0457","5491820544000.0000"
"372.3113","0.0457","5492820787200.0000"
"372.3841","0.0458","5493820620800.0000"
"372.4564","0.0458","5494820454400.0000"
"372.5282","0.0458","5495820288000.0000"
"372.5992","0.0458","5496819712000.0000"
"372.6689","0.0458","5497819955200.0000"
"372.7378","0.0458","5498819788800.0000"
"372.8062","0.0458","5499819212800.0000"
"372.8744","0.0458","5500819046400.0000"
"372.9425","0.0458","5501819289600.0000"
"373.0103","0.0458","5502819123200.0000"
"373.0782","0.0458","5503818956800.0000"
"373.1463","0.0458","5504818380800.0000"
"373.2150","0.0459","5505818214400.0000"
"373.2844","0.0459","5506818048000.0000"
"373.3539","0.0459","5507818291200.0000"
"373.4230","0.0459","5508817715200.0000"
"373.4915","0.0459","5509817548800.0000"
"373.5594","0.0459","5510817382400.0000"
"373.6270","0.0459","5511817625600.0000"
"373.6952","0.0459","5512817868800.0000"
"373.7639","0.0459","5513817702400.0000"
"373.8324","0.0459","5514817126400.0000"
"373.9004","0.0459","5515816960000.0000"
"373.9681","0.0459","5516817203200.0000"
"374.0358","0.0460","5517817036800.0000"
"374.1037","0.0460","5518816870400.0000"
"374.1719","0.0460","5519817113600.0000"
"374.2409","0.0460","5520816537600.0000"
"374.3110","0.0460","5521816371200.0000"
"374.3818","0.0460","5522816204800.0000"
"374.4527","0.0460","5523816038400.0000"
"374.5226","0.0460","5524815872000.0000"
"374.5908","0.0460","5525816115200.0000"
"374.6568","0.0460","5526815948800.0000"
"374.7210","0.0460","5527815372800.0000"
"374.7845","0.0460","5528815206400.0000"
"374.8478","0.0461","5529815449600.0000"
"374.9108","0.0461","5530815283200.0000"
"374.9741","0.0461","5531815116800.0000"
"375.0389","0.0461","5532814950400.0000"
"375.1061","0.0461","5533815193600.0000"
"375.1757","0.0461","5534815436800.0000"
"375.2468","0.0461","5535815270400.0000"
"375.3187","0.0461","5536815104000.0000"
"375.3911","0.0461","5537815347200.0000"
"375.4636","0.0461","5538815180800.0000"
"375.5360","0.0461","5539815014400.0000"
"375.6081","0.0461","5540814848000.0000"
"375.6799","0.0462","5541815091200.0000"
"375.7506","0.0462","5542814924800.0000"
"375.8196","0.0462","5543814758400.0000"
"375.8866","0.0462","5544814592000.0000"
"375.9517","0.0462","5545815244800.0000"
"376.0153","0.0462","5546815078400.0000"
"376.0782","0.0462","5547814912000.0000"
"376.1414","0.0462","5548814745600.0000"
"376.2052","0.0462","5549814579200.0000"
"376.2701","0.0462","5550814412800.0000"
"376.3361","0.0462","5551814246400.0000"
"376.4031","0.0462","5552814899200.0000"
"376.4706","0.0463","5553814732800.0000"
"376.5380","0.0463","5554814566400.0000"
"376.6048","0.0463","5555814400000.0000"
"376.6706","0.0463","5556815052800.0000"
"376.7352","0.0463","5557815296000.0000"
"376.7989","0.0463","5558815129600.0000"
"376.8625","0.0463","5559815782400.0000"
"376.9264","0.0463","5560815616000.0000"
"376.9907","0.0463","5561815449600.0000"
"377.0558","0.0463","5562815692800.0000"
"377.1224","0.0463","5563815936000.0000"
"377.1906","0.0463","5564816179200.0000"
"377.2600","0.0464","5565816012800.0000"
"377.3297","0.0464","5566816256000.0000"
"377.3992","0.0464","5567816499200.0000"
"377.4685","0.0464","5568816332800.0000"
"377.5377","0.0464","5569816166400.0000"
"377.6069","0.0464","5570816409600.0000"
"377.6758","0.0464","5571816652800.0000"
"377.7443","0.0464","5572816486400.0000"
"377.8125","0.0464","5573816729600.0000"
"377.8810","0.0464","5574816972800.0000"
"377.9499","0.0464","5575816806400.0000"
"378.0188","0.0464","5576816640000.0000"
"378.0870","0.0465","5577817292800.0000"
"378.1542","0.0465","5578817126400.0000"
"378.2207","0.0465","5579816960000.0000"
"378.2877","0.0465","5580817612800.0000"
"378.3561","0.0465","5581817446400.0000"
"378.4263","0.0465","5582817689600.0000"
"378.4974","0.0465","5583817932800.0000"
"378.5693","0.0465","5584818585600.0000"
"378.6413","0.0465","5585818419200.0000"
"378.7131","0.0465","5586818662400.0000"
"378.7841","0.0465","5587818905600.0000"
"378.8543","0.0465","5588818739200.0000"
"378.9238","0.0466","5589818982400.0000"
"378.9926","0.0466","5590819225600.0000"
"379.0607","0.0466","5591819059200.0000"
"379.1283","0.0466","5592819302400.0000"
"379.1952","0.0466","5593819545600.0000"
"379.2608","0.0466","5594819788800.0000"
"379.3248","0.0466","5595819622400.0000"
"379.3875","0.0466","5596819865600.0000"
"379.4496","0.0466","5597820518400.0000"
"379.5115","0.0466","5598820352000.0000"
"379.5739","0.0466","5599821004800.0000"
"379.6370","0.0466","5600820838400.0000"
"379.7009","0.0467","5601821081600.0000"
"379.7656","0.0467","5602820915200.0000"
"379.8311","0.0467","5603821158400.0000"
"379.8974","0.0467","5604820992000.0000"
"379.9639","0.0467","5605821235200.0000"
"380.0301","0.0467","5606821478400.0000"
"380.0961","0.0467","5607821721600.0000"
"380.1616","0.0467","5608821964800.0000"
"380.2261","0.0467","5609822208000.0000"
"380.2891","0.0467","5610822860800.0000"
"380.3507","0.0467","5611823104000.0000"
"380.4122","0.0467","5612823347200.0000"
"380.4749","0.0467","5613823590400.0000"
"380.5397","0.0468","5614823833600.0000"
"380.6062","0.0468","5615824076800.0000"
"380.6741","0.0468","5616824320000.0000"
"380.7430","0.0468","5617824153600.0000"
"380.8125","0.0468","5618824396800.0000"
"380.8821","0.0468","5619824230400.0000"
"380.9513","0.0468","5620824473600.0000"
"381.0196","0.0468","5621824307200.0000"
"381.0870","0.0468","5622824960000.0000"
"381.1536","0.0468","5623825203200.0000"
"381.2193","0.0468","5624825856000.0000"
"381.2839","0.0468","5625825689600.0000"
"381.3474","0.0469","5626825932800.0000"
"381.4098","0.0469","5627825766400.0000"
"381.4719","0.0469","5628826419200.0000"
"381.5347","0.0469","5629826662400.0000"
"381.5986","0.0469","5630826496000.0000"
"381.6639","0.0469","5631826739200.0000"
"381.7302","0.0469","5632826572800.0000"
"381.7972","0.0469","5633826816000.0000"
"381.8646","0.0469","5634827468800.0000"
"381.9321","0.0469","5635827302400.0000"
"381.9991","0.0469","5636827136000.0000"
"382.0652","0.0469","5637828198400.0000"
"382.1301","0.0469","5638828032000.0000"
"382.1944","0.0470","5639828275200.0000"
"382.2589","0.0470","5640828108800.0000"
"382.3237","0.0470","5641828352000.0000"
"382.3881","0.0470","5642828185600.0000"
"382.4518","0.0470","5643828019200.0000"
"382.5150","0.0470","5644828672000.0000"
"382.5786","0.0470","5645828505600.0000"
"382.6430","0.0470","5646828339200.0000"
"382.7086","0.0470","5647828172800.0000"
"382.7752","0.0470","5648828416000.0000"
"382.8428","0.0470","5649828659200.0000"
"382.9114","0.0470","5650828492800.0000"
"382.9810","0.0471","5651828326400.0000"
"383.0510","0.0471","5652828569600.0000"
"383.1213","0.0471","5653828403200.0000"
"383.1914","0.0471","5654828236800.0000"
"383.2609","0.0471","5655828070400.0000"
"383.3294","0.0471","5656827904000.0000"
"383.3972","0.0471","5657827737600.0000"
"383.4645","0.0471","5658827571200.0000"
"383.5318","0.0471","5659827404800.0000"
"383.5994","0.0471","5660828057600.0000"
"383.6675","0.0471","5661827891200.0000"
"383.7363","0.0471","5662827724800.0000"
"383.8059","0.0472","5663827148800.0000"
"383.8759","0.0472","5664826982400.0000"
"383.9459","0.0472","5665827225600.0000"
"384.0157","0.0472","5666826649600.0000"
"384.0856","0.0472","5667826483200.0000"
"384.1555","0.0472","5668825907200.0000"
"384.2252","0.0472","5669826150400.0000"
"384.2946","0.0472","5670825984000.0000"
"384.3638","0.0472","5671825817600.0000"
"384.4326","0.0472","5672825651200.0000"
"384.5009","0.0472","5673825075200.0000"
"384.5686","0.0472","5674824908800.0000"
"384.6361","0.0473","5675825152000.0000"
"384.7037","0.0473","5676824576000.0000"
"384.7723","0.0473","5677824409600.0000"
"384.8424","0.0473","5678823833600.0000"
"384.9143","0.0473","5679824076800.0000"
"384.9883","0.0473","5680823910400.0000"
"385.0644","0.0473","5681823744000.0000"
"385.1419","0.0473","5682823577600.0000"
"385.2195","0.0473","5683823411200.0000"
"385.2968","0.0473","5684822835200.0000"
"385.3733","0.0473","5685823078400.0000"
"385.4491","0.0474","5686822502400.0000"
"385.5233","0.0474","5687822336000.0000"
"385.5953","0.0474","5688821760000.0000"
"385.6654","0.0474","5689822003200.0000"
"385.7342","0.0474","5690821427200.0000"
"385.8021","0.0474","5691821260800.0000"
"385.8696","0.0474","5692821094400.0000"
"385.9372","0.0474","5693820928000.0000"
"386.0050","0.0474","5694820761600.0000"
"386.0728","0.0474","5695820185600.0000"
"386.1397","0.0474","5696820019200.0000"
"386.2059","0.0474","5697819852800.0000"
"386.2718","0.0475","5698819276800.0000"
"386.3379","0.0475","5699819110400.0000"
"386.4041","0.0475","5700819353600.0000"
"386.4697","0.0475","5701819187200.0000"
"386.5349","0.0475","5702819020800.0000"
"386.5996","0.0475","5703818444800.0000"
"386.6640","0.0475","5704818278400.0000"
"386.7277","0.0475","5705818112000.0000"
"386.7906","0.0475","5706818355200.0000"
"386.8531","0.0475","5707817779200.0000"
"386.9157","0.0475","5708817612800.0000"
"386.9794","0.0475","5709817446400.0000"
"387.0446","0.0476","5710817280000.0000"
"387.1115","0.0476","5711817523200.0000"
"387.1802","0.0476","5712817356800.0000"
"387.2499","0.0476","5713817190400.0000"
"387.3196","0.0476","5714816614400.0000"
"387.3879","0.0476","5715816857600.0000"
"387.4547","0.0476","5716816691200.0000"
"387.5203","0.0476","5717816524800.0000"
"387.5854","0.0476","5718815948800.0000"
"387.6500","0.0476","5719816192000.0000"
"387.7140","0.0476","5720815616000.0000"
"387.7774","0.0476","5721815449600.0000"
"387.8400","0.0477","5722815692800.0000"
"387.9023","0.0477","5723815526400.0000"
"387.9651","0.0477","5724815769600.0000"
"388.0289","0.0477","5725815603200.0000"
"388.0942","0.0477","5726815436800.0000"
"388.1613","0.0477","5727815680000.0000"
"388.2307","0.0477","5728815513600.0000"
"388.3020","0.0477","5729815756800.0000"
"388.3747","0.0477","5730815590400.0000"
"388.4482","0.0477","5731815833600.0000"
"388.5221","0.0477","5732815667200.0000"
"388.5957","0.0477","5733815910400.0000"
"388.6684","0.0478","5734816563200.0000"
"388.7393","0.0478","5735816396800.0000"
"388.8078","0.0478","5736816230400.0000"
"388.8734","0.0478","5737816064000.0000"
"388.9366","0.0478","5738816716800.0000"
"388.9982","0.0478","5739816550400.0000"
"389.0593","0.0478","5740816384000.0000"
"389.1203","0.0478","5741816217600.0000"
"389.1817","0.0478","5742816460800.0000"
"389.2446","0.0478","5743816704000.0000"
"389.3094","0.0478","5744816537600.0000"
"389.3757","0.0478","5745816371200.0000"
"389.4427","0.0478","5746817024000.0000"
"389.5104","0.0479","5747816857600.0000"
"389.5788","0.0479","5748817510400.0000"
"389.6482","0.0479","5749817344000.0000"
"389.7186","0.0479","5750817587200.0000"
"389.7900","0.0479","5751817420800.0000"
"389.8617","0.0479","5752818073600.0000"
"389.9322","0.0479","5753817907200.0000"
"390.0004","0.0479","5754818150400.0000"
"390.0662","0.0479","5755818393600.0000"
"390.1302","0.0479","5756818636800.0000"
"390.1937","0.0479","5757818470400.0000"
"390.2581","0.0479","5758819123200.0000"
"390.3239","0.0480","5759819366400.0000"
"390.3912","0.0480","5760819200000.0000"
"390.4595","0.0480","5761819443200.0000"
"390.5282","0.0480","5762819276800.0000"
"390.5966","0.0480","5763819110400.0000"
"390.6641","0.0480","5764819353600.0000"
"390.7300","0.0480","5765819596800.0000"
"390.7944","0.0480","5766819430400.0000"
"390.8578","0.0480","5767819264000.0000"
"390.9207","0.0480","5768819916800.0000"
"390.9828","0.0480","5769819750400.0000"
"391.0439","0.0480","5770819584000.0000"
"391.1041","0.0481","5771819827200.0000"
"391.1638","0.0481","5772820480000.0000"
"391.2235","0.0481","5773820313600.0000"
"391.2833","0.0481","5774820556800.0000"
"391.3435","0.0481","5775820800000.0000"
"391.4039","0.0481","5776821043200.0000"
"391.4642","0.0481","5777820876800.0000"
"391.5246","0.0481","5778820710400.0000"
"391.5851","0.0481","5779821363200.0000"
"391.6458","0.0481","5780821196800.0000"
"391.7069","0.0481","5781821030400.0000"
"391.7682","0.0481","5782821273600.0000"
"391.8297","0.0481","5783821107200.0000"
"391.8912","0.0481","5784821350400.0000"
"391.9529","0.0482","5785821593600.0000"
"392.0144","0.0482","5786821836800.0000"
"392.0758","0.0482","5787821670400.0000"
"392.1375","0.0482","5788821504000.0000"
"392.2002","0.0482","5789821747200.0000"
"392.2645","0.0482","5790821990400.0000"
"392.3304","0.0482","5791821824000.0000"
"392.3977","0.0482","5792821657600.0000"
"392.4661","0.0482","5793821900800.0000"
"392.5356","0.0482","5794822144000.0000"
"392.6065","0.0482","5795821977600.0000"
"392.6779","0.0482","5796822220800.0000"
"392.7493","0.0483","5797822464000.0000"
"392.8202","0.0483","5798822707200.0000"
"392.8902","0.0483","5799822540800.0000"
"392.9591","0.0483","5800823193600.0000"
"393.0264","0.0483","5801823027200.0000"
"393.0922","0.0483","5802822860800.0000"
"393.1570","0.0483","5803823104000.0000"
"393.2213","0.0483","5804822937600.0000"
"393.2857","0.0483","5805822771200.0000"
"393.3502","0.0483","5806822604800.0000"
"393.4147","0.0483","5807823257600.0000"
"393.4797","0.0483","5808823091200.0000"
"393.5456","0.0484","5809823334400.0000"
"393.6125","0.0484","5810823577600.0000"
"393.6801","0.0484","5811823411200.0000"
"393.7481","0.0484","5812823244800.0000"
"393.8159","0.0484","5813823078400.0000"
"393.8825","0.0484","5814822912000.0000"
"393.9474","0.0484","5815823155200.0000"
"394.0104","0.0484","5816823398400.0000"
"394.0720","0.0484","5817823232000.0000"
"394.1326","0.0484","5818823475200.0000"
"394.1924","0.0484","5819823308800.0000"
"394.2514","0.0484","5820823142400.0000"
"394.3103","0.0484","5821823385600.0000"
"394.3700","0.0485","5822823628800.0000"
"394.4314","0.0485","5823823872000.0000"
"394.4950","0.0485","5824823705600.0000"
"394.5608","0.0485","5825823948800.0000"
"394.6281","0.0485","5826823782400.0000"
"394.6963","0.0485","5827823616000.0000"
"394.7648","0.0485","5828823449600.0000"
"394.8334","0.0485","5829823692800.0000"
"394.9018","0.0485","5830823526400.0000"
"394.9698","0.0485","5831823360000.0000"
"395.0373","0.0485","5832823193600.0000"
"395.1039","0.0485","5833823846400.0000"
"395.1694","0.0486","5834823680000.0000"
"395.2341","0.0486","5835823513600.0000"
"395.2982","0.0486","5836823347200.0000"
"395.3625","0.0486","5837823590400.0000"
"395.4272","0.0486","5838823424000.0000"
"395.4927","0.0486","5839823257600.0000"
"395.5587","0.0486","5840823091200.0000"
"395.6247","0.0486","5841823334400.0000"
"395.6906","0.0486","5842823168000.0000"
"395.7561","0.0486","5843823001600.0000"
"395.8207","0.0486","5844823244800.0000"
"395.8840","0.0486","5845823488000.0000"
"395.9460","0.0486","5846823321600.0000"
"396.0071","0.0487","5847823155200.0000"
"396.0682","0.0487","5848822988800.0000"
"396.1295","0.0487","5849823232000.0000"
"396.1909","0.0487","5850823065600.0000"
"396.2521","0.0487","5851822899200.0000"
"396.3127","0.0487","5852822732800.0000"
"396.3732","0.0487","5853822976000.0000"
"396.4338","0.0487","5854822809600.0000"
"396.4948","0.0487","5855823052800.0000"
"396.5558","0.0487","5856822886400.0000"
"396.6167","0.0487","5857823129600.0000"
"396.6772","0.0487","5858822963200.0000"
"396.7377","0.0487","5859822387200.0000"
"396.7990","0.0488","5860822220800.0000"
"396.8609","0.0488","5861822054400.0000"
"396.9231","0.0488","5862822297600.0000"
"396.9853","0.0488","5863822131200.0000"
"397.0475","0.0488","5864821555200.0000"
"397.1100","0.0488","5865821388800.0000"
"397.1719","0.0488","5866821632000.0000"
"397.2324","0.0488","5867821465600.0000"
"397.2915","0.0488","5868821299200.0000"
"397.3505","0.0488","5869821132800.0000"
"397.4104","0.0488","5870821376000.0000"
"397.4717","0.0488","5871821209600.0000"
"397.5341","0.0488","5872821043200.0000"
"397.5971","0.0488","5873820876800.0000"
"397.6597","0.0489","5874820710400.0000"
"397.7216","0.0489","5875820544000.0000"
"397.7827","0.0489","5876820377600.0000"
"397.8425","0.0489","5877820620800.0000"
"397.9012","0.0489","5878820454400.0000"
"397.9591","0.0489","5879820697600.0000"
"398.0170","0.0489","5880820531200.0000"
"398.0746","0.0489","5881820364800.0000"
"398.1317","0.0489","5882820608000.0000"
"398.1875","0.0489","5883820441600.0000"
"398.2424","0.0489","5884819865600.0000"
"398.2972","0.0489","5885819699200.0000"
"398.3533","0.0489","5886819532800.0000"
"398.4116","0.0489","5887819776000.0000"
"398.4714","0.0490","5888820019200.0000"
"398.5323","0.0490","5889819852800.0000"
"398.5934","0.0490","5890819686400.0000"
"398.6549","0.0490","5891819520000.0000"
"398.7164","0.0490","5892819353600.0000"
"398.7779","0.0490","5893819596800.0000"
"398.8395","0.0490","5894819430400.0000"
"398.9013","0.0490","5895819673600.0000"
"398.9633","0.0490","5896819507200.0000"
"399.0249","0.0490","5897819340800.0000"
"399.0855","0.0490","5898819174400.0000"
"399.1450","0.0490","5899819417600.0000"
"399.2037","0.0490","5900820070400.0000"
"399.2626","0.0491","5901819904000.0000"
"399.3222","0.0491","5902819737600.0000"
"399.3826","0.0491","5903819980800.0000"
"399.4438","0.0491","5904819814400.0000"
"399.5059","0.0491","5905819648000.0000"
"399.5685","0.0491","5906819891200.0000"
"399.6313","0.0491","5907819724800.0000"
"399.6942","0.0491","5908819558400.0000"
"399.7574","0.0491","5909819392000.0000"
"399.8207","0.0491","5910819635200.0000"
"399.8839","0.0491","5911819468800.0000"
"399.9470","0.0491","5912819712000.0000"
"400.0102","0.0491","5913819545600.0000"
"400.0733","0.0492","5914819788800.0000"
"400.1357","0.0492","5915820032000.0000"
"400.1974","0.0492","5916819865600.0000"
"400.2590","0.0492","5917819699200.0000"
"400.3213","0.0492","5918820352000.0000"
"400.3843","0.0492","5919820185600.0000"
"400.4477","0.0492","5920820019200.0000"
"400.5107","0.0492","5921820672000.0000"
"400.5732","0.0492","5922820505600.0000"
"400.6355","0.0492","5923820339200.0000"
"400.6974","0.0492","5924820992000.0000"
"400.7586","0.0492","5925821235200.0000"
"400.8187","0.0492","5926821068800.0000"
"400.8779","0.0493","5927820902400.0000"
"400.9365","0.0493","5928821145600.0000"
"400.9947","0.0493","5929820979200.0000"
"401.0527","0.0493","5930820812800.0000"
"401.1104","0.0493","5931820646400.0000"
"401.1676","0.0493","5932820889600.0000"
"401.2242","0.0493","5933820723200.0000"
"401.2806","0.0493","5934820556800.0000"
"401.3372","0.0493","5935820800000.0000"
"401.3939","0.0493","5936821043200.0000"
"401.4507","0.0493","5937820876800.0000"
"401.5079","0.0493","5938821120000.0000"
"401.5657","0.0493","5939821363200.0000"
"401.6243","0.0493","5940821196800.0000"
"401.6838","0.0494","5941821030400.0000"
"401.7437","0.0494","5942820864000.0000"
"401.8039","0.0494","5943821107200.0000"
"401.8640","0.0494","5944820940800.0000"
"401.9233","0.0494","5945820774400.0000"
"401.9812","0.0494","5946820608000.0000"
"402.0367","0.0494","5947820851200.0000"
"402.0898","0.0494","5948821504000.0000"
"402.1412","0.0494","5949821337600.0000"
"402.1924","0.0494","5950821580800.0000"
"402.2448","0.0494","5951821004800.0000"
"402.2993","0.0494","5952820838400.0000"
"402.3559","0.0494","5953820672000.0000"
"402.4149","0.0494","5954820505600.0000"
"402.4756","0.0494","5955820748800.0000"
"402.5381","0.0495","5956820582400.0000"
"402.6019","0.0495","5957820416000.0000"
"402.6665","0.0495","5958819840000.0000"
"402.7312","0.0495","5959820492800.0000"
"402.7956","0.0495","5960820326400.0000"
"402.8599","0.0495","5961820160000.0000"
"402.9240","0.0495","5962819993600.0000"
"402.9875","0.0495","5963819827200.0000"
"403.0501","0.0495","5964819660800.0000"
"403.1118","0.0495","5965819494400.0000"
"403.1731","0.0495","5966819328000.0000"
"403.2349","0.0495","5967819161600.0000"
"403.2976","0.0495","5968819404800.0000"
"403.3611","0.0496","5969819238400.0000"
"403.4255","0.0496","5970819072000.0000"
"403.4906","0.0496","5971818905600.0000"
"403.5563","0.0496","5972819148800.0000"
"403.6223","0.0496","5973818982400.0000"
"403.6876","0.0496","5974818816000.0000"
"403.7520","0.0496","5975818649600.0000"
"403.8149","0.0496","5976818892800.0000"
"403.8767","0.0496","5977818726400.0000"
"403.9372","0.0496","5978818560000.0000"
"403.9961","0.0496","5979818393600.0000"
"404.0537","0.0496","5980817817600.0000"
"404.1106","0.0496","5981818470400.0000"
"404.1677","0.0497","5982818304000.0000"
"404.2258","0.0497","5983818137600.0000"
"404.2850","0.0497","5984818380800.0000"
"404.3452","0.0497","5985818214400.0000"
"404.4061","0.0497","5986818048000.0000"
"404.4679","0.0497","5987817881600.0000"
"404.5311","0.0497","5988817715200.0000"
"404.5958","0.0497","5989817958400.0000"
"404.6610","0.0497","5990817792000.0000"
"404.7263","0.0497","5991817625600.0000"
"404.7912","0.0497","5992817868800.0000"
"404.8554","0.0497","5993818521600.0000"
"404.9185","0.0497","5994818355200.0000"
"404.9798","0.0498","5995818188800.0000"
"405.0390","0.0498","5996818432000.0000"
"405.0971","0.0498","5997818675200.0000"
"405.1555","0.0498","5998818508800.0000"
"405.2151","0.0498","5999818752000.0000"
"405.2755","0.0498","6000818585600.0000"
"405.3361","0.0498","6001818419200.0000"
"405.3963","0.0498","6002818252800.0000"
"405.4556","0.0498","6003818086400.0000"
"405.5141","0.0498","6004818329600.0000"
"405.5716","0.0498","6005818572800.0000"
"405.6276","0.0498","6006818406400.0000"
"405.6822","0.0498","6007818649600.0000"
"405.7355","0.0498","6008818483200.0000"
"405.7880","0.0499","6009818316800.0000"
"405.8396","0.0499","6010818150400.0000"
"405.8902","0.0499","6011818393600.0000"
"405.9395","0.0499","6012818636800.0000"
"405.9884","0.0499","6013818470400.0000"
"406.0376","0.0499","6014818713600.0000"
"406.0877","0.0499","6015818547200.0000"
"406.1387","0.0499","6016818790400.0000"
"406.1905","0.0499","6017819033600.0000"
"406.2428","0.0499","6018819276800.0000"
"406.2957","0.0499","6019819110400.0000"
"406.3496","0.0499","6020818944000.0000"
"406.4048","0.0499","6021818777600.0000"
"406.4604","0.0499","6022819020800.0000"
"406.5164","0.0499","6023819264000.0000"
"406.5730","0.0500","6024819097600.0000"
"406.6304","0.0500","6025818931200.0000"
"406.6884","0.0500","6026819174400.0000"
"406.7458","0.0500","6027819008000.0000"
"406.8025","0.0500","6028818841600.0000"
"406.8589","0.0500","6029818675200.0000"
"406.9159","0.0500","6030818918400.0000"
"406.9738","0.0500","6031818752000.0000"
"407.0329","0.0500","6032818585600.0000"
"407.0927","0.0500","6033818419200.0000"
"407.1530","0.0500","6034818252800.0000"
"407.2136","0.0500","6035818086400.0000"
"407.2740","0.0500","6036817920000.0000"
"407.3338","0.0500","6037817753600.0000"
"407.3930","0.0501","6038817996800.0000"
"407.4518","0.0501","6039817830400.0000"
"407.5101","0.0501","6040817664000.0000"
"407.5682","0.0501","6041817497600.0000"
"407.6260","0.0501","6042817331200.0000"
"407.6831","0.0501","6043817574400.0000"
"407.7393","0.0501","6044817408000.0000"
"407.7950","0.0501","6045817241600.0000"
"407.8514","0.0501","6046817484800.0000"
"407.9091","0.0501","6047817318400.0000"
"407.9681","0.0501","6048817152000.0000"
"408.0286","0.0501","6049816985600.0000"
"408.0902","0.0501","6050816819200.0000"
"408.1527","0.0501","6051817062400.0000"
"408.2160","0.0502","6052816896000.0000"
"408.2793","0.0502","6053816729600.0000"
"408.3423","0.0502","6054816153600.0000"
"408.4043","0.0502","6055816396800.0000"
"408.4652","0.0502","6056816230400.0000"
"408.5250","0.0502","6057816064000.0000"
"408.5841","0.0502","6058815897600.0000"
"408.6428","0.0502","6059815731200.0000"
"408.7015","0.0502","6060815974400.0000"
"408.7605","0.0502","6061816217600.0000"
"408.8196","0.0502","6062816051200.0000"
"408.8791","0.0502","6063816294400.0000"
"408.9393","0.0502","6064816128000.0000"
"409.0001","0.0503","6065815961600.0000"
"409.0610","0.0503","6066815795200.0000"
"409.1214","0.0503","6067816448000.0000"
"409.1812","0.0503","6068816281600.0000"
"409.2402","0.0503","6069816115200.0000"
"409.2984","0.0503","6070815948800.0000"
"409.3558","0.0503","6071816601600.0000"
"409.4125","0.0503","6072816435200.0000"
"409.4687","0.0503","6073816268800.0000"
"409.5252","0.0503","6074816102400.0000"
"409.5820","0.0503","6075816755200.0000"
"409.6390","0.0503","6076816588800.0000"
"409.6960","0.0503","6077816422400.0000"
"409.7533","0.0503","6078817075200.0000"
"409.8117","0.0503","6079816908800.0000"
"409.8713","0.0504","6080816742400.0000"
"409.9319","0.0504","6081817395200.0000"
"409.9929","0.0504","6082817228800.0000"
"410.0538","0.0504","6083817472000.0000"
"410.1143","0.0504","6084817715200.0000"
"410.1741","0.0504","6085817958400.0000"
"410.2337","0.0504","6086818201600.0000"
"410.2934","0.0504","6087818444800.0000"
"410.3532","0.0504","6088819097600.0000"
"410.4131","0.0504","6089818931200.0000"
"410.4722","0.0504","6090819174400.0000"
"410.5303","0.0504","6091819417600.0000"
"410.5875","0.0504","6092819660800.0000"
"410.6443","0.0505","6093820313600.0000"
"410.7015","0.0505","6094820556800.0000"
"410.7598","0.0505","6095820390400.0000"
"410.8193","0.0505","6096821043200.0000"
"410.8797","0.0505","6097821286400.0000"
"410.9402","0.0505","6098821120000.0000"
"411.0001","0.0505","6099821772800.0000"
"411.0588","0.0505","6100822016000.0000"
"411.1160","0.0505","6101822259200.0000"
"411.1712","0.0505","6102822502400.0000"
"411.2246","0.0505","6103822336000.0000"
"411.2772","0.0505","6104822579200.0000"
"411.3295","0.0505","6105823232000.0000"
"411.3817","0.0505","6106823065600.0000"
"411.4342","0.0505","6107823308800.0000"
"411.4868","0.0506","6108823552000.0000"
"411.5394","0.0506","6109823795200.0000"
"411.5922","0.0506","6110823628800.0000"
"411.6460","0.0506","6111823872000.0000"
"411.7014","0.0506","6112824115200.0000"
"411.7586","0.0506","6113824358400.0000"
"411.8171","0.0506","6114824601600.0000"
"411.8763","0.0506","6115825254400.0000"
"411.9354","0.0506","6116825088000.0000"
"411.9940","0.0506","6117824921600.0000"
"412.0517","0.0506","6118825164800.0000"
"412.1084","0.0506","6119824998400.0000"
"412.1645","0.0506","6120824832000.0000"
"412.2202","0.0506","6121825484800.0000"
"412.2755","0.0507","6122825318400.0000"
"412.3297","0.0507","6123825152000.0000"
"412.3830","0.0507","6124824985600.0000"
"412.4359","0.0507","6125824819200.0000"
"412.4889","0.0507","6126825062400.0000"
"412.5426","0.0507","6127825305600.0000"
"412.5969","0.0507","6128824729600.0000"
"412.6515","0.0507","6129824563200.0000"
"412.7066","0.0507","6130824806400.0000"
"412.7625","0.0507","6131824640000.0000"
"412.8188","0.0507","6132824473600.0000"
"412.8751","0.0507","6133824307200.0000"
"412.9311","0.0507","6134824550400.0000"
"412.9869","0.0507","6135824384000.0000"
"413.0433","0.0507","6136824217600.0000"
"413.1003","0.0508","6137824460800.0000"
"413.1576","0.0508","6138824704000.0000"
"413.2147","0.0508","6139824537600.0000"
"413.2715","0.0508","6140824371200.0000"
"413.3279","0.0508","6141824204800.0000"
"413.3840","0.0508","6142824448000.0000"
"413.4404","0.0508","6143824281600.0000"
"413.4976","0.0508","6144823705600.0000"
"413.5560","0.0508","6145823539200.0000"
"413.6153","0.0508","6146823782400.0000"
"413.6753","0.0508","6147823616000.0000"
"413.7356","0.0508","6148823449600.0000"
"413.7962","0.0508","6149823692800.0000"
"413.8567","0.0508","6150823526400.0000"
"413.9168","0.0509","6151823360000.0000"
"413.9761","0.0509","6152823193600.0000"
"414.0348","0.0509","6153823027200.0000"
"414.0927","0.0509","6154822860800.0000"
"414.1498","0.0509","6155823104000.0000"
"414.2064","0.0509","6156822937600.0000"
"414.2621","0.0509","6157822771200.0000"
"414.3172","0.0509","6158822604800.0000"
"414.3719","0.0509","6159822438400.0000"
"414.4270","0.0509","6160822681600.0000"
"414.4828","0.0509","6161822515200.0000"
"414.5396","0.0509","6162822348800.0000"
"414.5975","0.0509","6163822592000.0000"
"414.6567","0.0509","6164822425600.0000"
"414.7171","0.0510","6165822259200.0000"
"414.7783","0.0510","6166822092800.0000"
"414.8397","0.0510","6167822336000.0000"
"414.9009","0.0510","6168822169600.0000"
"414.9620","0.0510","6169822003200.0000"
"415.0228","0.0510","6170821836800.0000"
"415.0830","0.0510","6171822489600.0000"
"415.1426","0.0510","6172822323200.0000"
"415.2018","0.0510","6173822156800.0000"
"415.2612","0.0510","6174821990400.0000"
"415.3213","0.0510","6175822233600.0000"
"415.3824","0.0510","6176822067200.0000"
"415.4447","0.0510","6177821900800.0000"
"415.5078","0.0510","6178821734400.0000"
"415.5713","0.0511","6179821977600.0000"
"415.6349","0.0511","6180821811200.0000"
"415.6984","0.0511","6181821644800.0000"
"415.7609","0.0511","6182821888000.0000"
"415.8221","0.0511","6183822131200.0000"
"415.8822","0.0511","6184821964800.0000"
"415.9413","0.0511","6185821798400.0000"
"415.9997","0.0511","6186821632000.0000"
"416.0576","0.0511","6187821875200.0000"
"416.1148","0.0511","6188821708800.0000"
"416.1713","0.0511","6189821542400.0000"
"416.2277","0.0511","6190820966400.0000"
"416.2849","0.0511","6191820800000.0000"
"416.3436","0.0512","6192821043200.0000"
"416.4043","0.0512","6193820876800.0000"
"416.4670","0.0512","6194821120000.0000"
"416.5310","0.0512","6195821363200.0000"
"416.5954","0.0512","6196820787200.0000"
"416.6596","0.0512","6197820620800.0000"
"416.7229","0.0512","6198820454400.0000"
"416.7854","0.0512","6199820288000.0000"
"416.8474","0.0512","6200819712000.0000"
"416.9090","0.0512","6201819955200.0000"
"416.9700","0.0512","6202819788800.0000"
"417.0300","0.0512","6203819212800.0000"
"417.0885","0.0512","6204819456000.0000"
"417.1453","0.0513","6205819699200.0000"
"417.2008","0.0513","6206819532800.0000"
"417.2564","0.0513","6207818956800.0000"
"417.3130","0.0513","6208818790400.0000"
"417.3708","0.0513","6209818624000.0000"
"417.4294","0.0513","6210818457600.0000"
"417.4882","0.0513","6211818291200.0000"
"417.5471","0.0513","6212818124800.0000"
"417.6064","0.0513","6213817958400.0000"
"417.6659","0.0513","6214817792000.0000"
"417.7250","0.0513","6215817625600.0000"
"417.7839","0.0513","6216817459200.0000"
"417.8423","0.0513","6217817292800.0000"
"417.8993","0.0513","6218817126400.0000"
"417.9539","0.0514","6219816960000.0000"
"418.0063","0.0514","6220816793600.0000"
"418.0573","0.0514","6221816627200.0000"
"418.1080","0.0514","6222816460800.0000"
"418.1595","0.0514","6223816294400.0000"
"418.2124","0.0514","6224816128000.0000"
"418.2670","0.0514","6225815961600.0000"
"418.3234","0.0514","6226815795200.0000"
"418.3811","0.0514","6227815628800.0000"
"418.4395","0.0514","6228815052800.0000"
"418.4979","0.0514","6229815296000.0000"
"418.5559","0.0514","6230815129600.0000"
"418.6137","0.0514","6231814963200.0000"
"418.6710","0.0514","6232815206400.0000"
"418.7278","0.0514","6233815040000.0000"
"418.7838","0.0515","6234814873600.0000"
"418.8388","0.0515","6235814707200.0000"
"418.8922","0.0515","6236814950400.0000"
"418.9442","0.0515","6237815603200.0000"
"418.9958","0.0515","6238815436800.0000"
"419.0486","0.0515","6239815270400.0000"
"419.1032","0.0515","6240815513600.0000"
"419.1595","0.0515","6241815347200.0000"
"419.2166","0.0515","6242815180800.0000"
"419.2735","0.0515","6243815014400.0000"
"419.3297","0.0515","6244815667200.0000"
"419.3852","0.0515","6245815500800.0000"
"419.4400","0.0515","6246815334400.0000"
"419.4945","0.0515","6247815577600.0000"
"419.5488","0.0515","6248816230400.0000"
"419.6032","0.0516","6249816064000.0000"
"419.6574","0.0516","6250816307200.0000"
"419.7111","0.0516","6251816140800.0000"
"419.7639","0.0516","6252816384000.0000"
"419.8149","0.0516","6253816217600.0000"
"419.8640","0.0516","6254816051200.0000"
"419.9120","0.0516","6255816704000.0000"
"419.9599","0.0516","6256816537600.0000"
"420.0083","0.0516","6257817190400.0000"
"420.0576","0.0516","6258817024000.0000"
"420.1081","0.0516","6259817676800.0000"
"420.1602","0.0516","6260817510400.0000"
"420.2135","0.0516","6261818163200.0000"
"420.2675","0.0516","6262819225600.0000"
"420.3217","0.0516","6263819059200.0000"
"420.3759","0.0516","6264819712000.0000"
"420.4304","0.0517","6265819545600.0000"
"420.4851","0.0517","6266819788800.0000"
"420.5399","0.0517","6267819622400.0000"
"420.5946","0.0517","6268820275200.0000"
"420.6492","0.0517","6269820108800.0000"
"420.7042","0.0517","6270819942400.0000"
"420.7605","0.0517","6271820595200.0000"
"420.8186","0.0517","6272820428800.0000"
"420.8782","0.0517","6273821081600.0000"
"420.9388","0.0517","6274821734400.0000"
"420.9996","0.0517","6275821568000.0000"
"421.0598","0.0517","6276822220800.0000"
"421.1189","0.0517","6277822464000.0000"
"421.1770","0.0517","6278822297600.0000"
"421.2351","0.0518","6279822131200.0000"
"421.2935","0.0518","6280822374400.0000"
"421.3522","0.0518","6281822208000.0000"
"421.4111","0.0518","6282822860800.0000"
"421.4703","0.0518","6283823513600.0000"
"421.5291","0.0518","6284823347200.0000"
"421.5870","0.0518","6285823180800.0000"
"421.6441","0.0518","6286823833600.0000"
"421.7006","0.0518","6287823667200.0000"
"421.7572","0.0518","6288823500800.0000"
"421.8141","0.0518","6289823744000.0000"
"421.8715","0.0518","6290824396800.0000"
"421.9291","0.0518","6291824230400.0000"
"421.9867","0.0518","6292824064000.0000"
"422.0443","0.0519","6293823897600.0000"
"422.1016","0.0519","6294824550400.0000"
"422.1582","0.0519","6295824384000.0000"
"422.2137","0.0519","6296824217600.0000"
"422.2679","0.0519","6297824051200.0000"
"422.3206","0.0519","6298823884800.0000"
"422.3720","0.0519","6299823718400.0000"
"422.4218","0.0519","6300823552000.0000"
"422.4707","0.0519","6301824204800.0000"
"422.5201","0.0519","6302824038400.0000"
"422.5711","0.0519","6303823872000.0000"
"422.6237","0.0519","6304823705600.0000"
"422.6779","0.0519","6305823539200.0000"
"422.7332","0.0519","6306823372800.0000"
"422.7892","0.0519","6307823206400.0000"
"422.8455","0.0520","6308823040000.0000"
"422.9020","0.0520","6309823692800.0000"
"422.9584","0.0520","6310823526400.0000"
"423.0145","0.0520","6311823360000.0000"
"423.0700","0.0520","6312823603200.0000"
"423.1256","0.0520","6313824256000.0000"
"423.1814","0.0520","6314824089600.0000"
"423.2371","0.0520","6315823923200.0000"
"423.2924","0.0520","6316823756800.0000"
"423.3469","0.0520","6317823590400.0000"
"423.4007","0.0520","6318823424000.0000"
"423.4540","0.0520","6319823257600.0000"
"423.5072","0.0520","6320823091200.0000"
"423.5612","0.0520","6321822924800.0000"
"423.6164","0.0520","6322822758400.0000"
"423.6724","0.0521","6323822592000.0000"
"423.7284","0.0521","6324822835200.0000"
"423.7838","0.0521","6325823488000.0000"
"423.8384","0.0521","6326823321600.0000"
"423.8924","0.0521","6327823155200.0000"
"423.9455","0.0521","6328822988800.0000"
"423.9973","0.0521","6329823641600.0000"
"424.0472","0.0521","6330823475200.0000"
"424.0955","0.0521","6331823308800.0000"
"424.1424","0.0521","6332823142400.0000"
"424.1883","0.0521","6333822976000.0000"
"424.2339","0.0521","6334822809600.0000"
"424.2800","0.0521","6335823052800.0000"
"424.3271","0.0521","6336823296000.0000"
"424.3752","0.0521","6337823129600.0000"
"424.4240","0.0521","6338822963200.0000"
"424.4729","0.0522","6339822796800.0000"
"424.5215","0.0522","6340823449600.0000"
"424.5696","0.0522","6341823283200.0000"
"424.6175","0.0522","6342823116800.0000"
"424.6653","0.0522","6343822950400.0000"
"424.7128","0.0522","6344822784000.0000"
"424.7596","0.0522","6345822617600.0000"
"424.8064","0.0522","6346822451200.0000"
"424.8535","0.0522","6347822694400.0000"
"424.9014","0.0522","6348823347200.0000"
"424.9501","0.0522","6349823180800.0000"
"424.9998","0.0522","6350823014400.0000"
"425.0504","0.0522","6351822848000.0000"
"425.1019","0.0522","6352823500800.0000"
"425.1542","0.0522","6353823334400.0000"
"425.2076","0.0522","6354823168000.0000"
"425.2619","0.0522","6355823820800.0000"
"425.3168","0.0523","6356823654400.0000"
"425.3721","0.0523","6357823488000.0000"
"425.4277","0.0523","6358823321600.0000"
"425.4833","0.0523","6359823974400.0000"
"425.5385","0.0523","6360823808000.0000"
"425.5927","0.0523","6361823641600.0000"
"425.6456","0.0523","6362823475200.0000"
"425.6973","0.0523","6363824128000.0000"
"425.7480","0.0523","6364823961600.0000"
"425.7983","0.0523","6365823795200.0000"
"425.8494","0.0523","6366823628800.0000"
"425.9022","0.0523","6367823462400.0000"
"425.9569","0.0523","6368823296000.0000"
"426.0128","0.0523","6369823129600.0000"
"426.0695","0.0523","6370823782400.0000"
"426.1270","0.0524","6371824025600.0000"
"426.1856","0.0524","6372823859200.0000"
"426.2448","0.0524","6373823692800.0000"
"426.3037","0.0524","6374823526400.0000"
"426.3616","0.0524","6375823360000.0000"
"426.4179","0.0524","6376823193600.0000"
"426.4725","0.0524","6377823027200.0000"
"426.5254","0.0524","6378823680000.0000"
"426.5769","0.0524","6379823513600.0000"
"426.6273","0.0524","6380823347200.0000"
"426.6771","0.0524","6381823180800.0000"
"426.7268","0.0524","6382823833600.0000"
"426.7769","0.0524","6383824076800.0000"
"426.8276","0.0524","6384823910400.0000"
"426.8789","0.0524","6385823744000.0000"
"426.9313","0.0525","6386823577600.0000"
"426.9851","0.0525","6387823411200.0000"
"427.0397","0.0525","6388823244800.0000"
"427.0939","0.0525","6389823078400.0000"
"427.1469","0.0525","6390822912000.0000"
"427.1986","0.0525","6391822745600.0000"
"427.2490","0.0525","6392822579200.0000"
"427.2978","0.0525","6393822412800.0000"
"427.3449","0.0525","6394822656000.0000"
"427.3905","0.0525","6395822489600.0000"
"427.4346","0.0525","6396822323200.0000"
"427.4776","0.0525","6397822156800.0000"
"427.5204","0.0525","6398821171200.0000"
"427.5639","0.0525","6399821004800.0000"
"427.6089","0.0525","6400822067200.0000"
"427.6551","0.0525","6401821491200.0000"
"427.7028","0.0525","6402821734400.0000"
"427.7516","0.0526","6403820339200.0000"
"427.8016","0.0526","6404820992000.0000"
"427.8523","0.0526","6405820825600.0000"
"427.9039","0.0526","6406820659200.0000"
"427.9564","0.0526","6407820492800.0000"
"428.0094","0.0526","6408820326400.0000"
"428.0617","0.0526","6409820160000.0000"
"428.1130","0.0526","6410819993600.0000"
"428.1631","0.0526","6411820236800.0000"
"428.2123","0.0526","6412819660800.0000"
"428.2612","0.0526","6413819904000.0000"
"428.3107","0.0526","6414819328000.0000"
"428.3612","0.0526","6415819571200.0000"
"428.4127","0.0526","6416818995200.0000"
"428.4650","0.0526","6417819238400.0000"
"428.5178","0.0526","6418818662400.0000"
"428.5707","0.0527","6419818905600.0000"
"428.6237","0.0527","6420819148800.0000"
"428.6768","0.0527","6421819392000.0000"
"428.7297","0.0527","6422819635200.0000"
"428.7827","0.0527","6423819059200.0000"
"428.8359","0.0527","6424819302400.0000"
"428.8893","0.0527","6425819545600.0000"
"428.9428","0.0527","6426819788800.0000"
"428.9963","0.0527","6427819212800.0000"
"429.0493","0.0527","6428819456000.0000"
"429.1012","0.0527","6429819699200.0000"
"429.1521","0.0527","6430819942400.0000"
"429.2023","0.0527","6431819366400.0000"
"429.2520","0.0527","6432819609600.0000"
"429.3013","0.0527","6433820672000.0000"
"429.3505","0.0528","6434820096000.0000"
"429.4001","0.0528","6435820339200.0000"
"429.4504","0.0528","6436819763200.0000"
"429.5007","0.0528","6437820006400.0000"
"429.5502","0.0528","6438820249600.0000"
"429.5988","0.0528","6439820083200.0000"
"429.6465","0.0528","6440819916800.0000"
"429.6932","0.0528","6441819750400.0000"
"429.7382","0.0528","6442819584000.0000"
"429.7815","0.0528","6443820236800.0000"
"429.8231","0.0528","6444819660800.0000"
"429.8633","0.0528","6445819904000.0000"
"429.9028","0.0528","6446820966400.0000"
"429.9426","0.0528","6447820390400.0000"
"429.9838","0.0528","6448820633600.0000"
"430.0275","0.0528","6449820057600.0000"
"430.0735","0.0528","6450821120000.0000"
"430.1216","0.0528","6451820544000.0000"
"430.1714","0.0529","6452820787200.0000"
"430.2227","0.0529","6453820211200.0000"
"430.2747","0.0529","6454820454400.0000"
"430.3274","0.0529","6455819878400.0000"
"430.3803","0.0529","6456820940800.0000"
"430.4333","0.0529","6457821184000.0000"
"430.4861","0.0529","6458820608000.0000"
"430.5385","0.0529","6459820851200.0000"
"430.5899","0.0529","6460820275200.0000"
"430.6402","0.0529","6461820518400.0000"
"430.6898","0.0529","6462819942400.0000"
"430.7397","0.0529","6463820185600.0000"
"430.7904","0.0529","6464819609600.0000"
"430.8422","0.0529","6465819852800.0000"
"430.8945","0.0529","6466820096000.0000"
"430.9469","0.0529","6467819520000.0000"
"430.9991","0.0530","6468819763200.0000"
"431.0505","0.0530","6469819187200.0000"
"431.1010","0.0530","6470819430400.0000"
"431.1507","0.0530","6471819673600.0000"
"431.1996","0.0530","6472819097600.0000"
"431.2481","0.0530","6473818521600.0000"
"431.2961","0.0530","6474818764800.0000"
"431.3437","0.0530","6475819008000.0000"
"431.3904","0.0530","6476818841600.0000"
"431.4359","0.0530","6477818675200.0000"
"431.4805","0.0530","6478818508800.0000"
"431.5254","0.0530","6479818342400.0000"
"431.5718","0.0530","6480818176000.0000"
"431.6207","0.0530","6481818419200.0000"
"431.6718","0.0530","6482817843200.0000"
"431.7248","0.0530","6483817676800.0000"
"431.7788","0.0530","6484817510400.0000"
"431.8330","0.0531","6485816934400.0000"
"431.8867","0.0531","6486816768000.0000"
"431.9396","0.0531","6487816601600.0000"
"431.9917","0.0531","6488816435200.0000"
"432.0429","0.0531","6489816268800.0000"
"432.0934","0.0531","6490816512000.0000"
"432.1430","0.0531","6491815936000.0000"
"432.1917","0.0531","6492816179200.0000"
"432.2391","0.0531","6493815193600.0000"
"432.2849","0.0531","6494815846400.0000"
"432.3294","0.0531","6495815270400.0000"
"432.3736","0.0531","6496815104000.0000"
"432.4182","0.0531","6497814528000.0000"
"432.4642","0.0531","6498815180800.0000"
"432.5117","0.0531","6499815424000.0000"
"432.5603","0.0531","6500814848000.0000"
"432.6099","0.0532","6501815091200.0000"
"432.6603","0.0532","6502814515200.0000"
"432.7114","0.0532","6503814758400.0000"
"432.7626","0.0532","6504814182400.0000"
"432.8132","0.0532","6505814425600.0000"
"432.8627","0.0532","6506813849600.0000"
"432.9110","0.0532","6507814092800.0000"
"432.9580","0.0532","6508813516800.0000"
"433.0037","0.0532","6509813760000.0000"
"433.0484","0.0532","6510814003200.0000"
"433.0929","0.0532","6511814246400.0000"
"433.1374","0.0532","6512814489600.0000"
"433.1820","0.0532","6513813913600.0000"
"433.2266","0.0532","6514814156800.0000"
"433.2711","0.0532","6515813580800.0000"
"433.3156","0.0532","6516813824000.0000"
"433.3601","0.0532","6517813248000.0000"
"433.4046","0.0532","6518813491200.0000"
"433.4490","0.0533","6519813734400.0000"
"433.4936","0.0533","6520813977600.0000"
"433.5383","0.0533","6521813401600.0000"
"433.5834","0.0533","6522813644800.0000"
"433.6291","0.0533","6523814707200.0000"
"433.6755","0.0533","6524814131200.0000"
"433.7226","0.0533","6525814374400.0000"
"433.7699","0.0533","6526814617600.0000"
"433.8172","0.0533","6527814860800.0000"
"433.8648","0.0533","6528814284800.0000"
"433.9127","0.0533","6529814528000.0000"
"433.9607","0.0533","6530814361600.0000"
"434.0084","0.0533","6531814604800.0000"
"434.0556","0.0533","6532814028800.0000"
"434.1022","0.0533","6533815091200.0000"
"434.1481","0.0533","6534814515200.0000"
"434.1940","0.0533","6535814758400.0000"
"434.2402","0.0534","6536815001600.0000"
"434.2867","0.0534","6537815244800.0000"
"434.3336","0.0534","6538815488000.0000"
"434.3803","0.0534","6539814912000.0000"
"434.4260","0.0534","6540815974400.0000"
"434.4706","0.0534","6541815398400.0000"
"434.5143","0.0534","6542815641600.0000"
"434.5574","0.0534","6543815065600.0000"
"434.6008","0.0534","6544816128000.0000"
"434.6448","0.0534","6545815552000.0000"
"434.6895","0.0534","6546815795200.0000"
"434.7351","0.0534","6547816448000.0000"
"434.7815","0.0534","6548816281600.0000"
"434.8283","0.0534","6549816934400.0000"
"434.8748","0.0534","6550816358400.0000"
"434.9209","0.0534","6551817420800.0000"
"434.9665","0.0534","6552816844800.0000"
"435.0119","0.0534","6553817907200.0000"
"435.0566","0.0535","6554817331200.0000"
"435.1007","0.0535","6555817574400.0000"
"435.1440","0.0535","6556817817600.0000"
"435.1866","0.0535","6557818060800.0000"
"435.2288","0.0535","6558817484800.0000"
"435.2718","0.0535","6559817728000.0000"
"435.3169","0.0535","6560818790400.0000"
"435.3650","0.0535","6561818214400.0000"
"435.4156","0.0535","6562818457600.0000"
"435.4679","0.0535","6563818700800.0000"
"435.5213","0.0535","6564818944000.0000"
"435.5754","0.0535","6565818368000.0000"
"435.6295","0.0535","6566818611200.0000"
"435.6823","0.0535","6567818444800.0000"
"435.7333","0.0535","6568818688000.0000"
"435.7825","0.0535","6569818112000.0000"
"435.8298","0.0535","6570819174400.0000"
"435.8752","0.0536","6571818598400.0000"
"435.9185","0.0536","6572818841600.0000"
"435.9601","0.0536","6573819904000.0000"
"436.0010","0.0536","6574819328000.0000"
"436.0424","0.0536","6575820390400.0000"
"436.0849","0.0536","6576819814400.0000"
"436.1287","0.0536","6577820876800.0000"
"436.1741","0.0536","6578820300800.0000"
"436.2208","0.0536","6579820544000.0000"
"436.2682","0.0536","6580820787200.0000"
"436.3157","0.0536","6581821030400.0000"
"436.3625","0.0536","6582820454400.0000"
"436.4081","0.0536","6583820697600.0000"
"436.4524","0.0536","6584820940800.0000"
"436.4956","0.0536","6585820774400.0000"
"436.5378","0.0536","6586821017600.0000"
"436.5798","0.0536","6587821260800.0000"
"436.6218","0.0536","6588821504000.0000"
"436.6638","0.0536","6589820928000.0000"
"436.7059","0.0537","6590821171200.0000"
"436.7486","0.0537","6591821414400.0000"
"436.7929","0.0537","6592821657600.0000"
"436.8392","0.0537","6593821900800.0000"
"436.8868","0.0537","6594822144000.0000"
"436.9350","0.0537","6595822387200.0000"
"436.9833","0.0537","6596822630400.0000"
"437.0319","0.0537","6597822873600.0000"
"437.0806","0.0537","6598823116800.0000"
"437.1292","0.0537","6599823360000.0000"
"437.1770","0.0537","6600823193600.0000"
"437.2238","0.0537","6601823436800.0000"
"437.2699","0.0537","6602822860800.0000"
"437.3156","0.0537","6603823923200.0000"
"437.3612","0.0537","6604823347200.0000"
"437.4066","0.0537","6605823590400.0000"
"437.4516","0.0537","6606823833600.0000"
"437.4965","0.0538","6607824076800.0000"
"437.5422","0.0538","6608823500800.0000"
"437.5894","0.0538","6609824563200.0000"
"437.6382","0.0538","6610823987200.0000"
"437.6880","0.0538","6611824230400.0000"
"437.7385","0.0538","6612824473600.0000"
"437.7888","0.0538","6613824716800.0000"
"437.8384","0.0538","6614824960000.0000"
"437.8870","0.0538","6615825203200.0000"
"437.9342","0.0538","6616825446400.0000"
"437.9802","0.0538","6617824870400.0000"
"438.0257","0.0538","6618825523200.0000"
"438.0710","0.0538","6619825356800.0000"
"438.1155","0.0538","6620826009600.0000"
"438.1585","0.0538","6621825433600.0000"
"438.2002","0.0538","6622825676800.0000"
"438.2414","0.0538","6623825100800.0000"
"438.2836","0.0538","6624826163200.0000"
"438.3271","0.0539","6625826406400.0000"
"438.3718","0.0539","6626825830400.0000"
"438.4174","0.0539","6627826892800.0000"
"438.4632","0.0539","6628826316800.0000"
"438.5091","0.0539","6629826560000.0000"
"438.5552","0.0539","6630825984000.0000"
"438.6018","0.0539","6631827046400.0000"
"438.6484","0.0539","6632826470400.0000"
"438.6945","0.0539","6633826713600.0000"
"438.7395","0.0539","6634826137600.0000"
"438.7832","0.0539","6635826380800.0000"
"438.8256","0.0539","6636826624000.0000"
"438.8669","0.0539","6637826867200.0000"
"438.9076","0.0539","6638827110400.0000"
"438.9479","0.0539","6639826534400.0000"
"438.9887","0.0539","6640826777600.0000"
"439.0305","0.0539","6641826201600.0000"
"439.0732","0.0539","6642826854400.0000"
"439.1165","0.0540","6643826278400.0000"
"439.1603","0.0540","6644826521600.0000"
"439.2047","0.0540","6645826764800.0000"
"439.2497","0.0540","6646827008000.0000"
"439.2952","0.0540","6647826432000.0000"
"439.3410","0.0540","6648826675200.0000"
"439.3871","0.0540","6649826918400.0000"
"439.4334","0.0540","6650826342400.0000"
"439.4800","0.0540","6651826585600.0000"
"439.5268","0.0540","6652826009600.0000"
"439.5736","0.0540","6653826252800.0000"
"439.6203","0.0540","6654825676800.0000"
"439.6673","0.0540","6655825920000.0000"
"439.7148","0.0540","6656825344000.0000"
"439.7629","0.0540","6657825587200.0000"
"439.8116","0.0540","6658825011200.0000"
"439.8604","0.0540","6659825254400.0000"
"439.9089","0.0540","6660825497600.0000"
"439.9567","0.0541","6661824921600.0000"
"440.0034","0.0541","6662825164800.0000"
"440.0487","0.0541","6663824588800.0000"
"440.0928","0.0541","6664824832000.0000"
"440.1358","0.0541","6665824256000.0000"
"440.1778","0.0541","6666824499200.0000"
"440.2191","0.0541","6667824742400.0000"
"440.2600","0.0541","6668824985600.0000"
"440.3009","0.0541","6669823590400.0000"
"440.3423","0.0541","6670823833600.0000"
"440.3848","0.0541","6671824076800.0000"
"440.4291","0.0541","6672824320000.0000"
"440.4751","0.0541","6673824563200.0000"
"440.5220","0.0541","6674823987200.0000"
"440.5691","0.0541","6675824230400.0000"
"440.6158","0.0541","6676823654400.0000"
"440.6621","0.0541","6677823897600.0000"
"440.7082","0.0541","6678823321600.0000"
"440.7545","0.0542","6679823564800.0000"
"440.8014","0.0542","6680822988800.0000"
"440.8490","0.0542","6681823232000.0000"
"440.8974","0.0542","6682823475200.0000"
"440.9460","0.0542","6683822899200.0000"
"440.9940","0.0542","6684822323200.0000"
"441.0410","0.0542","6685822566400.0000"
"441.0867","0.0542","6686822809600.0000"
"441.1319","0.0542","6687822233600.0000"
"441.1775","0.0542","6688822476800.0000"
"441.2235","0.0542","6689821900800.0000"
"441.2697","0.0542","6690822144000.0000"
"441.3163","0.0542","6691821568000.0000"
"441.3637","0.0542","6692821811200.0000"
"441.4119","0.0542","6693822054400.0000"
"441.4603","0.0542","6694821478400.0000"
"441.5078","0.0542","6695821721600.0000"
"441.5536","0.0542","6696821145600.0000"
"441.5974","0.0543","6697821798400.0000"
"441.6393","0.0543","6698821632000.0000"
"441.6801","0.0543","6699821465600.0000"
"441.7201","0.0543","6700821299200.0000"
"441.7592","0.0543","6701821132800.0000"
"441.7977","0.0543","6702820966400.0000"
"441.8365","0.0543","6703820800000.0000"
"441.8764","0.0543","6704821043200.0000"
"441.9177","0.0543","6705820467200.0000"
"441.9600","0.0543","6706820710400.0000"
"442.0032","0.0543","6707820134400.0000"
"442.0471","0.0543","6708820377600.0000"
"442.0911","0.0543","6709819801600.0000"
"442.1341","0.0543","6710820864000.0000"
"442.1758","0.0543","6711820288000.0000"
"442.2164","0.0543","6712820531200.0000"
"442.2563","0.0543","6713819955200.0000"
"442.2957","0.0543","6714820198400.0000"
"442.3352","0.0543","6715821260800.0000"
"442.3746","0.0544","6716820684800.0000"
"442.4142","0.0544","6717820928000.0000"
"442.4541","0.0544","6718820352000.0000"
"442.4951","0.0544","6719821414400.0000"
"442.5373","0.0544","6720820838400.0000"
"442.5809","0.0544","6721821081600.0000"
"442.6260","0.0544","6722821324800.0000"
"442.6724","0.0544","6723821568000.0000"
"442.7203","0.0544","6724820992000.0000"
"442.7694","0.0544","6725821235200.0000"
"442.8195","0.0544","6726821478400.0000"
"442.8700","0.0544","6727821721600.0000"
"442.9204","0.0544","6728821555200.0000"
"442.9698","0.0544","6729821388800.0000"
"443.0175","0.0544","6730821222400.0000"
"443.0627","0.0544","6731821056000.0000"
"443.1056","0.0544","6732821708800.0000"
"443.1466","0.0544","6733821132800.0000"
"443.1861","0.0545","6734821376000.0000"
"443.2247","0.0545","6735821619200.0000"
"443.2633","0.0545","6736821862400.0000"
"443.3027","0.0545","6737821286400.0000"
"443.3431","0.0545","6738822348800.0000"
"443.3839","0.0545","6739822592000.0000"
"443.4249","0.0545","6740822016000.0000"
"443.4659","0.0545","6741823078400.0000"
"443.5063","0.0545","6742822502400.0000"
"443.5462","0.0545","6743823564800.0000"
"443.5860","0.0545","6744822988800.0000"
"443.6263","0.0545","6745823232000.0000"
"443.6676","0.0545","6746823475200.0000"
"443.7099","0.0545","6747823718400.0000"
"443.7523","0.0545","6748823142400.0000"
"443.7944","0.0545","6749823385600.0000"
"443.8360","0.0545","6750823219200.0000"
"443.8779","0.0545","6751823462400.0000"
"443.9212","0.0545","6752823705600.0000"
"443.9663","0.0545","6753823129600.0000"
"444.0129","0.0546","6754823372800.0000"
"444.0601","0.0546","6755822796800.0000"
"444.1072","0.0546","6756823040000.0000"
"444.1538","0.0546","6757823283200.0000"
"444.1994","0.0546","6758823526400.0000"
"444.2439","0.0546","6759822950400.0000"
"444.2878","0.0546","6760823193600.0000"
"444.3319","0.0546","6761822617600.0000"
"444.3764","0.0546","6762822860800.0000"
"444.4206","0.0546","6763823923200.0000"
"444.4637","0.0546","6764823347200.0000"
"444.5059","0.0546","6765823590400.0000"
"444.5472","0.0546","6766823014400.0000"
"444.5881","0.0546","6767823257600.0000"
"444.6287","0.0546","6768823500800.0000"
"444.6693","0.0546","6769823744000.0000"
"444.7099","0.0546","6770823168000.0000"
"444.7510","0.0546","6771823411200.0000"
"444.7928","0.0546","6772822016000.0000"
"444.8350","0.0547","6773823078400.0000"
"444.8773","0.0547","6774823321600.0000"
"444.9192","0.0547","6775822745600.0000"
"444.9601","0.0547","6776822988800.0000"
"445.0000","0.0547","6777822412800.0000"
"445.0390","0.0547","6778822656000.0000"
"445.0770","0.0547","6779822080000.0000"
"445.1142","0.0547","6780822323200.0000"
"445.1504","0.0547","6781820928000.0000"
"445.1857","0.0547","6782821990400.0000"
"445.2212","0.0547","6783821414400.0000"
"445.2581","0.0547","6784821657600.0000"
"445.2971","0.0547","6785821900800.0000"
"445.3386","0.0547","6786821324800.0000"
"445.3822","0.0547","6787821568000.0000"
"445.4277","0.0547","6788820992000.0000"
"445.4745","0.0547","6789821235200.0000"
"445.5219","0.0547","6790820659200.0000"
"445.5696","0.0547","6791820902400.0000"
"445.6176","0.0547","6792820326400.0000"
"445.6656","0.0548","6793820569600.0000"
"445.7136","0.0548","6794820403200.0000"
"445.7612","0.0548","6795820646400.0000"
"445.8081","0.0548","6796820889600.0000"
"445.8535","0.0548","6797820313600.0000"
"445.8967","0.0548","6798820556800.0000"
"445.9384","0.0548","6799819980800.0000"
"445.9796","0.0548","6800820224000.0000"
"446.0212","0.0548","6801819648000.0000"
"446.0633","0.0548","6802819891200.0000"
"446.1059","0.0548","6803819315200.0000"
"446.1486","0.0548","6804819558400.0000"
"446.1913","0.0548","6805818982400.0000"
"446.2339","0.0548","6806819225600.0000"
"446.2768","0.0548","6807820288000.0000"
"446.3198","0.0548","6808819712000.0000"
"446.3629","0.0548","6809819955200.0000"
"446.4059","0.0548","6810819379200.0000"
"446.4482","0.0549","6811819622400.0000"
"446.4893","0.0549","6812819046400.0000"
"446.5286","0.0549","6813820108800.0000"
"446.5664","0.0549","6814819532800.0000"
"446.6038","0.0549","6815819776000.0000"
"446.6416","0.0549","6816819200000.0000"
"446.6802","0.0549","6817819443200.0000"
"446.7198","0.0549","6818819686400.0000"
"446.7607","0.0549","6819819929600.0000"
"446.8026","0.0549","6820820172800.0000"
"446.8447","0.0549","6821819596800.0000"
"446.8866","0.0549","6822819840000.0000"
"446.9283","0.0549","6823819264000.0000"
"446.9702","0.0549","6824819507200.0000"
"447.0122","0.0549","6825818931200.0000"
"447.0541","0.0549","6826819993600.0000"
"447.0954","0.0549","6827819417600.0000"
"447.1362","0.0549","6828819660800.0000"
"447.1768","0.0549","6829819084800.0000"
"447.2179","0.0549","6830819328000.0000"
"447.2599","0.0550","6831819161600.0000"
"447.3030","0.0550","6832818995200.0000"
"447.3474","0.0550","6833818828800.0000"
"447.3932","0.0550","6834819072000.0000"
"447.4398","0.0550","6835819315200.0000"
"447.4868","0.0550","6836818739200.0000"
"447.5343","0.0550","6837819801600.0000"
"447.5820","0.0550","6838819225600.0000"
"447.6300","0.0550","6839819468800.0000"
"447.6779","0.0550","6840818892800.0000"
"447.7254","0.0550","6841819955200.0000"
"447.7720","0.0550","6842820198400.0000"
"447.8176","0.0550","6843819622400.0000"
"447.8620","0.0550","6844819865600.0000"
"447.9056","0.0550","6845819289600.0000"
"447.9490","0.0550","6846819532800.0000"
"447.9926","0.0550","6847818956800.0000"
"448.0365","0.0550","6848819200000.0000"
"448.0804","0.0551","6849819443200.0000"
"448.1244","0.0551","6850819686400.0000"
"448.1682","0.0551","6851819110400.0000"
"448.2119","0.0551","6852819353600.0000"
"448.2551","0.0551","6853819596800.0000"
"448.2981","0.0551","6854819840000.0000"
"448.3408","0.0551","6855820083200.0000"
"448.3828","0.0551","6856819507200.0000"
"448.4236","0.0551","6857819750400.0000"
"448.4631","0.0551","6858819174400.0000"
"448.5009","0.0551","6859819417600.0000"
"448.5371","0.0551","6860819251200.0000"
"448.5718","0.0551","6861819494400.0000"
"448.6057","0.0551","6862818918400.0000"
"448.6393","0.0551","6863819161600.0000"
"448.6735","0.0551","6864819404800.0000"
"448.7085","0.0551","6865819648000.0000"
"448.7447","0.0551","6866819891200.0000"
"448.7822","0.0551","6867819315200.0000"
"448.8212","0.0551","6868820377600.0000"
"448.8606","0.0551","6869819801600.0000"
"448.8991","0.0552","6870820044800.0000"
"448.9365","0.0552","6871819468800.0000"
"448.9728","0.0552","6872820121600.0000"
"449.0083","0.0552","6873819545600.0000"
"449.0428","0.0552","6874818969600.0000"
"449.0755","0.0552","6875819212800.0000"
"449.1064","0.0552","6876819456000.0000"
"449.1361","0.0552","6877819699200.0000"
"449.1652","0.0552","6878819123200.0000"
"449.1941","0.0552","6879819366400.0000"
"449.2233","0.0552","6880818790400.0000"
"449.2534","0.0552","6881819852800.0000"
"449.2848","0.0552","6882819276800.0000"
"449.3173","0.0552","6883819520000.0000"
"449.3504","0.0552","6884818944000.0000"
"449.3842","0.0552","6885819187200.0000"
"449.4185","0.0552","6886819430400.0000"
"449.4528","0.0552","6887819673600.0000"
"449.4868","0.0552","6888819097600.0000"
"449.5205","0.0552","6889819340800.0000"
"449.5539","0.0552","6890820403200.0000"
"449.5874","0.0552","6891819827200.0000"
"449.6208","0.0552","6892820070400.0000"
"449.6540","0.0552","6893819494400.0000"
"449.6865","0.0552","6894820556800.0000"
"449.7190","0.0553","6895819980800.0000"
"449.7521","0.0553","6896820224000.0000"
"449.7864","0.0553","6897820467200.0000"
"449.8219","0.0553","6898820710400.0000"
"449.8590","0.0553","6899820134400.0000"
"449.8975","0.0553","6900820377600.0000"
"449.9369","0.0553","6901820620800.0000"
"449.9769","0.0553","6902820044800.0000"
"450.0173","0.0553","6903821107200.0000"
"450.0575","0.0553","6904820531200.0000"
"450.0972","0.0553","6905820774400.0000"
"450.1361","0.0553","6906820198400.0000"
"450.1745","0.0553","6907821260800.0000"
"450.2123","0.0553","6908820684800.0000"
"450.2499","0.0553","6909820928000.0000"
"450.2871","0.0553","6910820352000.0000"
"450.3240","0.0553","6911821414400.0000"
"450.3613","0.0553","6912820838400.0000"
"450.3996","0.0553","6913821081600.0000"
"450.4391","0.0553","6914821324800.0000"
"450.4797","0.0553","6915820748800.0000"
"450.5215","0.0554","6916821811200.0000"
"450.5641","0.0554","6917821235200.0000"
"450.6071","0.0554","6918821478400.0000"
"450.6500","0.0554","6919820902400.0000"
"450.6921","0.0554","6920821145600.0000"
"450.7329","0.0554","6921820569600.0000"
"450.7720","0.0554","6922820812800.0000"
"450.8096","0.0554","6923820236800.0000"
"450.8457","0.0554","6924821299200.0000"
"450.8803","0.0554","6925820723200.0000"
"450.9137","0.0554","6926820147200.0000"
"450.9464","0.0554","6927820390400.0000"
"450.9789","0.0554","6928819814400.0000"
"451.0118","0.0554","6929820057600.0000"
"451.0455","0.0554","6930820300800.0000"
"451.0801","0.0554","6931819724800.0000"
"451.1154","0.0554","6932819968000.0000"
"451.1508","0.0554","6933819392000.0000"
"451.1865","0.0554","6934819635200.0000"
"451.2222","0.0554","6935819059200.0000"
"451.2579","0.0554","6936819302400.0000"
"451.2938","0.0554","6937818726400.0000"
"451.3298","0.0555","6938818969600.0000"
"451.3657","0.0555","6939818393600.0000"
"451.4012","0.0555","6940818636800.0000"
"451.4363","0.0555","6941818060800.0000"
"451.4712","0.0555","6942818304000.0000"
"451.5057","0.0555","6943817728000.0000"
"451.5401","0.0555","6944817971200.0000"
"451.5744","0.0555","6945817395200.0000"
"451.6088","0.0555","6946816819200.0000"
"451.6436","0.0555","6947817881600.0000"
"451.6790","0.0555","6948816486400.0000"
"451.7152","0.0555","6949816729600.0000"
"451.7521","0.0555","6950816153600.0000"
"451.7895","0.0555","6951817216000.0000"
"451.8271","0.0555","6952816640000.0000"
"451.8648","0.0555","6953816064000.0000"
"451.9025","0.0555","6954815488000.0000"
"451.9397","0.0555","6955815731200.0000"
"451.9761","0.0555","6956815974400.0000"
"452.0111","0.0555","6957816217600.0000"
"452.0446","0.0555","6958816460800.0000"
"452.0771","0.0555","6959815884800.0000"
"452.1095","0.0555","6960816128000.0000"
"452.1426","0.0556","6961815552000.0000"
"452.1763","0.0556","6962815795200.0000"
"452.2103","0.0556","6963816038400.0000"
"452.2443","0.0556","6964816281600.0000"
"452.2782","0.0556","6965815705600.0000"
"452.3121","0.0556","6966815948800.0000"
"452.3459","0.0556","6967815372800.0000"
"452.3794","0.0556","6968815616000.0000"
"452.4125","0.0556","6969815859200.0000"
"452.4453","0.0556","6970815283200.0000"
"452.4776","0.0556","6971815526400.0000"
"452.5092","0.0556","6972815769600.0000"
"452.5398","0.0556","6973816012800.0000"
"452.5697","0.0556","6974815436800.0000"
"452.5992","0.0556","6975815680000.0000"
"452.6289","0.0556","6976815104000.0000"
"452.6596","0.0556","6977816166400.0000"
"452.6918","0.0556","6978815590400.0000"
"452.7252","0.0556","6979815833600.0000"
"452.7594","0.0556","6980816076800.0000"
"452.7938","0.0556","6981815500800.0000"
"452.8280","0.0556","6982816563200.0000"
"452.8619","0.0556","6983815987200.0000"
"452.8957","0.0556","6984816230400.0000"
"452.9292","0.0556","6985815654400.0000"
"452.9622","0.0557","6986816716800.0000"
"452.9943","0.0557","6987816140800.0000"
"453.0253","0.0557","6988816384000.0000"
"453.0554","0.0557","6989815808000.0000"
"453.0849","0.0557","6990816870400.0000"
"453.1145","0.0557","6991816294400.0000"
"453.1449","0.0557","6992816537600.0000"
"453.1770","0.0557","6993817600000.0000"
"453.2106","0.0557","6994817024000.0000"
"453.2452","0.0557","6995817267200.0000"
"453.2799","0.0557","6996816691200.0000"
"453.3144","0.0557","6997816934400.0000"
"453.3488","0.0557","6998817177600.0000"
"453.3837","0.0557","6999817420800.0000"
"453.4191","0.0557","7000816844800.0000"
"453.4548","0.0557","7001817088000.0000"
"453.4902","0.0557","7002816512000.0000"
"453.5248","0.0557","7003817574400.0000"
"453.5585","0.0557","7004816998400.0000"
"453.5915","0.0557","7005817241600.0000"
"453.6247","0.0557","7006817484800.0000"
"453.6590","0.0557","7007816908800.0000"
"453.6943","0.0557","7008817152000.0000"
"453.7308","0.0557","7009816576000.0000"
"453.7677","0.0558","7010817638400.0000"
"453.8044","0.0558","7011817062400.0000"
"453.8408","0.0558","7012817305600.0000"
"453.8770","0.0558","7013816729600.0000"
"453.9135","0.0558","7014816972800.0000"
"453.9502","0.0558","7015816396800.0000"
"453.9871","0.0558","7016817459200.0000"
"454.0231","0.0558","7017817702400.0000"
"454.0574","0.0558","7018817126400.0000"
"454.0895","0.0558","7019817369600.0000"
"454.1194","0.0558","7020816793600.0000"
"454.1479","0.0558","7021817856000.0000"
"454.1754","0.0558","7022817280000.0000"
"454.2026","0.0558","7023817523200.0000"
"454.2304","0.0558","7024816947200.0000"
"454.2600","0.0558","7025817190400.0000"
"454.2915","0.0558","7026816614400.0000"
"454.3246","0.0558","7027817676800.0000"
"454.3592","0.0558","7028817920000.0000"
"454.3950","0.0558","7029817344000.0000"
"454.4320","0.0558","7030818406400.0000"
"454.4694","0.0558","7031817830400.0000"
"454.5061","0.0558","7032818073600.0000"
"454.5421","0.0558","7033817497600.0000"
"454.5774","0.0558","7034817740800.0000"
"454.6123","0.0559","7035817164800.0000"
"454.6471","0.0559","7036817408000.0000"
"454.6818","0.0559","7037818470400.0000"
"454.7167","0.0559","7038818713600.0000"
"454.7520","0.0559","7039818137600.0000"
"454.7881","0.0559","7040818380800.0000"
"454.8250","0.0559","7041818624000.0000"
"454.8626","0.0559","7042818048000.0000"
"454.9007","0.0559","7043818291200.0000"
"454.9389","0.0559","7044817715200.0000"
"454.9769","0.0559","7045817958400.0000"
"455.0144","0.0559","7046818201600.0000"
"455.0509","0.0559","7047818444800.0000"
"455.0864","0.0559","7048817868800.0000"
"455.1210","0.0559","7049818931200.0000"
"455.1549","0.0559","7050818355200.0000"
"455.1881","0.0559","7051818598400.0000"
"455.2205","0.0559","7052818841600.0000"
"455.2514","0.0559","7053819084800.0000"
"455.2809","0.0559","7054819328000.0000"
"455.3092","0.0559","7055818752000.0000"
"455.3371","0.0559","7056818995200.0000"
"455.3652","0.0559","7057819238400.0000"
"455.3934","0.0560","7058820300800.0000"
"455.4218","0.0560","7059819724800.0000"
"455.4504","0.0560","7060820787200.0000"
"455.4792","0.0560","7061820211200.0000"
"455.5080","0.0560","7062820454400.0000"
"455.5369","0.0560","7063819878400.0000"
"455.5660","0.0560","7064820940800.0000"
"455.5954","0.0560","7065821184000.0000"
"455.6242","0.0560","7066821427200.0000"
"455.6519","0.0560","7067821670400.0000"
"455.6777","0.0560","7068821913600.0000"
"455.7021","0.0560","7069822156800.0000"
"455.7252","0.0560","7070821580800.0000"
"455.7480","0.0560","7071823462400.0000"
"455.7717","0.0560","7072822886400.0000"
"455.7970","0.0560","7073823129600.0000"
"455.8241","0.0560","7074822553600.0000"
"455.8529","0.0560","7075823616000.0000"
"455.8833","0.0560","7076823040000.0000"
"455.9151","0.0560","7077824921600.0000"
"455.9478","0.0560","7078824345600.0000"
"455.9814","0.0560","7079824588800.0000"
"456.0154","0.0560","7080824832000.0000"
"456.0498","0.0560","7081825075200.0000"
"456.0839","0.0560","7082824499200.0000"
"456.1176","0.0560","7083824742400.0000"
"456.1508","0.0560","7084825804800.0000"
"456.1836","0.0560","7085825228800.0000"
"456.2163","0.0561","7086825472000.0000"
"456.2489","0.0561","7087824896000.0000"
"456.2820","0.0561","7088825139200.0000"
"456.3156","0.0561","7089824563200.0000"
"456.3499","0.0561","7090824806400.0000"
"456.3844","0.0561","7091825868800.0000"
"456.4191","0.0561","7092826112000.0000"
"456.4537","0.0561","7093826355200.0000"
"456.4877","0.0561","7094825779200.0000"
"456.5210","0.0561","7095826022400.0000"
"456.5533","0.0561","7096825446400.0000"
"456.5844","0.0561","7097825689600.0000"
"456.6144","0.0561","7098825932800.0000"
"456.6435","0.0561","7099826176000.0000"
"456.6721","0.0561","7100825600000.0000"
"456.6999","0.0561","7101825843200.0000"
"456.7267","0.0561","7102825267200.0000"
"456.7528","0.0561","7103825510400.0000"
"456.7785","0.0561","7104825753600.0000"
"456.8044","0.0561","7105825996800.0000"
"456.8307","0.0561","7106826240000.0000"
"456.8574","0.0561","7107825664000.0000"
"456.8847","0.0561","7108825907200.0000"
"456.9131","0.0561","7109824512000.0000"
"456.9424","0.0561","7110824755200.0000"
"456.9718","0.0561","7111824179200.0000"
"457.0009","0.0561","7112824422400.0000"
"457.0300","0.0562","7113823846400.0000"
"457.0594","0.0562","7114824908800.0000"
"457.0889","0.0562","7115823513600.0000"
"457.1181","0.0562","7116823756800.0000"
"457.1464","0.0562","7117824000000.0000"
"457.1737","0.0562","7118823424000.0000"
"457.2002","0.0562","7119823667200.0000"
"457.2264","0.0562","7120823091200.0000"
"457.2529","0.0562","7121822515200.0000"
"457.2800","0.0562","7122821939200.0000"
"457.3079","0.0562","7123822182400.0000"
"457.3365","0.0562","7124821606400.0000"
"457.3658","0.0562","7125822668800.0000"
"457.3951","0.0562","7126822912000.0000"
"457.4240","0.0562","7127822336000.0000"
"457.4518","0.0562","7128822579200.0000"
"457.4784","0.0562","7129822003200.0000"
"457.5041","0.0562","7130822246400.0000"
"457.5292","0.0562","7131821670400.0000"
"457.5545","0.0562","7132822732800.0000"
"457.5804","0.0562","7133822156800.0000"
"457.6069","0.0562","7134822400000.0000"
"457.6335","0.0562","7135821824000.0000"
"457.6600","0.0562","7136822067200.0000"
"457.6867","0.0562","7137821491200.0000"
"457.7141","0.0562","7138820915200.0000"
"457.7420","0.0562","7139821158400.0000"
"457.7705","0.0562","7140820582400.0000"
"457.7996","0.0562","7141821644800.0000"
"457.8295","0.0562","7142821068800.0000"
"457.8600","0.0563","7143821312000.0000"
"457.8909","0.0563","7144820736000.0000"
"457.9217","0.0563","7145820979200.0000"
"457.9518","0.0563","7146820403200.0000"
"457.9812","0.0563","7147820646400.0000"
"458.0097","0.0563","7148820889600.0000"
"458.0368","0.0563","7149820313600.0000"
"458.0619","0.0563","7150822195200.0000"
"458.0854","0.0563","7151821619200.0000"
"458.1081","0.0563","7152821862400.0000"
"458.1313","0.0563","7153821286400.0000"
"458.1557","0.0563","7154821529600.0000"
"458.1817","0.0563","7155820953600.0000"
"458.2089","0.0563","7156821196800.0000"
"458.2370","0.0563","7157821440000.0000"
"458.2659","0.0563","7158821683200.0000"
"458.2957","0.0563","7159821926400.0000"
"458.3263","0.0563","7160821350400.0000"
"458.3575","0.0563","7161821593600.0000"
"458.3889","0.0563","7162821017600.0000"
"458.4197","0.0563","7163821260800.0000"
"458.4487","0.0563","7164821504000.0000"
"458.4755","0.0563","7165821747200.0000"
"458.5003","0.0563","7166821171200.0000"
"458.5239","0.0563","7167821414400.0000"
"458.5472","0.0563","7168821657600.0000"
"458.5714","0.0563","7169821900800.0000"
"458.5972","0.0563","7170821324800.0000"
"458.6244","0.0563","7171822387200.0000"
"458.6529","0.0564","7172822630400.0000"
"458.6825","0.0564","7173822054400.0000"
"458.7130","0.0564","7174822297600.0000"
"458.7444","0.0564","7175821721600.0000"
"458.7762","0.0564","7176822784000.0000"
"458.8082","0.0564","7177822208000.0000"
"458.8397","0.0564","7178823270400.0000"
"458.8703","0.0564","7179822694400.0000"
"458.8999","0.0564","7180822937600.0000"
"458.9289","0.0564","7181822361600.0000"
"458.9571","0.0564","7182822604800.0000"
"458.9847","0.0564","7183822028800.0000"
"459.0121","0.0564","7184822272000.0000"
"459.0398","0.0564","7185823334400.0000"
"459.0681","0.0564","7186822758400.0000"
"459.0978","0.0564","7187823001600.0000"
"459.1295","0.0564","7188822425600.0000"
"459.1634","0.0564","7189822668800.0000"
"459.1990","0.0564","7190822092800.0000"
"459.2354","0.0564","7191822336000.0000"
"459.2719","0.0564","7192821760000.0000"
"459.3080","0.0564","7193822003200.0000"
"459.3433","0.0564","7194822246400.0000"
"459.3775","0.0564","7195822489600.0000"
"459.4106","0.0564","7196822732800.0000"
"459.4424","0.0564","7197822156800.0000"
"459.4729","0.0565","7198822400000.0000"
"459.5026","0.0565","7199821824000.0000"
"459.5323","0.0565","7200822067200.0000"
"459.5626","0.0565","7201822310400.0000"
"459.5939","0.0565","7202822553600.0000"
"459.6265","0.0565","7203821977600.0000"
"459.6600","0.0565","7204822220800.0000"
"459.6943","0.0565","7205821644800.0000"
"459.7293","0.0565","7206821888000.0000"
"459.7649","0.0565","7207822131200.0000"
"459.8007","0.0565","7208821555200.0000"
"459.8361","0.0565","7209821798400.0000"
"459.8700","0.0565","7210822041600.0000"
"459.9012","0.0565","7211822284800.0000"
"459.9294","0.0565","7212821708800.0000"
"459.9547","0.0565","7213821952000.0000"
"459.9778","0.0565","7214821376000.0000"
"459.9995","0.0565","7215821619200.0000"
"460.0206","0.0565","7216821043200.0000"
"460.0420","0.0565","7217822105600.0000"
"460.0645","0.0565","7218821529600.0000"
"460.0890","0.0565","7219821772800.0000"
"460.1153","0.0565","7220821196800.0000"
"460.1426","0.0565","7221821440000.0000"
"460.1697","0.0565","7222820864000.0000"
"460.1957","0.0565","7223821107200.0000"
"460.2206","0.0565","7224820531200.0000"
"460.2448","0.0565","7225819955200.0000"
"460.2681","0.0565","7226821017600.0000"
"460.2903","0.0566","7227820441600.0000"
"460.3115","0.0566","7228820684800.0000"
"460.3326","0.0566","7229820928000.0000"
"460.3540","0.0566","7230820352000.0000"
"460.3758","0.0566","7231820595200.0000"
"460.3979","0.0566","7232820019200.0000"
"460.4202","0.0566","7233821081600.0000"
"460.4426","0.0566","7234820505600.0000"
"460.4649","0.0566","7235820748800.0000"
"460.4869","0.0566","7236820172800.0000"
"460.5083","0.0566","7237820416000.0000"
"460.5294","0.0566","7238819840000.0000"
"460.5501","0.0566","7239820083200.0000"
"460.5701","0.0566","7240820326400.0000"
"460.5893","0.0566","7241819750400.0000"
"460.6077","0.0566","7242820812800.0000"
"460.6253","0.0566","7243821056000.0000"
"460.6428","0.0566","7244821299200.0000"
"460.6600","0.0566","7245820723200.0000"
"460.6770","0.0566","7246820966400.0000"
"460.6937","0.0566","7247820390400.0000"
"460.7107","0.0566","7248820633600.0000"
"460.7285","0.0566","7249820876800.0000"
"460.7476","0.0566","7250821120000.0000"
"460.7679","0.0566","7251820544000.0000"
"460.7897","0.0566","7252820787200.0000"
"460.8129","0.0566","7253821030400.0000"
"460.8376","0.0566","7254820454400.0000"
"460.8633","0.0566","7255820697600.0000"
"460.8896","0.0566","7256820940800.0000"
"460.9157","0.0566","7257821184000.0000"
"460.9418","0.0566","7258820608000.0000"
"460.9679","0.0566","7259820851200.0000"
"460.9943","0.0566","7260820275200.0000"
"461.0208","0.0566","7261820518400.0000"
"461.0468","0.0566","7262819942400.0000"
"461.0720","0.0566","7263820185600.0000"
"461.0964","0.0567","7264820428800.0000"
"461.1204","0.0567","7265819852800.0000"
"461.1443","0.0567","7266820096000.0000"
"461.1685","0.0567","7267819520000.0000"
"461.1932","0.0567","7268819763200.0000"
"461.2186","0.0567","7269819187200.0000"
"461.2447","0.0567","7270819430400.0000"
"461.2713","0.0567","7271818854400.0000"
"461.2983","0.0567","7272819097600.0000"
"461.3250","0.0567","7273818521600.0000"
"461.3511","0.0567","7274819584000.0000"
"461.3766","0.0567","7275819827200.0000"
"461.4022","0.0567","7276819251200.0000"
"461.4278","0.0567","7277819494400.0000"
"461.4532","0.0567","7278818918400.0000"
"461.4779","0.0567","7279819161600.0000"
"461.5018","0.0567","7280818585600.0000"
"461.5253","0.0567","7281819648000.0000"
"461.5486","0.0567","7282819072000.0000"
"461.5718","0.0567","7283819315200.0000"
"461.5953","0.0567","7284818739200.0000"
"461.6193","0.0567","7285818982400.0000"
"461.6435","0.0567","7286818406400.0000"
"461.6678","0.0567","7287817830400.0000"
"461.6919","0.0567","7288818073600.0000"
"461.7151","0.0567","7289817497600.0000"
"461.7376","0.0567","7290818560000.0000"
"461.7596","0.0567","7291817984000.0000"
"461.7814","0.0567","7292818227200.0000"
"461.8033","0.0567","7293817651200.0000"
"461.8255","0.0567","7294817894400.0000"
"461.8479","0.0567","7295817318400.0000"
"461.8704","0.0567","7296817561600.0000"
"461.8934","0.0567","7297817804800.0000"
"461.9172","0.0568","7298817228800.0000"
"461.9420","0.0568","7299818291200.0000"
"461.9676","0.0568","7300817715200.0000"
"461.9939","0.0568","7301817958400.0000"
"462.0208","0.0568","7302817382400.0000"
"462.0478","0.0568","7303817625600.0000"
"462.0740","0.0568","7304817049600.0000"
"462.0990","0.0568","7305817292800.0000"
"462.1228","0.0568","7306817536000.0000"
"462.1455","0.0568","7307817779200.0000"
"462.1673","0.0568","7308817203200.0000"
"462.1883","0.0568","7309817446400.0000"
"462.2084","0.0568","7310817689600.0000"
"462.2276","0.0568","7311817113600.0000"
"462.2462","0.0568","7312817356800.0000"
"462.2651","0.0568","7313817600000.0000"
"462.2848","0.0568","7314817843200.0000"
"462.3059","0.0568","7315817267200.0000"
"462.3284","0.0568","7316817510400.0000"
"462.3524","0.0568","7317816934400.0000"
"462.3780","0.0568","7318817996800.0000"
"462.4048","0.0568","7319817420800.0000"
"462.4324","0.0568","7320818483200.0000"
"462.4601","0.0568","7321818726400.0000"
"462.4869","0.0568","7322818150400.0000"
"462.5124","0.0568","7323819212800.0000"
"462.5363","0.0568","7324818636800.0000"
"462.5583","0.0568","7325818880000.0000"
"462.5781","0.0568","7326818304000.0000"
"462.5962","0.0568","7327819366400.0000"
"462.6131","0.0568","7328818790400.0000"
"462.6299","0.0568","7329819852800.0000"
"462.6474","0.0568","7330819276800.0000"
"462.6657","0.0568","7331819520000.0000"
"462.6848","0.0568","7332818944000.0000"
"462.7047","0.0568","7333819187200.0000"
"462.7255","0.0569","7334820249600.0000"
"462.7475","0.0569","7335819673600.0000"
"462.7706","0.0569","7336820736000.0000"
"462.7946","0.0569","7337820160000.0000"
"462.8193","0.0569","7338820403200.0000"
"462.8441","0.0569","7339819827200.0000"
"462.8690","0.0569","7340820889600.0000"
"462.8937","0.0569","7341821132800.0000"
"462.9178","0.0569","7342820556800.0000"
"462.9408","0.0569","7343820800000.0000"
"462.9630","0.0569","7344821043200.0000"
"462.9853","0.0569","7345820467200.0000"
"463.0081","0.0569","7346820710400.0000"
"463.0316","0.0569","7347822592000.0000"
"463.0555","0.0569","7348822016000.0000"
"463.0800","0.0569","7349822259200.0000"
"463.1054","0.0569","7350821683200.0000"
"463.1312","0.0569","7351822745600.0000"
"463.1565","0.0569","7352822169600.0000"
"463.1807","0.0569","7353823232000.0000"
"463.2033","0.0569","7354822656000.0000"
"463.2243","0.0569","7355823718400.0000"
"463.2438","0.0569","7356823142400.0000"
"463.2615","0.0569","7357823385600.0000"
"463.2778","0.0569","7358822809600.0000"
"463.2934","0.0569","7359823052800.0000"
"463.3088","0.0569","7360824115200.0000"
"463.3248","0.0569","7361824358400.0000"
"463.3421","0.0569","7362824601600.0000"
"463.3611","0.0569","7363824025600.0000"
"463.3820","0.0569","7364825088000.0000"
"463.4047","0.0569","7365824512000.0000"
"463.4285","0.0569","7366824755200.0000"
"463.4529","0.0569","7367824998400.0000"
"463.4777","0.0569","7368826060800.0000"
"463.5024","0.0569","7369825484800.0000"
"463.5267","0.0569","7370825728000.0000"
"463.5504","0.0570","7371825152000.0000"
"463.5735","0.0570","7372826214400.0000"
"463.5962","0.0570","7373825638400.0000"
"463.6187","0.0570","7374825881600.0000"
"463.6409","0.0570","7375826124800.0000"
"463.6628","0.0570","7376825548800.0000"
"463.6852","0.0570","7377825792000.0000"
"463.7093","0.0570","7378825216000.0000"
"463.7355","0.0570","7379825459200.0000"
"463.7635","0.0570","7380824883200.0000"
"463.7920","0.0570","7381826764800.0000"
"463.8200","0.0570","7382826188800.0000"
"463.8468","0.0570","7383826432000.0000"
"463.8720","0.0570","7384825856000.0000"
"463.8961","0.0570","7385826099200.0000"
"463.9196","0.0570","7386826342400.0000"
"463.9427","0.0570","7387825766400.0000"
"463.9652","0.0570","7388826828800.0000"
"463.9872","0.0570","7389826252800.0000"
"464.0085","0.0570","7390826496000.0000"
"464.0288","0.0570","7391825920000.0000"
"464.0485","0.0570","7392826163200.0000"
"464.0683","0.0570","7393825587200.0000"
"464.0897","0.0570","7394825830400.0000"
"464.1131","0.0570","7395826073600.0000"
"464.1379","0.0570","7396826316800.0000"
"464.1632","0.0570","7397826560000.0000"
"464.1884","0.0570","7398825984000.0000"
"464.2132","0.0570","7399826227200.0000"
"464.2374","0.0570","7400825651200.0000"
"464.2606","0.0570","7401825894400.0000"
"464.2830","0.0570","7402825318400.0000"
"464.3047","0.0570","7403825561600.0000"
"464.3255","0.0570","7404825804800.0000"
"464.3452","0.0570","7405825228800.0000"
"464.3637","0.0571","7406824652800.0000"
"464.3809","0.0571","7407824896000.0000"
"464.3971","0.0571","7408825139200.0000"
"464.4128","0.0571","7409824563200.0000"
"464.4289","0.0571","7410824806400.0000"
"464.4461","0.0571","7411824230400.0000"
"464.4646","0.0571","7412824473600.0000"
"464.4845","0.0571","7413824716800.0000"
"464.5056","0.0571","7414824960000.0000"
"464.5280","0.0571","7415823564800.0000"
"464.5516","0.0571","7416823808000.0000"
"464.5759","0.0571","7417823232000.0000"
"464.6001","0.0571","7418823475200.0000"
"464.6230","0.0571","7419823718400.0000"
"464.6440","0.0571","7420823142400.0000"
"464.6629","0.0571","7421823385600.0000"
"464.6798","0.0571","7422823628800.0000"
"464.6949","0.0571","7423823872000.0000"
"464.7086","0.0571","7424823296000.0000"
"464.7219","0.0571","7425823539200.0000"
"464.7355","0.0571","7426822144000.0000"
"464.7498","0.0571","7427822387200.0000"
"464.7641","0.0571","7428821811200.0000"
"464.7778","0.0571","7429822054400.0000"
"464.7906","0.0571","7430822297600.0000"
"464.8027","0.0571","7431822540800.0000"
"464.8143","0.0571","7432821964800.0000"
"464.8256","0.0571","7433821388800.0000"
"464.8366","0.0571","7434821632000.0000"
"464.8479","0.0571","7435821056000.0000"
"464.8599","0.0571","7436821299200.0000"
"464.8724","0.0571","7437820723200.0000"
"464.8847","0.0571","7438820966400.0000"
"464.8962","0.0571","7439820390400.0000"
"464.9070","0.0571","7440821452800.0000"
"464.9175","0.0571","7441821696000.0000"
"464.9286","0.0571","7442821120000.0000"
"464.9406","0.0571","7443821363200.0000"
"464.9534","0.0571","7444819968000.0000"
"464.9667","0.0571","7445820211200.0000"
"464.9801","0.0571","7446819635200.0000"
"464.9933","0.0571","7447819878400.0000"
"465.0060","0.0571","7448819302400.0000"
"465.0174","0.0571","7449820364800.0000"
"465.0271","0.0571","7450819788800.0000"
"465.0355","0.0571","7451819212800.0000"
"465.0434","0.0571","7452819456000.0000"
"465.0512","0.0571","7453818880000.0000"
"465.0589","0.0571","7454819123200.0000"
"465.0660","0.0571","7455817728000.0000"
"465.0726","0.0571","7456817971200.0000"
"465.0793","0.0571","7457817395200.0000"
"465.0872","0.0571","7458818457600.0000"
"465.0971","0.0571","7459817881600.0000"
"465.1093","0.0571","7460818124800.0000"
"465.1236","0.0571","7461817548800.0000"
"465.1398","0.0571","7462816972800.0000"
"465.1575","0.0571","7463817216000.0000"
"465.1762","0.0572","7464816640000.0000"
"465.1954","0.0572","7465816883200.0000"
"465.2154","0.0572","7466816307200.0000"
"465.2361","0.0572","7467815731200.0000"
"465.2570","0.0572","7468815155200.0000"
"465.2776","0.0572","7469816217600.0000"
"465.2972","0.0572","7470815641600.0000"
"465.3155","0.0572","7471815884800.0000"
"465.3328","0.0572","7472816128000.0000"
"465.3499","0.0572","7473814732800.0000"
"465.3675","0.0572","7474814976000.0000"
"465.3863","0.0572","7475814400000.0000"
"465.4064","0.0572","7476814643200.0000"
"465.4272","0.0572","7477814067200.0000"
"465.4479","0.0572","7478814310400.0000"
"465.4680","0.0572","7479813734400.0000"
"465.4872","0.0572","7480813977600.0000"
"465.5052","0.0572","7481813401600.0000"
"465.5210","0.0572","7482813644800.0000"
"465.5345","0.0572","7483813888000.0000"
"465.5462","0.0572","7484813312000.0000"
"465.5567","0.0572","7485813555200.0000"
"465.5662","0.0572","7486812979200.0000"
"465.5745","0.0572","7487814041600.0000"
"465.5825","0.0572","7488813465600.0000"
"465.5908","0.0572","7489813708800.0000"
"465.6002","0.0572","7490813132800.0000"
"465.6108","0.0572","7491813376000.0000"
"465.6227","0.0572","7492812800000.0000"
"465.6357","0.0572","7493813043200.0000"
"465.6498","0.0572","7494814105600.0000"
"465.6643","0.0572","7495813529600.0000"
"465.6786","0.0572","7496813772800.0000"
"465.6927","0.0572","7497813196800.0000"
"465.7065","0.0572","7498813440000.0000"
"465.7195","0.0572","7499812864000.0000"
"465.7310","0.0572","7500813107200.0000"
"465.7409","0.0572","7501812531200.0000"
"465.7492","0.0572","7502812774400.0000"
"465.7564","0.0572","7503813017600.0000"
"465.7633","0.0572","7504812441600.0000"
"465.7704","0.0572","7505812684800.0000"
"465.7783","0.0572","7506812928000.0000"
"465.7870","0.0572","7507813171200.0000"
"465.7966","0.0572","7508812595200.0000"
"465.8069","0.0572","7509812838400.0000"
"465.8183","0.0572","7510813081600.0000"
"465.8307","0.0572","7511814144000.0000"
"465.8440","0.0572","7512813568000.0000"
"465.8581","0.0572","7513813811200.0000"
"465.8726","0.0572","7514813235200.0000"
"465.8871","0.0572","7515815116800.0000"
"465.9014","0.0572","7516814540800.0000"
"465.9153","0.0572","7517814784000.0000"
"465.9283","0.0572","7518815027200.0000"
"465.9397","0.0572","7519815270400.0000"
"465.9492","0.0572","7520815513600.0000"
"465.9576","0.0572","7521814937600.0000"
"465.9660","0.0572","7522816000000.0000"
"465.9751","0.0573","7523816243200.0000"
"465.9857","0.0573","7524816486400.0000"
"465.9980","0.0573","7525815910400.0000"
"466.0113","0.0573","7526816153600.0000"
"466.0251","0.0573","7527816396800.0000"
"466.0387","0.0573","7528816640000.0000"
"466.0521","0.0573","7529816883200.0000"
"466.0648","0.0573","7530817126400.0000"
"466.0766","0.0573","7531818188800.0000"
"466.0876","0.0573","7532817612800.0000"
"466.0976","0.0573","7533817856000.0000"
"466.1071","0.0573","7534818099200.0000"
"466.1163","0.0573","7535818342400.0000"
"466.1252","0.0573","7536817766400.0000"
"466.1343","0.0573","7537818828800.0000"
"466.1446","0.0573","7538818252800.0000"
"466.1562","0.0573","7539818496000.0000"
"466.1688","0.0573","7540818739200.0000"
"466.1818","0.0573","7541819801600.0000"
"466.1949","0.0573","7542819225600.0000"
"466.2085","0.0573","7543820288000.0000"
"466.2224","0.0573","7544819712000.0000"
"466.2365","0.0573","7545819955200.0000"
"466.2504","0.0573","7546820198400.0000"
"466.2637","0.0573","7547821260800.0000"
"466.2765","0.0573","7548821504000.0000"
"466.2886","0.0573","7549820928000.0000"
"466.3003","0.0573","7550821171200.0000"
"466.3114","0.0573","7551820595200.0000"
"466.3220","0.0573","7552820838400.0000"
"466.3324","0.0573","7553821900800.0000"
"466.3428","0.0573","7554822144000.0000"
"466.3533","0.0573","7555821568000.0000"
"466.3641","0.0573","7556821811200.0000"
"466.3757","0.0573","7557822054400.0000"
"466.3888","0.0573","7558821478400.0000"
"466.4030","0.0573","7559822540800.0000"
"466.4175","0.0573","7560822784000.0000"
"466.4322","0.0573","7561823027200.0000"
"466.4469","0.0573","7562822451200.0000"
"466.4612","0.0573","7563822694400.0000"
"466.4753","0.0573","7564822118400.0000"
"466.4888","0.0573","7565823180800.0000"
"466.5016","0.0573","7566822604800.0000"
"466.5135","0.0573","7567822848000.0000"
"466.5247","0.0573","7568823091200.0000"
"466.5362","0.0573","7569822515200.0000"
"466.5483","0.0573","7570822758400.0000"
"466.5612","0.0573","7571822182400.0000"
"466.5747","0.0573","7572822425600.0000"
"466.5887","0.0573","7573821849600.0000"
"466.6023","0.0573","7574822092800.0000"
"466.6150","0.0573","7575821516800.0000"
"466.6266","0.0573","7576822579200.0000"
"466.6374","0.0573","7577822003200.0000"
"466.6474","0.0573","7578822246400.0000"
"466.6566","0.0573","7579821670400.0000"
"466.6649","0.0573","7580822732800.0000"
"466.6723","0.0573","7581822156800.0000"
"466.6790","0.0573","7582822400000.0000"
"466.6857","0.0573","7583823462400.0000"
"466.6931","0.0573","7584822886400.0000"
"466.7014","0.0573","7585823129600.0000"
"466.7107","0.0573","7586822553600.0000"
"466.7212","0.0573","7587823616000.0000"
"466.7326","0.0573","7588823040000.0000"
"466.7448","0.0573","7589823283200.0000"
"466.7568","0.0573","7590823526400.0000"
"466.7685","0.0573","7591823769600.0000"
"466.7792","0.0573","7592823193600.0000"
"466.7889","0.0574","7593823436800.0000"
"466.7979","0.0574","7594824499200.0000"
"466.8063","0.0574","7595823923200.0000"
"466.8142","0.0574","7596824166400.0000"
"466.8216","0.0574","7597824409600.0000"
"466.8291","0.0574","7598824652800.0000"
"466.8370","0.0574","7599824076800.0000"
"466.8458","0.0574","7600824320000.0000"
"466.8559","0.0574","7601823744000.0000"
"466.8676","0.0574","7602824806400.0000"
"466.8811","0.0574","7603824230400.0000"
"466.8965","0.0574","7604825292800.0000"
"466.9132","0.0574","7605824716800.0000"
"466.9306","0.0574","7606824960000.0000"
"466.9475","0.0574","7607826022400.0000"
"466.9632","0.0574","7608825446400.0000"
"466.9772","0.0574","7609825689600.0000"
"466.9894","0.0574","7610825113600.0000"
"466.9997","0.0574","7611826176000.0000"
"467.0083","0.0574","7612825600000.0000"
"467.0155","0.0574","7613825843200.0000"
"467.0219","0.0574","7614825267200.0000"
"467.0277","0.0574","7615825510400.0000"
"467.0333","0.0574","7616824934400.0000"
"467.0390","0.0574","7617825177600.0000"
"467.0450","0.0574","7618825420800.0000"
"467.0511","0.0574","7619825664000.0000"
"467.0577","0.0574","7620825907200.0000"
"467.0646","0.0574","7621825331200.0000"
"467.0718","0.0574","7622825574400.0000"
"467.0796","0.0574","7623824998400.0000"
"467.0876","0.0574","7624825241600.0000"
"467.0952","0.0574","7625825484800.0000"
"467.1017","0.0574","7626825728000.0000"
"467.1075","0.0574","7627825152000.0000"
"467.1131","0.0574","7628825395200.0000"
"467.1191","0.0574","7629824819200.0000"
"467.1255","0.0574","7630825062400.0000"
"467.1322","0.0574","7631825305600.0000"
"467.1393","0.0574","7632824729600.0000"
"467.1471","0.0574","7633824972800.0000"
"467.1561","0.0574","7634825216000.0000"
"467.1665","0.0574","7635825459200.0000"
"467.1782","0.0574","7636824883200.0000"
"467.1910","0.0574","7637824307200.0000"
"467.2042","0.0574","7638823731200.0000"
"467.2172","0.0574","7639823974400.0000"
"467.2296","0.0574","7640823398400.0000"
"467.2416","0.0574","7641823641600.0000"
"467.2537","0.0574","7642823884800.0000"
"467.2663","0.0574","7643824128000.0000"
"467.2796","0.0574","7644824371200.0000"
"467.2934","0.0574","7645822976000.0000"
"467.3073","0.0574","7646823219200.0000"
"467.3209","0.0574","7647822643200.0000"
"467.3341","0.0574","7648822886400.0000"
"467.3465","0.0574","7649822310400.0000"
"467.3582","0.0574","7650822553600.0000"
"467.3699","0.0574","7651821977600.0000"
"467.3827","0.0574","7652822220800.0000"
"467.3969","0.0574","7653822464000.0000"
"467.4123","0.0574","7654821888000.0000"
"467.4280","0.0574","7655822131200.0000"
"467.4434","0.0574","7656821555200.0000"
"467.4585","0.0574","7657821798400.0000"
"467.4737","0.0574","7658821222400.0000"
"467.4891","0.0574","7659821465600.0000"
"467.5047","0.0574","7660820889600.0000"
"467.5203","0.0574","7661821952000.0000"
"467.5359","0.0574","7662821376000.0000"
"467.5511","0.0574","7663821619200.0000"
"467.5659","0.0574","7664821862400.0000"
"467.5804","0.0574","7665821286400.0000"
"467.5953","0.0574","7666821529600.0000"
"467.6105","0.0575","7667820953600.0000"
"467.6259","0.0575","7668822016000.0000"
"467.6410","0.0575","7669821440000.0000"
"467.6561","0.0575","7670821683200.0000"
"467.6715","0.0575","7671821107200.0000"
"467.6870","0.0575","7672821350400.0000"
"467.7018","0.0575","7673820774400.0000"
"467.7153","0.0575","7674821017600.0000"
"467.7273","0.0575","7675821260800.0000"
"467.7377","0.0575","7676820684800.0000"
"467.7463","0.0575","7677821747200.0000"
"467.7531","0.0575","7678821171200.0000"
"467.7582","0.0575","7679821414400.0000"
"467.7620","0.0575","7680820838400.0000"
"467.7651","0.0575","7681821081600.0000"
"467.7681","0.0575","7682821324800.0000"
"467.7718","0.0575","7683821568000.0000"
"467.7770","0.0575","7684821811200.0000"
"467.7841","0.0575","7685822054400.0000"
"467.7928","0.0575","7686822297600.0000"
"467.8028","0.0575","7687821721600.0000"
"467.8132","0.0575","7688822784000.0000"
"467.8236","0.0575","7689822208000.0000"
"467.8337","0.0575","7690822451200.0000"
"467.8437","0.0575","7691821875200.0000"
"467.8535","0.0575","7692822118400.0000"
"467.8631","0.0575","7693821542400.0000"
"467.8725","0.0575","7694822604800.0000"
"467.8813","0.0575","7695822028800.0000"
"467.8891","0.0575","7696822272000.0000"
"467.8959","0.0575","7697821696000.0000"
"467.9023","0.0575","7698822758400.0000"
"467.9085","0.0575","7699823001600.0000"
"467.9147","0.0575","7700823244800.0000"
"467.9204","0.0575","7701823488000.0000"
"467.9252","0.0575","7702823731200.0000"
"467.9292","0.0575","7703824793600.0000"
"467.9327","0.0575","7704824217600.0000"
"467.9359","0.0575","7705824460800.0000"
"467.9389","0.0575","7706824704000.0000"
"467.9422","0.0575","7707824947200.0000"
"467.9462","0.0575","7708824371200.0000"
"467.9508","0.0575","7709825433600.0000"
"467.9560","0.0575","7710825676800.0000"
"467.9614","0.0575","7711825920000.0000"
"467.9669","0.0575","7712825344000.0000"
"467.9727","0.0575","7713825587200.0000"
"467.9792","0.0575","7714826649600.0000"
"467.9865","0.0575","7715826073600.0000"
"467.9948","0.0575","7716826316800.0000"
"468.0038","0.0575","7717826560000.0000"
"468.0132","0.0575","7718826803200.0000"
"468.0225","0.0575","7719826227200.0000"
"468.0317","0.0575","7720826470400.0000"
"468.0406","0.0575","7721825894400.0000"
"468.0493","0.0575","7722826137600.0000"
"468.0579","0.0575","7723825561600.0000"
"468.0665","0.0575","7724826624000.0000"
"468.0747","0.0575","7725826867200.0000"
"468.0814","0.0575","7726826291200.0000"
"468.0863","0.0575","7727826534400.0000"
"468.0896","0.0575","7728825958400.0000"
"468.0918","0.0575","7729826201600.0000"
"468.0936","0.0575","7730825625600.0000"
"468.0959","0.0575","7731825868800.0000"
"468.0994","0.0575","7732825292800.0000"
"468.1042","0.0575","7733825536000.0000"
"468.1098","0.0575","7734824960000.0000"
"468.1157","0.0575","7735825203200.0000"
"468.1214","0.0575","7736824627200.0000"
"468.1268","0.0575","7737824870400.0000"
"468.1320","0.0575","7738824294400.0000"
"468.1369","0.0575","7739823718400.0000"
"468.1412","0.0575","7740823961600.0000"
"468.1444","0.0575","7741823385600.0000"
"468.1460","0.0575","7742823628800.0000"
"468.1457","0.0575","7743822233600.0000"
"468.1440","0.0575","7744823296000.0000"
"468.1418","0.0575","7745822720000.0000"
"468.1401","0.0575","7746822144000.0000"
"468.1401","0.0575","7747822387200.0000"
"468.1424","0.0575","7748821811200.0000"
"468.1469","0.0575","7749822054400.0000"
"468.1535","0.0575","7750820659200.0000"
"468.1616","0.0575","7751820902400.0000"
"468.1710","0.0575","7752820326400.0000"
"468.1813","0.0575","7753821388800.0000"
"468.1922","0.0575","7754820812800.0000"
"468.2034","0.0575","7755821056000.0000"
"468.2147","0.0575","7756820480000.0000"
"468.2252","0.0575","7757819904000.0000"
"468.2348","0.0575","7758820147200.0000"
"468.2430","0.0575","7759819571200.0000"
"468.2499","0.0575","7760819814400.0000"
"468.2561","0.0575","7761819238400.0000"
"468.2625","0.0575","7762818662400.0000"
"468.2693","0.0575","7763818086400.0000"
"468.2769","0.0575","7764819148800.0000"
"468.2851","0.0575","7765818572800.0000"
"468.2940","0.0575","7766818816000.0000"
"468.3039","0.0575","7767819059200.0000"
"468.3147","0.0575","7768818483200.0000"
"468.3266","0.0575","7769818726400.0000"
"468.3391","0.0575","7770818150400.0000"
"468.3513","0.0575","7771818393600.0000"
"468.3624","0.0575","7772817817600.0000"
"468.3715","0.0575","7773818060800.0000"
"468.3777","0.0575","7774817484800.0000"
"468.3812","0.0575","7775817728000.0000"
"468.3825","0.0575","7776817152000.0000"
"468.3827","0.0575","7777817395200.0000"
"468.3829","0.0575","7778817638400.0000"
"468.3838","0.0575","7779817062400.0000"
"468.3853","0.0575","7780818124800.0000"
"468.3875","0.0575","7781817548800.0000"
"468.3903","0.0575","7782817792000.0000"
"468.3944","0.0575","7783817216000.0000"
"468.4004","0.0575","7784818278400.0000"
"468.4074","0.0575","7785817702400.0000"
"468.4145","0.0575","7786817945600.0000"
"468.4209","0.0576","7787818188800.0000"
"468.4261","0.0576","7788818432000.0000"
"468.4300","0.0576","7789818675200.0000"
"468.4329","0.0576","7790818099200.0000"
"468.4349","0.0576","7791818342400.0000"
"468.4363","0.0576","7792817766400.0000"
"468.4375","0.0576","7793818009600.0000"
"468.4384","0.0576","7794818252800.0000"
"468.4392","0.0576","7795818496000.0000"
"468.4404","0.0576","7796818739200.0000"
"468.4418","0.0576","7797818982400.0000"
"468.4437","0.0576","7798818406400.0000"
"468.4459","0.0576","7799818649600.0000"
"468.4481","0.0576","7800818073600.0000"
"468.4501","0.0576","7801819136000.0000"
"468.4517","0.0576","7802819379200.0000"
"468.4526","0.0576","7803819622400.0000"
"468.4533","0.0576","7804819865600.0000"
"468.4537","0.0576","7805819289600.0000"
"468.4534","0.0576","7806819532800.0000"
"468.4526","0.0576","7807818956800.0000"
"468.4517","0.0576","7808820019200.0000"
"468.4512","0.0576","7809819443200.0000"
"468.4518","0.0576","7810819686400.0000"
"468.4540","0.0576","7811819110400.0000"
"468.4580","0.0576","7812819353600.0000"
"468.4639","0.0576","7813819596800.0000"
"468.4714","0.0576","7814819020800.0000"
"468.4796","0.0576","7815819264000.0000"
"468.4873","0.0576","7816818688000.0000"
"468.4937","0.0576","7817819750400.0000"
"468.4993","0.0576","7818819993600.0000"
"468.5051","0.0576","7819820236800.0000"
"468.5118","0.0576","7820819660800.0000"
"468.5191","0.0576","7821819904000.0000"
"468.5271","0.0576","7822819328000.0000"
"468.5353","0.0576","7823819571200.0000"
"468.5435","0.0576","7824818995200.0000"
"468.5511","0.0576","7825819238400.0000"
"468.5585","0.0576","7826819481600.0000"
"468.5666","0.0576","7827818905600.0000"
"468.5751","0.0576","7828819148800.0000"
"468.5836","0.0576","7829818572800.0000"
"468.5915","0.0576","7830819635200.0000"
"468.5986","0.0576","7831819878400.0000"
"468.6049","0.0576","7832820121600.0000"
"468.6110","0.0576","7833819545600.0000"
"468.6171","0.0576","7834819788800.0000"
"468.6236","0.0576","7835819212800.0000"
"468.6303","0.0576","7836819456000.0000"
"468.6371","0.0576","7837819699200.0000"
"468.6435","0.0576","7838819942400.0000"
"468.6494","0.0576","7839820185600.0000"
"468.6544","0.0576","7840819609600.0000"
"468.6589","0.0576","7841819852800.0000"
"468.6639","0.0576","7842819276800.0000"
"468.6700","0.0576","7843819520000.0000"
"468.6771","0.0576","7844819763200.0000"
"468.6850","0.0576","7845820825600.0000"
"468.6933","0.0576","7846820249600.0000"
"468.7014","0.0576","7847820492800.0000"
"468.7088","0.0576","7848819916800.0000"
"468.7153","0.0576","7849820160000.0000"
"468.7212","0.0576","7850821222400.0000"
"468.7268","0.0576","7851820646400.0000"
"468.7322","0.0576","7852821708800.0000"
"468.7374","0.0576","7853821132800.0000"
"468.7422","0.0576","7854822195200.0000"
"468.7463","0.0576","7855821619200.0000"
"468.7491","0.0576","7856821862400.0000"
"468.7499","0.0576","7857821286400.0000"
"468.7492","0.0576","7858821529600.0000"
"468.7477","0.0576","7859822592000.0000"
"468.7460","0.0576","7860822835200.0000"
"468.7449","0.0576","7861822259200.0000"
"468.7448","0.0576","7862822502400.0000"
"468.7453","0.0576","7863822745600.0000"
"468.7462","0.0576","7864822988800.0000"
"468.7467","0.0576","7865823232000.0000"
"468.7470","0.0576","7866822656000.0000"
"468.7472","0.0576","7867822899200.0000"
"468.7473","0.0576","7868823142400.0000"
"468.7470","0.0576","7869823385600.0000"
"468.7461","0.0576","7870822809600.0000"
"468.7442","0.0576","7871823052800.0000"
"468.7411","0.0576","7872824115200.0000"
"468.7368","0.0576","7873824358400.0000"
"468.7310","0.0576","7874823782400.0000"
"468.7241","0.0576","7875824844800.0000"
"468.7169","0.0576","7876825088000.0000"
"468.7098","0.0576","7877824512000.0000"
"468.7033","0.0576","7878825574400.0000"
"468.6974","0.0576","7879825817600.0000"
"468.6922","0.0576","7880826060800.0000"
"468.6880","0.0576","7881825484800.0000"
"468.6847","0.0576","7882825728000.0000"
"468.6821","0.0576","7883825152000.0000"
"468.6798","0.0576","7884826214400.0000"
"468.6772","0.0576","7885826457600.0000"
"468.6738","0.0576","7886826700800.0000"
"468.6691","0.0576","7887826124800.0000"
"468.6630","0.0576","7888826368000.0000"
"468.6556","0.0576","7889826611200.0000"
"468.6476","0.0576","7890826035200.0000"
"468.6396","0.0576","7891826278400.0000"
"468.6322","0.0576","7892826521600.0000"
"468.6258","0.0576","7893826764800.0000"
"468.6214","0.0576","7894826188800.0000"
"468.6194","0.0576","7895826432000.0000"
"468.6194","0.0576","7896825856000.0000"
"468.6201","0.0576","7897826099200.0000"
"468.6210","0.0576","7898825523200.0000"
"468.6218","0.0576","7899825766400.0000"
"468.6229","0.0576","7900826009600.0000"
"468.6242","0.0576","7901825433600.0000"
"468.6252","0.0576","7902825676800.0000"
"468.6259","0.0576","7903825100800.0000"
"468.6262","0.0576","7904825344000.0000"
"468.6255","0.0576","7905824768000.0000"
"468.6240","0.0576","7906824192000.0000"
"468.6219","0.0576","7907823616000.0000"
"468.6201","0.0576","7908823859200.0000"
"468.6192","0.0576","7909823283200.0000"
"468.6197","0.0576","7910822707200.0000"
"468.6214","0.0576","7911822950400.0000"
"468.6240","0.0576","7912823193600.0000"
"468.6274","0.0576","7913822617600.0000"
"468.6312","0.0576","7914822041600.0000"
"468.6345","0.0576","7915822284800.0000"
"468.6372","0.0576","7916820889600.0000"
"468.6394","0.0576","7917821132800.0000"
"468.6411","0.0576","7918820556800.0000"
"468.6421","0.0576","7919820800000.0000"
"468.6420","0.0576","7920820224000.0000"
"468.6414","0.0576","7921819648000.0000"
"468.6411","0.0576","7922819891200.0000"
"468.6417","0.0576","7923820134400.0000"
"468.6434","0.0576","7924819558400.0000"
"468.6461","0.0576","7925818982400.0000"
"468.6492","0.0576","7926819225600.0000"
"468.6520","0.0576","7927817830400.0000"
"468.6544","0.0576","7928818073600.0000"
"468.6560","0.0576","7929818316800.0000"
"468.6568","0.0576","7930817740800.0000"
"468.6571","0.0576","7931817164800.0000"
"468.6567","0.0576","7932816588800.0000"
"468.6555","0.0576","7933816832000.0000"
"468.6531","0.0576","7934817075200.0000"
"468.6496","0.0576","7935816499200.0000"
"468.6449","0.0576","7936815923200.0000"
"468.6395","0.0576","7937816166400.0000"
"468.6342","0.0576","7938814771200.0000"
"468.6298","0.0576","7939815014400.0000"
"468.6265","0.0576","7940815257600.0000"
"468.6238","0.0576","7941814681600.0000"
"468.6215","0.0576","7942814924800.0000"
"468.6197","0.0576","7943815168000.0000"
"468.6183","0.0576","7944815411200.0000"
"468.6176","0.0576","7945814835200.0000"
"468.6177","0.0576","7946814259200.0000"
"468.6181","0.0576","7947813683200.0000"
"468.6187","0.0576","7948813926400.0000"
"468.6191","0.0576","7949813350400.0000"
"468.6193","0.0576","7950813593600.0000"
"468.6188","0.0576","7951813836800.0000"
"468.6175","0.0576","7952814080000.0000"
"468.6151","0.0576","7953814323200.0000"
"468.6119","0.0576","7954813747200.0000"
"468.6087","0.0576","7955813990400.0000"
"468.6060","0.0576","7956813414400.0000"
"468.6041","0.0576","7957813657600.0000"
"468.6030","0.0576","7958813081600.0000"
"468.6025","0.0576","7959813324800.0000"
"468.6023","0.0576","7960812748800.0000"
"468.6016","0.0576","7961813811200.0000"
"468.5999","0.0576","7962814054400.0000"
"468.5974","0.0576","7963813478400.0000"
"468.5941","0.0576","7964813721600.0000"
"468.5897","0.0576","7965813145600.0000"
"468.5838","0.0576","7966814208000.0000"
"468.5760","0.0576","7967813632000.0000"
"468.5668","0.0576","7968814694400.0000"
"468.5570","0.0576","7969814118400.0000"
"468.5482","0.0576","7970814361600.0000"
"468.5413","0.0576","7971813785600.0000"
"468.5367","0.0576","7972814028800.0000"
"468.5341","0.0576","7973813452800.0000"
"468.5331","0.0576","7974813696000.0000"
"468.5333","0.0576","7975814758400.0000"
"468.5344","0.0576","7976814182400.0000"
"468.5360","0.0576","7977814425600.0000"
"468.5376","0.0576","7978813849600.0000"
"468.5381","0.0576","7979814092800.0000"
"468.5370","0.0576","7980813516800.0000"
"468.5346","0.0576","7981813760000.0000"
"468.5313","0.0576","7982814003200.0000"
"468.5269","0.0576","7983814246400.0000"
"468.5210","0.0576","7984813670400.0000"
"468.5139","0.0576","7985813913600.0000"
"468.5071","0.0576","7986814156800.0000"
"468.5014","0.0576","7987814400000.0000"
"468.4972","0.0576","7988814643200.0000"
"468.4943","0.0576","7989814886400.0000"
"468.4926","0.0576","7990815129600.0000"
"468.4915","0.0576","7991814553600.0000"
"468.4906","0.0576","7992814796800.0000"
"468.4899","0.0576","7993814220800.0000"
"468.4890","0.0576","7994814464000.0000"
"468.4879","0.0576","7995814707200.0000"
"468.4863","0.0576","7996815769600.0000"
"468.4843","0.0576","7997815193600.0000"
"468.4816","0.0576","7998815436800.0000"
"468.4782","0.0576","7999815680000.0000"
"468.4740","0.0576","8000815104000.0000"
