Force,Compressive stress,Compressive strain (Displacement)
(N),(MPa),(%)
"-0.0595","0.0000","0.0000"
"-0.0602","0.0000","0.0000"
"-0.0603","0.0000","704.4741"
"-0.0601","0.0000","6651.7265"
"-0.0598","0.0000","32078.7079"
"-0.0593","0.0000","107598.2666"
"-0.0582","0.0000","286110.3027"
"-0.0557","0.0000","646990.9668"
"-0.0515","0.0000","1297550.8789"
"-0.0454","0.0000","2372152.1484"
"-0.0374","0.0000","4030244.5312"
"-0.0280","0.0000","6453985.5469"
"-0.0177","0.0000","9845464.0625"
"-0.0069","0.0000","14423612.5000"
"0.0037","0.0000","20421376.5625"
"0.0134","0.0000","28083031.2500"
"0.0214","0.0000","37661853.1250"
"0.0281","0.0000","49418428.1250"
"0.0344","0.0000","63619143.7500"
"0.0415","0.0000","80534787.5000"
"0.0496","0.0000","100439356.2500"
"0.0585","0.0000","123608475.0000"
"0.0679","0.0000","150318087.5000"
"0.0777","0.0000","180843350.0000"
"0.0880","0.0000","215457475.0000"
"0.0983","0.0000","254431375.0000"
"0.1086","0.0000","298032675.0000"
"0.1190","0.0000","346524050.0000"
"0.1297","0.0000","400161975.0000"
"0.1400","0.0000","459197250.0000"
"0.1487","0.0000","523874600.0000"
"0.1551","0.0000","594432600.0000"
"0.1595","0.0000","671102250.0000"
"0.1630","0.0000","754106800.0000"
"0.1665","0.0000","843662400.0000"
"0.1709","0.0000","939977800.0000"
"0.1763","0.0000","1043253300.0000"
"0.1826","0.0000","1153682000.0000"
"0.1894","0.0000","1271448200.0000"
"0.1965","0.0000","1396728000.0000"
"0.2040","0.0000","1529689000.0000"
"0.2119","0.0000","1670491900.0000"
"0.2201","0.0000","1819289000.0000"
"0.2279","0.0000","1976224000.0000"
"0.2347","0.0000","2141432800.0000"
"0.2399","0.0000","2315043600.0000"
"0.2433","0.0000","2497175200.0000"
"0.2443","0.0000","2687940600.0000"
"0.2428","0.0000","2887444000.0000"
"0.2391","0.0000","3095782400.0000"
"0.2340","0.0000","3313046400.0000"
"0.2287","0.0000","3539318800.0000"
"0.2244","0.0000","3774676000.0000"
"0.2219","0.0000","4019187200.0000"
"0.2211","0.0000","4272914800.0000"
"0.2221","0.0000","4535916800.0000"
"0.2242","0.0000","4808245600.0000"
"0.2269","0.0000","5089948000.0000"
"0.2295","0.0000","5381065600.0000"
"0.2319","0.0000","5681634800.0000"
"0.2339","0.0000","5991689200.0000"
"0.2350","0.0000","6311256800.0000"
"0.2346","0.0000","6640359200.0000"
"0.2327","0.0000","6979016800.0000"
"0.2297","0.0000","7327245600.0000"
"0.2264","0.0000","7685054400.0000"
"0.2236","0.0000","8052453600.0000"
"0.2217","0.0000","8429448800.0000"
"0.2212","0.0000","8816043200.0000"
"0.2221","0.0000","9212238400.0000"
"0.2243","0.0000","9618034400.0000"
"0.2276","0.0000","10033425600.0000"
"0.2315","0.0000","10458402400.0000"
"0.2359","0.0000","10892961600.0000"
"0.2404","0.0000","11337088000.0000"
"0.2452","0.0000","11790772000.0000"
"0.2501","0.0000","12253999200.0000"
"0.2547","0.0000","12726756000.0000"
"0.2581","0.0000","13209027200.0000"
"0.2595","0.0000","13700793600.0000"
"0.2591","0.0000","14202043200.0000"
"0.2577","0.0000","14712753600.0000"
"0.2567","0.0000","15232904000.0000"
"0.2571","0.0000","15762475200.0000"
"0.2588","0.0000","16301444800.0000"
"0.2612","0.0000","16849788800.0000"
"0.2636","0.0000","17407489600.0000"
"0.2657","0.0000","17974518400.0000"
"0.2674","0.0000","18550852800.0000"
"0.2689","0.0000","19136462400.0000"
"0.2697","0.0000","19731324800.0000"
"0.2692","0.0000","20335409600.0000"
"0.2674","0.0000","20948691200.0000"
"0.2646","0.0000","21571139200.0000"
"0.2611","0.0000","22202724800.0000"
"0.2573","0.0000","22843428800.0000"
"0.2538","0.0000","23493216000.0000"
"0.2509","0.0000","24152062400.0000"
"0.2491","0.0000","24819936000.0000"
"0.2484","0.0000","25496817600.0000"
"0.2489","0.0000","26182676800.0000"
"0.2503","0.0000","26877491200.0000"
"0.2521","0.0000","27581228800.0000"
"0.2539","0.0000","28293865600.0000"
"0.2554","0.0000","29015379200.0000"
"0.2568","0.0000","29745744000.0000"
"0.2587","0.0000","30484928000.0000"
"0.2614","0.0000","31232905600.0000"
"0.2648","0.0000","31989657600.0000"
"0.2686","0.0000","32755158400.0000"
"0.2726","0.0000","33529372800.0000"
"0.2765","0.0000","34312275200.0000"
"0.2798","0.0000","35103843200.0000"
"0.2829","0.0000","35904038400.0000"
"0.2864","0.0000","36712838400.0000"
"0.2908","0.0000","37530204800.0000"
"0.2963","0.0000","38356105600.0000"
"0.3027","0.0000","39190499200.0000"
"0.3098","0.0000","40033344000.0000"
"0.3172","0.0000","40884595200.0000"
"0.3243","0.0000","41744188800.0000"
"0.3308","0.0000","42612067200.0000"
"0.3360","0.0000","43488150400.0000"
"0.3395","0.0000","44372329600.0000"
"0.3409","0.0000","45264476800.0000"
"0.3401","0.0000","46164432000.0000"
"0.3368","0.0000","47072000000.0000"
"0.3310","0.0000","47986966400.0000"
"0.3234","0.0000","48909081600.0000"
"0.3149","0.0000","49838092800.0000"
"0.3061","0.0000","50773705600.0000"
"0.2968","0.0000","51715612800.0000"
"0.2869","0.0000","52663513600.0000"
"0.2769","0.0000","53617075200.0000"
"0.2673","0.0000","54575974400.0000"
"0.2584","0.0000","55539878400.0000"
"0.2499","0.0000","56508454400.0000"
"0.2415","0.0000","57481356800.0000"
"0.2327","0.0000","58458259200.0000"
"0.2239","0.0000","59438835200.0000"
"0.2153","0.0000","60422752000.0000"
"0.2067","0.0000","61409702400.0000"
"0.1982","0.0000","62399379200.0000"
"0.1902","0.0000","63391462400.0000"
"0.1832","0.0000","64385689600.0000"
"0.1775","0.0000","65381772800.0000"
"0.1731","0.0000","66379443200.0000"
"0.1701","0.0000","67378457600.0000"
"0.1681","0.0000","68378572800.0000"
"0.1669","0.0000","69379552000.0000"
"0.1657","0.0000","70381216000.0000"
"0.1643","0.0000","71383340800.0000"
"0.1621","0.0000","72385760000.0000"
"0.1592","0.0000","73388326400.0000"
"0.1551","0.0000","74390860800.0000"
"0.1495","0.0000","75393241600.0000"
"0.1423","0.0000","76395353600.0000"
"0.1344","0.0000","77397075200.0000"
"0.1262","0.0000","78398310400.0000"
"0.1176","0.0000","79398988800.0000"
"0.1092","0.0000","80399052800.0000"
"0.1017","0.0000","81398400000.0000"
"0.0958","0.0000","82397011200.0000"
"0.0918","0.0000","83394848000.0000"
"0.0901","0.0000","84391865600.0000"
"0.0905","0.0000","85388044800.0000"
"0.0926","0.0000","86383392000.0000"
"0.0959","0.0000","87377888000.0000"
"0.1001","0.0000","88371539200.0000"
"0.1049","0.0000","89364358400.0000"
"0.1102","0.0000","90356352000.0000"
"0.1164","0.0000","91347558400.0000"
"0.1233","0.0000","92338003200.0000"
"0.1304","0.0000","93327724800.0000"
"0.1369","0.0000","94316748800.0000"
"0.1431","0.0000","95305132800.0000"
"0.1496","0.0000","96292928000.0000"
"0.1571","0.0000","97280185600.0000"
"0.1659","0.0000","98266956800.0000"
"0.1762","0.0000","99253305600.0000"
"0.1876","0.0000","100239302400.0000"
"0.2001","0.0000","101224972800.0000"
"0.2131","0.0000","102210406400.0000"
"0.2260","0.0000","103195680000.0000"
"0.2380","0.0000","104180812800.0000"
"0.2489","0.0000","105165913600.0000"
"0.2586","0.0000","106151014400.0000"
"0.2672","0.0000","107136179200.0000"
"0.2749","0.0000","108121472000.0000"
"0.2815","0.0000","109106931200.0000"
"0.2874","0.0000","110092633600.0000"
"0.2933","0.0000","111078617600.0000"
"0.3000","0.0000","112064934400.0000"
"0.3078","0.0000","113051622400.0000"
"0.3164","0.0000","114038732800.0000"
"0.3252","0.0000","115026304000.0000"
"0.3336","0.0000","116014361600.0000"
"0.3413","0.0000","117002969600.0000"
"0.3482","0.0000","117992128000.0000"
"0.3546","0.0000","118981926400.0000"
"0.3611","0.0000","119972313600.0000"
"0.3683","0.0000","120963392000.0000"
"0.3755","0.0000","121955136000.0000"
"0.3818","0.0000","122947609600.0000"
"0.3867","0.0000","123940800000.0000"
"0.3903","0.0000","124934745600.0000"
"0.3924","0.0000","125929472000.0000"
"0.3933","0.0000","126924953600.0000"
"0.3937","0.0000","127921241600.0000"
"0.3944","0.0000","128918297600.0000"
"0.3955","0.0000","129916160000.0000"
"0.3965","0.0000","130914828800.0000"
"0.3966","0.0000","131914291200.0000"
"0.3958","0.0000","132914534400.0000"
"0.3941","0.0000","133915558400.0000"
"0.3920","0.0000","134917363200.0000"
"0.3899","0.0000","135919910400.0000"
"0.3885","0.0000","136923200000.0000"
"0.3879","0.0000","137927232000.0000"
"0.3874","0.0000","138931929600.0000"
"0.3869","0.0000","139937344000.0000"
"0.3860","0.0000","140943398400.0000"
"0.3843","0.0000","141950118400.0000"
"0.3810","0.0000","142957452800.0000"
"0.3766","0.0000","143965363200.0000"
"0.3721","0.0000","144973849600.0000"
"0.3683","0.0000","145982912000.0000"
"0.3657","0.0000","146992473600.0000"
"0.3638","0.0000","148002547200.0000"
"0.3624","0.0000","149013081600.0000"
"0.3610","0.0000","150024102400.0000"
"0.3597","0.0000","151035507200.0000"
"0.3587","0.0000","152047321600.0000"
"0.3582","0.0000","153059507200.0000"
"0.3582","0.0000","154072025600.0000"
"0.3585","0.0000","155084864000.0000"
"0.3588","0.0000","156097971200.0000"
"0.3587","0.0000","157111334400.0000"
"0.3580","0.0000","158124928000.0000"
"0.3565","0.0000","159138713600.0000"
"0.3550","0.0000","160152640000.0000"
"0.3542","0.0000","161166720000.0000"
"0.3546","0.0000","162180864000.0000"
"0.3561","0.0000","163195097600.0000"
"0.3583","0.0000","164209369600.0000"
"0.3612","0.0000","165223654400.0000"
"0.3652","0.0000","166237913600.0000"
"0.3701","0.0000","167252147200.0000"
"0.3756","0.0000","168266304000.0000"
"0.3807","0.0000","169280396800.0000"
"0.3845","0.0000","170294387200.0000"
"0.3866","0.0000","171308262400.0000"
"0.3875","0.0000","172321996800.0000"
"0.3876","0.0000","173335564800.0000"
"0.3864","0.0000","174348992000.0000"
"0.3837","0.0000","175362214400.0000"
"0.3797","0.0000","176375244800.0000"
"0.3755","0.0000","177388083200.0000"
"0.3722","0.0000","178400665600.0000"
"0.3707","0.0000","179413043200.0000"
"0.3718","0.0000","180425164800.0000"
"0.3759","0.0000","181437004800.0000"
"0.3830","0.0000","182448588800.0000"
"0.3923","0.0000","183459878400.0000"
"0.4021","0.0000","184470899200.0000"
"0.4111","0.0001","185481587200.0000"
"0.4187","0.0001","186491980800.0000"
"0.4248","0.0001","187502041600.0000"
"0.4295","0.0001","188511769600.0000"
"0.4331","0.0001","189521177600.0000"
"0.4356","0.0001","190530227200.0000"
"0.4372","0.0001","191538944000.0000"
"0.4385","0.0001","192547328000.0000"
"0.4401","0.0001","193555366400.0000"
"0.4428","0.0001","194563059200.0000"
"0.4466","0.0001","195570419200.0000"
"0.4513","0.0001","196577446400.0000"
"0.4566","0.0001","197584166400.0000"
"0.4625","0.0001","198590528000.0000"
"0.4690","0.0001","199596608000.0000"
"0.4756","0.0001","200602368000.0000"
"0.4815","0.0001","201607833600.0000"
"0.4866","0.0001","202612979200.0000"
"0.4911","0.0001","203617868800.0000"
"0.4952","0.0001","204622412800.0000"
"0.4991","0.0001","205626713600.0000"
"0.5031","0.0001","206630758400.0000"
"0.5072","0.0001","207634483200.0000"
"0.5114","0.0001","208637977600.0000"
"0.5152","0.0001","209641177600.0000"
"0.5182","0.0001","210644160000.0000"
"0.5208","0.0001","211646848000.0000"
"0.5236","0.0001","212649280000.0000"
"0.5273","0.0001","213651494400.0000"
"0.5317","0.0001","214653478400.0000"
"0.5365","0.0001","215655219200.0000"
"0.5409","0.0001","216656768000.0000"
"0.5448","0.0001","217658060800.0000"
"0.5484","0.0001","218659200000.0000"
"0.5520","0.0001","219660160000.0000"
"0.5558","0.0001","220660915200.0000"
"0.5600","0.0001","221661491200.0000"
"0.5647","0.0001","222661964800.0000"
"0.5698","0.0001","223662259200.0000"
"0.5752","0.0001","224662425600.0000"
"0.5810","0.0001","225662489600.0000"
"0.5878","0.0001","226662451200.0000"
"0.5959","0.0001","227662310400.0000"
"0.6054","0.0001","228662041600.0000"
"0.6162","0.0001","229661721600.0000"
"0.6283","0.0001","230661273600.0000"
"0.6414","0.0001","231660800000.0000"
"0.6553","0.0001","232660249600.0000"
"0.6694","0.0001","233659622400.0000"
"0.6829","0.0001","234658944000.0000"
"0.6954","0.0001","235658188800.0000"
"0.7068","0.0001","236657382400.0000"
"0.7175","0.0001","237656524800.0000"
"0.7275","0.0001","238655616000.0000"
"0.7368","0.0001","239654707200.0000"
"0.7455","0.0001","240653747200.0000"
"0.7536","0.0001","241652761600.0000"
"0.7612","0.0001","242651750400.0000"
"0.7688","0.0001","243650764800.0000"
"0.7766","0.0001","244649753600.0000"
"0.7843","0.0001","245648691200.0000"
"0.7918","0.0001","246647705600.0000"
"0.7989","0.0001","247646694400.0000"
"0.8053","0.0001","248645734400.0000"
"0.8104","0.0001","249644774400.0000"
"0.8138","0.0001","250643865600.0000"
"0.8155","0.0001","251642982400.0000"
"0.8159","0.0001","252642124800.0000"
"0.8156","0.0001","253641267200.0000"
"0.8146","0.0001","254640512000.0000"
"0.8136","0.0001","255639833600.0000"
"0.8136","0.0001","256639129600.0000"
"0.8155","0.0001","257638425600.0000"
"0.8197","0.0001","258637849600.0000"
"0.8257","0.0001","259637248000.0000"
"0.8327","0.0001","260636723200.0000"
"0.8401","0.0001","261636172800.0000"
"0.8472","0.0001","262635699200.0000"
"0.8534","0.0001","263635251200.0000"
"0.8592","0.0001","264634880000.0000"
"0.8647","0.0001","265634508800.0000"
"0.8702","0.0001","266634163200.0000"
"0.8753","0.0001","267633894400.0000"
"0.8797","0.0001","268633651200.0000"
"0.8833","0.0001","269633459200.0000"
"0.8863","0.0001","270633318400.0000"
"0.8893","0.0001","271633254400.0000"
"0.8929","0.0001","272633190400.0000"
"0.8980","0.0001","273633280000.0000"
"0.9048","0.0001","274633344000.0000"
"0.9137","0.0001","275633484800.0000"
"0.9246","0.0001","276633676800.0000"
"0.9370","0.0001","277633971200.0000"
"0.9505","0.0001","278634265600.0000"
"0.9652","0.0001","279634636800.0000"
"0.9809","0.0001","280635008000.0000"
"0.9974","0.0001","281635430400.0000"
"1.0133","0.0001","282635904000.0000"
"1.0280","0.0001","283636428800.0000"
"1.0408","0.0001","284636928000.0000"
"1.0510","0.0001","285637504000.0000"
"1.0589","0.0001","286638105600.0000"
"1.0656","0.0001","287638681600.0000"
"1.0728","0.0001","288639283200.0000"
"1.0814","0.0001","289639936000.0000"
"1.0915","0.0001","290640588800.0000"
"1.1027","0.0001","291641216000.0000"
"1.1145","0.0001","292641945600.0000"
"1.1267","0.0001","293642624000.0000"
"1.1392","0.0001","294643328000.0000"
"1.1514","0.0001","295644083200.0000"
"1.1626","0.0001","296644838400.0000"
"1.1722","0.0001","297645619200.0000"
"1.1795","0.0001","298646425600.0000"
"1.1840","0.0001","299647232000.0000"
"1.1859","0.0001","300648115200.0000"
"1.1856","0.0001","301648972800.0000"
"1.1838","0.0001","302649856000.0000"
"1.1813","0.0001","303650739200.0000"
"1.1786","0.0001","304651648000.0000"
"1.1766","0.0001","305652556800.0000"
"1.1759","0.0001","306653465600.0000"
"1.1774","0.0001","307654348800.0000"
"1.1818","0.0001","308655232000.0000"
"1.1890","0.0001","309656089600.0000"
"1.1985","0.0001","310656921600.0000"
"1.2088","0.0001","311657753600.0000"
"1.2190","0.0001","312658585600.0000"
"1.2283","0.0002","313659340800.0000"
"1.2371","0.0002","314660096000.0000"
"1.2460","0.0002","315660825600.0000"
"1.2551","0.0002","316661555200.0000"
"1.2642","0.0002","317662259200.0000"
"1.2730","0.0002","318662937600.0000"
"1.2817","0.0002","319663641600.0000"
"1.2903","0.0002","320664294400.0000"
"1.2986","0.0002","321664947200.0000"
"1.3059","0.0002","322665548800.0000"
"1.3121","0.0002","323666201600.0000"
"1.3174","0.0002","324666828800.0000"
"1.3224","0.0002","325667379200.0000"
"1.3275","0.0002","326667980800.0000"
"1.3331","0.0002","327668556800.0000"
"1.3393","0.0002","328669107200.0000"
"1.3453","0.0002","329669657600.0000"
"1.3510","0.0002","330670156800.0000"
"1.3562","0.0002","331670604800.0000"
"1.3613","0.0002","332671052800.0000"
"1.3655","0.0002","333671449600.0000"
"1.3686","0.0002","334671846400.0000"
"1.3704","0.0002","335672192000.0000"
"1.3719","0.0002","336672537600.0000"
"1.3740","0.0002","337672832000.0000"
"1.3773","0.0002","338673100800.0000"
"1.3816","0.0002","339673369600.0000"
"1.3868","0.0002","340673587200.0000"
"1.3928","0.0002","341673779200.0000"
"1.3992","0.0002","342673945600.0000"
"1.4055","0.0002","343674137600.0000"
"1.4112","0.0002","344674304000.0000"
"1.4163","0.0002","345674470400.0000"
"1.4210","0.0002","346674611200.0000"
"1.4257","0.0002","347674777600.0000"
"1.4307","0.0002","348674918400.0000"
"1.4365","0.0002","349675059200.0000"
"1.4431","0.0002","350675200000.0000"
"1.4509","0.0002","351675340800.0000"
"1.4597","0.0002","352675481600.0000"
"1.4693","0.0002","353675622400.0000"
"1.4790","0.0002","354675737600.0000"
"1.4884","0.0002","355675827200.0000"
"1.4968","0.0002","356675916800.0000"
"1.5039","0.0002","357676006400.0000"
"1.5098","0.0002","358676096000.0000"
"1.5146","0.0002","359676108800.0000"
"1.5185","0.0002","360676147200.0000"
"1.5219","0.0002","361676185600.0000"
"1.5248","0.0002","362676172800.0000"
"1.5271","0.0002","363676211200.0000"
"1.5287","0.0002","364676172800.0000"
"1.5291","0.0002","365676185600.0000"
"1.5283","0.0002","366676172800.0000"
"1.5269","0.0002","367676160000.0000"
"1.5260","0.0002","368676121600.0000"
"1.5262","0.0002","369676134400.0000"
"1.5279","0.0002","370676121600.0000"
"1.5311","0.0002","371676160000.0000"
"1.5361","0.0002","372676172800.0000"
"1.5426","0.0002","373676160000.0000"
"1.5500","0.0002","374676224000.0000"
"1.5577","0.0002","375676262400.0000"
"1.5653","0.0002","376676249600.0000"
"1.5727","0.0002","377676339200.0000"
"1.5797","0.0002","378676352000.0000"
"1.5865","0.0002","379676364800.0000"
"1.5935","0.0002","380676377600.0000"
"1.6008","0.0002","381676390400.0000"
"1.6087","0.0002","382676377600.0000"
"1.6176","0.0002","383676339200.0000"
"1.6276","0.0002","384676300800.0000"
"1.6387","0.0002","385676288000.0000"
"1.6509","0.0002","386676198400.0000"
"1.6642","0.0002","387676108800.0000"
"1.6781","0.0002","388676044800.0000"
"1.6919","0.0002","389675955200.0000"
"1.7053","0.0002","390675865600.0000"
"1.7176","0.0002","391675827200.0000"
"1.7287","0.0002","392675737600.0000"
"1.7382","0.0002","393675648000.0000"
"1.7459","0.0002","394675635200.0000"
"1.7518","0.0002","395675571200.0000"
"1.7561","0.0002","396675532800.0000"
"1.7591","0.0002","397675494400.0000"
"1.7617","0.0002","398675507200.0000"
"1.7644","0.0002","399675468800.0000"
"1.7675","0.0002","400675456000.0000"
"1.7709","0.0002","401675417600.0000"
"1.7749","0.0002","402675456000.0000"
"1.7796","0.0002","403675468800.0000"
"1.7850","0.0002","404675456000.0000"
"1.7911","0.0002","405675417600.0000"
"1.7976","0.0002","406675404800.0000"
"1.8042","0.0002","407675315200.0000"
"1.8109","0.0002","408675251200.0000"
"1.8178","0.0002","409675238400.0000"
"1.8247","0.0002","410675097600.0000"
"1.8309","0.0002","411675033600.0000"
"1.8365","0.0002","412674969600.0000"
"1.8413","0.0002","413674880000.0000"
"1.8449","0.0002","414674713600.0000"
"1.8479","0.0002","415674649600.0000"
"1.8514","0.0002","416674585600.0000"
"1.8559","0.0002","417674547200.0000"
"1.8614","0.0002","418674432000.0000"
"1.8676","0.0002","419674419200.0000"
"1.8745","0.0002","420674380800.0000"
"1.8819","0.0002","421674316800.0000"
"1.8894","0.0002","422674278400.0000"
"1.8971","0.0002","423674316800.0000"
"1.9046","0.0002","424674227200.0000"
"1.9118","0.0002","425674265600.0000"
"1.9183","0.0002","426674278400.0000"
"1.9247","0.0002","427674265600.0000"
"1.9312","0.0002","428674227200.0000"
"1.9378","0.0002","429674240000.0000"
"1.9446","0.0002","430674227200.0000"
"1.9522","0.0002","431674163200.0000"
"1.9611","0.0002","432674150400.0000"
"1.9711","0.0002","433674086400.0000"
"1.9820","0.0002","434674022400.0000"
"1.9939","0.0002","435673958400.0000"
"2.0062","0.0002","436673945600.0000"
"2.0183","0.0002","437673881600.0000"
"2.0293","0.0002","438673817600.0000"
"2.0392","0.0003","439673753600.0000"
"2.0484","0.0003","440673740800.0000"
"2.0577","0.0003","441673676800.0000"
"2.0675","0.0003","442673766400.0000"
"2.0778","0.0003","443673753600.0000"
"2.0881","0.0003","444673740800.0000"
"2.0981","0.0003","445673830400.0000"
"2.1079","0.0003","446673817600.0000"
"2.1181","0.0003","447673907200.0000"
"2.1292","0.0003","448673996800.0000"
"2.1411","0.0003","449674086400.0000"
"2.1530","0.0003","450674124800.0000"
"2.1648","0.0003","451674214400.0000"
"2.1762","0.0003","452674355200.0000"
"2.1871","0.0003","453674393600.0000"
"2.1980","0.0003","454674483200.0000"
"2.2092","0.0003","455674572800.0000"
"2.2209","0.0003","456674611200.0000"
"2.2328","0.0003","457674649600.0000"
"2.2445","0.0003","458674688000.0000"
"2.2556","0.0003","459674777600.0000"
"2.2656","0.0003","460674816000.0000"
"2.2743","0.0003","461674854400.0000"
"2.2821","0.0003","462674892800.0000"
"2.2898","0.0003","463675033600.0000"
"2.2984","0.0003","464675123200.0000"
"2.3080","0.0003","465675161600.0000"
"2.3181","0.0003","466675353600.0000"
"2.3287","0.0003","467675392000.0000"
"2.3398","0.0003","468675635200.0000"
"2.3511","0.0003","469675673600.0000"
"2.3623","0.0003","470675865600.0000"
"2.3728","0.0003","471676108800.0000"
"2.3829","0.0003","472676300800.0000"
"2.3930","0.0003","473676441600.0000"
"2.4033","0.0003","474676582400.0000"
"2.4134","0.0003","475676774400.0000"
"2.4225","0.0003","476677017600.0000"
"2.4303","0.0003","477677107200.0000"
"2.4372","0.0003","478677299200.0000"
"2.4441","0.0003","479677388800.0000"
"2.4519","0.0003","480677529600.0000"
"2.4607","0.0003","481677619200.0000"
"2.4706","0.0003","482677708800.0000"
"2.4814","0.0003","483677798400.0000"
"2.4928","0.0003","484677836800.0000"
"2.5041","0.0003","485677824000.0000"
"2.5150","0.0003","486677913600.0000"
"2.5249","0.0003","487677952000.0000"
"2.5336","0.0003","488677939200.0000"
"2.5407","0.0003","489677977600.0000"
"2.5461","0.0003","490678016000.0000"
"2.5501","0.0003","491677952000.0000"
"2.5530","0.0003","492678041600.0000"
"2.5553","0.0003","493678080000.0000"
"2.5577","0.0003","494678016000.0000"
"2.5612","0.0003","495678054400.0000"
"2.5661","0.0003","496678092800.0000"
"2.5719","0.0003","497678080000.0000"
"2.5783","0.0003","498678016000.0000"
"2.5853","0.0003","499678054400.0000"
"2.5930","0.0003","500677990400.0000"
"2.6014","0.0003","501677926400.0000"
"2.6108","0.0003","502677811200.0000"
"2.6212","0.0003","503677747200.0000"
"2.6323","0.0003","504677632000.0000"
"2.6435","0.0003","505677516800.0000"
"2.6542","0.0003","506677350400.0000"
"2.6637","0.0003","507677235200.0000"
"2.6716","0.0003","508677068800.0000"
"2.6779","0.0003","509676851200.0000"
"2.6833","0.0003","510676684800.0000"
"2.6893","0.0003","511676569600.0000"
"2.6964","0.0003","512676352000.0000"
"2.7046","0.0003","513676185600.0000"
"2.7142","0.0003","514676019200.0000"
"2.7255","0.0003","515675852800.0000"
"2.7385","0.0003","516675737600.0000"
"2.7526","0.0003","517675622400.0000"
"2.7672","0.0003","518675507200.0000"
"2.7817","0.0003","519675392000.0000"
"2.7952","0.0003","520675328000.0000"
"2.8076","0.0003","521675212800.0000"
"2.8190","0.0003","522675097600.0000"
"2.8294","0.0003","523675084800.0000"
"2.8388","0.0003","524674969600.0000"
"2.8473","0.0003","525674905600.0000"
"2.8551","0.0004","526674790400.0000"
"2.8626","0.0004","527674726400.0000"
"2.8703","0.0004","528674611200.0000"
"2.8783","0.0004","529674547200.0000"
"2.8867","0.0004","530674432000.0000"
"2.8951","0.0004","531674368000.0000"
"2.9036","0.0004","532674252800.0000"
"2.9123","0.0004","533674137600.0000"
"2.9214","0.0004","534674073600.0000"
"2.9302","0.0004","535673958400.0000"
"2.9382","0.0004","536673894400.0000"
"2.9452","0.0004","537673881600.0000"
"2.9516","0.0004","538673868800.0000"
"2.9577","0.0004","539673753600.0000"
"2.9635","0.0004","540673792000.0000"
"2.9687","0.0004","541673830400.0000"
"2.9736","0.0004","542673817600.0000"
"2.9790","0.0004","543673804800.0000"
"2.9853","0.0004","544673894400.0000"
"2.9932","0.0004","545673932800.0000"
"3.0025","0.0004","546673971200.0000"
"3.0129","0.0004","547674060800.0000"
"3.0246","0.0004","548674099200.0000"
"3.0372","0.0004","549674188800.0000"
"3.0501","0.0004","550674278400.0000"
"3.0626","0.0004","551674214400.0000"
"3.0740","0.0004","552674304000.0000"
"3.0842","0.0004","553674393600.0000"
"3.0930","0.0004","554674380800.0000"
"3.1011","0.0004","555674470400.0000"
"3.1085","0.0004","556674508800.0000"
"3.1158","0.0004","557674496000.0000"
"3.1239","0.0004","558674534400.0000"
"3.1340","0.0004","559674675200.0000"
"3.1465","0.0004","560674662400.0000"
"3.1607","0.0004","561674752000.0000"
"3.1756","0.0004","562674841600.0000"
"3.1908","0.0004","563674931200.0000"
"3.2065","0.0004","564675072000.0000"
"3.2226","0.0004","565675161600.0000"
"3.2386","0.0004","566675353600.0000"
"3.2540","0.0004","567675443200.0000"
"3.2685","0.0004","568675635200.0000"
"3.2825","0.0004","569675776000.0000"
"3.2962","0.0004","570675916800.0000"
"3.3095","0.0004","571676057600.0000"
"3.3220","0.0004","572676300800.0000"
"3.3335","0.0004","573676339200.0000"
"3.3445","0.0004","574676531200.0000"
"3.3551","0.0004","575676620800.0000"
"3.3653","0.0004","576676710400.0000"
"3.3751","0.0004","577676800000.0000"
"3.3846","0.0004","578676838400.0000"
"3.3941","0.0004","579676928000.0000"
"3.4035","0.0004","580677017600.0000"
"3.4131","0.0004","581677056000.0000"
"3.4225","0.0004","582677094400.0000"
"3.4308","0.0004","583677184000.0000"
"3.4375","0.0004","584677171200.0000"
"3.4431","0.0004","585677209600.0000"
"3.4487","0.0004","586677299200.0000"
"3.4549","0.0004","587677337600.0000"
"3.4623","0.0004","588677427200.0000"
"3.4705","0.0004","589677516800.0000"
"3.4795","0.0004","590677555200.0000"
"3.4891","0.0004","591677644800.0000"
"3.4994","0.0004","592677734400.0000"
"3.5106","0.0004","593677772800.0000"
"3.5229","0.0004","594677913600.0000"
"3.5361","0.0004","595677952000.0000"
"3.5500","0.0004","596678041600.0000"
"3.5643","0.0004","597678131200.0000"
"3.5789","0.0004","598678169600.0000"
"3.5933","0.0004","599678208000.0000"
"3.6072","0.0004","600678246400.0000"
"3.6207","0.0004","601678182400.0000"
"3.6337","0.0004","602678220800.0000"
"3.6458","0.0004","603678259200.0000"
"3.6567","0.0004","604678195200.0000"
"3.6666","0.0005","605678182400.0000"
"3.6765","0.0005","606678272000.0000"
"3.6870","0.0005","607678259200.0000"
"3.6983","0.0005","608678195200.0000"
"3.7099","0.0005","609678233600.0000"
"3.7214","0.0005","610678272000.0000"
"3.7329","0.0005","611678259200.0000"
"3.7447","0.0005","612678246400.0000"
"3.7570","0.0005","613678387200.0000"
"3.7702","0.0005","614678425600.0000"
"3.7841","0.0005","615678464000.0000"
"3.7987","0.0005","616678553600.0000"
"3.8133","0.0005","617678643200.0000"
"3.8278","0.0005","618678732800.0000"
"3.8423","0.0005","619678822400.0000"
"3.8564","0.0005","620678963200.0000"
"3.8703","0.0005","621679052800.0000"
"3.8849","0.0005","622679091200.0000"
"3.9006","0.0005","623679180800.0000"
"3.9174","0.0005","624679321600.0000"
"3.9349","0.0005","625679360000.0000"
"3.9529","0.0005","626679552000.0000"
"3.9707","0.0005","627679590400.0000"
"3.9874","0.0005","628679628800.0000"
"4.0022","0.0005","629679718400.0000"
"4.0152","0.0005","630679808000.0000"
"4.0274","0.0005","631679897600.0000"
"4.0398","0.0005","632679987200.0000"
"4.0526","0.0005","633680076800.0000"
"4.0655","0.0005","634680217600.0000"
"4.0779","0.0005","635680358400.0000"
"4.0893","0.0005","636680499200.0000"
"4.1000","0.0005","637680640000.0000"
"4.1106","0.0005","638680832000.0000"
"4.1215","0.0005","639680972800.0000"
"4.1328","0.0005","640681164800.0000"
"4.1443","0.0005","641681356800.0000"
"4.1562","0.0005","642681548800.0000"
"4.1689","0.0005","643681689600.0000"
"4.1821","0.0005","644681932800.0000"
"4.1961","0.0005","645682176000.0000"
"4.2108","0.0005","646682214400.0000"
"4.2258","0.0005","647682406400.0000"
"4.2402","0.0005","648682496000.0000"
"4.2538","0.0005","649682585600.0000"
"4.2665","0.0005","650682726400.0000"
"4.2785","0.0005","651682764800.0000"
"4.2896","0.0005","652682803200.0000"
"4.3002","0.0005","653682892800.0000"
"4.3103","0.0005","654682828800.0000"
"4.3197","0.0005","655682867200.0000"
"4.3286","0.0005","656682854400.0000"
"4.3374","0.0005","657682841600.0000"
"4.3470","0.0005","658682777600.0000"
"4.3576","0.0005","659682764800.0000"
"4.3689","0.0005","660682752000.0000"
"4.3801","0.0005","661682739200.0000"
"4.3906","0.0005","662682675200.0000"
"4.4007","0.0005","663682662400.0000"
"4.4105","0.0005","664682598400.0000"
"4.4203","0.0005","665682585600.0000"
"4.4300","0.0005","666682572800.0000"
"4.4400","0.0005","667682406400.0000"
"4.4503","0.0005","668682342400.0000"
"4.4609","0.0005","669682278400.0000"
"4.4721","0.0005","670682163200.0000"
"4.4842","0.0006","671682048000.0000"
"4.4971","0.0006","672681830400.0000"
"4.5109","0.0006","673681715200.0000"
"4.5255","0.0006","674681548800.0000"
"4.5408","0.0006","675681280000.0000"
"4.5567","0.0006","676681062400.0000"
"4.5728","0.0006","677680896000.0000"
"4.5888","0.0006","678680627200.0000"
"4.6041","0.0006","679680358400.0000"
"4.6182","0.0006","680680089600.0000"
"4.6311","0.0006","681679923200.0000"
"4.6429","0.0006","682679654400.0000"
"4.6539","0.0006","683679488000.0000"
"4.6644","0.0006","684679219200.0000"
"4.6750","0.0006","685679001600.0000"
"4.6860","0.0006","686678886400.0000"
"4.6981","0.0006","687678668800.0000"
"4.7113","0.0006","688678553600.0000"
"4.7255","0.0006","689678387200.0000"
"4.7402","0.0006","690678169600.0000"
"4.7554","0.0006","691678054400.0000"
"4.7712","0.0006","692677939200.0000"
"4.7878","0.0006","693677824000.0000"
"4.8051","0.0006","694677606400.0000"
"4.8225","0.0006","695677491200.0000"
"4.8397","0.0006","696677376000.0000"
"4.8564","0.0006","697677158400.0000"
"4.8727","0.0006","698676992000.0000"
"4.8884","0.0006","699676876800.0000"
"4.9035","0.0006","700676761600.0000"
"4.9181","0.0006","701676544000.0000"
"4.9331","0.0006","702676377600.0000"
"4.9487","0.0006","703676262400.0000"
"4.9651","0.0006","704676147200.0000"
"4.9824","0.0006","705675980800.0000"
"5.0004","0.0006","706675865600.0000"
"5.0187","0.0006","707675801600.0000"
"5.0368","0.0006","708675788800.0000"
"5.0548","0.0006","709675776000.0000"
"5.0727","0.0006","710675712000.0000"
"5.0903","0.0006","711675750400.0000"
"5.1070","0.0006","712675840000.0000"
"5.1227","0.0006","713675827200.0000"
"5.1367","0.0006","714675865600.0000"
"5.1487","0.0006","715675955200.0000"
"5.1588","0.0006","716675993600.0000"
"5.1681","0.0006","717676134400.0000"
"5.1778","0.0006","718676172800.0000"
"5.1888","0.0006","719676211200.0000"
"5.2013","0.0006","720676403200.0000"
"5.2153","0.0006","721676441600.0000"
"5.2304","0.0006","722676480000.0000"
"5.2469","0.0006","723676620800.0000"
"5.2645","0.0006","724676659200.0000"
"5.2829","0.0006","725676748800.0000"
"5.3016","0.0007","726676838400.0000"
"5.3203","0.0007","727676928000.0000"
"5.3386","0.0007","728677017600.0000"
"5.3563","0.0007","729677107200.0000"
"5.3729","0.0007","730677248000.0000"
"5.3878","0.0007","731677337600.0000"
"5.4014","0.0007","732677427200.0000"
"5.4146","0.0007","733677670400.0000"
"5.4291","0.0007","734677760000.0000"
"5.4455","0.0007","735677952000.0000"
"5.4638","0.0007","736678092800.0000"
"5.4836","0.0007","737678284800.0000"
"5.5044","0.0007","738678528000.0000"
"5.5256","0.0007","739678668800.0000"
"5.5467","0.0007","740678809600.0000"
"5.5678","0.0007","741679001600.0000"
"5.5890","0.0007","742679091200.0000"
"5.6101","0.0007","743679283200.0000"
"5.6309","0.0007","744679424000.0000"
"5.6514","0.0007","745679564800.0000"
"5.6716","0.0007","746679654400.0000"
"5.6914","0.0007","747679692800.0000"
"5.7110","0.0007","748679782400.0000"
"5.7309","0.0007","749679872000.0000"
"5.7516","0.0007","750679910400.0000"
"5.7732","0.0007","751679897600.0000"
"5.7955","0.0007","752679987200.0000"
"5.8180","0.0007","753680076800.0000"
"5.8401","0.0007","754680064000.0000"
"5.8617","0.0007","755680153600.0000"
"5.8825","0.0007","756680192000.0000"
"5.9021","0.0007","757680281600.0000"
"5.9204","0.0007","758680371200.0000"
"5.9371","0.0007","759680409600.0000"
"5.9520","0.0007","760680499200.0000"
"5.9657","0.0007","761680640000.0000"
"5.9781","0.0007","762680627200.0000"
"5.9895","0.0007","763680768000.0000"
"6.0001","0.0007","764680908800.0000"
"6.0106","0.0007","765680896000.0000"
"6.0213","0.0007","766680985600.0000"
"6.0324","0.0007","767681024000.0000"
"6.0442","0.0007","768680960000.0000"
"6.0572","0.0007","769680998400.0000"
"6.0720","0.0007","770681036800.0000"
"6.0882","0.0007","771680972800.0000"
"6.1051","0.0008","772680908800.0000"
"6.1218","0.0008","773680896000.0000"
"6.1381","0.0008","774680832000.0000"
"6.1537","0.0008","775680819200.0000"
"6.1677","0.0008","776680755200.0000"
"6.1800","0.0008","777680691200.0000"
"6.1909","0.0008","778680627200.0000"
"6.2006","0.0008","779680614400.0000"
"6.2095","0.0008","780680601600.0000"
"6.2187","0.0008","781680537600.0000"
"6.2293","0.0008","782680627200.0000"
"6.2416","0.0008","783680614400.0000"
"6.2555","0.0008","784680601600.0000"
"6.2708","0.0008","785680691200.0000"
"6.2872","0.0008","786680780800.0000"
"6.3048","0.0008","787680768000.0000"
"6.3236","0.0008","788680755200.0000"
"6.3433","0.0008","789680844800.0000"
"6.3637","0.0008","790680934400.0000"
"6.3843","0.0008","791680921600.0000"
"6.4048","0.0008","792681011200.0000"
"6.4251","0.0008","793681049600.0000"
"6.4452","0.0008","794681088000.0000"
"6.4650","0.0008","795681075200.0000"
"6.4845","0.0008","796681113600.0000"
"6.5042","0.0008","797681152000.0000"
"6.5246","0.0008","798681241600.0000"
"6.5452","0.0008","799681280000.0000"
"6.5656","0.0008","800681216000.0000"
"6.5859","0.0008","801681356800.0000"
"6.6060","0.0008","802681446400.0000"
"6.6262","0.0008","803681484800.0000"
"6.6467","0.0008","804681523200.0000"
"6.6670","0.0008","805681715200.0000"
"6.6866","0.0008","806681856000.0000"
"6.7052","0.0008","807681945600.0000"
"6.7228","0.0008","808682086400.0000"
"6.7393","0.0008","809682278400.0000"
"6.7544","0.0008","810682419200.0000"
"6.7683","0.0008","811682508800.0000"
"6.7813","0.0008","812682752000.0000"
"6.7938","0.0008","813682944000.0000"
"6.8064","0.0008","814683084800.0000"
"6.8193","0.0008","815683174400.0000"
"6.8326","0.0008","816683315200.0000"
"6.8463","0.0008","817683456000.0000"
"6.8604","0.0008","818683648000.0000"
"6.8749","0.0008","819683686400.0000"
"6.8895","0.0008","820683673600.0000"
"6.9036","0.0008","821683814400.0000"
"6.9172","0.0008","822683852800.0000"
"6.9303","0.0009","823683840000.0000"
"6.9433","0.0009","824683980800.0000"
"6.9564","0.0009","825683916800.0000"
"6.9691","0.0009","826683904000.0000"
"6.9811","0.0009","827684044800.0000"
"6.9926","0.0009","828683980800.0000"
"7.0047","0.0009","829684070400.0000"
"7.0182","0.0009","830684108800.0000"
"7.0332","0.0009","831684147200.0000"
"7.0495","0.0009","832684134400.0000"
"7.0668","0.0009","833684172800.0000"
"7.0849","0.0009","834684211200.0000"
"7.1037","0.0009","835684249600.0000"
"7.1230","0.0009","836684236800.0000"
"7.1421","0.0009","837684275200.0000"
"7.1607","0.0009","838684211200.0000"
"7.1791","0.0009","839684249600.0000"
"7.1979","0.0009","840684032000.0000"
"7.2170","0.0009","841683968000.0000"
"7.2360","0.0009","842683904000.0000"
"7.2546","0.0009","843683737600.0000"
"7.2733","0.0009","844683571200.0000"
"7.2931","0.0009","845683507200.0000"
"7.3148","0.0009","846683238400.0000"
"7.3384","0.0009","847683174400.0000"
"7.3636","0.0009","848682905600.0000"
"7.3899","0.0009","849682636800.0000"
"7.4171","0.0009","850682572800.0000"
"7.4451","0.0009","851682304000.0000"
"7.4731","0.0009","852682137600.0000"
"7.5005","0.0009","853681971200.0000"
"7.5269","0.0009","854681804800.0000"
"7.5522","0.0009","855681638400.0000"
"7.5770","0.0009","856681369600.0000"
"7.6016","0.0009","857681203200.0000"
"7.6263","0.0009","858681036800.0000"
"7.6514","0.0009","859680870400.0000"
"7.6773","0.0009","860680806400.0000"
"7.7044","0.0009","861680537600.0000"
"7.7323","0.0009","862680268800.0000"
"7.7605","0.0010","863680102400.0000"
"7.7889","0.0010","864679833600.0000"
"7.8178","0.0010","865679667200.0000"
"7.8467","0.0010","866679398400.0000"
"7.8755","0.0010","867679129600.0000"
"7.9037","0.0010","868678860800.0000"
"7.9311","0.0010","869678592000.0000"
"7.9577","0.0010","870678323200.0000"
"7.9834","0.0010","871678054400.0000"
"8.0082","0.0010","872677683200.0000"
"8.0320","0.0010","873677516800.0000"
"8.0545","0.0010","874677350400.0000"
"8.0759","0.0010","875677081600.0000"
"8.0975","0.0010","876676812800.0000"
"8.1204","0.0010","877676544000.0000"
"8.1450","0.0010","878676480000.0000"
"8.1709","0.0010","879676313600.0000"
"8.1973","0.0010","880676249600.0000"
"8.2236","0.0010","881675980800.0000"
"8.2492","0.0010","882675814400.0000"
"8.2734","0.0010","883675648000.0000"
"8.2960","0.0010","884675481600.0000"
"8.3175","0.0010","885675417600.0000"
"8.3384","0.0010","886675353600.0000"
"8.3588","0.0010","887675289600.0000"
"8.3789","0.0010","888675225600.0000"
"8.3983","0.0010","889675059200.0000"
"8.4168","0.0010","890674995200.0000"
"8.4341","0.0010","891674931200.0000"
"8.4504","0.0010","892674662400.0000"
"8.4663","0.0010","893674496000.0000"
"8.4828","0.0010","894674534400.0000"
"8.4999","0.0010","895674368000.0000"
"8.5176","0.0010","896674304000.0000"
"8.5356","0.0010","897674240000.0000"
"8.5538","0.0011","898674073600.0000"
"8.5720","0.0011","899674009600.0000"
"8.5901","0.0011","900673945600.0000"
"8.6080","0.0011","901673881600.0000"
"8.6257","0.0011","902673920000.0000"
"8.6426","0.0011","903673856000.0000"
"8.6584","0.0011","904673894400.0000"
"8.6733","0.0011","905673932800.0000"
"8.6878","0.0011","906673971200.0000"
"8.7024","0.0011","907673907200.0000"
"8.7172","0.0011","908673945600.0000"
"8.7321","0.0011","909673984000.0000"
"8.7471","0.0011","910674022400.0000"
"8.7626","0.0011","911674163200.0000"
"8.7786","0.0011","912674201600.0000"
"8.7955","0.0011","913674240000.0000"
"8.8132","0.0011","914674176000.0000"
"8.8315","0.0011","915674214400.0000"
"8.8499","0.0011","916674150400.0000"
"8.8681","0.0011","917674291200.0000"
"8.8860","0.0011","918674227200.0000"
"8.9033","0.0011","919674163200.0000"
"8.9194","0.0011","920674304000.0000"
"8.9336","0.0011","921674137600.0000"
"8.9456","0.0011","922674176000.0000"
"8.9561","0.0011","923674316800.0000"
"8.9662","0.0011","924674252800.0000"
"8.9775","0.0011","925674291200.0000"
"8.9908","0.0011","926674534400.0000"
"9.0061","0.0011","927674470400.0000"
"9.0231","0.0011","928674508800.0000"
"9.0413","0.0011","929674752000.0000"
"9.0608","0.0011","930674790400.0000"
"9.0813","0.0011","931674828800.0000"
"9.1024","0.0011","932674867200.0000"
"9.1237","0.0011","933675110400.0000"
"9.1445","0.0011","934675148800.0000"
"9.1645","0.0011","935675289600.0000"
"9.1841","0.0011","936675225600.0000"
"9.2043","0.0011","937675264000.0000"
"9.2253","0.0011","938675302400.0000"
"9.2472","0.0011","939675238400.0000"
"9.2696","0.0011","940675174400.0000"
"9.2923","0.0011","941675212800.0000"
"9.3148","0.0011","942675148800.0000"
"9.3370","0.0011","943675084800.0000"
"9.3591","0.0011","944675123200.0000"
"9.3816","0.0012","945675059200.0000"
"9.4044","0.0012","946674995200.0000"
"9.4275","0.0012","947674828800.0000"
"9.4511","0.0012","948674764800.0000"
"9.4750","0.0012","949674803200.0000"
"9.4992","0.0012","950674739200.0000"
"9.5236","0.0012","951674675200.0000"
"9.5479","0.0012","952674816000.0000"
"9.5717","0.0012","953674752000.0000"
"9.5947","0.0012","954674688000.0000"
"9.6168","0.0012","955674726400.0000"
"9.6382","0.0012","956674560000.0000"
"9.6593","0.0012","957674598400.0000"
"9.6805","0.0012","958674636800.0000"
"9.7020","0.0012","959674572800.0000"
"9.7242","0.0012","960674508800.0000"
"9.7471","0.0012","961674444800.0000"
"9.7705","0.0012","962674380800.0000"
"9.7941","0.0012","963674316800.0000"
"9.8180","0.0012","964674252800.0000"
"9.8423","0.0012","965674188800.0000"
"9.8669","0.0012","966674022400.0000"
"9.8915","0.0012","967673856000.0000"
"9.9159","0.0012","968673792000.0000"
"9.9400","0.0012","969673728000.0000"
"9.9634","0.0012","970673664000.0000"
"9.9860","0.0012","971673497600.0000"
"10.0077","0.0012","972673536000.0000"
"10.0287","0.0012","973673472000.0000"
"10.0499","0.0012","974673203200.0000"
"10.0718","0.0012","975673344000.0000"
"10.0946","0.0012","976673382400.0000"
"10.1179","0.0012","977673318400.0000"
"10.1411","0.0012","978673254400.0000"
"10.1638","0.0012","979673190400.0000"
"10.1859","0.0013","980673228800.0000"
"10.2075","0.0013","981673267200.0000"
"10.2284","0.0013","982673203200.0000"
"10.2482","0.0013","983673344000.0000"
"10.2669","0.0013","984673280000.0000"
"10.2851","0.0013","985673216000.0000"
"10.3034","0.0013","986673152000.0000"
"10.3221","0.0013","987673088000.0000"
"10.3417","0.0013","988673024000.0000"
"10.3628","0.0013","989673062400.0000"
"10.3857","0.0013","990672998400.0000"
"10.4105","0.0013","991672934400.0000"
"10.4377","0.0013","992672972800.0000"
"10.4669","0.0013","993672908800.0000"
"10.4974","0.0013","994672844800.0000"
"10.5282","0.0013","995672780800.0000"
"10.5591","0.0013","996672716800.0000"
"10.5896","0.0013","997672652800.0000"
"10.6196","0.0013","998672691200.0000"
"10.6490","0.0013","999672729600.0000"
"10.6775","0.0013","1000672768000.0000"
"10.7048","0.0013","1001672806400.0000"
"10.7306","0.0013","1002672844800.0000"
"10.7548","0.0013","1003672780800.0000"
"10.7779","0.0013","1004673024000.0000"
"10.8006","0.0013","1005673062400.0000"
"10.8233","0.0013","1006673100800.0000"
"10.8465","0.0013","1007673241600.0000"
"10.8698","0.0013","1008673075200.0000"
"10.8929","0.0013","1009673113600.0000"
"10.9160","0.0013","1010673152000.0000"
"10.9398","0.0013","1011673190400.0000"
"10.9648","0.0013","1012673126400.0000"
"10.9909","0.0014","1013673267200.0000"
"11.0168","0.0014","1014673203200.0000"
"11.0417","0.0014","1015673139200.0000"
"11.0653","0.0014","1016673075200.0000"
"11.0876","0.0014","1017673011200.0000"
"11.1086","0.0014","1018673049600.0000"
"11.1288","0.0014","1019672985600.0000"
"11.1489","0.0014","1020673024000.0000"
"11.1694","0.0014","1021673062400.0000"
"11.1901","0.0014","1022672998400.0000"
"11.2108","0.0014","1023673036800.0000"
"11.2313","0.0014","1024672972800.0000"
"11.2518","0.0014","1025673113600.0000"
"11.2723","0.0014","1026673152000.0000"
"11.2930","0.0014","1027673190400.0000"
"11.3136","0.0014","1028673228800.0000"
"11.3340","0.0014","1029673267200.0000"
"11.3535","0.0014","1030673203200.0000"
"11.3718","0.0014","1031673241600.0000"
"11.3891","0.0014","1032673177600.0000"
"11.4055","0.0014","1033673216000.0000"
"11.4213","0.0014","1034673152000.0000"
"11.4365","0.0014","1035673088000.0000"
"11.4517","0.0014","1036673126400.0000"
"11.4677","0.0014","1037673062400.0000"
"11.4853","0.0014","1038672998400.0000"
"11.5048","0.0014","1039672934400.0000"
"11.5260","0.0014","1040672870400.0000"
"11.5485","0.0014","1041672806400.0000"
"11.5725","0.0014","1042672844800.0000"
"11.5979","0.0014","1043672780800.0000"
"11.6245","0.0014","1044672819200.0000"
"11.6516","0.0014","1045672857600.0000"
"11.6787","0.0014","1046672896000.0000"
"11.7050","0.0014","1047672832000.0000"
"11.7301","0.0014","1048673075200.0000"
"11.7538","0.0014","1049673113600.0000"
"11.7760","0.0014","1050673152000.0000"
"11.7964","0.0014","1051673292800.0000"
"11.8155","0.0015","1052673228800.0000"
"11.8341","0.0015","1053673369600.0000"
"11.8529","0.0015","1054673510400.0000"
"11.8726","0.0015","1055673753600.0000"
"11.8932","0.0015","1056673792000.0000"
"11.9147","0.0015","1057673830400.0000"
"11.9372","0.0015","1058673971200.0000"
"11.9603","0.0015","1059674009600.0000"
"11.9834","0.0015","1060674252800.0000"
"12.0056","0.0015","1061674291200.0000"
"12.0270","0.0015","1062674227200.0000"
"12.0480","0.0015","1063674368000.0000"
"12.0688","0.0015","1064674406400.0000"
"12.0896","0.0015","1065674444800.0000"
"12.1102","0.0015","1066674585600.0000"
"12.1313","0.0015","1067674521600.0000"
"12.1539","0.0015","1068674764800.0000"
"12.1783","0.0015","1069674905600.0000"
"12.2044","0.0015","1070675046400.0000"
"12.2322","0.0015","1071675187200.0000"
"12.2613","0.0015","1072675123200.0000"
"12.2914","0.0015","1073675468800.0000"
"12.3218","0.0015","1074675712000.0000"
"12.3520","0.0015","1075675852800.0000"
"12.3824","0.0015","1076675993600.0000"
"12.4134","0.0015","1077676236800.0000"
"12.4448","0.0015","1078676480000.0000"
"12.4761","0.0015","1079676518400.0000"
"12.5066","0.0015","1080676864000.0000"
"12.5358","0.0015","1081677004800.0000"
"12.5634","0.0015","1082677248000.0000"
"12.5897","0.0015","1083677491200.0000"
"12.6156","0.0015","1084677632000.0000"
"12.6418","0.0016","1085677772800.0000"
"12.6687","0.0016","1086677913600.0000"
"12.6964","0.0016","1087678054400.0000"
"12.7249","0.0016","1088678297600.0000"
"12.7542","0.0016","1089678438400.0000"
"12.7838","0.0016","1090678579200.0000"
"12.8132","0.0016","1091678822400.0000"
"12.8424","0.0016","1092678963200.0000"
"12.8713","0.0016","1093679206400.0000"
"12.8999","0.0016","1094679347200.0000"
"12.9283","0.0016","1095679590400.0000"
"12.9565","0.0016","1096679833600.0000"
"12.9844","0.0016","1097680076800.0000"
"13.0118","0.0016","1098680320000.0000"
"13.0388","0.0016","1099680563200.0000"
"13.0659","0.0016","1100680908800.0000"
"13.0939","0.0016","1101681152000.0000"
"13.1232","0.0016","1102681292800.0000"
"13.1536","0.0016","1103681536000.0000"
"13.1845","0.0016","1104681881600.0000"
"13.2154","0.0016","1105682022400.0000"
"13.2464","0.0016","1106682163200.0000"
"13.2776","0.0016","1107682508800.0000"
"13.3093","0.0016","1108682649600.0000"
"13.3413","0.0016","1109682790400.0000"
"13.3733","0.0016","1110682931200.0000"
"13.4047","0.0016","1111683072000.0000"
"13.4352","0.0017","1112683212800.0000"
"13.4646","0.0017","1113683353600.0000"
"13.4932","0.0017","1114683596800.0000"
"13.5207","0.0017","1115683635200.0000"
"13.5474","0.0017","1116683776000.0000"
"13.5733","0.0017","1117683916800.0000"
"13.5987","0.0017","1118684057600.0000"
"13.6240","0.0017","1119684198400.0000"
"13.6490","0.0017","1120684339200.0000"
"13.6734","0.0017","1121684480000.0000"
"13.6975","0.0017","1122684620800.0000"
"13.7216","0.0017","1123684761600.0000"
"13.7458","0.0017","1124684800000.0000"
"13.7698","0.0017","1125684940800.0000"
"13.7936","0.0017","1126685081600.0000"
"13.8170","0.0017","1127685222400.0000"
"13.8399","0.0017","1128685260800.0000"
"13.8620","0.0017","1129685196800.0000"
"13.8841","0.0017","1130685337600.0000"
"13.9070","0.0017","1131685273600.0000"
"13.9311","0.0017","1132685209600.0000"
"13.9563","0.0017","1133685248000.0000"
"13.9827","0.0017","1134685184000.0000"
"14.0104","0.0017","1135685120000.0000"
"14.0388","0.0017","1136685158400.0000"
"14.0674","0.0017","1137684992000.0000"
"14.0960","0.0017","1138684928000.0000"
"14.1244","0.0017","1139684761600.0000"
"14.1527","0.0017","1140684697600.0000"
"14.1810","0.0017","1141684633600.0000"
"14.2098","0.0017","1142684569600.0000"
"14.2391","0.0017","1143684403200.0000"
"14.2689","0.0018","1144684441600.0000"
"14.2984","0.0018","1145684377600.0000"
"14.3274","0.0018","1146684313600.0000"
"14.3563","0.0018","1147684147200.0000"
"14.3855","0.0018","1148684185600.0000"
"14.4155","0.0018","1149684121600.0000"
"14.4467","0.0018","1150683955200.0000"
"14.4793","0.0018","1151683788800.0000"
"14.5134","0.0018","1152683724800.0000"
"14.5485","0.0018","1153683660800.0000"
"14.5841","0.0018","1154683494400.0000"
"14.6195","0.0018","1155683430400.0000"
"14.6540","0.0018","1156683264000.0000"
"14.6877","0.0018","1157683200000.0000"
"14.7206","0.0018","1158683033600.0000"
"14.7528","0.0018","1159682867200.0000"
"14.7838","0.0018","1160682700800.0000"
"14.8134","0.0018","1161682534400.0000"
"14.8418","0.0018","1162682368000.0000"
"14.8697","0.0018","1163682304000.0000"
"14.8980","0.0018","1164682137600.0000"
"14.9270","0.0018","1165682073600.0000"
"14.9567","0.0018","1166682009600.0000"
"14.9873","0.0018","1167681843200.0000"
"15.0190","0.0018","1168681881600.0000"
"15.0512","0.0018","1169681817600.0000"
"15.0836","0.0019","1170681651200.0000"
"15.1158","0.0019","1171681484800.0000"
"15.1480","0.0019","1172681523200.0000"
"15.1803","0.0019","1173681356800.0000"
"15.2132","0.0019","1174681497600.0000"
"15.2463","0.0019","1175681331200.0000"
"15.2789","0.0019","1176681369600.0000"
"15.3104","0.0019","1177681305600.0000"
"15.3407","0.0019","1178681344000.0000"
"15.3706","0.0019","1179681177600.0000"
"15.4012","0.0019","1180681113600.0000"
"15.4330","0.0019","1181680947200.0000"
"15.4660","0.0019","1182680780800.0000"
"15.4999","0.0019","1183680614400.0000"
"15.5347","0.0019","1184680448000.0000"
"15.5699","0.0019","1185680384000.0000"
"15.6051","0.0019","1186680217600.0000"
"15.6397","0.0019","1187680153600.0000"
"15.6733","0.0019","1188679987200.0000"
"15.7056","0.0019","1189679820800.0000"
"15.7365","0.0019","1190679756800.0000"
"15.7663","0.0019","1191679590400.0000"
"15.7956","0.0019","1192679526400.0000"
"15.8247","0.0019","1193679462400.0000"
"15.8538","0.0019","1194679398400.0000"
"15.8829","0.0020","1195679334400.0000"
"15.9124","0.0020","1196679270400.0000"
"15.9434","0.0020","1197679206400.0000"
"15.9765","0.0020","1198679142400.0000"
"16.0115","0.0020","1199678976000.0000"
"16.0477","0.0020","1200678912000.0000"
"16.0844","0.0020","1201678848000.0000"
"16.1211","0.0020","1202678681600.0000"
"16.1576","0.0020","1203678515200.0000"
"16.1936","0.0020","1204678451200.0000"
"16.2287","0.0020","1205678284800.0000"
"16.2627","0.0020","1206678220800.0000"
"16.2957","0.0020","1207678054400.0000"
"16.3279","0.0020","1208677888000.0000"
"16.3593","0.0020","1209677824000.0000"
"16.3904","0.0020","1210677760000.0000"
"16.4218","0.0020","1211677593600.0000"
"16.4542","0.0020","1212677427200.0000"
"16.4879","0.0020","1213677465600.0000"
"16.5227","0.0020","1214677196800.0000"
"16.5577","0.0020","1215677235200.0000"
"16.5923","0.0020","1216677171200.0000"
"16.6264","0.0020","1217677107200.0000"
"16.6599","0.0020","1218677043200.0000"
"16.6931","0.0021","1219676979200.0000"
"16.7265","0.0021","1220677017600.0000"
"16.7596","0.0021","1221676953600.0000"
"16.7920","0.0021","1222676889600.0000"
"16.8235","0.0021","1223676928000.0000"
"16.8546","0.0021","1224676864000.0000"
"16.8858","0.0021","1225676800000.0000"
"16.9175","0.0021","1226676736000.0000"
"16.9502","0.0021","1227676569600.0000"
"16.9839","0.0021","1228676505600.0000"
"17.0188","0.0021","1229676544000.0000"
"17.0548","0.0021","1230676377600.0000"
"17.0913","0.0021","1231676313600.0000"
"17.1274","0.0021","1232676249600.0000"
"17.1627","0.0021","1233676185600.0000"
"17.1973","0.0021","1234676121600.0000"
"17.2312","0.0021","1235676057600.0000"
"17.2647","0.0021","1236675993600.0000"
"17.2977","0.0021","1237675929600.0000"
"17.3300","0.0021","1238675865600.0000"
"17.3614","0.0021","1239675699200.0000"
"17.3920","0.0021","1240675840000.0000"
"17.4215","0.0021","1241675776000.0000"
"17.4503","0.0021","1242675712000.0000"
"17.4791","0.0021","1243675852800.0000"
"17.5087","0.0022","1244675891200.0000"
"17.5396","0.0022","1245675827200.0000"
"17.5715","0.0022","1246675865600.0000"
"17.6047","0.0022","1247675904000.0000"
"17.6394","0.0022","1248675942400.0000"
"17.6756","0.0022","1249676083200.0000"
"17.7121","0.0022","1250676121600.0000"
"17.7481","0.0022","1251676160000.0000"
"17.7830","0.0022","1252676096000.0000"
"17.8159","0.0022","1253676134400.0000"
"17.8464","0.0022","1254676070400.0000"
"17.8745","0.0022","1255676211200.0000"
"17.9003","0.0022","1256676147200.0000"
"17.9243","0.0022","1257676185600.0000"
"17.9469","0.0022","1258676326400.0000"
"17.9695","0.0022","1259676262400.0000"
"17.9930","0.0022","1260676198400.0000"
"18.0179","0.0022","1261676544000.0000"
"18.0441","0.0022","1262676582400.0000"
"18.0715","0.0022","1263676620800.0000"
"18.0997","0.0022","1264676761600.0000"
"18.1281","0.0022","1265676800000.0000"
"18.1565","0.0022","1266676940800.0000"
"18.1846","0.0022","1267677286400.0000"
"18.2117","0.0022","1268677324800.0000"
"18.2380","0.0022","1269677465600.0000"
"18.2636","0.0022","1270677708800.0000"
"18.2887","0.0022","1271677952000.0000"
"18.3135","0.0023","1272677990400.0000"
"18.3389","0.0023","1273678131200.0000"
"18.3656","0.0023","1274678374400.0000"
"18.3943","0.0023","1275678617600.0000"
"18.4253","0.0023","1276678656000.0000"
"18.4583","0.0023","1277678796800.0000"
"18.4924","0.0023","1278678937600.0000"
"18.5269","0.0023","1279678976000.0000"
"18.5612","0.0023","1280679116800.0000"
"18.5950","0.0023","1281679257600.0000"
"18.6281","0.0023","1282679296000.0000"
"18.6608","0.0023","1283679436800.0000"
"18.6936","0.0023","1284679475200.0000"
"18.7265","0.0023","1285679616000.0000"
"18.7598","0.0023","1286679654400.0000"
"18.7934","0.0023","1287679795200.0000"
"18.8271","0.0023","1288679833600.0000"
"18.8612","0.0023","1289679974400.0000"
"18.8960","0.0023","1290680012800.0000"
"18.9317","0.0023","1291680051200.0000"
"18.9687","0.0023","1292680192000.0000"
"19.0069","0.0023","1293680332800.0000"
"19.0460","0.0023","1294680371200.0000"
"19.0855","0.0023","1295680409600.0000"
"19.1249","0.0023","1296680345600.0000"
"19.1637","0.0024","1297680384000.0000"
"19.2023","0.0024","1298680320000.0000"
"19.2407","0.0024","1299680358400.0000"
"19.2792","0.0024","1300680192000.0000"
"19.3176","0.0024","1301680128000.0000"
"19.3556","0.0024","1302680064000.0000"
"19.3928","0.0024","1303679897600.0000"
"19.4289","0.0024","1304679833600.0000"
"19.4642","0.0024","1305679564800.0000"
"19.4996","0.0024","1306679296000.0000"
"19.5356","0.0024","1307679232000.0000"
"19.5725","0.0024","1308678963200.0000"
"19.6101","0.0024","1309678899200.0000"
"19.6480","0.0024","1310678630400.0000"
"19.6860","0.0024","1311678361600.0000"
"19.7237","0.0024","1312678297600.0000"
"19.7609","0.0024","1313678028800.0000"
"19.7976","0.0024","1314677862400.0000"
"19.8334","0.0024","1315677798400.0000"
"19.8685","0.0024","1316677632000.0000"
"19.9028","0.0024","1317677363200.0000"
"19.9364","0.0024","1318677196800.0000"
"19.9698","0.0025","1319677030400.0000"
"20.0033","0.0025","1320676966400.0000"
"20.0374","0.0025","1321676697600.0000"
"20.0728","0.0025","1322676531200.0000"
"20.1101","0.0025","1323676364800.0000"
"20.1499","0.0025","1324676096000.0000"
"20.1918","0.0025","1325675929600.0000"
"20.2349","0.0025","1326675763200.0000"
"20.2787","0.0025","1327675494400.0000"
"20.3227","0.0025","1328675328000.0000"
"20.3668","0.0025","1329675059200.0000"
"20.4109","0.0025","1330674995200.0000"
"20.4548","0.0025","1331674828800.0000"
"20.4981","0.0025","1332674662400.0000"
"20.5402","0.0025","1333674598400.0000"
"20.5808","0.0025","1334674329600.0000"
"20.6194","0.0025","1335674368000.0000"
"20.6557","0.0025","1336674201600.0000"
"20.6901","0.0025","1337674035200.0000"
"20.7235","0.0025","1338674073600.0000"
"20.7567","0.0026","1339674009600.0000"
"20.7901","0.0026","1340674048000.0000"
"20.8241","0.0026","1341674188800.0000"
"20.8586","0.0026","1342674227200.0000"
"20.8935","0.0026","1343674163200.0000"
"20.9290","0.0026","1344674201600.0000"
"20.9651","0.0026","1345674137600.0000"
"21.0016","0.0026","1346674176000.0000"
"21.0381","0.0026","1347674214400.0000"
"21.0743","0.0026","1348674252800.0000"
"21.1098","0.0026","1349674188800.0000"
"21.1440","0.0026","1350674329600.0000"
"21.1768","0.0026","1351674163200.0000"
"21.2079","0.0026","1352674201600.0000"
"21.2377","0.0026","1353674240000.0000"
"21.2670","0.0026","1354674278400.0000"
"21.2964","0.0026","1355674214400.0000"
"21.3265","0.0026","1356674457600.0000"
"21.3570","0.0026","1357674496000.0000"
"21.3871","0.0026","1358674329600.0000"
"21.4161","0.0026","1359674470400.0000"
"21.4438","0.0026","1360674508800.0000"
"21.4704","0.0026","1361674649600.0000"
"21.4964","0.0026","1362674790400.0000"
"21.5226","0.0026","1363674726400.0000"
"21.5494","0.0026","1364674969600.0000"
"21.5768","0.0027","1365675110400.0000"
"21.6042","0.0027","1366675251200.0000"
"21.6311","0.0027","1367675289600.0000"
"21.6578","0.0027","1368675328000.0000"
"21.6848","0.0027","1369675468800.0000"
"21.7131","0.0027","1370675609600.0000"
"21.7430","0.0027","1371675750400.0000"
"21.7742","0.0027","1372675788800.0000"
"21.8062","0.0027","1373675724800.0000"
"21.8386","0.0027","1374675763200.0000"
"21.8713","0.0027","1375675801600.0000"
"21.9043","0.0027","1376675737600.0000"
"21.9379","0.0027","1377675878400.0000"
"21.9718","0.0027","1378675814400.0000"
"22.0056","0.0027","1379675750400.0000"
"22.0389","0.0027","1380675686400.0000"
"22.0713","0.0027","1381675724800.0000"
"22.1030","0.0027","1382675660800.0000"
"22.1349","0.0027","1383675699200.0000"
"22.1677","0.0027","1384675737600.0000"
"22.2021","0.0027","1385675776000.0000"
"22.2385","0.0027","1386675916800.0000"
"22.2776","0.0027","1387675750400.0000"
"22.3191","0.0027","1388675788800.0000"
"22.3621","0.0027","1389675827200.0000"
"22.4057","0.0028","1390675865600.0000"
"22.4491","0.0028","1391675801600.0000"
"22.4924","0.0028","1392675840000.0000"
"22.5357","0.0028","1393675776000.0000"
"22.5790","0.0028","1394675814400.0000"
"22.6224","0.0028","1395675750400.0000"
"22.6665","0.0028","1396675584000.0000"
"22.7117","0.0028","1397675520000.0000"
"22.7577","0.0028","1398675558400.0000"
"22.8038","0.0028","1399675392000.0000"
"22.8498","0.0028","1400675430400.0000"
"22.8956","0.0028","1401675366400.0000"
"22.9412","0.0028","1402675200000.0000"
"22.9871","0.0028","1403675238400.0000"
"23.0337","0.0028","1404674969600.0000"
"23.0808","0.0028","1405675008000.0000"
"23.1280","0.0028","1406674944000.0000"
"23.1753","0.0028","1407674880000.0000"
"23.2225","0.0029","1408674713600.0000"
"23.2692","0.0029","1409674854400.0000"
"23.3146","0.0029","1410674892800.0000"
"23.3585","0.0029","1411674828800.0000"
"23.4010","0.0029","1412674969600.0000"
"23.4428","0.0029","1413675008000.0000"
"23.4841","0.0029","1414674944000.0000"
"23.5243","0.0029","1415674982400.0000"
"23.5632","0.0029","1416675020800.0000"
"23.6013","0.0029","1417675059200.0000"
"23.6391","0.0029","1418675097600.0000"
"23.6769","0.0029","1419675136000.0000"
"23.7153","0.0029","1420675174400.0000"
"23.7548","0.0029","1421675315200.0000"
"23.7958","0.0029","1422675251200.0000"
"23.8378","0.0029","1423675289600.0000"
"23.8794","0.0029","1424675328000.0000"
"23.9197","0.0029","1425675366400.0000"
"23.9583","0.0029","1426675404800.0000"
"23.9952","0.0029","1427675443200.0000"
"24.0305","0.0030","1428675481600.0000"
"24.0643","0.0030","1429675520000.0000"
"24.0970","0.0030","1430675865600.0000"
"24.1287","0.0030","1431675904000.0000"
"24.1601","0.0030","1432675942400.0000"
"24.1920","0.0030","1433676185600.0000"
"24.2250","0.0030","1434676428800.0000"
"24.2598","0.0030","1435676569600.0000"
"24.2960","0.0030","1436676608000.0000"
"24.3333","0.0030","1437676953600.0000"
"24.3714","0.0030","1438677196800.0000"
"24.4100","0.0030","1439677337600.0000"
"24.4487","0.0030","1440677580800.0000"
"24.4869","0.0030","1441677721600.0000"
"24.5243","0.0030","1442677964800.0000"
"24.5609","0.0030","1443678105600.0000"
"24.5970","0.0030","1444678348800.0000"
"24.6334","0.0030","1445678592000.0000"
"24.6704","0.0030","1446678630400.0000"
"24.7077","0.0030","1447678873600.0000"
"24.7451","0.0030","1448678912000.0000"
"24.7822","0.0030","1449679052800.0000"
"24.8193","0.0030","1450679296000.0000"
"24.8563","0.0031","1451679334400.0000"
"24.8928","0.0031","1452679372800.0000"
"24.9285","0.0031","1453679616000.0000"
"24.9632","0.0031","1454679654400.0000"
"24.9973","0.0031","1455679692800.0000"
"25.0307","0.0031","1456679936000.0000"
"25.0638","0.0031","1457679974400.0000"
"25.0969","0.0031","1458680012800.0000"
"25.1303","0.0031","1459680153600.0000"
"25.1638","0.0031","1460680192000.0000"
"25.1976","0.0031","1461680230400.0000"
"25.2321","0.0031","1462680371200.0000"
"25.2679","0.0031","1463680512000.0000"
"25.3052","0.0031","1464680550400.0000"
"25.3439","0.0031","1465680486400.0000"
"25.3838","0.0031","1466680422400.0000"
"25.4249","0.0031","1467680358400.0000"
"25.4667","0.0031","1468680294400.0000"
"25.5092","0.0031","1469680332800.0000"
"25.5519","0.0031","1470680166400.0000"
"25.5944","0.0031","1471680102400.0000"
"25.6364","0.0031","1472679936000.0000"
"25.6772","0.0032","1473679667200.0000"
"25.7164","0.0032","1474679500800.0000"
"25.7541","0.0032","1475679334400.0000"
"25.7904","0.0032","1476679168000.0000"
"25.8256","0.0032","1477678899200.0000"
"25.8597","0.0032","1478678630400.0000"
"25.8930","0.0032","1479678464000.0000"
"25.9259","0.0032","1480678297600.0000"
"25.9593","0.0032","1481678131200.0000"
"25.9937","0.0032","1482677862400.0000"
"26.0291","0.0032","1483677593600.0000"
"26.0652","0.0032","1484677427200.0000"
"26.1019","0.0032","1485677260800.0000"
"26.1396","0.0032","1486676992000.0000"
"26.1787","0.0032","1487676928000.0000"
"26.2192","0.0032","1488676556800.0000"
"26.2604","0.0032","1489676390400.0000"
"26.3017","0.0032","1490676121600.0000"
"26.3422","0.0032","1491675955200.0000"
"26.3817","0.0032","1492675788800.0000"
"26.4199","0.0032","1493675417600.0000"
"26.4573","0.0033","1494675251200.0000"
"26.4941","0.0033","1495675084800.0000"
"26.5302","0.0033","1496674713600.0000"
"26.5657","0.0033","1497674547200.0000"
"26.6011","0.0033","1498674278400.0000"
"26.6369","0.0033","1499674112000.0000"
"26.6735","0.0033","1500673843200.0000"
"26.7111","0.0033","1501673574400.0000"
"26.7498","0.0033","1502673305600.0000"
"26.7895","0.0033","1503673139200.0000"
"26.8297","0.0033","1504673075200.0000"
"26.8700","0.0033","1505672908800.0000"
"26.9097","0.0033","1506672640000.0000"
"26.9486","0.0033","1507672576000.0000"
"26.9869","0.0033","1508672409600.0000"
"27.0251","0.0033","1509672448000.0000"
"27.0636","0.0033","1510672281600.0000"
"27.1026","0.0033","1511672115200.0000"
"27.1418","0.0033","1512672153600.0000"
"27.1811","0.0033","1513672089600.0000"
"27.2204","0.0033","1514671923200.0000"
"27.2605","0.0033","1515671961600.0000"
"27.3018","0.0034","1516671897600.0000"
"27.3446","0.0034","1517671833600.0000"
"27.3886","0.0034","1518671872000.0000"
"27.4328","0.0034","1519671705600.0000"
"27.4762","0.0034","1520671641600.0000"
"27.5183","0.0034","1521671577600.0000"
"27.5592","0.0034","1522671513600.0000"
"27.5991","0.0034","1523671552000.0000"
"27.6385","0.0034","1524671590400.0000"
"27.6771","0.0034","1525671526400.0000"
"27.7146","0.0034","1526671564800.0000"
"27.7505","0.0034","1527671603200.0000"
"27.7855","0.0034","1528671641600.0000"
"27.8206","0.0034","1529671680000.0000"
"27.8564","0.0034","1530671718400.0000"
"27.8928","0.0034","1531671961600.0000"
"27.9296","0.0034","1532672000000.0000"
"27.9665","0.0034","1533672140800.0000"
"28.0031","0.0034","1534672281600.0000"
"28.0395","0.0034","1535672524800.0000"
"28.0759","0.0034","1536672665600.0000"
"28.1124","0.0035","1537672704000.0000"
"28.1490","0.0035","1538672844800.0000"
"28.1857","0.0035","1539673190400.0000"
"28.2230","0.0035","1540673228800.0000"
"28.2612","0.0035","1541673369600.0000"
"28.3005","0.0035","1542673408000.0000"
"28.3406","0.0035","1543673548800.0000"
"28.3818","0.0035","1544673587200.0000"
"28.4243","0.0035","1545673830400.0000"
"28.4681","0.0035","1546673868800.0000"
"28.5131","0.0035","1547674009600.0000"
"28.5593","0.0035","1548674048000.0000"
"28.6062","0.0035","1549674291200.0000"
"28.6534","0.0035","1550674432000.0000"
"28.7004","0.0035","1551674470400.0000"
"28.7465","0.0035","1552674713600.0000"
"28.7916","0.0035","1553674854400.0000"
"28.8352","0.0035","1554675097600.0000"
"28.8769","0.0035","1555675340800.0000"
"28.9167","0.0036","1556675481600.0000"
"28.9551","0.0036","1557675622400.0000"
"28.9926","0.0036","1558675865600.0000"
"29.0299","0.0036","1559676108800.0000"
"29.0679","0.0036","1560676249600.0000"
"29.1075","0.0036","1561676595200.0000"
"29.1487","0.0036","1562676633600.0000"
"29.1916","0.0036","1563676876800.0000"
"29.2359","0.0036","1564677120000.0000"
"29.2817","0.0036","1565677158400.0000"
"29.3285","0.0036","1566677401600.0000"
"29.3757","0.0036","1567677644800.0000"
"29.4228","0.0036","1568677683200.0000"
"29.4698","0.0036","1569677824000.0000"
"29.5169","0.0036","1570677964800.0000"
"29.5640","0.0036","1571678003200.0000"
"29.6110","0.0036","1572678348800.0000"
"29.6578","0.0036","1573678387200.0000"
"29.7045","0.0036","1574678528000.0000"
"29.7511","0.0037","1575678668800.0000"
"29.7972","0.0037","1576678912000.0000"
"29.8426","0.0037","1577679155200.0000"
"29.8875","0.0037","1578679091200.0000"
"29.9323","0.0037","1579679436800.0000"
"29.9776","0.0037","1580679680000.0000"
"30.0233","0.0037","1581679820800.0000"
"30.0689","0.0037","1582680166400.0000"
"30.1141","0.0037","1583680409600.0000"
"30.1590","0.0037","1584680652800.0000"
"30.2041","0.0037","1585680588800.0000"
"30.2498","0.0037","1586681139200.0000"
"30.2961","0.0037","1587681177600.0000"
"30.3422","0.0037","1588681318400.0000"
"30.3870","0.0037","1589681459200.0000"
"30.4297","0.0037","1590681702400.0000"
"30.4706","0.0037","1591681945600.0000"
"30.5108","0.0037","1592681881600.0000"
"30.5513","0.0038","1593682227200.0000"
"30.5930","0.0038","1594682470400.0000"
"30.6360","0.0038","1595682508800.0000"
"30.6799","0.0038","1596682547200.0000"
"30.7241","0.0038","1597682790400.0000"
"30.7682","0.0038","1598683033600.0000"
"30.8124","0.0038","1599683174400.0000"
"30.8571","0.0038","1600683212800.0000"
"30.9027","0.0038","1601683456000.0000"
"30.9488","0.0038","1602683699200.0000"
"30.9948","0.0038","1603683942400.0000"
"31.0404","0.0038","1604683878400.0000"
"31.0857","0.0038","1605684121600.0000"
"31.1306","0.0038","1606684364800.0000"
"31.1751","0.0038","1607684608000.0000"
"31.2198","0.0038","1608684748800.0000"
"31.2649","0.0038","1609684992000.0000"
"31.3106","0.0038","1610685030400.0000"
"31.3572","0.0039","1611685273600.0000"
"31.4047","0.0039","1612685209600.0000"
"31.4527","0.0039","1613685248000.0000"
"31.5003","0.0039","1614685491200.0000"
"31.5471","0.0039","1615685529600.0000"
"31.5933","0.0039","1616685568000.0000"
"31.6389","0.0039","1617685504000.0000"
"31.6838","0.0039","1618685542400.0000"
"31.7279","0.0039","1619685376000.0000"
"31.7712","0.0039","1620685619200.0000"
"31.8138","0.0039","1621685657600.0000"
"31.8561","0.0039","1622685491200.0000"
"31.8980","0.0039","1623685529600.0000"
"31.9398","0.0039","1624685363200.0000"
"31.9819","0.0039","1625685401600.0000"
"32.0247","0.0039","1626685337600.0000"
"32.0686","0.0039","1627685376000.0000"
"32.1141","0.0039","1628685414400.0000"
"32.1608","0.0040","1629685248000.0000"
"32.2079","0.0040","1630685286400.0000"
"32.2550","0.0040","1631685120000.0000"
"32.3018","0.0040","1632685363200.0000"
"32.3482","0.0040","1633685196800.0000"
"32.3940","0.0040","1634685030400.0000"
"32.4394","0.0040","1635684966400.0000"
"32.4844","0.0040","1636684697600.0000"
"32.5281","0.0040","1637684633600.0000"
"32.5703","0.0040","1638684467200.0000"
"32.6112","0.0040","1639684300800.0000"
"32.6516","0.0040","1640684134400.0000"
"32.6924","0.0040","1641683968000.0000"
"32.7337","0.0040","1642683801600.0000"
"32.7756","0.0040","1643683635200.0000"
"32.8184","0.0040","1644683264000.0000"
"32.8617","0.0040","1645683097600.0000"
"32.9053","0.0040","1646682931200.0000"
"32.9486","0.0040","1647682764800.0000"
"32.9916","0.0041","1648682598400.0000"
"33.0342","0.0041","1649682329600.0000"
"33.0756","0.0041","1650682163200.0000"
"33.1155","0.0041","1651681996800.0000"
"33.1540","0.0041","1652681728000.0000"
"33.1914","0.0041","1653681766400.0000"
"33.2287","0.0041","1654681600000.0000"
"33.2663","0.0041","1655681433600.0000"
"33.3052","0.0041","1656681267200.0000"
"33.3459","0.0041","1657681100800.0000"
"33.3887","0.0041","1658681139200.0000"
"33.4334","0.0041","1659680972800.0000"
"33.4793","0.0041","1660680806400.0000"
"33.5258","0.0041","1661680435200.0000"
"33.5726","0.0041","1662680268800.0000"
"33.6195","0.0041","1663680102400.0000"
"33.6662","0.0041","1664679936000.0000"
"33.7130","0.0041","1665679769600.0000"
"33.7599","0.0041","1666679603200.0000"
"33.8071","0.0042","1667679232000.0000"
"33.8543","0.0042","1668679065600.0000"
"33.9009","0.0042","1669678899200.0000"
"33.9469","0.0042","1670678732800.0000"
"33.9929","0.0042","1671678566400.0000"
"34.0393","0.0042","1672678400000.0000"
"34.0865","0.0042","1673678233600.0000"
"34.1346","0.0042","1674678067200.0000"
"34.1836","0.0042","1675677900800.0000"
"34.2337","0.0042","1676677734400.0000"
"34.2850","0.0042","1677677772800.0000"
"34.3372","0.0042","1678677606400.0000"
"34.3900","0.0042","1679677644800.0000"
"34.4430","0.0042","1680677478400.0000"
"34.4963","0.0042","1681677516800.0000"
"34.5497","0.0042","1682677350400.0000"
"34.6030","0.0043","1683677184000.0000"
"34.6561","0.0043","1684677222400.0000"
"34.7088","0.0043","1685677158400.0000"
"34.7609","0.0043","1686676787200.0000"
"34.8126","0.0043","1687676620800.0000"
"34.8645","0.0043","1688676454400.0000"
"34.9174","0.0043","1689676492800.0000"
"34.9714","0.0043","1690676326400.0000"
"35.0258","0.0043","1691676160000.0000"
"35.0793","0.0043","1692676198400.0000"
"35.1311","0.0043","1693676032000.0000"
"35.1812","0.0043","1694675865600.0000"
"35.2306","0.0043","1695675699200.0000"
"35.2796","0.0043","1696675737600.0000"
"35.3281","0.0043","1697675571200.0000"
"35.3754","0.0043","1698675404800.0000"
"35.4214","0.0044","1699675443200.0000"
"35.4656","0.0044","1700675481600.0000"
"35.5081","0.0044","1701675315200.0000"
"35.5498","0.0044","1702675251200.0000"
"35.5920","0.0044","1703675084800.0000"
"35.6360","0.0044","1704675123200.0000"
"35.6817","0.0044","1705674956800.0000"
"35.7283","0.0044","1706675200000.0000"
"35.7752","0.0044","1707675033600.0000"
"35.8220","0.0044","1708674867200.0000"
"35.8688","0.0044","1709674905600.0000"
"35.9156","0.0044","1710674739200.0000"
"35.9621","0.0044","1711674572800.0000"
"36.0079","0.0044","1712674611200.0000"
"36.0528","0.0044","1713674547200.0000"
"36.0971","0.0044","1714674380800.0000"
"36.1409","0.0044","1715674214400.0000"
"36.1847","0.0044","1716674048000.0000"
"36.2286","0.0045","1717674086400.0000"
"36.2724","0.0045","1718674022400.0000"
"36.3161","0.0045","1719674060800.0000"
"36.3600","0.0045","1720673894400.0000"
"36.4046","0.0045","1721673728000.0000"
"36.4502","0.0045","1722673561600.0000"
"36.4971","0.0045","1723673804800.0000"
"36.5454","0.0045","1724673843200.0000"
"36.5947","0.0045","1725673676800.0000"
"36.6450","0.0045","1726673920000.0000"
"36.6961","0.0045","1727673958400.0000"
"36.7481","0.0045","1728673996800.0000"
"36.8007","0.0045","1729674240000.0000"
"36.8542","0.0045","1730674073600.0000"
"36.9084","0.0045","1731674112000.0000"
"36.9627","0.0045","1732674150400.0000"
"37.0162","0.0045","1733674188800.0000"
"37.0686","0.0046","1734674227200.0000"
"37.1201","0.0046","1735674470400.0000"
"37.1716","0.0046","1736674304000.0000"
"37.2234","0.0046","1737674342400.0000"
"37.2759","0.0046","1738674380800.0000"
"37.3293","0.0046","1739674419200.0000"
"37.3834","0.0046","1740674457600.0000"
"37.4378","0.0046","1741674700800.0000"
"37.4922","0.0046","1742674739200.0000"
"37.5467","0.0046","1743674777600.0000"
"37.6017","0.0046","1744675020800.0000"
"37.6569","0.0046","1745674854400.0000"
"37.7115","0.0046","1746675097600.0000"
"37.7645","0.0046","1747675340800.0000"
"37.8153","0.0046","1748675584000.0000"
"37.8643","0.0047","1749675827200.0000"
"37.9125","0.0047","1750675865600.0000"
"37.9607","0.0047","1751676313600.0000"
"38.0092","0.0047","1752676352000.0000"
"38.0576","0.0047","1753676390400.0000"
"38.1054","0.0047","1754676838400.0000"
"38.1522","0.0047","1755677081600.0000"
"38.1982","0.0047","1756677324800.0000"
"38.2438","0.0047","1757677363200.0000"
"38.2889","0.0047","1758677606400.0000"
"38.3338","0.0047","1759677644800.0000"
"38.3787","0.0047","1760677683200.0000"
"38.4236","0.0047","1761678131200.0000"
"38.4682","0.0047","1762678169600.0000"
"38.5123","0.0047","1763678412800.0000"
"38.5558","0.0047","1764678656000.0000"
"38.5990","0.0047","1765678694400.0000"
"38.6430","0.0047","1766678937600.0000"
"38.6889","0.0048","1767678976000.0000"
"38.7371","0.0048","1768679219200.0000"
"38.7873","0.0048","1769679462400.0000"
"38.8391","0.0048","1770679705600.0000"
"38.8923","0.0048","1771679744000.0000"
"38.9463","0.0048","1772679987200.0000"
"39.0004","0.0048","1773680025600.0000"
"39.0541","0.0048","1774680473600.0000"
"39.1067","0.0048","1775680512000.0000"
"39.1583","0.0048","1776680550400.0000"
"39.2089","0.0048","1777680793600.0000"
"39.2587","0.0048","1778680627200.0000"
"39.3079","0.0048","1779680870400.0000"
"39.3562","0.0048","1780681113600.0000"
"39.4034","0.0048","1781681152000.0000"
"39.4500","0.0048","1782681395200.0000"
"39.4967","0.0049","1783681228800.0000"
"39.5442","0.0049","1784681267200.0000"
"39.5925","0.0049","1785681100800.0000"
"39.6415","0.0049","1786681139200.0000"
"39.6905","0.0049","1787681177600.0000"
"39.7390","0.0049","1788681216000.0000"
"39.7864","0.0049","1789681049600.0000"
"39.8329","0.0049","1790681088000.0000"
"39.8793","0.0049","1791680921600.0000"
"39.9260","0.0049","1792681164800.0000"
"39.9725","0.0049","1793680998400.0000"
"40.0183","0.0049","1794681036800.0000"
"40.0637","0.0049","1795680870400.0000"
"40.1086","0.0049","1796680908800.0000"
"40.1535","0.0049","1797680742400.0000"
"40.1989","0.0049","1798680985600.0000"
"40.2453","0.0049","1799680819200.0000"
"40.2932","0.0050","1800680857600.0000"
"40.3420","0.0050","1801680691200.0000"
"40.3911","0.0050","1802680729600.0000"
"40.4400","0.0050","1803680358400.0000"
"40.4883","0.0050","1804680396800.0000"
"40.5362","0.0050","1805680230400.0000"
"40.5843","0.0050","1806680064000.0000"
"40.6329","0.0050","1807679897600.0000"
"40.6817","0.0050","1808679936000.0000"
"40.7302","0.0050","1809679769600.0000"
"40.7777","0.0050","1810679603200.0000"
"40.8235","0.0050","1811679436800.0000"
"40.8677","0.0050","1812679065600.0000"
"40.9110","0.0050","1813679104000.0000"
"40.9548","0.0050","1814678937600.0000"
"41.0000","0.0050","1815678976000.0000"
"41.0473","0.0050","1816678604800.0000"
"41.0965","0.0050","1817678643200.0000"
"41.1474","0.0051","1818678272000.0000"
"41.1994","0.0051","1819678105600.0000"
"41.2521","0.0051","1820678348800.0000"
"41.3056","0.0051","1821678182400.0000"
"41.3600","0.0051","1822678016000.0000"
"41.4155","0.0051","1823677849600.0000"
"41.4717","0.0051","1824677888000.0000"
"41.5279","0.0051","1825677926400.0000"
"41.5840","0.0051","1826677760000.0000"
"41.6398","0.0051","1827677593600.0000"
"41.6949","0.0051","1828677632000.0000"
"41.7491","0.0051","1829677260800.0000"
"41.8027","0.0051","1830677299200.0000"
"41.8560","0.0051","1831677132800.0000"
"41.9094","0.0051","1832676966400.0000"
"41.9631","0.0052","1833676800000.0000"
"42.0174","0.0052","1834676633600.0000"
"42.0722","0.0052","1835676467200.0000"
"42.1272","0.0052","1836676505600.0000"
"42.1822","0.0052","1837676134400.0000"
"42.2369","0.0052","1838676172800.0000"
"42.2913","0.0052","1839675801600.0000"
"42.3454","0.0052","1840675840000.0000"
"42.3991","0.0052","1841675673600.0000"
"42.4523","0.0052","1842675712000.0000"
"42.5047","0.0052","1843675545600.0000"
"42.5563","0.0052","1844675584000.0000"
"42.6076","0.0052","1845675417600.0000"
"42.6594","0.0052","1846675251200.0000"
"42.7123","0.0052","1847675289600.0000"
"42.7666","0.0053","1848675328000.0000"
"42.8225","0.0053","1849675366400.0000"
"42.8800","0.0053","1850675404800.0000"
"42.9387","0.0053","1851675238400.0000"
"42.9983","0.0053","1852675276800.0000"
"43.0586","0.0053","1853675315200.0000"
"43.1189","0.0053","1854675353600.0000"
"43.1787","0.0053","1855675187200.0000"
"43.2376","0.0053","1856675225600.0000"
"43.2954","0.0053","1857675059200.0000"
"43.3521","0.0053","1858675302400.0000"
"43.4072","0.0053","1859675545600.0000"
"43.4608","0.0053","1860675379200.0000"
"43.5132","0.0053","1861675212800.0000"
"43.5649","0.0054","1862675046400.0000"
"43.6163","0.0054","1863675084800.0000"
"43.6681","0.0054","1864675123200.0000"
"43.7205","0.0054","1865675366400.0000"
"43.7739","0.0054","1866675200000.0000"
"43.8274","0.0054","1867675443200.0000"
"43.8804","0.0054","1868675276800.0000"
"43.9327","0.0054","1869675520000.0000"
"43.9843","0.0054","1870675968000.0000"
"44.0353","0.0054","1871675801600.0000"
"44.0855","0.0054","1872676044800.0000"
"44.1350","0.0054","1873675878400.0000"
"44.1837","0.0054","1874675916800.0000"
"44.2315","0.0054","1875675955200.0000"
"44.2782","0.0054","1876676198400.0000"
"44.3245","0.0054","1877676441600.0000"
"44.3714","0.0055","1878676480000.0000"
"44.4198","0.0055","1879676723200.0000"
"44.4699","0.0055","1880676556800.0000"
"44.5215","0.0055","1881676800000.0000"
"44.5744","0.0055","1882676633600.0000"
"44.6282","0.0055","1883676876800.0000"
"44.6826","0.0055","1884676915200.0000"
"44.7372","0.0055","1885676953600.0000"
"44.7920","0.0055","1886676992000.0000"
"44.8469","0.0055","1887677030400.0000"
"44.9019","0.0055","1888677068800.0000"
"44.9567","0.0055","1889677312000.0000"
"45.0113","0.0055","1890677555200.0000"
"45.0658","0.0055","1891677593600.0000"
"45.1206","0.0055","1892677632000.0000"
"45.1758","0.0056","1893677670400.0000"
"45.2317","0.0056","1894677708800.0000"
"45.2886","0.0056","1895677952000.0000"
"45.3470","0.0056","1896678400000.0000"
"45.4073","0.0056","1897678438400.0000"
"45.4694","0.0056","1898678681600.0000"
"45.5329","0.0056","1899678515200.0000"
"45.5970","0.0056","1900678758400.0000"
"45.6610","0.0056","1901679001600.0000"
"45.7242","0.0056","1902679040000.0000"
"45.7867","0.0056","1903679078400.0000"
"45.8485","0.0056","1904679116800.0000"
"45.9090","0.0056","1905679155200.0000"
"45.9674","0.0056","1906679193600.0000"
"46.0233","0.0057","1907679232000.0000"
"46.0767","0.0057","1908679680000.0000"
"46.1282","0.0057","1909679513600.0000"
"46.1786","0.0057","1910679756800.0000"
"46.2283","0.0057","1911679590400.0000"
"46.2781","0.0057","1912679628800.0000"
"46.3283","0.0057","1913679462400.0000"
"46.3789","0.0057","1914679910400.0000"
"46.4301","0.0057","1915679948800.0000"
"46.4810","0.0057","1916679987200.0000"
"46.5310","0.0057","1917680230400.0000"
"46.5795","0.0057","1918680064000.0000"
"46.6265","0.0057","1919680307200.0000"
"46.6725","0.0057","1920680345600.0000"
"46.7179","0.0057","1921680588800.0000"
"46.7628","0.0057","1922680627200.0000"
"46.8073","0.0058","1923680460800.0000"
"46.8515","0.0058","1924680704000.0000"
"46.8962","0.0058","1925680537600.0000"
"46.9420","0.0058","1926680576000.0000"
"46.9891","0.0058","1927680614400.0000"
"47.0374","0.0058","1928680652800.0000"
"47.0869","0.0058","1929680486400.0000"
"47.1378","0.0058","1930680524800.0000"
"47.1900","0.0058","1931680358400.0000"
"47.2430","0.0058","1932680396800.0000"
"47.2960","0.0058","1933680230400.0000"
"47.3482","0.0058","1934680268800.0000"
"47.3990","0.0058","1935679897600.0000"
"47.4482","0.0058","1936679731200.0000"
"47.4960","0.0058","1937679564800.0000"
"47.5428","0.0058","1938679603200.0000"
"47.5891","0.0058","1939679641600.0000"
"47.6353","0.0059","1940679270400.0000"
"47.6817","0.0059","1941679308800.0000"
"47.7289","0.0059","1942678937600.0000"
"47.7773","0.0059","1943679180800.0000"
"47.8274","0.0059","1944678809600.0000"
"47.8793","0.0059","1945678643200.0000"
"47.9332","0.0059","1946678476800.0000"
"47.9888","0.0059","1947678105600.0000"
"48.0451","0.0059","1948678348800.0000"
"48.1014","0.0059","1949677977600.0000"
"48.1576","0.0059","1950677606400.0000"
"48.2139","0.0059","1951677440000.0000"
"48.2699","0.0059","1952677068800.0000"
"48.3252","0.0059","1953677107200.0000"
"48.3796","0.0059","1954676736000.0000"
"48.4335","0.0060","1955676364800.0000"
"48.4874","0.0060","1956676198400.0000"
"48.5416","0.0060","1957675622400.0000"
"48.5962","0.0060","1958675456000.0000"
"48.6514","0.0060","1959675289600.0000"
"48.7070","0.0060","1960674918400.0000"
"48.7626","0.0060","1961674956800.0000"
"48.8178","0.0060","1962674585600.0000"
"48.8727","0.0060","1963674419200.0000"
"48.9272","0.0060","1964674252800.0000"
"48.9808","0.0060","1965674086400.0000"
"49.0331","0.0060","1966673920000.0000"
"49.0844","0.0060","1967673753600.0000"
"49.1348","0.0060","1968673792000.0000"
"49.1847","0.0060","1969673625600.0000"
"49.2339","0.0060","1970673254400.0000"
"49.2829","0.0061","1971673292800.0000"
"49.3327","0.0061","1972673126400.0000"
"49.3843","0.0061","1973672960000.0000"
"49.4383","0.0061","1974672998400.0000"
"49.4941","0.0061","1975672832000.0000"
"49.5510","0.0061","1976672665600.0000"
"49.6077","0.0061","1977672704000.0000"
"49.6636","0.0061","1978672332800.0000"
"49.7187","0.0061","1979672371200.0000"
"49.7734","0.0061","1980672204800.0000"
"49.8283","0.0061","1981672038400.0000"
"49.8836","0.0061","1982672076800.0000"
"49.9394","0.0061","1983671705600.0000"
"49.9955","0.0061","1984671744000.0000"
"50.0513","0.0061","1985671577600.0000"
"50.1062","0.0062","1986671616000.0000"
"50.1597","0.0062","1987671449600.0000"
"50.2122","0.0062","1988671488000.0000"
"50.2647","0.0062","1989671321600.0000"
"50.3181","0.0062","1990671564800.0000"
"50.3725","0.0062","1991671398400.0000"
"50.4279","0.0062","1992671436800.0000"
"50.4841","0.0062","1993671475200.0000"
"50.5406","0.0062","1994671513600.0000"
"50.5971","0.0062","1995671347200.0000"
"50.6538","0.0062","1996671590400.0000"
"50.7105","0.0062","1997671424000.0000"
"50.7668","0.0062","1998671462400.0000"
"50.8224","0.0062","1999671296000.0000"
"50.8773","0.0063","2000671334400.0000"
"50.9320","0.0063","2001671168000.0000"
"50.9865","0.0063","2002671206400.0000"
"51.0413","0.0063","2003671040000.0000"
"51.0962","0.0063","2004670873600.0000"
"51.1513","0.0063","2005670707200.0000"
"51.2062","0.0063","2006670745600.0000"
"51.2609","0.0063","2007670784000.0000"
"51.3157","0.0063","2008670822400.0000"
"51.3703","0.0063","2009670656000.0000"
"51.4249","0.0063","2010670694400.0000"
"51.4797","0.0063","2011670528000.0000"
"51.5347","0.0063","2012670566400.0000"
"51.5900","0.0063","2013670809600.0000"
"51.6449","0.0063","2014670848000.0000"
"51.6992","0.0064","2015670681600.0000"
"51.7532","0.0064","2016670720000.0000"
"51.8073","0.0064","2017670963200.0000"
"51.8623","0.0064","2018670796800.0000"
"51.9183","0.0064","2019670835200.0000"
"51.9755","0.0064","2020670873600.0000"
"52.0339","0.0064","2021670912000.0000"
"52.0939","0.0064","2022670745600.0000"
"52.1552","0.0064","2023670784000.0000"
"52.2173","0.0064","2024670617600.0000"
"52.2797","0.0064","2025670860800.0000"
"52.3417","0.0064","2026670694400.0000"
"52.4031","0.0064","2027670732800.0000"
"52.4642","0.0064","2028670566400.0000"
"52.5251","0.0065","2029670604800.0000"
"52.5858","0.0065","2030670643200.0000"
"52.6462","0.0065","2031670681600.0000"
"52.7061","0.0065","2032670515200.0000"
"52.7652","0.0065","2033670758400.0000"
"52.8229","0.0065","2034670592000.0000"
"52.8792","0.0065","2035670630400.0000"
"52.9346","0.0065","2036670668800.0000"
"52.9897","0.0065","2037670707200.0000"
"53.0446","0.0065","2038670745600.0000"
"53.0996","0.0065","2039670784000.0000"
"53.1546","0.0065","2040671027200.0000"
"53.2099","0.0065","2041671065600.0000"
"53.2660","0.0065","2042671308800.0000"
"53.3228","0.0066","2043671347200.0000"
"53.3801","0.0066","2044671590400.0000"
"53.4372","0.0066","2045671628800.0000"
"53.4933","0.0066","2046671667200.0000"
"53.5480","0.0066","2047671705600.0000"
"53.6014","0.0066","2048671744000.0000"
"53.6539","0.0066","2049672192000.0000"
"53.7057","0.0066","2050672230400.0000"
"53.7571","0.0066","2051672268800.0000"
"53.8090","0.0066","2052672512000.0000"
"53.8625","0.0066","2053672550400.0000"
"53.9178","0.0066","2054672588800.0000"
"53.9749","0.0066","2055672627200.0000"
"54.0331","0.0066","2056672870400.0000"
"54.0921","0.0066","2057673113600.0000"
"54.1509","0.0067","2058673356800.0000"
"54.2087","0.0067","2059673600000.0000"
"54.2649","0.0067","2060673843200.0000"
"54.3198","0.0067","2061674086400.0000"
"54.3741","0.0067","2062674329600.0000"
"54.4282","0.0067","2063674777600.0000"
"54.4815","0.0067","2064674816000.0000"
"54.5337","0.0067","2065675264000.0000"
"54.5852","0.0067","2066675507200.0000"
"54.6363","0.0067","2067675750400.0000"
"54.6876","0.0067","2068675993600.0000"
"54.7397","0.0067","2069676236800.0000"
"54.7929","0.0067","2070676889600.0000"
"54.8470","0.0067","2071677337600.0000"
"54.9018","0.0067","2072677376000.0000"
"54.9568","0.0068","2073677619200.0000"
"55.0122","0.0068","2074677862400.0000"
"55.0680","0.0068","2075678105600.0000"
"55.1246","0.0068","2076678348800.0000"
"55.1819","0.0068","2077679001600.0000"
"55.2396","0.0068","2078679244800.0000"
"55.2972","0.0068","2079679283200.0000"
"55.3544","0.0068","2080679731200.0000"
"55.4109","0.0068","2081679974400.0000"
"55.4666","0.0068","2082680217600.0000"
"55.5214","0.0068","2083680665600.0000"
"55.5764","0.0068","2084680908800.0000"
"55.6329","0.0068","2085681356800.0000"
"55.6916","0.0068","2086681804800.0000"
"55.7519","0.0068","2087682252800.0000"
"55.8128","0.0069","2088682496000.0000"
"55.8737","0.0069","2089682739200.0000"
"55.9343","0.0069","2090682982400.0000"
"55.9947","0.0069","2091683430400.0000"
"56.0551","0.0069","2092683468800.0000"
"56.1156","0.0069","2093684121600.0000"
"56.1763","0.0069","2094684364800.0000"
"56.2370","0.0069","2095684403200.0000"
"56.2972","0.0069","2096684646400.0000"
"56.3565","0.0069","2097684889600.0000"
"56.4151","0.0069","2098684928000.0000"
"56.4734","0.0069","2099685171200.0000"
"56.5323","0.0069","2100685414400.0000"
"56.5924","0.0070","2101685452800.0000"
"56.6535","0.0070","2102685696000.0000"
"56.7146","0.0070","2103685529600.0000"
"56.7752","0.0070","2104685568000.0000"
"56.8356","0.0070","2105685401600.0000"
"56.8965","0.0070","2106685849600.0000"
"56.9578","0.0070","2107685888000.0000"
"57.0188","0.0070","2108685926400.0000"
"57.0791","0.0070","2109685964800.0000"
"57.1389","0.0070","2110685798400.0000"
"57.1986","0.0070","2111686041600.0000"
"57.2585","0.0070","2112686080000.0000"
"57.3188","0.0070","2113686118400.0000"
"57.3789","0.0070","2114685952000.0000"
"57.4387","0.0071","2115685990400.0000"
"57.4985","0.0071","2116685824000.0000"
"57.5586","0.0071","2117685657600.0000"
"57.6197","0.0071","2118685696000.0000"
"57.6821","0.0071","2119685734400.0000"
"57.7460","0.0071","2120685568000.0000"
"57.8109","0.0071","2121685401600.0000"
"57.8757","0.0071","2122685235200.0000"
"57.9402","0.0071","2123685273600.0000"
"58.0047","0.0071","2124684902400.0000"
"58.0693","0.0071","2125684736000.0000"
"58.1333","0.0071","2126684569600.0000"
"58.1958","0.0072","2127684403200.0000"
"58.2566","0.0072","2128684441600.0000"
"58.3159","0.0072","2129684070400.0000"
"58.3743","0.0072","2130683904000.0000"
"58.4320","0.0072","2131683737600.0000"
"58.4897","0.0072","2132683571200.0000"
"58.5482","0.0072","2133683609600.0000"
"58.6084","0.0072","2134683443200.0000"
"58.6705","0.0072","2135683481600.0000"
"58.7344","0.0072","2136683315200.0000"
"58.8000","0.0072","2137683148800.0000"
"58.8668","0.0072","2138682982400.0000"
"58.9341","0.0072","2139683225600.0000"
"59.0012","0.0072","2140682854400.0000"
"59.0680","0.0073","2141682892800.0000"
"59.1343","0.0073","2142682726400.0000"
"59.2001","0.0073","2143682355200.0000"
"59.2650","0.0073","2144682393600.0000"
"59.3287","0.0073","2145682227200.0000"
"59.3908","0.0073","2146682265600.0000"
"59.4516","0.0073","2147681894400.0000"
"59.5121","0.0073","2148681523200.0000"
"59.5727","0.0073","2149681561600.0000"
"59.6337","0.0073","2150681395200.0000"
"59.6944","0.0073","2151681433600.0000"
"59.7543","0.0073","2152681062400.0000"
"59.8134","0.0073","2153681100800.0000"
"59.8717","0.0074","2154680934400.0000"
"59.9295","0.0074","2155680972800.0000"
"59.9866","0.0074","2156680806400.0000"
"60.0434","0.0074","2157680844800.0000"
"60.1003","0.0074","2158680678400.0000"
"60.1578","0.0074","2159680716800.0000"
"60.2156","0.0074","2160680550400.0000"
"60.2734","0.0074","2161680384000.0000"
"60.3312","0.0074","2162680217600.0000"
"60.3896","0.0074","2163680256000.0000"
"60.4488","0.0074","2164680089600.0000"
"60.5089","0.0074","2165679923200.0000"
"60.5696","0.0074","2166680166400.0000"
"60.6310","0.0074","2167680204800.0000"
"60.6933","0.0075","2168680038400.0000"
"60.7564","0.0075","2169679872000.0000"
"60.8202","0.0075","2170679705600.0000"
"60.8843","0.0075","2171679539200.0000"
"60.9492","0.0075","2172679782400.0000"
"61.0150","0.0075","2173679411200.0000"
"61.0811","0.0075","2174679449600.0000"
"61.1467","0.0075","2175679283200.0000"
"61.2113","0.0075","2176679116800.0000"
"61.2744","0.0075","2177679155200.0000"
"61.3356","0.0075","2178679193600.0000"
"61.3952","0.0075","2179679027200.0000"
"61.4540","0.0076","2180679065600.0000"
"61.5127","0.0076","2181678694400.0000"
"61.5716","0.0076","2182678528000.0000"
"61.6310","0.0076","2183678771200.0000"
"61.6912","0.0076","2184678809600.0000"
"61.7523","0.0076","2185678643200.0000"
"61.8143","0.0076","2186678476800.0000"
"61.8771","0.0076","2187678310400.0000"
"61.9409","0.0076","2188678553600.0000"
"62.0055","0.0076","2189678387200.0000"
"62.0705","0.0076","2190678220800.0000"
"62.1349","0.0076","2191678054400.0000"
"62.1984","0.0076","2192677888000.0000"
"62.2612","0.0076","2193677926400.0000"
"62.3233","0.0077","2194677760000.0000"
"62.3854","0.0077","2195677798400.0000"
"62.4482","0.0077","2196677427200.0000"
"62.5123","0.0077","2197677465600.0000"
"62.5780","0.0077","2198677094400.0000"
"62.6452","0.0077","2199677132800.0000"
"62.7135","0.0077","2200677171200.0000"
"62.7821","0.0077","2201676800000.0000"
"62.8507","0.0077","2202676838400.0000"
"62.9191","0.0077","2203676672000.0000"
"62.9869","0.0077","2204676710400.0000"
"63.0537","0.0077","2205676748800.0000"
"63.1192","0.0078","2206676787200.0000"
"63.1834","0.0078","2207676620800.0000"
"63.2462","0.0078","2208676659200.0000"
"63.3077","0.0078","2209676902400.0000"
"63.3681","0.0078","2210676736000.0000"
"63.4281","0.0078","2211676569600.0000"
"63.4883","0.0078","2212676608000.0000"
"63.5489","0.0078","2213676851200.0000"
"63.6095","0.0078","2214676684800.0000"
"63.6703","0.0078","2215676723200.0000"
"63.7318","0.0078","2216676761600.0000"
"63.7944","0.0078","2217677004800.0000"
"63.8580","0.0078","2218676838400.0000"
"63.9224","0.0079","2219676876800.0000"
"63.9874","0.0079","2220676710400.0000"
"64.0526","0.0079","2221676748800.0000"
"64.1174","0.0079","2222676992000.0000"
"64.1815","0.0079","2223677030400.0000"
"64.2447","0.0079","2224676864000.0000"
"64.3073","0.0079","2225676902400.0000"
"64.3694","0.0079","2226676736000.0000"
"64.4316","0.0079","2227676774400.0000"
"64.4943","0.0079","2228677222400.0000"
"64.5580","0.0079","2229677260800.0000"
"64.6232","0.0079","2230677504000.0000"
"64.6894","0.0079","2231677337600.0000"
"64.7565","0.0080","2232677580800.0000"
"64.8243","0.0080","2233677824000.0000"
"64.8926","0.0080","2234677657600.0000"
"64.9607","0.0080","2235678105600.0000"
"65.0282","0.0080","2236678144000.0000"
"65.0948","0.0080","2237678387200.0000"
"65.1604","0.0080","2238678425600.0000"
"65.2254","0.0080","2239678464000.0000"
"65.2903","0.0080","2240678707200.0000"
"65.3552","0.0080","2241679155200.0000"
"65.4206","0.0080","2242678988800.0000"
"65.4870","0.0080","2243679027200.0000"
"65.5541","0.0081","2244679065600.0000"
"65.6209","0.0081","2245679308800.0000"
"65.6868","0.0081","2246679142400.0000"
"65.7519","0.0081","2247679385600.0000"
"65.8166","0.0081","2248679833600.0000"
"65.8808","0.0081","2249679667200.0000"
"65.9444","0.0081","2250679910400.0000"
"66.0073","0.0081","2251679948800.0000"
"66.0696","0.0081","2252679987200.0000"
"66.1313","0.0081","2253679820800.0000"
"66.1924","0.0081","2254680268800.0000"
"66.2525","0.0081","2255680512000.0000"
"66.3113","0.0081","2256680550400.0000"
"66.3683","0.0082","2257680793600.0000"
"66.4236","0.0082","2258681036800.0000"
"66.4781","0.0082","2259680870400.0000"
"66.5328","0.0082","2260681113600.0000"
"66.5882","0.0082","2261680947200.0000"
"66.6440","0.0082","2262681190400.0000"
"66.6996","0.0082","2263681024000.0000"
"66.7550","0.0082","2264681267200.0000"
"66.8106","0.0082","2265681305600.0000"
"66.8666","0.0082","2266681344000.0000"
"66.9229","0.0082","2267681177600.0000"
"66.9791","0.0082","2268681216000.0000"
"67.0355","0.0082","2269681254400.0000"
"67.0922","0.0082","2270681088000.0000"
"67.1493","0.0083","2271680921600.0000"
"67.2067","0.0083","2272680960000.0000"
"67.2647","0.0083","2273680793600.0000"
"67.3239","0.0083","2274680832000.0000"
"67.3846","0.0083","2275680665600.0000"
"67.4471","0.0083","2276680704000.0000"
"67.5108","0.0083","2277680332800.0000"
"67.5750","0.0083","2278680576000.0000"
"67.6394","0.0083","2279680409600.0000"
"67.7042","0.0083","2280680243200.0000"
"67.7693","0.0083","2281680076800.0000"
"67.8348","0.0083","2282679910400.0000"
"67.9009","0.0083","2283679948800.0000"
"67.9680","0.0084","2284679577600.0000"
"68.0361","0.0084","2285679616000.0000"
"68.1046","0.0084","2286679244800.0000"
"68.1726","0.0084","2287679078400.0000"
"68.2398","0.0084","2288679116800.0000"
"68.3058","0.0084","2289678950400.0000"
"68.3710","0.0084","2290678579200.0000"
"68.4360","0.0084","2291678208000.0000"
"68.5014","0.0084","2292678041600.0000"
"68.5676","0.0084","2293677875200.0000"
"68.6344","0.0084","2294677708800.0000"
"68.7006","0.0084","2295677542400.0000"
"68.7657","0.0084","2296677171200.0000"
"68.8298","0.0085","2297677004800.0000"
"68.8929","0.0085","2298676838400.0000"
"68.9554","0.0085","2299676672000.0000"
"69.0179","0.0085","2300676505600.0000"
"69.0809","0.0085","2301676134400.0000"
"69.1445","0.0085","2302676172800.0000"
"69.2089","0.0085","2303676006400.0000"
"69.2739","0.0085","2304675840000.0000"
"69.3398","0.0085","2305675673600.0000"
"69.4063","0.0085","2306675507200.0000"
"69.4733","0.0085","2307675136000.0000"
"69.5408","0.0085","2308674969600.0000"
"69.6084","0.0086","2309675008000.0000"
"69.6761","0.0086","2310674841600.0000"
"69.7436","0.0086","2311674675200.0000"
"69.8107","0.0086","2312674508800.0000"
"69.8772","0.0086","2313674137600.0000"
"69.9429","0.0086","2314674380800.0000"
"70.0081","0.0086","2315674009600.0000"
"70.0725","0.0086","2316674048000.0000"
"70.1358","0.0086","2317673676800.0000"
"70.1980","0.0086","2318673510400.0000"
"70.2594","0.0086","2319673548800.0000"
"70.3204","0.0086","2320673587200.0000"
"70.3811","0.0086","2321673216000.0000"
"70.4420","0.0087","2322673049600.0000"
"70.5035","0.0087","2323673088000.0000"
"70.5653","0.0087","2324673126400.0000"
"70.6274","0.0087","2325673164800.0000"
"70.6896","0.0087","2326672998400.0000"
"70.7519","0.0087","2327673036800.0000"
"70.8141","0.0087","2328673075200.0000"
"70.8763","0.0087","2329673113600.0000"
"70.9386","0.0087","2330673152000.0000"
"71.0010","0.0087","2331673190400.0000"
"71.0633","0.0087","2332673228800.0000"
"71.1249","0.0087","2333673062400.0000"
"71.1854","0.0087","2334673100800.0000"
"71.2441","0.0088","2335673139200.0000"
"71.3011","0.0088","2336673177600.0000"
"71.3571","0.0088","2337673216000.0000"
"71.4133","0.0088","2338673254400.0000"
"71.4709","0.0088","2339673497600.0000"
"71.5306","0.0088","2340673331200.0000"
"71.5923","0.0088","2341673164800.0000"
"71.6557","0.0088","2342673203200.0000"
"71.7205","0.0088","2343673446400.0000"
"71.7862","0.0088","2344673484800.0000"
"71.8524","0.0088","2345673523200.0000"
"71.9188","0.0088","2346673356800.0000"
"71.9850","0.0088","2347673395200.0000"
"72.0511","0.0089","2348673228800.0000"
"72.1171","0.0089","2349673676800.0000"
"72.1832","0.0089","2350673510400.0000"
"72.2491","0.0089","2351673753600.0000"
"72.3145","0.0089","2352673587200.0000"
"72.3792","0.0089","2353673830400.0000"
"72.4434","0.0089","2354673868800.0000"
"72.5077","0.0089","2355674112000.0000"
"72.5724","0.0089","2356674150400.0000"
"72.6378","0.0089","2357674188800.0000"
"72.7041","0.0089","2358674022400.0000"
"72.7716","0.0089","2359674060800.0000"
"72.8399","0.0089","2360674099200.0000"
"72.9085","0.0090","2361674342400.0000"
"72.9774","0.0090","2362674176000.0000"
"73.0466","0.0090","2363674419200.0000"
"73.1160","0.0090","2364674252800.0000"
"73.1852","0.0090","2365674291200.0000"
"73.2535","0.0090","2366674124800.0000"
"73.3209","0.0090","2367674368000.0000"
"73.3870","0.0090","2368674406400.0000"
"73.4516","0.0090","2369674444800.0000"
"73.5149","0.0090","2370674278400.0000"
"73.5773","0.0090","2371674316800.0000"
"73.6396","0.0090","2372674150400.0000"
"73.7025","0.0091","2373674393600.0000"
"73.7665","0.0091","2374674432000.0000"
"73.8316","0.0091","2375674470400.0000"
"73.8979","0.0091","2376674713600.0000"
"73.9651","0.0091","2377674752000.0000"
"74.0332","0.0091","2378674790400.0000"
"74.1015","0.0091","2379675033600.0000"
"74.1698","0.0091","2380675072000.0000"
"74.2383","0.0091","2381675110400.0000"
"74.3074","0.0091","2382675148800.0000"
"74.3776","0.0091","2383675187200.0000"
"74.4479","0.0091","2384675225600.0000"
"74.5177","0.0092","2385675468800.0000"
"74.5872","0.0092","2386675507200.0000"
"74.6578","0.0092","2387675545600.0000"
"74.7300","0.0092","2388675584000.0000"
"74.8036","0.0092","2389675622400.0000"
"74.8780","0.0092","2390675660800.0000"
"74.9524","0.0092","2391675904000.0000"
"75.0264","0.0092","2392675942400.0000"
"75.0996","0.0092","2393675776000.0000"
"75.1715","0.0092","2394675814400.0000"
"75.2421","0.0092","2395675852800.0000"
"75.3114","0.0093","2396676096000.0000"
"75.3794","0.0093","2397676339200.0000"
"75.4457","0.0093","2398676377600.0000"
"75.5109","0.0093","2399676620800.0000"
"75.5750","0.0093","2400676659200.0000"
"75.6386","0.0093","2401676902400.0000"
"75.7022","0.0093","2402676940800.0000"
"75.7670","0.0093","2403676979200.0000"
"75.8337","0.0093","2404677427200.0000"
"75.9018","0.0093","2405677465600.0000"
"75.9707","0.0093","2406677708800.0000"
"76.0398","0.0093","2407677952000.0000"
"76.1090","0.0094","2408677990400.0000"
"76.1780","0.0094","2409678028800.0000"
"76.2459","0.0094","2410678067200.0000"
"76.3122","0.0094","2411678310400.0000"
"76.3766","0.0094","2412678553600.0000"
"76.4395","0.0094","2413678387200.0000"
"76.5009","0.0094","2414678630400.0000"
"76.5611","0.0094","2415678464000.0000"
"76.6204","0.0094","2416678707200.0000"
"76.6785","0.0094","2417679155200.0000"
"76.7358","0.0094","2418678988800.0000"
"76.7924","0.0094","2419679232000.0000"
"76.8491","0.0094","2420679065600.0000"
"76.9070","0.0094","2421679104000.0000"
"76.9667","0.0095","2422679142400.0000"
"77.0279","0.0095","2423679590400.0000"
"77.0896","0.0095","2424679833600.0000"
"77.1512","0.0095","2425679872000.0000"
"77.2130","0.0095","2426679910400.0000"
"77.2754","0.0095","2427680153600.0000"
"77.3378","0.0095","2428680192000.0000"
"77.3998","0.0095","2429680230400.0000"
"77.4612","0.0095","2430680268800.0000"
"77.5216","0.0095","2431680307200.0000"
"77.5811","0.0095","2432680345600.0000"
"77.6399","0.0095","2433680384000.0000"
"77.6991","0.0095","2434680217600.0000"
"77.7595","0.0096","2435680256000.0000"
"77.8212","0.0096","2436680294400.0000"
"77.8841","0.0096","2437680332800.0000"
"77.9475","0.0096","2438680166400.0000"
"78.0114","0.0096","2439680204800.0000"
"78.0757","0.0096","2440680038400.0000"
"78.1402","0.0096","2441680281600.0000"
"78.2049","0.0096","2442680115200.0000"
"78.2691","0.0096","2443680153600.0000"
"78.3325","0.0096","2444679987200.0000"
"78.3950","0.0096","2445680025600.0000"
"78.4572","0.0096","2446679654400.0000"
"78.5191","0.0096","2447679692800.0000"
"78.5806","0.0097","2448679526400.0000"
"78.6421","0.0097","2449679564800.0000"
"78.7048","0.0097","2450679398400.0000"
"78.7695","0.0097","2451679436800.0000"
"78.8360","0.0097","2452679475200.0000"
"78.9039","0.0097","2453679513600.0000"
"78.9729","0.0097","2454679347200.0000"
"79.0424","0.0097","2455679180800.0000"
"79.1118","0.0097","2456679014400.0000"
"79.1807","0.0097","2457678643200.0000"
"79.2488","0.0097","2458678886400.0000"
"79.3164","0.0097","2459678515200.0000"
"79.3832","0.0098","2460678348800.0000"
"79.4490","0.0098","2461677977600.0000"
"79.5134","0.0098","2462678016000.0000"
"79.5765","0.0098","2463677849600.0000"
"79.6389","0.0098","2464677478400.0000"
"79.7013","0.0098","2465677312000.0000"
"79.7646","0.0098","2466676940800.0000"
"79.8292","0.0098","2467676569600.0000"
"79.8956","0.0098","2468676812800.0000"
"79.9642","0.0098","2469676441600.0000"
"80.0353","0.0098","2470676275200.0000"
"80.1086","0.0098","2471675904000.0000"
"80.1834","0.0099","2472675942400.0000"
"80.2588","0.0099","2473675776000.0000"
"80.3342","0.0099","2474675814400.0000"
"80.4095","0.0099","2475675443200.0000"
"80.4844","0.0099","2476675072000.0000"
"80.5582","0.0099","2477675110400.0000"
"80.6308","0.0099","2478674944000.0000"
"80.7020","0.0099","2479674777600.0000"
"80.7719","0.0099","2480674611200.0000"
"80.8404","0.0099","2481674240000.0000"
"80.9074","0.0099","2482674073600.0000"
"80.9731","0.0099","2483673907200.0000"
"81.0380","0.0100","2484673945600.0000"
"81.1025","0.0100","2485673574400.0000"
"81.1669","0.0100","2486673408000.0000"
"81.2312","0.0100","2487673241600.0000"
"81.2953","0.0100","2488673075200.0000"
"81.3591","0.0100","2489673318400.0000"
"81.4230","0.0100","2490672947200.0000"
"81.4871","0.0100","2491672985600.0000"
"81.5515","0.0100","2492672819200.0000"
"81.6159","0.0100","2493672857600.0000"
"81.6799","0.0100","2494672896000.0000"
"81.7433","0.0100","2495673139200.0000"
"81.8060","0.0101","2496672972800.0000"
"81.8684","0.0101","2497673011200.0000"
"81.9310","0.0101","2498672844800.0000"
"81.9945","0.0101","2499673088000.0000"
"82.0588","0.0101","2500673126400.0000"
"82.1238","0.0101","2501673369600.0000"
"82.1890","0.0101","2502673612800.0000"
"82.2539","0.0101","2503673446400.0000"
"82.3185","0.0101","2504673689600.0000"
"82.3834","0.0101","2505673932800.0000"
"82.4490","0.0101","2506673766400.0000"
"82.5153","0.0101","2507674009600.0000"
"82.5819","0.0101","2508673843200.0000"
"82.6483","0.0102","2509674086400.0000"
"82.7148","0.0102","2510673920000.0000"
"82.7813","0.0102","2511674163200.0000"
"82.8479","0.0102","2512674406400.0000"
"82.9145","0.0102","2513674444800.0000"
"82.9812","0.0102","2514674688000.0000"
"83.0487","0.0102","2515674726400.0000"
"83.1167","0.0102","2516674764800.0000"
"83.1851","0.0102","2517674803200.0000"
"83.2535","0.0102","2518674841600.0000"
"83.3218","0.0102","2519675084800.0000"
"83.3902","0.0102","2520675328000.0000"
"83.4588","0.0103","2521675571200.0000"
"83.5276","0.0103","2522675814400.0000"
"83.5959","0.0103","2523675852800.0000"
"83.6634","0.0103","2524676096000.0000"
"83.7303","0.0103","2525675929600.0000"
"83.7970","0.0103","2526676172800.0000"
"83.8640","0.0103","2527676416000.0000"
"83.9324","0.0103","2528676454400.0000"
"84.0030","0.0103","2529676697600.0000"
"84.0764","0.0103","2530676531200.0000"
"84.1522","0.0103","2531676774400.0000"
"84.2296","0.0103","2532677017600.0000"
"84.3074","0.0104","2533677056000.0000"
"84.3841","0.0104","2534677094400.0000"
"84.4594","0.0104","2535676928000.0000"
"84.5337","0.0104","2536677171200.0000"
"84.6078","0.0104","2537677004800.0000"
"84.6824","0.0104","2538677248000.0000"
"84.7577","0.0104","2539677286400.0000"
"84.8333","0.0104","2540677529600.0000"
"84.9083","0.0104","2541677568000.0000"
"84.9820","0.0104","2542677606400.0000"
"85.0543","0.0104","2543677849600.0000"
"85.1255","0.0105","2544677683200.0000"
"85.1960","0.0105","2545677926400.0000"
"85.2666","0.0105","2546678169600.0000"
"85.3382","0.0105","2547678208000.0000"
"85.4111","0.0105","2548678246400.0000"
"85.4847","0.0105","2549678284800.0000"
"85.5581","0.0105","2550678528000.0000"
"85.6307","0.0105","2551678771200.0000"
"85.7022","0.0105","2552678809600.0000"
"85.7725","0.0105","2553678848000.0000"
"85.8416","0.0105","2554678886400.0000"
"85.9092","0.0106","2555678720000.0000"
"85.9756","0.0106","2556678758400.0000"
"86.0411","0.0106","2557679001600.0000"
"86.1056","0.0106","2558679244800.0000"
"86.1691","0.0106","2559679078400.0000"
"86.2318","0.0106","2560678912000.0000"
"86.2944","0.0106","2561679155200.0000"
"86.3577","0.0106","2562679193600.0000"
"86.4219","0.0106","2563679232000.0000"
"86.4867","0.0106","2564679680000.0000"
"86.5521","0.0106","2565679513600.0000"
"86.6185","0.0106","2566679552000.0000"
"86.6858","0.0107","2567679795200.0000"
"86.7538","0.0107","2568679833600.0000"
"86.8226","0.0107","2569680076800.0000"
"86.8920","0.0107","2570680320000.0000"
"86.9620","0.0107","2571680563200.0000"
"87.0323","0.0107","2572680601600.0000"
"87.1029","0.0107","2573680640000.0000"
"87.1731","0.0107","2574680883200.0000"
"87.2426","0.0107","2575680921600.0000"
"87.3116","0.0107","2576680960000.0000"
"87.3806","0.0107","2577681203200.0000"
"87.4503","0.0107","2578681241600.0000"
"87.5209","0.0108","2579681484800.0000"
"87.5921","0.0108","2580681318400.0000"
"87.6634","0.0108","2581681561600.0000"
"87.7348","0.0108","2582681600000.0000"
"87.8062","0.0108","2583681638400.0000"
"87.8773","0.0108","2584681676800.0000"
"87.9475","0.0108","2585681510400.0000"
"88.0168","0.0108","2586681753600.0000"
"88.0859","0.0108","2587681587200.0000"
"88.1553","0.0108","2588681830400.0000"
"88.2250","0.0108","2589682278400.0000"
"88.2948","0.0108","2590682112000.0000"
"88.3643","0.0109","2591682355200.0000"
"88.4334","0.0109","2592682393600.0000"
"88.5016","0.0109","2593682432000.0000"
"88.5687","0.0109","2594682470400.0000"
"88.6354","0.0109","2595682713600.0000"
"88.7024","0.0109","2596682956800.0000"
"88.7702","0.0109","2597682995200.0000"
"88.8385","0.0109","2598683033600.0000"
"88.9070","0.0109","2599683072000.0000"
"88.9756","0.0109","2600683110400.0000"
"89.0445","0.0109","2601683148800.0000"
"89.1134","0.0109","2602683392000.0000"
"89.1825","0.0110","2603683635200.0000"
"89.2515","0.0110","2604683468800.0000"
"89.3204","0.0110","2605683507200.0000"
"89.3888","0.0110","2606683340800.0000"
"89.4565","0.0110","2607683379200.0000"
"89.5238","0.0110","2608683417600.0000"
"89.5912","0.0110","2609683660800.0000"
"89.6596","0.0110","2610683494400.0000"
"89.7296","0.0110","2611683532800.0000"
"89.8008","0.0110","2612683571200.0000"
"89.8726","0.0110","2613683609600.0000"
"89.9445","0.0111","2614684057600.0000"
"90.0165","0.0111","2615683891200.0000"
"90.0887","0.0111","2616683929600.0000"
"90.1614","0.0111","2617683968000.0000"
"90.2343","0.0111","2618683801600.0000"
"90.3071","0.0111","2619683840000.0000"
"90.3789","0.0111","2620684083200.0000"
"90.4494","0.0111","2621684326400.0000"
"90.5183","0.0111","2622684160000.0000"
"90.5858","0.0111","2623683993600.0000"
"90.6528","0.0111","2624684032000.0000"
"90.7197","0.0111","2625684070400.0000"
"90.7869","0.0112","2626684108800.0000"
"90.8542","0.0112","2627683942400.0000"
"90.9217","0.0112","2628683776000.0000"
"90.9895","0.0112","2629683609600.0000"
"91.0574","0.0112","2630683443200.0000"
"91.1254","0.0112","2631683481600.0000"
"91.1935","0.0112","2632683315200.0000"
"91.2616","0.0112","2633682944000.0000"
"91.3292","0.0112","2634682982400.0000"
"91.3965","0.0112","2635682611200.0000"
"91.4637","0.0112","2636682444800.0000"
"91.5316","0.0112","2637682278400.0000"
"91.6007","0.0113","2638682112000.0000"
"91.6707","0.0113","2639681945600.0000"
"91.7417","0.0113","2640681574400.0000"
"91.8136","0.0113","2641681408000.0000"
"91.8862","0.0113","2642681241600.0000"
"91.9590","0.0113","2643681075200.0000"
"92.0316","0.0113","2644680908800.0000"
"92.1044","0.0113","2645680537600.0000"
"92.1778","0.0113","2646680371200.0000"
"92.2519","0.0113","2647680204800.0000"
"92.3268","0.0113","2648679833600.0000"
"92.4024","0.0114","2649679462400.0000"
"92.4784","0.0114","2650679296000.0000"
"92.5542","0.0114","2651679129600.0000"
"92.6290","0.0114","2652678553600.0000"
"92.7029","0.0114","2653678387200.0000"
"92.7762","0.0114","2654678016000.0000"
"92.8494","0.0114","2655677849600.0000"
"92.9231","0.0114","2656677478400.0000"
"92.9975","0.0114","2657677107200.0000"
"93.0721","0.0114","2658676736000.0000"
"93.1468","0.0114","2659676569600.0000"
"93.2214","0.0115","2660676198400.0000"
"93.2958","0.0115","2661676236800.0000"
"93.3698","0.0115","2662675865600.0000"
"93.4431","0.0115","2663675699200.0000"
"93.5153","0.0115","2664675532800.0000"
"93.5863","0.0115","2665675161600.0000"
"93.6560","0.0115","2666675404800.0000"
"93.7246","0.0115","2667675033600.0000"
"93.7927","0.0115","2668675072000.0000"
"93.8608","0.0115","2669674700800.0000"
"93.9294","0.0115","2670674739200.0000"
"93.9988","0.0115","2671674572800.0000"
"94.0692","0.0116","2672674406400.0000"
"94.1410","0.0116","2673674240000.0000"
"94.2139","0.0116","2674674073600.0000"
"94.2878","0.0116","2675673907200.0000"
"94.3628","0.0116","2676673740800.0000"
"94.4385","0.0116","2677673984000.0000"
"94.5147","0.0116","2678673612800.0000"
"94.5910","0.0116","2679673651200.0000"
"94.6669","0.0116","2680673280000.0000"
"94.7422","0.0116","2681673113600.0000"
"94.8170","0.0116","2682673356800.0000"
"94.8909","0.0117","2683673190400.0000"
"94.9635","0.0117","2684673228800.0000"
"95.0350","0.0117","2685673062400.0000"
"95.1056","0.0117","2686673100800.0000"
"95.1756","0.0117","2687672934400.0000"
"95.2453","0.0117","2688673382400.0000"
"95.3153","0.0117","2689673216000.0000"
"95.3860","0.0117","2690673254400.0000"
"95.4575","0.0117","2691673292800.0000"
"95.5297","0.0117","2692673331200.0000"
"95.6027","0.0117","2693673369600.0000"
"95.6763","0.0118","2694673612800.0000"
"95.7503","0.0118","2695673856000.0000"
"95.8246","0.0118","2696673689600.0000"
"95.8991","0.0118","2697673932800.0000"
"95.9733","0.0118","2698673971200.0000"
"96.0467","0.0118","2699674009600.0000"
"96.1190","0.0118","2700674048000.0000"
"96.1900","0.0118","2701674086400.0000"
"96.2599","0.0118","2702674124800.0000"
"96.3291","0.0118","2703674163200.0000"
"96.3986","0.0118","2704674201600.0000"
"96.4689","0.0119","2705674444800.0000"
"96.5405","0.0119","2706674483200.0000"
"96.6134","0.0119","2707674726400.0000"
"96.6869","0.0119","2708674764800.0000"
"96.7607","0.0119","2709674803200.0000"
"96.8350","0.0119","2710674841600.0000"
"96.9093","0.0119","2711674880000.0000"
"96.9833","0.0119","2712675123200.0000"
"97.0564","0.0119","2713675366400.0000"
"97.1283","0.0119","2714675609600.0000"
"97.1992","0.0119","2715675852800.0000"
"97.2690","0.0120","2716675891200.0000"
"97.3376","0.0120","2717676134400.0000"
"97.4048","0.0120","2718676172800.0000"
"97.4707","0.0120","2719676416000.0000"
"97.5360","0.0120","2720676659200.0000"
"97.6016","0.0120","2721676697600.0000"
"97.6683","0.0120","2722676736000.0000"
"97.7364","0.0120","2723676774400.0000"
"97.8057","0.0120","2724677017600.0000"
"97.8760","0.0120","2725677056000.0000"
"97.9473","0.0120","2726677299200.0000"
"98.0194","0.0120","2727677337600.0000"
"98.0921","0.0121","2728677171200.0000"
"98.1650","0.0121","2729677414400.0000"
"98.2376","0.0121","2730677248000.0000"
"98.3097","0.0121","2731677491200.0000"
"98.3810","0.0121","2732677939200.0000"
"98.4514","0.0121","2733677772800.0000"
"98.5210","0.0121","2734678016000.0000"
"98.5900","0.0121","2735678259200.0000"
"98.6594","0.0121","2736678092800.0000"
"98.7301","0.0121","2737678131200.0000"
"98.8023","0.0121","2738678374400.0000"
"98.8758","0.0121","2739678412800.0000"
"98.9500","0.0122","2740678451200.0000"
"99.0243","0.0122","2741678694400.0000"
"99.0983","0.0122","2742678732800.0000"
"99.1719","0.0122","2743678771200.0000"
"99.2452","0.0122","2744678809600.0000"
"99.3183","0.0122","2745678848000.0000"
"99.3910","0.0122","2746679091200.0000"
"99.4632","0.0122","2747678924800.0000"
"99.5346","0.0122","2748678758400.0000"
"99.6050","0.0122","2749678592000.0000"
"99.6746","0.0122","2750678835200.0000"
"99.7445","0.0123","2751678668800.0000"
"99.8157","0.0123","2752678707200.0000"
"99.8881","0.0123","2753678540800.0000"
"99.9609","0.0123","2754678374400.0000"
"100.0333","0.0123","2755678208000.0000"
"100.1051","0.0123","2756678451200.0000"
"100.1762","0.0123","2757678284800.0000"
"100.2469","0.0123","2758678323200.0000"
"100.3172","0.0123","2759678156800.0000"
"100.3873","0.0123","2760678195200.0000"
"100.4570","0.0123","2761678028800.0000"
"100.5260","0.0124","2762678272000.0000"
"100.5942","0.0124","2763678105600.0000"
"100.6615","0.0124","2764678144000.0000"
"100.7281","0.0124","2765677977600.0000"
"100.7946","0.0124","2766678016000.0000"
"100.8621","0.0124","2767678054400.0000"
"100.9311","0.0124","2768677888000.0000"
"101.0015","0.0124","2769677721600.0000"
"101.0731","0.0124","2770677760000.0000"
"101.1454","0.0124","2771677388800.0000"
"101.2181","0.0124","2772677222400.0000"
"101.2909","0.0124","2773677465600.0000"
"101.3641","0.0125","2774677504000.0000"
"101.4379","0.0125","2775677337600.0000"
"101.5121","0.0125","2776676966400.0000"
"101.5864","0.0125","2777677004800.0000"
"101.6608","0.0125","2778677043200.0000"
"101.7354","0.0125","2779677081600.0000"
"101.8102","0.0125","2780676915200.0000"
"101.8851","0.0125","2781676953600.0000"
"101.9596","0.0125","2782676787200.0000"
"102.0341","0.0125","2783676825600.0000"
"102.1091","0.0125","2784676864000.0000"
"102.1851","0.0126","2785676902400.0000"
"102.2621","0.0126","2786677145600.0000"
"102.3401","0.0126","2787676979200.0000"
"102.4187","0.0126","2788676812800.0000"
"102.4976","0.0126","2789676851200.0000"
"102.5764","0.0126","2790677094400.0000"
"102.6547","0.0126","2791676928000.0000"
"102.7323","0.0126","2792676966400.0000"
"102.8089","0.0126","2793676800000.0000"
"102.8844","0.0126","2794677043200.0000"
"102.9584","0.0126","2795676876800.0000"
"103.0307","0.0127","2796676915200.0000"
"103.1013","0.0127","2797676748800.0000"
"103.1704","0.0127","2798676787200.0000"
"103.2385","0.0127","2799676620800.0000"
"103.3066","0.0127","2800676659200.0000"
"103.3753","0.0127","2801676697600.0000"
"103.4449","0.0127","2802676531200.0000"
"103.5157","0.0127","2803676364800.0000"
"103.5877","0.0127","2804676198400.0000"
"103.6608","0.0127","2805676236800.0000"
"103.7347","0.0127","2806676275200.0000"
"103.8094","0.0128","2807676108800.0000"
"103.8847","0.0128","2808675942400.0000"
"103.9602","0.0128","2809675980800.0000"
"104.0359","0.0128","2810676019200.0000"
"104.1115","0.0128","2811675852800.0000"
"104.1870","0.0128","2812675686400.0000"
"104.2625","0.0128","2813675929600.0000"
"104.3381","0.0128","2814675968000.0000"
"104.4141","0.0128","2815675801600.0000"
"104.4906","0.0128","2816675635200.0000"
"104.5678","0.0128","2817675673600.0000"
"104.6458","0.0129","2818675916800.0000"
"104.7244","0.0129","2819675750400.0000"
"104.8032","0.0129","2820675584000.0000"
"104.8818","0.0129","2821675417600.0000"
"104.9596","0.0129","2822675251200.0000"
"105.0364","0.0129","2823675289600.0000"
"105.1119","0.0129","2824675123200.0000"
"105.1866","0.0129","2825675161600.0000"
"105.2609","0.0129","2826674995200.0000"
"105.3348","0.0129","2827675033600.0000"
"105.4082","0.0130","2828674662400.0000"
"105.4807","0.0130","2829674700800.0000"
"105.5525","0.0130","2830674534400.0000"
"105.6244","0.0130","2831674572800.0000"
"105.6973","0.0130","2832674406400.0000"
"105.7714","0.0130","2833674649600.0000"
"105.8469","0.0130","2834674483200.0000"
"105.9236","0.0130","2835674726400.0000"
"106.0013","0.0130","2836674560000.0000"
"106.0795","0.0130","2837674803200.0000"
"106.1577","0.0130","2838674636800.0000"
"106.2361","0.0131","2839674675200.0000"
"106.3149","0.0131","2840674713600.0000"
"106.3938","0.0131","2841674956800.0000"
"106.4720","0.0131","2842674995200.0000"
"106.5485","0.0131","2843674828800.0000"
"106.6222","0.0131","2844674867200.0000"
"106.6933","0.0131","2845674700800.0000"
"106.7625","0.0131","2846674739200.0000"
"106.8310","0.0131","2847674982400.0000"
"106.9000","0.0131","2848675020800.0000"
"106.9705","0.0131","2849674854400.0000"
"107.0425","0.0132","2850675097600.0000"
"107.1159","0.0132","2851674931200.0000"
"107.1899","0.0132","2852675174400.0000"
"107.2639","0.0132","2853675417600.0000"
"107.3379","0.0132","2854675456000.0000"
"107.4121","0.0132","2855675494400.0000"
"107.4864","0.0132","2856675532800.0000"
"107.5606","0.0132","2857675776000.0000"
"107.6343","0.0132","2858676019200.0000"
"107.7075","0.0132","2859676057600.0000"
"107.7802","0.0132","2860676505600.0000"
"107.8526","0.0133","2861676544000.0000"
"107.9255","0.0133","2862676787200.0000"
"107.9998","0.0133","2863677030400.0000"
"108.0759","0.0133","2864677068800.0000"
"108.1539","0.0133","2865677312000.0000"
"108.2333","0.0133","2866677555200.0000"
"108.3141","0.0133","2867677798400.0000"
"108.3962","0.0133","2868678041600.0000"
"108.4793","0.0133","2869678284800.0000"
"108.5624","0.0133","2870678118400.0000"
"108.6446","0.0133","2871678361600.0000"
"108.7254","0.0134","2872678604800.0000"
"108.8042","0.0134","2873678643200.0000"
"108.8812","0.0134","2874678886400.0000"
"108.9565","0.0134","2875678924800.0000"
"109.0305","0.0134","2876679168000.0000"
"109.1037","0.0134","2877679206400.0000"
"109.1773","0.0134","2878679449600.0000"
"109.2521","0.0134","2879679692800.0000"
"109.3284","0.0134","2880679936000.0000"
"109.4056","0.0134","2881680179200.0000"
"109.4834","0.0135","2882680422400.0000"
"109.5615","0.0135","2883680665600.0000"
"109.6398","0.0135","2884680908800.0000"
"109.7185","0.0135","2885680947200.0000"
"109.7978","0.0135","2886680985600.0000"
"109.8773","0.0135","2887681433600.0000"
"109.9563","0.0135","2888681676800.0000"
"110.0341","0.0135","2889681715200.0000"
"110.1107","0.0135","2890681958400.0000"
"110.1865","0.0135","2891682201600.0000"
"110.2614","0.0135","2892682240000.0000"
"110.3354","0.0136","2893682278400.0000"
"110.4087","0.0136","2894682316800.0000"
"110.4822","0.0136","2895682355200.0000"
"110.5569","0.0136","2896682393600.0000"
"110.6324","0.0136","2897682432000.0000"
"110.7081","0.0136","2898682265600.0000"
"110.7829","0.0136","2899682713600.0000"
"110.8566","0.0136","2900682547200.0000"
"110.9292","0.0136","2901682585600.0000"
"111.0008","0.0136","2902682624000.0000"
"111.0715","0.0136","2903682662400.0000"
"111.1412","0.0137","2904682700800.0000"
"111.2096","0.0137","2905682739200.0000"
"111.2765","0.0137","2906682777600.0000"
"111.3420","0.0137","2907682611200.0000"
"111.4068","0.0137","2908682649600.0000"
"111.4715","0.0137","2909682483200.0000"
"111.5375","0.0137","2910682521600.0000"
"111.6059","0.0137","2911682560000.0000"
"111.6769","0.0137","2912682598400.0000"
"111.7501","0.0137","2913682432000.0000"
"111.8247","0.0137","2914682265600.0000"
"111.8997","0.0137","2915682099200.0000"
"111.9744","0.0138","2916682137600.0000"
"112.0491","0.0138","2917681971200.0000"
"112.1240","0.0138","2918681600000.0000"
"112.1987","0.0138","2919681638400.0000"
"112.2727","0.0138","2920681267200.0000"
"112.3458","0.0138","2921681100800.0000"
"112.4177","0.0138","2922680934400.0000"
"112.4878","0.0138","2923680563200.0000"
"112.5562","0.0138","2924680601600.0000"
"112.6236","0.0138","2925680230400.0000"
"112.6907","0.0138","2926680064000.0000"
"112.7583","0.0139","2927679897600.0000"
"112.8270","0.0139","2928679936000.0000"
"112.8970","0.0139","2929679564800.0000"
"112.9685","0.0139","2930679193600.0000"
"113.0414","0.0139","2931679232000.0000"
"113.1158","0.0139","2932679065600.0000"
"113.1909","0.0139","2933678899200.0000"
"113.2663","0.0139","2934678732800.0000"
"113.3416","0.0139","2935678361600.0000"
"113.4165","0.0139","2936678195200.0000"
"113.4906","0.0139","2937678233600.0000"
"113.5639","0.0140","2938678067200.0000"
"113.6361","0.0140","2939677696000.0000"
"113.7070","0.0140","2940677324800.0000"
"113.7770","0.0140","2941677363200.0000"
"113.8472","0.0140","2942677196800.0000"
"113.9184","0.0140","2943677030400.0000"
"113.9910","0.0140","2944676659200.0000"
"114.0649","0.0140","2945676288000.0000"
"114.1404","0.0140","2946676326400.0000"
"114.2173","0.0140","2947676160000.0000"
"114.2953","0.0140","2948675993600.0000"
"114.3740","0.0141","2949675827200.0000"
"114.4531","0.0141","2950675456000.0000"
"114.5320","0.0141","2951675494400.0000"
"114.6105","0.0141","2952675123200.0000"
"114.6886","0.0141","2953675366400.0000"
"114.7666","0.0141","2954675200000.0000"
"114.8439","0.0141","2955675238400.0000"
"114.9199","0.0141","2956675072000.0000"
"114.9947","0.0141","2957675110400.0000"
"115.0688","0.0141","2958675148800.0000"
"115.1426","0.0141","2959674982400.0000"
"115.2163","0.0142","2960674816000.0000"
"115.2904","0.0142","2961674854400.0000"
"115.3650","0.0142","2962674688000.0000"
"115.4402","0.0142","2963674726400.0000"
"115.5155","0.0142","2964674560000.0000"
"115.5900","0.0142","2965674598400.0000"
"115.6633","0.0142","2966674227200.0000"
"115.7355","0.0142","2967674265600.0000"
"115.8069","0.0142","2968674099200.0000"
"115.8779","0.0142","2969674342400.0000"
"115.9483","0.0142","2970673971200.0000"
"116.0182","0.0143","2971673804800.0000"
"116.0874","0.0143","2972673843200.0000"
"116.1561","0.0143","2973673881600.0000"
"116.2249","0.0143","2974673715200.0000"
"116.2943","0.0143","2975673753600.0000"
"116.3645","0.0143","2976673792000.0000"
"116.4355","0.0143","2977673830400.0000"
"116.5071","0.0143","2978673664000.0000"
"116.5794","0.0143","2979673497600.0000"
"116.6527","0.0143","2980673536000.0000"
"116.7266","0.0143","2981673779200.0000"
"116.8009","0.0144","2982673612800.0000"
"116.8755","0.0144","2983673446400.0000"
"116.9502","0.0144","2984673484800.0000"
"117.0251","0.0144","2985673318400.0000"
"117.0997","0.0144","2986673356800.0000"
"117.1736","0.0144","2987672985600.0000"
"117.2459","0.0144","2988673024000.0000"
"117.3169","0.0144","2989672652800.0000"
"117.3873","0.0144","2990672691200.0000"
"117.4582","0.0144","2991672320000.0000"
"117.5303","0.0144","2992672563200.0000"
"117.6038","0.0144","2993672192000.0000"
"117.6785","0.0145","2994672230400.0000"
"117.7543","0.0145","2995671859200.0000"
"117.8308","0.0145","2996671488000.0000"
"117.9081","0.0145","2997671731200.0000"
"117.9862","0.0145","2998671360000.0000"
"118.0649","0.0145","2999671398400.0000"
"118.1445","0.0145","3000671027200.0000"
"118.2247","0.0145","3001670860800.0000"
"118.3049","0.0145","3002670899200.0000"
"118.3845","0.0145","3003670732800.0000"
"118.4629","0.0146","3004670771200.0000"
"118.5406","0.0146","3005670604800.0000"
"118.6187","0.0146","3006670438400.0000"
"118.6980","0.0146","3007670272000.0000"
"118.7783","0.0146","3008670515200.0000"
"118.8589","0.0146","3009670144000.0000"
"118.9394","0.0146","3010670182400.0000"
"119.0195","0.0146","3011669811200.0000"
"119.0989","0.0146","3012669849600.0000"
"119.1770","0.0146","3013669888000.0000"
"119.2535","0.0147","3014669516800.0000"
"119.3285","0.0147","3015669555200.0000"
"119.4025","0.0147","3016669388800.0000"
"119.4757","0.0147","3017669222400.0000"
"119.5479","0.0147","3018669260800.0000"
"119.6189","0.0147","3019669299200.0000"
"119.6882","0.0147","3020669132800.0000"
"119.7560","0.0147","3021669171200.0000"
"119.8232","0.0147","3022669004800.0000"
"119.8910","0.0147","3023669043200.0000"
"119.9607","0.0147","3024668876800.0000"
"120.0328","0.0147","3025669120000.0000"
"120.1073","0.0148","3026668953600.0000"
"120.1839","0.0148","3027669196800.0000"
"120.2616","0.0148","3028669440000.0000"
"120.3392","0.0148","3029669478400.0000"
"120.4162","0.0148","3030669721600.0000"
"120.4927","0.0148","3031669760000.0000"
"120.5684","0.0148","3032670003200.0000"
"120.6435","0.0148","3033670041600.0000"
"120.7175","0.0148","3034670080000.0000"
"120.7900","0.0148","3035670323200.0000"
"120.8609","0.0148","3036670361600.0000"
"120.9305","0.0149","3037670809600.0000"
"120.9995","0.0149","3038671052800.0000"
"121.0687","0.0149","3039671091200.0000"
"121.1381","0.0149","3040671334400.0000"
"121.2079","0.0149","3041671372800.0000"
"121.2780","0.0149","3042671411200.0000"
"121.3485","0.0149","3043671859200.0000"
"121.4192","0.0149","3044672307200.0000"
"121.4905","0.0149","3045672345600.0000"
"121.5624","0.0149","3046672793600.0000"
"121.6353","0.0149","3047672832000.0000"
"121.7089","0.0150","3048673075200.0000"
"121.7829","0.0150","3049673318400.0000"
"121.8569","0.0150","3050673766400.0000"
"121.9306","0.0150","3051674214400.0000"
"122.0040","0.0150","3052674457600.0000"
"122.0773","0.0150","3053674700800.0000"
"122.1511","0.0150","3054675148800.0000"
"122.2259","0.0150","3055675392000.0000"
"122.3019","0.0150","3056675635200.0000"
"122.3790","0.0150","3057676083200.0000"
"122.4569","0.0150","3058676326400.0000"
"122.5354","0.0151","3059676569600.0000"
"122.6145","0.0151","3060676812800.0000"
"122.6939","0.0151","3061677260800.0000"
"122.7727","0.0151","3062677299200.0000"
"122.8501","0.0151","3063677542400.0000"
"122.9257","0.0151","3064677580800.0000"
"122.9994","0.0151","3065677824000.0000"
"123.0708","0.0151","3066678272000.0000"
"123.1404","0.0151","3067678310400.0000"
"123.2090","0.0151","3068678553600.0000"
"123.2779","0.0151","3069678796800.0000"
"123.3483","0.0152","3070678835200.0000"
"123.4202","0.0152","3071679078400.0000"
"123.4934","0.0152","3072679321600.0000"
"123.5675","0.0152","3073679360000.0000"
"123.6429","0.0152","3074679603200.0000"
"123.7190","0.0152","3075679436800.0000"
"123.7951","0.0152","3076679680000.0000"
"123.8708","0.0152","3077679923200.0000"
"123.9462","0.0152","3078679961600.0000"
"124.0218","0.0152","3079680409600.0000"
"124.0978","0.0152","3080680243200.0000"
"124.1742","0.0153","3081680486400.0000"
"124.2504","0.0153","3082680115200.0000"
"124.3256","0.0153","3083680358400.0000"
"124.3994","0.0153","3084680396800.0000"
"124.4727","0.0153","3085680435200.0000"
"124.5467","0.0153","3086680268800.0000"
"124.6220","0.0153","3087680307200.0000"
"124.6981","0.0153","3088680345600.0000"
"124.7740","0.0153","3089680179200.0000"
"124.8493","0.0153","3090680012800.0000"
"124.9242","0.0153","3091680051200.0000"
"124.9991","0.0154","3092679884800.0000"
"125.0737","0.0154","3093679923200.0000"
"125.1478","0.0154","3094679756800.0000"
"125.2209","0.0154","3095679795200.0000"
"125.2929","0.0154","3096679833600.0000"
"125.3639","0.0154","3097679872000.0000"
"125.4340","0.0154","3098679705600.0000"
"125.5037","0.0154","3099679744000.0000"
"125.5733","0.0154","3100679577600.0000"
"125.6434","0.0154","3101679411200.0000"
"125.7138","0.0154","3102679449600.0000"
"125.7845","0.0155","3103679488000.0000"
"125.8558","0.0155","3104679321600.0000"
"125.9280","0.0155","3105679360000.0000"
"126.0013","0.0155","3106678988800.0000"
"126.0755","0.0155","3107679027200.0000"
"126.1501","0.0155","3108679065600.0000"
"126.2252","0.0155","3109679104000.0000"
"126.3004","0.0155","3110678937600.0000"
"126.3750","0.0155","3111678771200.0000"
"126.4482","0.0155","3112678604800.0000"
"126.5197","0.0155","3113678848000.0000"
"126.5897","0.0156","3114678681600.0000"
"126.6593","0.0156","3115678720000.0000"
"126.7293","0.0156","3116678348800.0000"
"126.8008","0.0156","3117678387200.0000"
"126.8742","0.0156","3118678220800.0000"
"126.9491","0.0156","3119678668800.0000"
"127.0248","0.0156","3120678502400.0000"
"127.1008","0.0156","3121678540800.0000"
"127.1767","0.0156","3122678374400.0000"
"127.2521","0.0156","3123678412800.0000"
"127.3270","0.0156","3124678246400.0000"
"127.4013","0.0157","3125678489600.0000"
"127.4751","0.0157","3126678732800.0000"
"127.5492","0.0157","3127678566400.0000"
"127.6244","0.0157","3128678809600.0000"
"127.7009","0.0157","3129679052800.0000"
"127.7777","0.0157","3130678886400.0000"
"127.8541","0.0157","3131679334400.0000"
"127.9303","0.0157","3132679168000.0000"
"128.0076","0.0157","3133679206400.0000"
"128.0865","0.0157","3134679040000.0000"
"128.1671","0.0157","3135679283200.0000"
"128.2490","0.0158","3136679526400.0000"
"128.3315","0.0158","3137679564800.0000"
"128.4145","0.0158","3138679808000.0000"
"128.4978","0.0158","3139679641600.0000"
"128.5818","0.0158","3140679884800.0000"
"128.6662","0.0158","3141679718400.0000"
"128.7500","0.0158","3142679961600.0000"
"128.8324","0.0158","3143680204800.0000"
"128.9132","0.0158","3144680038400.0000"
"128.9925","0.0158","3145680281600.0000"
"129.0704","0.0159","3146680115200.0000"
"129.1473","0.0159","3147680358400.0000"
"129.2243","0.0159","3148680601600.0000"
"129.3025","0.0159","3149680844800.0000"
"129.3821","0.0159","3150681292800.0000"
"129.4624","0.0159","3151681331200.0000"
"129.5428","0.0159","3152681164800.0000"
"129.6229","0.0159","3153681408000.0000"
"129.7022","0.0159","3154681241600.0000"
"129.7807","0.0159","3155681484800.0000"
"129.8578","0.0160","3156681523200.0000"
"129.9334","0.0160","3157681766400.0000"
"130.0078","0.0160","3158681600000.0000"
"130.0818","0.0160","3159681433600.0000"
"130.1562","0.0160","3160681676800.0000"
"130.2310","0.0160","3161681510400.0000"
"130.3055","0.0160","3162681548800.0000"
"130.3790","0.0160","3163681792000.0000"
"130.4520","0.0160","3164681625600.0000"
"130.5255","0.0160","3165681254400.0000"
"130.6000","0.0160","3166681497600.0000"
"130.6757","0.0161","3167681331200.0000"
"130.7523","0.0161","3168681779200.0000"
"130.8302","0.0161","3169681612800.0000"
"130.9094","0.0161","3170681446400.0000"
"130.9897","0.0161","3171681280000.0000"
"131.0706","0.0161","3172681523200.0000"
"131.1515","0.0161","3173681356800.0000"
"131.2319","0.0161","3174681395200.0000"
"131.3116","0.0161","3175681638400.0000"
"131.3905","0.0161","3176681472000.0000"
"131.4682","0.0162","3177681305600.0000"
"131.5441","0.0162","3178681548800.0000"
"131.6183","0.0162","3179681587200.0000"
"131.6913","0.0162","3180681420800.0000"
"131.7640","0.0162","3181681049600.0000"
"131.8374","0.0162","3182680883200.0000"
"131.9117","0.0162","3183680716800.0000"
"131.9867","0.0162","3184680550400.0000"
"132.0615","0.0162","3185680588800.0000"
"132.1357","0.0162","3186680422400.0000"
"132.2093","0.0162","3187680665600.0000"
"132.2827","0.0163","3188680089600.0000"
"132.3560","0.0163","3189680332800.0000"
"132.4290","0.0163","3190680371200.0000"
"132.5012","0.0163","3191680204800.0000"
"132.5723","0.0163","3192680038400.0000"
"132.6423","0.0163","3193680281600.0000"
"132.7113","0.0163","3194680115200.0000"
"132.7795","0.0163","3195680358400.0000"
"132.8481","0.0163","3196680396800.0000"
"132.9181","0.0163","3197680230400.0000"
"132.9901","0.0163","3198680473600.0000"
"133.0638","0.0163","3199680307200.0000"
"133.1391","0.0164","3200680550400.0000"
"133.2160","0.0164","3201680384000.0000"
"133.2945","0.0164","3202680627200.0000"
"133.3745","0.0164","3203680460800.0000"
"133.4557","0.0164","3204680704000.0000"
"133.5375","0.0164","3205680537600.0000"
"133.6189","0.0164","3206680371200.0000"
"133.6994","0.0164","3207680204800.0000"
"133.7787","0.0164","3208680448000.0000"
"133.8569","0.0164","3209680281600.0000"
"133.9340","0.0165","3210680524800.0000"
"134.0103","0.0165","3211680768000.0000"
"134.0869","0.0165","3212680601600.0000"
"134.1647","0.0165","3213680640000.0000"
"134.2438","0.0165","3214680473600.0000"
"134.3235","0.0165","3215680716800.0000"
"134.4036","0.0165","3216680550400.0000"
"134.4838","0.0165","3217680793600.0000"
"134.5644","0.0165","3218680627200.0000"
"134.6453","0.0165","3219680870400.0000"
"134.7266","0.0166","3220681113600.0000"
"134.8082","0.0166","3221680947200.0000"
"134.8898","0.0166","3222681190400.0000"
"134.9706","0.0166","3223681433600.0000"
"135.0502","0.0166","3224681472000.0000"
"135.1287","0.0166","3225681305600.0000"
"135.2061","0.0166","3226681548800.0000"
"135.2827","0.0166","3227681382400.0000"
"135.3593","0.0166","3228681216000.0000"
"135.4366","0.0166","3229681049600.0000"
"135.5145","0.0166","3230681292800.0000"
"135.5930","0.0167","3231681126400.0000"
"135.6717","0.0167","3232680960000.0000"
"135.7504","0.0167","3233680793600.0000"
"135.8290","0.0167","3234681036800.0000"
"135.9073","0.0167","3235681280000.0000"
"135.9849","0.0167","3236681113600.0000"
"136.0617","0.0167","3237680947200.0000"
"136.1376","0.0167","3238681190400.0000"
"136.2126","0.0167","3239681024000.0000"
"136.2867","0.0167","3240681267200.0000"
"136.3600","0.0168","3241681100800.0000"
"136.4324","0.0168","3242680934400.0000"
"136.5040","0.0168","3243680972800.0000"
"136.5757","0.0168","3244680806400.0000"
"136.6479","0.0168","3245680640000.0000"
"136.7210","0.0168","3246680883200.0000"
"136.7947","0.0168","3247681126400.0000"
"136.8694","0.0168","3248680960000.0000"
"136.9452","0.0168","3249681203200.0000"
"137.0219","0.0168","3250681036800.0000"
"137.0989","0.0168","3251680870400.0000"
"137.1759","0.0169","3252680704000.0000"
"137.2531","0.0169","3253680947200.0000"
"137.3303","0.0169","3254680371200.0000"
"137.4074","0.0169","3255680204800.0000"
"137.4837","0.0169","3256680448000.0000"
"137.5587","0.0169","3257679872000.0000"
"137.6320","0.0169","3258680524800.0000"
"137.7045","0.0169","3259680358400.0000"
"137.7767","0.0169","3260680192000.0000"
"137.8491","0.0169","3261680025600.0000"
"137.9218","0.0169","3262679859200.0000"
"137.9950","0.0170","3263679692800.0000"
"138.0692","0.0170","3264679526400.0000"
"138.1449","0.0170","3265679360000.0000"
"138.2218","0.0170","3266679193600.0000"
"138.2994","0.0170","3267679027200.0000"
"138.3778","0.0170","3268679065600.0000"
"138.4569","0.0170","3269678899200.0000"
"138.5368","0.0170","3270678732800.0000"
"138.6171","0.0170","3271678976000.0000"
"138.6970","0.0170","3272678809600.0000"
"138.7766","0.0171","3273678643200.0000"
"138.8562","0.0171","3274678476800.0000"
"138.9366","0.0171","3275678310400.0000"
"139.0183","0.0171","3276678144000.0000"
"139.1014","0.0171","3277677977600.0000"
"139.1856","0.0171","3278677811200.0000"
"139.2708","0.0171","3279677644800.0000"
"139.3567","0.0171","3280677478400.0000"
"139.4431","0.0171","3281677312000.0000"
"139.5298","0.0171","3282677145600.0000"
"139.6164","0.0172","3283676979200.0000"
"139.7027","0.0172","3284676812800.0000"
"139.7890","0.0172","3285676646400.0000"
"139.8750","0.0172","3286676480000.0000"
"139.9602","0.0172","3287676313600.0000"
"140.0441","0.0172","3288676147200.0000"
"140.1265","0.0172","3289675980800.0000"
"140.2078","0.0172","3290676224000.0000"
"140.2887","0.0172","3291676057600.0000"
"140.3700","0.0172","3292675891200.0000"
"140.4519","0.0173","3293676134400.0000"
"140.5343","0.0173","3294675968000.0000"
"140.6170","0.0173","3295675801600.0000"
"140.7001","0.0173","3296675635200.0000"
"140.7832","0.0173","3297675878400.0000"
"140.8659","0.0173","3298675712000.0000"
"140.9473","0.0173","3299675750400.0000"
"141.0274","0.0173","3300675584000.0000"
"141.1062","0.0173","3301675827200.0000"
"141.1834","0.0173","3302675660800.0000"
"141.2584","0.0174","3303675904000.0000"
"141.3313","0.0174","3304675737600.0000"
"141.4029","0.0174","3305675571200.0000"
"141.4739","0.0174","3306675404800.0000"
"141.5457","0.0174","3307675648000.0000"
"141.6190","0.0174","3308675481600.0000"
"141.6938","0.0174","3309675315200.0000"
"141.7702","0.0174","3310675148800.0000"
"141.8480","0.0174","3311675392000.0000"
"141.9271","0.0174","3312675225600.0000"
"142.0069","0.0174","3313675878400.0000"
"142.0865","0.0175","3314675712000.0000"
"142.1654","0.0175","3315675750400.0000"
"142.2435","0.0175","3316675993600.0000"
"142.3210","0.0175","3317675827200.0000"
"142.3978","0.0175","3318676070400.0000"
"142.4741","0.0175","3319675904000.0000"
"142.5499","0.0175","3320676147200.0000"
"142.6253","0.0175","3321675980800.0000"
"142.7005","0.0175","3322676224000.0000"
"142.7763","0.0175","3323676467200.0000"
"142.8531","0.0176","3324676300800.0000"
"142.9306","0.0176","3325676748800.0000"
"143.0084","0.0176","3326676582400.0000"
"143.0854","0.0176","3327676825600.0000"
"143.1612","0.0176","3328676659200.0000"
"143.2353","0.0176","3329676902400.0000"
"143.3077","0.0176","3330676736000.0000"
"143.3788","0.0176","3331676979200.0000"
"143.4489","0.0176","3332676812800.0000"
"143.5182","0.0176","3333676646400.0000"
"143.5867","0.0176","3334676889600.0000"
"143.6545","0.0176","3335676723200.0000"
"143.7214","0.0177","3336676966400.0000"
"143.7875","0.0177","3337677414400.0000"
"143.8531","0.0177","3338677248000.0000"
"143.9193","0.0177","3339677491200.0000"
"143.9870","0.0177","3340677734400.0000"
"144.0571","0.0177","3341677977600.0000"
"144.1295","0.0177","3342677811200.0000"
"144.2032","0.0177","3343678054400.0000"
"144.2773","0.0177","3344678297600.0000"
"144.3515","0.0177","3345678131200.0000"
"144.4264","0.0177","3346678169600.0000"
"144.5022","0.0178","3347678003200.0000"
"144.5788","0.0178","3348678246400.0000"
"144.6554","0.0178","3349678080000.0000"
"144.7312","0.0178","3350678732800.0000"
"144.8062","0.0178","3351678976000.0000"
"144.8801","0.0178","3352678809600.0000"
"144.9530","0.0178","3353679052800.0000"
"145.0249","0.0178","3354678886400.0000"
"145.0965","0.0178","3355679129600.0000"
"145.1682","0.0178","3356678963200.0000"
"145.2401","0.0178","3357679001600.0000"
"145.3124","0.0179","3358679244800.0000"
"145.3852","0.0179","3359679078400.0000"
"145.4587","0.0179","3360679321600.0000"
"145.5333","0.0179","3361679155200.0000"
"145.6091","0.0179","3362679398400.0000"
"145.6855","0.0179","3363679641600.0000"
"145.7622","0.0179","3364679884800.0000"
"145.8383","0.0179","3365680128000.0000"
"145.9135","0.0179","3366680166400.0000"
"145.9875","0.0179","3367680409600.0000"
"146.0600","0.0179","3368680243200.0000"
"146.1306","0.0180","3369680486400.0000"
"146.1999","0.0180","3370680729600.0000"
"146.2689","0.0180","3371680563200.0000"
"146.3391","0.0180","3372680806400.0000"
"146.4118","0.0180","3373681049600.0000"
"146.4878","0.0180","3374680883200.0000"
"146.5673","0.0180","3375681331200.0000"
"146.6496","0.0180","3376681164800.0000"
"146.7337","0.0180","3377680998400.0000"
"146.8187","0.0180","3378680832000.0000"
"146.9037","0.0180","3379681075200.0000"
"146.9876","0.0181","3380680908800.0000"
"147.0700","0.0181","3381681152000.0000"
"147.1511","0.0181","3382680985600.0000"
"147.2314","0.0181","3383680819200.0000"
"147.3110","0.0181","3384680652800.0000"
"147.3896","0.0181","3385680896000.0000"
"147.4671","0.0181","3386680729600.0000"
"147.5442","0.0181","3387680972800.0000"
"147.6215","0.0181","3388681216000.0000"
"147.6993","0.0181","3389681049600.0000"
"147.7778","0.0182","3390680883200.0000"
"147.8571","0.0182","3391680921600.0000"
"147.9371","0.0182","3392680755200.0000"
"148.0174","0.0182","3393680588800.0000"
"148.0974","0.0182","3394680422400.0000"
"148.1765","0.0182","3395680256000.0000"
"148.2543","0.0182","3396680089600.0000"
"148.3307","0.0182","3397679923200.0000"
"148.4057","0.0182","3398680166400.0000"
"148.4798","0.0182","3399680000000.0000"
"148.5531","0.0183","3400679833600.0000"
"148.6261","0.0183","3401679667200.0000"
"148.6999","0.0183","3402679500800.0000"
"148.7756","0.0183","3403679334400.0000"
"148.8541","0.0183","3404679168000.0000"
"148.9350","0.0183","3405678592000.0000"
"149.0175","0.0183","3406678425600.0000"
"149.1004","0.0183","3407678259200.0000"
"149.1831","0.0183","3408678502400.0000"
"149.2652","0.0183","3409678336000.0000"
"149.3466","0.0183","3410678169600.0000"
"149.4271","0.0184","3411678003200.0000"
"149.5070","0.0184","3412677836800.0000"
"149.5863","0.0184","3413677670400.0000"
"149.6645","0.0184","3414677504000.0000"
"149.7410","0.0184","3415677337600.0000"
"149.8154","0.0184","3416677171200.0000"
"149.8878","0.0184","3417677004800.0000"
"149.9594","0.0184","3418676838400.0000"
"150.0319","0.0184","3419677081600.0000"
"150.1058","0.0184","3420676915200.0000"
"150.1810","0.0185","3421676748800.0000"
"150.2572","0.0185","3422676582400.0000"
"150.3345","0.0185","3423676416000.0000"
"150.4124","0.0185","3424675840000.0000"
"150.4907","0.0185","3425676083200.0000"
"150.5698","0.0185","3426675507200.0000"
"150.6502","0.0185","3427675340800.0000"
"150.7314","0.0185","3428675174400.0000"
"150.8127","0.0185","3429675417600.0000"
"150.8929","0.0185","3430675251200.0000"
"150.9715","0.0185","3431675084800.0000"
"151.0479","0.0186","3432674918400.0000"
"151.1219","0.0186","3433674752000.0000"
"151.1941","0.0186","3434674585600.0000"
"151.2657","0.0186","3435674419200.0000"
"151.3378","0.0186","3436674252800.0000"
"151.4106","0.0186","3437674086400.0000"
"151.4839","0.0186","3438673920000.0000"
"151.5573","0.0186","3439674163200.0000"
"151.6309","0.0186","3440673996800.0000"
"151.7049","0.0186","3441674240000.0000"
"151.7793","0.0186","3442674073600.0000"
"151.8534","0.0187","3443673907200.0000"
"151.9267","0.0187","3444673740800.0000"
"151.9990","0.0187","3445673574400.0000"
"152.0707","0.0187","3446673408000.0000"
"152.1421","0.0187","3447673241600.0000"
"152.2132","0.0187","3448673075200.0000"
"152.2840","0.0187","3449673318400.0000"
"152.3548","0.0187","3450672742400.0000"
"152.4259","0.0187","3451673395200.0000"
"152.4974","0.0187","3452672819200.0000"
"152.5691","0.0187","3453672652800.0000"
"152.6408","0.0188","3454672896000.0000"
"152.7127","0.0188","3455672729600.0000"
"152.7849","0.0188","3456672563200.0000"
"152.8572","0.0188","3457672396800.0000"
"152.9289","0.0188","3458672230400.0000"
"153.0001","0.0188","3459672064000.0000"
"153.0707","0.0188","3460671897600.0000"
"153.1409","0.0188","3461671731200.0000"
"153.2108","0.0188","3462672384000.0000"
"153.2803","0.0188","3463672217600.0000"
"153.3490","0.0188","3464672460800.0000"
"153.4173","0.0188","3465672294400.0000"
"153.4866","0.0189","3466672537600.0000"
"153.5580","0.0189","3467672371200.0000"
"153.6318","0.0189","3468672204800.0000"
"153.7078","0.0189","3469672448000.0000"
"153.7852","0.0189","3470672281600.0000"
"153.8635","0.0189","3471672524800.0000"
"153.9422","0.0189","3472672358400.0000"
"154.0205","0.0189","3473672192000.0000"
"154.0981","0.0189","3474672435200.0000"
"154.1746","0.0189","3475672678400.0000"
"154.2501","0.0190","3476672512000.0000"
"154.3247","0.0190","3477672345600.0000"
"154.3988","0.0190","3478672179200.0000"
"154.4730","0.0190","3479672422400.0000"
"154.5473","0.0190","3480672256000.0000"
"154.6215","0.0190","3481672499200.0000"
"154.6963","0.0190","3482672332800.0000"
"154.7724","0.0190","3483672576000.0000"
"154.8500","0.0190","3484672409600.0000"
"154.9285","0.0190","3485672652800.0000"
"155.0070","0.0190","3486672486400.0000"
"155.0852","0.0191","3487672729600.0000"
"155.1627","0.0191","3488672563200.0000"
"155.2394","0.0191","3489672806400.0000"
"155.3155","0.0191","3490672640000.0000"
"155.3913","0.0191","3491672883200.0000"
"155.4671","0.0191","3492672716800.0000"
"155.5424","0.0191","3493672550400.0000"
"155.6168","0.0191","3494672793600.0000"
"155.6901","0.0191","3495673036800.0000"
"155.7625","0.0191","3496672870400.0000"
"155.8345","0.0191","3497672704000.0000"
"155.9067","0.0192","3498673356800.0000"
"155.9798","0.0192","3499673190400.0000"
"156.0539","0.0192","3500673024000.0000"
"156.1288","0.0192","3501673267200.0000"
"156.2041","0.0192","3502673100800.0000"
"156.2790","0.0192","3503673344000.0000"
"156.3533","0.0192","3504673177600.0000"
"156.4272","0.0192","3505673420800.0000"
"156.5012","0.0192","3506673254400.0000"
"156.5755","0.0192","3507673497600.0000"
"156.6503","0.0192","3508673331200.0000"
"156.7256","0.0193","3509673574400.0000"
"156.8017","0.0193","3510673817600.0000"
"156.8786","0.0193","3511673651200.0000"
"156.9559","0.0193","3512673894400.0000"
"157.0324","0.0193","3513674137600.0000"
"157.1076","0.0193","3514673971200.0000"
"157.1818","0.0193","3515674214400.0000"
"157.2555","0.0193","3516674048000.0000"
"157.3291","0.0193","3517673881600.0000"
"157.4034","0.0193","3518674534400.0000"
"157.4786","0.0193","3519674368000.0000"
"157.5549","0.0194","3520674201600.0000"
"157.6322","0.0194","3521674035200.0000"
"157.7104","0.0194","3522674688000.0000"
"157.7895","0.0194","3523674931200.0000"
"157.8691","0.0194","3524674764800.0000"
"157.9491","0.0194","3525674598400.0000"
"158.0286","0.0194","3526675251200.0000"
"158.1071","0.0194","3527675084800.0000"
"158.1839","0.0194","3528674918400.0000"
"158.2589","0.0194","3529675571200.0000"
"158.3327","0.0195","3530675404800.0000"
"158.4061","0.0195","3531675238400.0000"
"158.4800","0.0195","3532675481600.0000"
"158.5544","0.0195","3533675315200.0000"
"158.6295","0.0195","3534675558400.0000"
"158.7048","0.0195","3535675801600.0000"
"158.7799","0.0195","3536676454400.0000"
"158.8542","0.0195","3537676288000.0000"
"158.9274","0.0195","3538676531200.0000"
"158.9997","0.0195","3539676774400.0000"
"159.0714","0.0195","3540676608000.0000"
"159.1430","0.0196","3541676851200.0000"
"159.2144","0.0196","3542676684800.0000"
"159.2848","0.0196","3543676928000.0000"
"159.3534","0.0196","3544677171200.0000"
"159.4205","0.0196","3545677004800.0000"
"159.4872","0.0196","3546677248000.0000"
"159.5545","0.0196","3547677081600.0000"
"159.6231","0.0196","3548677734400.0000"
"159.6928","0.0196","3549677568000.0000"
"159.7637","0.0196","3550677401600.0000"
"159.8356","0.0196","3551677235200.0000"
"159.9082","0.0196","3552677478400.0000"
"159.9812","0.0197","3553677721600.0000"
"160.0539","0.0197","3554677555200.0000"
"160.1261","0.0197","3555677798400.0000"
"160.1974","0.0197","3556677632000.0000"
"160.2679","0.0197","3557677875200.0000"
"160.3374","0.0197","3558678118400.0000"
"160.4056","0.0197","3559677952000.0000"
"160.4726","0.0197","3560678195200.0000"
"160.5391","0.0197","3561678848000.0000"
"160.6062","0.0197","3562678681600.0000"
"160.6751","0.0197","3563678515200.0000"
"160.7467","0.0197","3564679168000.0000"
"160.8208","0.0198","3565679001600.0000"
"160.8967","0.0198","3566678835200.0000"
"160.9739","0.0198","3567679078400.0000"
"161.0516","0.0198","3568678912000.0000"
"161.1293","0.0198","3569679155200.0000"
"161.2064","0.0198","3570678988800.0000"
"161.2822","0.0198","3571678822400.0000"
"161.3564","0.0198","3572678656000.0000"
"161.4291","0.0198","3573678899200.0000"
"161.5006","0.0198","3574679552000.0000"
"161.5711","0.0199","3575679385600.0000"
"161.6409","0.0199","3576679219200.0000"
"161.7108","0.0199","3577679052800.0000"
"161.7823","0.0199","3578679705600.0000"
"161.8564","0.0199","3579679539200.0000"
"161.9329","0.0199","3580679372800.0000"
"162.0104","0.0199","3581680025600.0000"
"162.0884","0.0199","3582679859200.0000"
"162.1667","0.0199","3583680102400.0000"
"162.2450","0.0199","3584679936000.0000"
"162.3229","0.0199","3585680588800.0000"
"162.4005","0.0200","3586680832000.0000"
"162.4777","0.0200","3587680665600.0000"
"162.5543","0.0200","3588680908800.0000"
"162.6301","0.0200","3589681152000.0000"
"162.7051","0.0200","3590680985600.0000"
"162.7793","0.0200","3591680819200.0000"
"162.8528","0.0200","3592681062400.0000"
"162.9261","0.0200","3593680896000.0000"
"163.0002","0.0200","3594680729600.0000"
"163.0762","0.0200","3595680972800.0000"
"163.1543","0.0200","3596681216000.0000"
"163.2338","0.0201","3597681049600.0000"
"163.3139","0.0201","3598681292800.0000"
"163.3935","0.0201","3599681536000.0000"
"163.4722","0.0201","3600681369600.0000"
"163.5499","0.0201","3601681612800.0000"
"163.6269","0.0201","3602681856000.0000"
"163.7037","0.0201","3603681689600.0000"
"163.7806","0.0201","3604681523200.0000"
"163.8580","0.0201","3605681766400.0000"
"163.9361","0.0201","3606682009600.0000"
"164.0144","0.0202","3607681843200.0000"
"164.0924","0.0202","3608681676800.0000"
"164.1699","0.0202","3609682329600.0000"
"164.2475","0.0202","3610682572800.0000"
"164.3258","0.0202","3611682406400.0000"
"164.4053","0.0202","3612682240000.0000"
"164.4864","0.0202","3613682073600.0000"
"164.5694","0.0202","3614681907200.0000"
"164.6542","0.0202","3615681740800.0000"
"164.7402","0.0202","3616681574400.0000"
"164.8267","0.0203","3617681817600.0000"
"164.9134","0.0203","3618681651200.0000"
"164.9999","0.0203","3619681484800.0000"
"165.0858","0.0203","3620681318400.0000"
"165.1701","0.0203","3621681561600.0000"
"165.2519","0.0203","3622681804800.0000"
"165.3313","0.0203","3623681228800.0000"
"165.4090","0.0203","3624681062400.0000"
"165.4864","0.0203","3625681305600.0000"
"165.5647","0.0203","3626681139200.0000"
"165.6443","0.0204","3627680972800.0000"
"165.7246","0.0204","3628680806400.0000"
"165.8047","0.0204","3629680640000.0000"
"165.8843","0.0204","3630680883200.0000"
"165.9631","0.0204","3631680716800.0000"
"166.0409","0.0204","3632680550400.0000"
"166.1172","0.0204","3633680384000.0000"
"166.1916","0.0204","3634680627200.0000"
"166.2646","0.0204","3635680460800.0000"
"166.3367","0.0204","3636680294400.0000"
"166.4087","0.0204","3637680128000.0000"
"166.4804","0.0205","3638679552000.0000"
"166.5514","0.0205","3639679795200.0000"
"166.6220","0.0205","3640679628800.0000"
"166.6930","0.0205","3641679462400.0000"
"166.7651","0.0205","3642678886400.0000"
"166.8383","0.0205","3643679539200.0000"
"166.9123","0.0205","3644679372800.0000"
"166.9869","0.0205","3645678796800.0000"
"167.0610","0.0205","3646678630400.0000"
"167.1340","0.0205","3647678464000.0000"
"167.2058","0.0205","3648678707200.0000"
"167.2769","0.0206","3649678540800.0000"
"167.3476","0.0206","3650677964800.0000"
"167.4186","0.0206","3651677798400.0000"
"167.4902","0.0206","3652678041600.0000"
"167.5622","0.0206","3653677875200.0000"
"167.6341","0.0206","3654678118400.0000"
"167.7054","0.0206","3655677952000.0000"
"167.7761","0.0206","3656678604800.0000"
"167.8470","0.0206","3657678438400.0000"
"167.9185","0.0206","3658678272000.0000"
"167.9909","0.0206","3659678515200.0000"
"168.0640","0.0206","3660678348800.0000"
"168.1373","0.0207","3661678182400.0000"
"168.2107","0.0207","3662678016000.0000"
"168.2837","0.0207","3663677849600.0000"
"168.3566","0.0207","3664678092800.0000"
"168.4298","0.0207","3665677926400.0000"
"168.5037","0.0207","3666677760000.0000"
"168.5779","0.0207","3667678412800.0000"
"168.6522","0.0207","3668678246400.0000"
"168.7262","0.0207","3669678080000.0000"
"168.7995","0.0207","3670677913600.0000"
"168.8719","0.0207","3671678156800.0000"
"168.9443","0.0208","3672677990400.0000"
"169.0177","0.0208","3673677824000.0000"
"169.0923","0.0208","3674678476800.0000"
"169.1680","0.0208","3675678310400.0000"
"169.2449","0.0208","3676678144000.0000"
"169.3232","0.0208","3677678387200.0000"
"169.4028","0.0208","3678679040000.0000"
"169.4835","0.0208","3679678873600.0000"
"169.5650","0.0208","3680679116800.0000"
"169.6468","0.0208","3681679360000.0000"
"169.7287","0.0209","3682679193600.0000"
"169.8108","0.0209","3683679436800.0000"
"169.8926","0.0209","3684679270400.0000"
"169.9736","0.0209","3685679513600.0000"
"170.0538","0.0209","3686679756800.0000"
"170.1335","0.0209","3687679590400.0000"
"170.2133","0.0209","3688679424000.0000"
"170.2939","0.0209","3689679257600.0000"
"170.3757","0.0209","3690679500800.0000"
"170.4582","0.0209","3691679744000.0000"
"170.5409","0.0210","3692679987200.0000"
"170.6235","0.0210","3693679820800.0000"
"170.7056","0.0210","3694679654400.0000"
"170.7874","0.0210","3695679488000.0000"
"170.8690","0.0210","3696679731200.0000"
"170.9501","0.0210","3697679564800.0000"
"171.0300","0.0210","3698679808000.0000"
"171.1084","0.0210","3699679641600.0000"
"171.1852","0.0210","3700679884800.0000"
"171.2600","0.0210","3701679718400.0000"
"171.3327","0.0211","3702679961600.0000"
"171.4034","0.0211","3703680204800.0000"
"171.4727","0.0211","3704680038400.0000"
"171.5415","0.0211","3705679872000.0000"
"171.6102","0.0211","3706679705600.0000"
"171.6787","0.0211","3707679539200.0000"
"171.7470","0.0211","3708679782400.0000"
"171.8152","0.0211","3709679616000.0000"
"171.8837","0.0211","3710679449600.0000"
"171.9530","0.0211","3711679692800.0000"
"172.0233","0.0211","3712679526400.0000"
"172.0947","0.0211","3713679769600.0000"
"172.1669","0.0212","3714679193600.0000"
"172.2396","0.0212","3715679027200.0000"
"172.3125","0.0212","3716679270400.0000"
"172.3853","0.0212","3717678694400.0000"
"172.4580","0.0212","3718678528000.0000"
"172.5307","0.0212","3719678361600.0000"
"172.6036","0.0212","3720677785600.0000"
"172.6773","0.0212","3721678028800.0000"
"172.7521","0.0212","3722677862400.0000"
"172.8279","0.0212","3723677286400.0000"
"172.9042","0.0212","3724677529600.0000"
"172.9808","0.0213","3725677363200.0000"
"173.0576","0.0213","3726677606400.0000"
"173.1343","0.0213","3727677030400.0000"
"173.2112","0.0213","3728676864000.0000"
"173.2882","0.0213","3729676697600.0000"
"173.3653","0.0213","3730676940800.0000"
"173.4417","0.0213","3731676774400.0000"
"173.5170","0.0213","3732676198400.0000"
"173.5913","0.0213","3733676032000.0000"
"173.6644","0.0213","3734676275200.0000"
"173.7363","0.0213","3735676108800.0000"
"173.8073","0.0214","3736675942400.0000"
"173.8784","0.0214","3737675776000.0000"
"173.9501","0.0214","3738675200000.0000"
"174.0225","0.0214","3739675443200.0000"
"174.0952","0.0214","3740675276800.0000"
"174.1684","0.0214","3741675110400.0000"
"174.2419","0.0214","3742674534400.0000"
"174.3160","0.0214","3743674368000.0000"
"174.3908","0.0214","3744674611200.0000"
"174.4658","0.0214","3745674444800.0000"
"174.5412","0.0214","3746674278400.0000"
"174.6172","0.0215","3747674112000.0000"
"174.6933","0.0215","3748674355200.0000"
"174.7691","0.0215","3749674188800.0000"
"174.8442","0.0215","3750674022400.0000"
"174.9195","0.0215","3751673856000.0000"
"174.9961","0.0215","3752674099200.0000"
"175.0739","0.0215","3753673932800.0000"
"175.1527","0.0215","3754673766400.0000"
"175.2320","0.0215","3755673600000.0000"
"175.3118","0.0215","3756674252800.0000"
"175.3916","0.0215","3757674496000.0000"
"175.4707","0.0216","3758674329600.0000"
"175.5490","0.0216","3759674163200.0000"
"175.6263","0.0216","3760674406400.0000"
"175.7024","0.0216","3761674240000.0000"
"175.7769","0.0216","3762674073600.0000"
"175.8505","0.0216","3763674316800.0000"
"175.9235","0.0216","3764674150400.0000"
"175.9962","0.0216","3765673984000.0000"
"176.0683","0.0216","3766674227200.0000"
"176.1405","0.0216","3767674470400.0000"
"176.2135","0.0216","3768674713600.0000"
"176.2877","0.0217","3769674547200.0000"
"176.3631","0.0217","3770674380800.0000"
"176.4392","0.0217","3771675033600.0000"
"176.5159","0.0217","3772674867200.0000"
"176.5932","0.0217","3773674700800.0000"
"176.6712","0.0217","3774674944000.0000"
"176.7493","0.0217","3775674777600.0000"
"176.8268","0.0217","3776675020800.0000"
"176.9034","0.0217","3777675264000.0000"
"176.9792","0.0217","3778675097600.0000"
"177.0545","0.0218","3779675340800.0000"
"177.1298","0.0218","3780675174400.0000"
"177.2046","0.0218","3781676236800.0000"
"177.2786","0.0218","3782676070400.0000"
"177.3519","0.0218","3783675904000.0000"
"177.4250","0.0218","3784676147200.0000"
"177.4980","0.0218","3785675980800.0000"
"177.5715","0.0218","3786676224000.0000"
"177.6462","0.0218","3787676057600.0000"
"177.7220","0.0218","3788676300800.0000"
"177.7990","0.0218","3789676134400.0000"
"177.8765","0.0219","3790675968000.0000"
"177.9541","0.0219","3791675801600.0000"
"178.0309","0.0219","3792676044800.0000"
"178.1068","0.0219","3793676288000.0000"
"178.1817","0.0219","3794676121600.0000"
"178.2562","0.0219","3795675955200.0000"
"178.3300","0.0219","3796675788800.0000"
"178.4026","0.0219","3797676032000.0000"
"178.4734","0.0219","3798675865600.0000"
"178.5428","0.0219","3799676108800.0000"
"178.6116","0.0219","3800675942400.0000"
"178.6807","0.0220","3801675776000.0000"
"178.7511","0.0220","3802675609600.0000"
"178.8231","0.0220","3803675443200.0000"
"178.8967","0.0220","3804675686400.0000"
"178.9717","0.0220","3805675929600.0000"
"179.0479","0.0220","3806675763200.0000"
"179.1248","0.0220","3807676006400.0000"
"179.2026","0.0220","3808675840000.0000"
"179.2811","0.0220","3809675673600.0000"
"179.3596","0.0220","3810675097600.0000"
"179.4374","0.0220","3811674931200.0000"
"179.5136","0.0221","3812675174400.0000"
"179.5878","0.0221","3813675008000.0000"
"179.6604","0.0221","3814674841600.0000"
"179.7330","0.0221","3815674675200.0000"
"179.8067","0.0221","3816675328000.0000"
"179.8817","0.0221","3817675161600.0000"
"179.9577","0.0221","3818674995200.0000"
"180.0347","0.0221","3819674828800.0000"
"180.1123","0.0221","3820675072000.0000"
"180.1905","0.0221","3821674905600.0000"
"180.2686","0.0221","3822675148800.0000"
"180.3458","0.0222","3823675392000.0000"
"180.4211","0.0222","3824675225600.0000"
"180.4940","0.0222","3825675059200.0000"
"180.5644","0.0222","3826675302400.0000"
"180.6328","0.0222","3827675545600.0000"
"180.6999","0.0222","3828675379200.0000"
"180.7661","0.0222","3829675622400.0000"
"180.8317","0.0222","3830675865600.0000"
"180.8972","0.0222","3831675699200.0000"
"180.9630","0.0222","3832675942400.0000"
"181.0294","0.0222","3833675776000.0000"
"181.0965","0.0222","3834676019200.0000"
"181.1645","0.0223","3835676262400.0000"
"181.2335","0.0223","3836676096000.0000"
"181.3039","0.0223","3837676339200.0000"
"181.3759","0.0223","3838676582400.0000"
"181.4494","0.0223","3839676416000.0000"
"181.5239","0.0223","3840677068800.0000"
"181.5987","0.0223","3841677312000.0000"
"181.6731","0.0223","3842677555200.0000"
"181.7466","0.0223","3843677388800.0000"
"181.8192","0.0223","3844678041600.0000"
"181.8906","0.0223","3845677875200.0000"
"181.9609","0.0224","3846677708800.0000"
"182.0309","0.0224","3847678361600.0000"
"182.1012","0.0224","3848678195200.0000"
"182.1724","0.0224","3849678438400.0000"
"182.2445","0.0224","3850679091200.0000"
"182.3174","0.0224","3851678924800.0000"
"182.3911","0.0224","3852679168000.0000"
"182.4656","0.0224","3853679820800.0000"
"182.5415","0.0224","3854680064000.0000"
"182.6189","0.0224","3855680307200.0000"
"182.6973","0.0224","3856680550400.0000"
"182.7752","0.0225","3857680793600.0000"
"182.8519","0.0225","3858680627200.0000"
"182.9273","0.0225","3859680870400.0000"
"183.0012","0.0225","3860680704000.0000"
"183.0738","0.0225","3861680947200.0000"
"183.1454","0.0225","3862681190400.0000"
"183.2170","0.0225","3863681433600.0000"
"183.2890","0.0225","3864681267200.0000"
"183.3618","0.0225","3865681510400.0000"
"183.4356","0.0225","3866681753600.0000"
"183.5107","0.0225","3867681996800.0000"
"183.5871","0.0226","3868682240000.0000"
"183.6646","0.0226","3869682483200.0000"
"183.7428","0.0226","3870682726400.0000"
"183.8211","0.0226","3871682560000.0000"
"183.8992","0.0226","3872683212800.0000"
"183.9767","0.0226","3873683046400.0000"
"184.0530","0.0226","3874682880000.0000"
"184.1274","0.0226","3875683123200.0000"
"184.1998","0.0226","3876682956800.0000"
"184.2705","0.0226","3877682790400.0000"
"184.3402","0.0226","3878682624000.0000"
"184.4097","0.0227","3879682457600.0000"
"184.4797","0.0227","3880683110400.0000"
"184.5506","0.0227","3881683353600.0000"
"184.6233","0.0227","3882682777600.0000"
"184.6975","0.0227","3883683020800.0000"
"184.7723","0.0227","3884682854400.0000"
"184.8471","0.0227","3885682688000.0000"
"184.9216","0.0227","3886682521600.0000"
"184.9957","0.0227","3887682355200.0000"
"185.0694","0.0227","3888682598400.0000"
"185.1432","0.0227","3889682432000.0000"
"185.2170","0.0228","3890682265600.0000"
"185.2912","0.0228","3891682099200.0000"
"185.3658","0.0228","3892682342400.0000"
"185.4404","0.0228","3893682176000.0000"
"185.5150","0.0228","3894682009600.0000"
"185.5898","0.0228","3895681843200.0000"
"185.6653","0.0228","3896682086400.0000"
"185.7418","0.0228","3897681920000.0000"
"185.8194","0.0228","3898681344000.0000"
"185.8983","0.0228","3899681177600.0000"
"185.9783","0.0228","3900681420800.0000"
"186.0594","0.0229","3901681254400.0000"
"186.1407","0.0229","3902681497600.0000"
"186.2214","0.0229","3903680921600.0000"
"186.3008","0.0229","3904680755200.0000"
"186.3790","0.0229","3905680998400.0000"
"186.4561","0.0229","3906680422400.0000"
"186.5325","0.0229","3907680256000.0000"
"186.6087","0.0229","3908679680000.0000"
"186.6849","0.0229","3909679513600.0000"
"186.7609","0.0229","3910679347200.0000"
"186.8371","0.0230","3911679180800.0000"
"186.9137","0.0230","3912679014400.0000"
"186.9909","0.0230","3913678848000.0000"
"187.0686","0.0230","3914678272000.0000"
"187.1469","0.0230","3915678105600.0000"
"187.2255","0.0230","3916678348800.0000"
"187.3049","0.0230","3917677772800.0000"
"187.3848","0.0230","3918677606400.0000"
"187.4648","0.0230","3919677440000.0000"
"187.5448","0.0230","3920677273600.0000"
"187.6243","0.0231","3921677107200.0000"
"187.7035","0.0231","3922676940800.0000"
"187.7820","0.0231","3923677184000.0000"
"187.8591","0.0231","3924676608000.0000"
"187.9344","0.0231","3925676851200.0000"
"188.0079","0.0231","3926676684800.0000"
"188.0806","0.0231","3927676108800.0000"
"188.1531","0.0231","3928675942400.0000"
"188.2255","0.0231","3929676185600.0000"
"188.2982","0.0231","3930675609600.0000"
"188.3715","0.0231","3931675443200.0000"
"188.4454","0.0232","3932675276800.0000"
"188.5198","0.0232","3933675110400.0000"
"188.5940","0.0232","3934674944000.0000"
"188.6676","0.0232","3935675187200.0000"
"188.7404","0.0232","3936675020800.0000"
"188.8127","0.0232","3937674444800.0000"
"188.8845","0.0232","3938674278400.0000"
"188.9557","0.0232","3939674521600.0000"
"189.0254","0.0232","3940674355200.0000"
"189.0935","0.0232","3941674188800.0000"
"189.1605","0.0232","3942674022400.0000"
"189.2278","0.0232","3943674265600.0000"
"189.2967","0.0233","3944674508800.0000"
"189.3675","0.0233","3945674342400.0000"
"189.4399","0.0233","3946674995200.0000"
"189.5131","0.0233","3947674828800.0000"
"189.5864","0.0233","3948674662400.0000"
"189.6593","0.0233","3949674496000.0000"
"189.7318","0.0233","3950674329600.0000"
"189.8040","0.0233","3951674572800.0000"
"189.8754","0.0233","3952674406400.0000"
"189.9460","0.0233","3953674240000.0000"
"190.0155","0.0233","3954674073600.0000"
"190.0831","0.0234","3955673907200.0000"
"190.1488","0.0234","3956674150400.0000"
"190.2130","0.0234","3957673984000.0000"
"190.2766","0.0234","3958673817600.0000"
"190.3402","0.0234","3959674060800.0000"
"190.4044","0.0234","3960673894400.0000"
"190.4693","0.0234","3961673728000.0000"
"190.5344","0.0234","3962673971200.0000"
"190.5999","0.0234","3963673804800.0000"
"190.6657","0.0234","3964673638400.0000"
"190.7317","0.0234","3965673472000.0000"
"190.7983","0.0234","3966673305600.0000"
"190.8656","0.0234","3967673958400.0000"
"190.9337","0.0235","3968673792000.0000"
"191.0018","0.0235","3969674035200.0000"
"191.0692","0.0235","3970674278400.0000"
"191.1356","0.0235","3971674112000.0000"
"191.2004","0.0235","3972673945600.0000"
"191.2631","0.0235","3973673779200.0000"
"191.3235","0.0235","3974674022400.0000"
"191.3825","0.0235","3975673856000.0000"
"191.4412","0.0235","3976673689600.0000"
"191.5002","0.0235","3977673523200.0000"
"191.5592","0.0235","3978673766400.0000"
"191.6184","0.0235","3979674009600.0000"
"191.6781","0.0235","3980673843200.0000"
"191.7386","0.0236","3981673676800.0000"
"191.7999","0.0236","3982673920000.0000"
"191.8619","0.0236","3983673753600.0000"
"191.9245","0.0236","3984673587200.0000"
"191.9878","0.0236","3985673420800.0000"
"192.0517","0.0236","3986673664000.0000"
"192.1158","0.0236","3987673497600.0000"
"192.1799","0.0236","3988673331200.0000"
"192.2445","0.0236","3989673164800.0000"
"192.3099","0.0236","3990673408000.0000"
"192.3765","0.0236","3991673241600.0000"
"192.4442","0.0236","3992673075200.0000"
"192.5131","0.0237","3993673728000.0000"
"192.5835","0.0237","3994673561600.0000"
"192.6558","0.0237","3995673395200.0000"
"192.7294","0.0237","3996673228800.0000"
"192.8033","0.0237","3997673881600.0000"
"192.8764","0.0237","3998673715200.0000"
"192.9485","0.0237","3999673548800.0000"
"193.0199","0.0237","4000673382400.0000"
"193.0911","0.0237","4001674035200.0000"
"193.1626","0.0237","4002674278400.0000"
"193.2345","0.0237","4003674112000.0000"
"193.3065","0.0237","4004673945600.0000"
"193.3784","0.0238","4005674188800.0000"
"193.4508","0.0238","4006674432000.0000"
"193.5241","0.0238","4007674265600.0000"
"193.5990","0.0238","4008674508800.0000"
"193.6759","0.0238","4009674342400.0000"
"193.7543","0.0238","4010674585600.0000"
"193.8338","0.0238","4011674419200.0000"
"193.9134","0.0238","4012674662400.0000"
"193.9923","0.0238","4013674496000.0000"
"194.0700","0.0238","4014675148800.0000"
"194.1466","0.0239","4015675392000.0000"
"194.2225","0.0239","4016675635200.0000"
"194.2972","0.0239","4017675468800.0000"
"194.3704","0.0239","4018676121600.0000"
"194.4418","0.0239","4019675955200.0000"
"194.5119","0.0239","4020676198400.0000"
"194.5810","0.0239","4021676441600.0000"
"194.6498","0.0239","4022676684800.0000"
"194.7193","0.0239","4023676518400.0000"
"194.7899","0.0239","4024677171200.0000"
"194.8616","0.0239","4025677004800.0000"
"194.9342","0.0239","4026676838400.0000"
"195.0074","0.0240","4027677081600.0000"
"195.0810","0.0240","4028677324800.0000"
"195.1543","0.0240","4029677158400.0000"
"195.2269","0.0240","4030676992000.0000"
"195.2983","0.0240","4031677644800.0000"
"195.3687","0.0240","4032677478400.0000"
"195.4381","0.0240","4033677312000.0000"
"195.5063","0.0240","4034677145600.0000"
"195.5730","0.0240","4035677798400.0000"
"195.6382","0.0240","4036677632000.0000"
"195.7024","0.0240","4037677465600.0000"
"195.7664","0.0241","4038678118400.0000"
"195.8306","0.0241","4039677952000.0000"
"195.8952","0.0241","4040678195200.0000"
"195.9604","0.0241","4041678848000.0000"
"196.0265","0.0241","4042678681600.0000"
"196.0933","0.0241","4043678515200.0000"
"196.1603","0.0241","4044678348800.0000"
"196.2267","0.0241","4045678182400.0000"
"196.2922","0.0241","4046678835200.0000"
"196.3573","0.0241","4047678668800.0000"
"196.4225","0.0241","4048678502400.0000"
"196.4880","0.0241","4049678336000.0000"
"196.5538","0.0241","4050678169600.0000"
"196.6198","0.0242","4051678003200.0000"
"196.6856","0.0242","4052678246400.0000"
"196.7506","0.0242","4053678489600.0000"
"196.8149","0.0242","4054677913600.0000"
"196.8793","0.0242","4055677747200.0000"
"196.9445","0.0242","4056677580800.0000"
"197.0110","0.0242","4057677824000.0000"
"197.0792","0.0242","4058677657600.0000"
"197.1491","0.0242","4059677491200.0000"
"197.2203","0.0242","4060677324800.0000"
"197.2922","0.0242","4061677158400.0000"
"197.3643","0.0242","4062677401600.0000"
"197.4365","0.0243","4063677644800.0000"
"197.5087","0.0243","4064677478400.0000"
"197.5809","0.0243","4065677721600.0000"
"197.6528","0.0243","4066677555200.0000"
"197.7241","0.0243","4067677388800.0000"
"197.7944","0.0243","4068677222400.0000"
"197.8639","0.0243","4069677056000.0000"
"197.9328","0.0243","4070677299200.0000"
"198.0020","0.0243","4071677132800.0000"
"198.0720","0.0243","4072676966400.0000"
"198.1430","0.0243","4073677209600.0000"
"198.2152","0.0244","4074677043200.0000"
"198.2886","0.0244","4075677286400.0000"
"198.3625","0.0244","4076677120000.0000"
"198.4367","0.0244","4077676544000.0000"
"198.5106","0.0244","4078676787200.0000"
"198.5838","0.0244","4079676620800.0000"
"198.6567","0.0244","4080676454400.0000"
"198.7295","0.0244","4081676288000.0000"
"198.8024","0.0244","4082676531200.0000"
"198.8752","0.0244","4083676364800.0000"
"198.9476","0.0244","4084676198400.0000"
"199.0196","0.0245","4085676032000.0000"
"199.0917","0.0245","4086676684800.0000"
"199.1644","0.0245","4087676518400.0000"
"199.2383","0.0245","4088676352000.0000"
"199.3132","0.0245","4089676185600.0000"
"199.3893","0.0245","4090676428800.0000"
"199.4662","0.0245","4091676262400.0000"
"199.5435","0.0245","4092676096000.0000"
"199.6207","0.0245","4093675929600.0000"
"199.6973","0.0245","4094675763200.0000"
"199.7732","0.0245","4095675596800.0000"
"199.8485","0.0246","4096675430400.0000"
"199.9230","0.0246","4097676083200.0000"
"199.9966","0.0246","4098676326400.0000"
"200.0688","0.0246","4099676160000.0000"
"200.1393","0.0246","4100675993600.0000"
"200.2087","0.0246","4101675827200.0000"
"200.2782","0.0246","4102676070400.0000"
"200.3489","0.0246","4103675904000.0000"
"200.4209","0.0246","4104675737600.0000"
"200.4936","0.0246","4105676390400.0000"
"200.5666","0.0246","4106676224000.0000"
"200.6394","0.0247","4107676057600.0000"
"200.7118","0.0247","4108675891200.0000"
"200.7833","0.0247","4109676953600.0000"
"200.8536","0.0247","4110676787200.0000"
"200.9228","0.0247","4111677030400.0000"
"200.9912","0.0247","4112677273600.0000"
"201.0592","0.0247","4113677107200.0000"
"201.1269","0.0247","4114677350400.0000"
"201.1941","0.0247","4115677184000.0000"
"201.2612","0.0247","4116677427200.0000"
"201.3286","0.0247","4117677260800.0000"
"201.3971","0.0247","4118677913600.0000"
"201.4667","0.0248","4119677747200.0000"
"201.5369","0.0248","4120677990400.0000"
"201.6073","0.0248","4121677824000.0000"
"201.6774","0.0248","4122678476800.0000"
"201.7468","0.0248","4123678720000.0000"
"201.8153","0.0248","4124678553600.0000"
"201.8828","0.0248","4125678796800.0000"
"201.9500","0.0248","4126679040000.0000"
"202.0173","0.0248","4127678873600.0000"
"202.0850","0.0248","4128678707200.0000"
"202.1528","0.0248","4129679360000.0000"
"202.2202","0.0248","4130679193600.0000"
"202.2868","0.0249","4131679436800.0000"
"202.3530","0.0249","4132679680000.0000"
"202.4200","0.0249","4133679513600.0000"
"202.4890","0.0249","4134679347200.0000"
"202.5604","0.0249","4135679590400.0000"
"202.6342","0.0249","4136680243200.0000"
"202.7097","0.0249","4137680076800.0000"
"202.7858","0.0249","4138680729600.0000"
"202.8620","0.0249","4139680563200.0000"
"202.9379","0.0249","4140680806400.0000"
"203.0133","0.0249","4141680640000.0000"
"203.0883","0.0250","4142680883200.0000"
"203.1630","0.0250","4143681126400.0000"
"203.2372","0.0250","4144680960000.0000"
"203.3105","0.0250","4145681203200.0000"
"203.3824","0.0250","4146681446400.0000"
"203.4523","0.0250","4147681280000.0000"
"203.5198","0.0250","4148681523200.0000"
"203.5853","0.0250","4149681766400.0000"
"203.6500","0.0250","4150681600000.0000"
"203.7153","0.0250","4151681433600.0000"
"203.7825","0.0250","4152681676800.0000"
"203.8518","0.0250","4153681510400.0000"
"203.9233","0.0251","4154681344000.0000"
"203.9963","0.0251","4155681177600.0000"
"204.0698","0.0251","4156681011200.0000"
"204.1432","0.0251","4157681664000.0000"
"204.2167","0.0251","4158681497600.0000"
"204.2901","0.0251","4159681331200.0000"
"204.3631","0.0251","4160681984000.0000"
"204.4359","0.0251","4161682227200.0000"
"204.5080","0.0251","4162682060800.0000"
"204.5790","0.0251","4163681894400.0000"
"204.6485","0.0251","4164682137600.0000"
"204.7168","0.0252","4165682380800.0000"
"204.7848","0.0252","4166682214400.0000"
"204.8529","0.0252","4167682457600.0000"
"204.9217","0.0252","4168682291200.0000"
"204.9913","0.0252","4169682124800.0000"
"205.0618","0.0252","4170681958400.0000"
"205.1333","0.0252","4171682611200.0000"
"205.2054","0.0252","4172682854400.0000"
"205.2773","0.0252","4173682688000.0000"
"205.3486","0.0252","4174682931200.0000"
"205.4188","0.0252","4175682764800.0000"
"205.4875","0.0252","4176682598400.0000"
"205.5547","0.0253","4177682432000.0000"
"205.6211","0.0253","4178682265600.0000"
"205.6877","0.0253","4179682099200.0000"
"205.7550","0.0253","4180681932800.0000"
"205.8232","0.0253","4181682176000.0000"
"205.8925","0.0253","4182682419200.0000"
"205.9627","0.0253","4183682252800.0000"
"206.0338","0.0253","4184682496000.0000"
"206.1055","0.0253","4185682329600.0000"
"206.1775","0.0253","4186682982400.0000"
"206.2495","0.0253","4187682816000.0000"
"206.3218","0.0253","4188682649600.0000"
"206.3945","0.0254","4189682892800.0000"
"206.4678","0.0254","4190682726400.0000"
"206.5420","0.0254","4191682969600.0000"
"206.6170","0.0254","4192682803200.0000"
"206.6925","0.0254","4193683046400.0000"
"206.7683","0.0254","4194682880000.0000"
"206.8439","0.0254","4195682713600.0000"
"206.9189","0.0254","4196682956800.0000"
"206.9935","0.0254","4197682790400.0000"
"207.0682","0.0254","4198682624000.0000"
"207.1431","0.0254","4199682457600.0000"
"207.2186","0.0255","4200682291200.0000"
"207.2949","0.0255","4201682124800.0000"
"207.3718","0.0255","4202682368000.0000"
"207.4488","0.0255","4203682201600.0000"
"207.5255","0.0255","4204682035200.0000"
"207.6013","0.0255","4205682278400.0000"
"207.6757","0.0255","4206682112000.0000"
"207.7485","0.0255","4207682355200.0000"
"207.8188","0.0255","4208682188800.0000"
"207.8860","0.0255","4209682022400.0000"
"207.9504","0.0255","4210681856000.0000"
"208.0128","0.0256","4211681689600.0000"
"208.0743","0.0256","4212681113600.0000"
"208.1363","0.0256","4213680947200.0000"
"208.1994","0.0256","4214681190400.0000"
"208.2638","0.0256","4215681024000.0000"
"208.3297","0.0256","4216680857600.0000"
"208.3970","0.0256","4217680691200.0000"
"208.4653","0.0256","4218680524800.0000"
"208.5341","0.0256","4219680768000.0000"
"208.6030","0.0256","4220680601600.0000"
"208.6716","0.0256","4221680025600.0000"
"208.7399","0.0256","4222679859200.0000"
"208.8077","0.0257","4223680102400.0000"
"208.8746","0.0257","4224679936000.0000"
"208.9404","0.0257","4225679360000.0000"
"209.0050","0.0257","4226679193600.0000"
"209.0687","0.0257","4227679027200.0000"
"209.1321","0.0257","4228679270400.0000"
"209.1959","0.0257","4229679104000.0000"
"209.2606","0.0257","4230678937600.0000"
"209.3265","0.0257","4231678771200.0000"
"209.3935","0.0257","4232679014400.0000"
"209.4626","0.0257","4233678848000.0000"
"209.5344","0.0257","4234678681600.0000"
"209.6089","0.0258","4235678515200.0000"
"209.6854","0.0258","4236677939200.0000"
"209.7630","0.0258","4237678182400.0000"
"209.8414","0.0258","4238678016000.0000"
"209.9208","0.0258","4239678259200.0000"
"210.0007","0.0258","4240678502400.0000"
"210.0804","0.0258","4241677926400.0000"
"210.1586","0.0258","4242677760000.0000"
"210.2348","0.0258","4243677593600.0000"
"210.3089","0.0258","4244677017600.0000"
"210.3813","0.0258","4245676851200.0000"
"210.4530","0.0259","4246676684800.0000"
"210.5247","0.0259","4247676518400.0000"
"210.5969","0.0259","4248676352000.0000"
"210.6695","0.0259","4249676185600.0000"
"210.7426","0.0259","4250676428800.0000"
"210.8163","0.0259","4251675852800.0000"
"210.8903","0.0259","4252675686400.0000"
"210.9642","0.0259","4253675520000.0000"
"211.0375","0.0259","4254675353600.0000"
"211.1093","0.0259","4255674777600.0000"
"211.1794","0.0259","4256675020800.0000"
"211.2478","0.0260","4257674854400.0000"
"211.3150","0.0260","4258674688000.0000"
"211.3814","0.0260","4259674931200.0000"
"211.4476","0.0260","4260675174400.0000"
"211.5139","0.0260","4261674598400.0000"
"211.5805","0.0260","4262674432000.0000"
"211.6471","0.0260","4263674265600.0000"
"211.7134","0.0260","4264674508800.0000"
"211.7794","0.0260","4265674342400.0000"
"211.8452","0.0260","4266674176000.0000"
"211.9112","0.0260","4267674009600.0000"
"211.9769","0.0260","4268673843200.0000"
"212.0421","0.0261","4269673676800.0000"
"212.1068","0.0261","4270673510400.0000"
"212.1712","0.0261","4271673753600.0000"
"212.2354","0.0261","4272673587200.0000"
"212.2990","0.0261","4273673830400.0000"
"212.3618","0.0261","4274673664000.0000"
"212.4240","0.0261","4275673497600.0000"
"212.4862","0.0261","4276673740800.0000"
"212.5491","0.0261","4277673574400.0000"
"212.6127","0.0261","4278673408000.0000"
"212.6767","0.0261","4279673241600.0000"
"212.7406","0.0261","4280673075200.0000"
"212.8045","0.0261","4281673318400.0000"
"212.8688","0.0262","4282673561600.0000"
"212.9335","0.0262","4283673395200.0000"
"212.9985","0.0262","4284673638400.0000"
"213.0638","0.0262","4285673881600.0000"
"213.1290","0.0262","4286673715200.0000"
"213.1936","0.0262","4287673548800.0000"
"213.2572","0.0262","4288673792000.0000"
"213.3193","0.0262","4289674035200.0000"
"213.3799","0.0262","4290673868800.0000"
"213.4394","0.0262","4291674112000.0000"
"213.4989","0.0262","4292674355200.0000"
"213.5592","0.0262","4293674188800.0000"
"213.6216","0.0262","4294674022400.0000"
"213.6866","0.0263","4295675084800.0000"
"213.7544","0.0263","4296674918400.0000"
"213.8244","0.0263","4297674752000.0000"
"213.8956","0.0263","4298675404800.0000"
"213.9673","0.0263","4299675238400.0000"
"214.0388","0.0263","4300675481600.0000"
"214.1099","0.0263","4301675724800.0000"
"214.1807","0.0263","4302675558400.0000"
"214.2510","0.0263","4303675801600.0000"
"214.3207","0.0263","4304676454400.0000"
"214.3898","0.0263","4305676288000.0000"
"214.4584","0.0263","4306676531200.0000"
"214.5268","0.0264","4307677184000.0000"
"214.5951","0.0264","4308677017600.0000"
"214.6635","0.0264","4309677670400.0000"
"214.7327","0.0264","4310678323200.0000"
"214.8028","0.0264","4311678566400.0000"
"214.8740","0.0264","4312678400000.0000"
"214.9459","0.0264","4313679052800.0000"
"215.0184","0.0264","4314678886400.0000"
"215.0916","0.0264","4315678720000.0000"
"215.1649","0.0264","4316679372800.0000"
"215.2378","0.0264","4317679206400.0000"
"215.3101","0.0265","4318679449600.0000"
"215.3820","0.0265","4319679692800.0000"
"215.4538","0.0265","4320679936000.0000"
"215.5253","0.0265","4321679769600.0000"
"215.5959","0.0265","4322680422400.0000"
"215.6653","0.0265","4323681075200.0000"
"215.7333","0.0265","4324680908800.0000"
"215.8004","0.0265","4325681561600.0000"
"215.8672","0.0265","4326681395200.0000"
"215.9343","0.0265","4327681638400.0000"
"216.0016","0.0265","4328681881600.0000"
"216.0690","0.0265","4329681715200.0000"
"216.1360","0.0266","4330681548800.0000"
"216.2030","0.0266","4331681792000.0000"
"216.2702","0.0266","4332682035200.0000"
"216.3375","0.0266","4333682278400.0000"
"216.4048","0.0266","4334682112000.0000"
"216.4717","0.0266","4335682355200.0000"
"216.5379","0.0266","4336683008000.0000"
"216.6034","0.0266","4337682841600.0000"
"216.6676","0.0266","4338682675200.0000"
"216.7299","0.0266","4339682918400.0000"
"216.7907","0.0266","4340682752000.0000"
"216.8512","0.0266","4341682585600.0000"
"216.9127","0.0267","4342682828800.0000"
"216.9758","0.0267","4343682662400.0000"
"217.0404","0.0267","4344682496000.0000"
"217.1063","0.0267","4345682329600.0000"
"217.1732","0.0267","4346682163200.0000"
"217.2405","0.0267","4347682406400.0000"
"217.3073","0.0267","4348682649600.0000"
"217.3728","0.0267","4349682483200.0000"
"217.4366","0.0267","4350681907200.0000"
"217.4986","0.0267","4351682150400.0000"
"217.5596","0.0267","4352681984000.0000"
"217.6206","0.0267","4353681817600.0000"
"217.6822","0.0267","4354681651200.0000"
"217.7447","0.0268","4355681894400.0000"
"217.8084","0.0268","4356681728000.0000"
"217.8737","0.0268","4357681561600.0000"
"217.9406","0.0268","4358681395200.0000"
"218.0088","0.0268","4359681638400.0000"
"218.0777","0.0268","4360681472000.0000"
"218.1472","0.0268","4361681305600.0000"
"218.2169","0.0268","4362680729600.0000"
"218.2869","0.0268","4363680563200.0000"
"218.3571","0.0268","4364680806400.0000"
"218.4267","0.0268","4365680230400.0000"
"218.4960","0.0268","4366680064000.0000"
"218.5650","0.0269","4367679488000.0000"
"218.6342","0.0269","4368679321600.0000"
"218.7036","0.0269","4369679564800.0000"
"218.7725","0.0269","4370679398400.0000"
"218.8409","0.0269","4371679232000.0000"
"218.9093","0.0269","4372678656000.0000"
"218.9783","0.0269","4373678489600.0000"
"219.0480","0.0269","4374678732800.0000"
"219.1183","0.0269","4375678156800.0000"
"219.1894","0.0269","4376677990400.0000"
"219.2608","0.0269","4377677824000.0000"
"219.3319","0.0269","4378678067200.0000"
"219.4030","0.0270","4379677900800.0000"
"219.4744","0.0270","4380677734400.0000"
"219.5465","0.0270","4381677568000.0000"
"219.6189","0.0270","4382677401600.0000"
"219.6908","0.0270","4383677235200.0000"
"219.7618","0.0270","4384677068800.0000"
"219.8312","0.0270","4385676902400.0000"
"219.8989","0.0270","4386676326400.0000"
"219.9651","0.0270","4387676569600.0000"
"220.0306","0.0270","4388676403200.0000"
"220.0963","0.0270","4389675827200.0000"
"220.1632","0.0270","4390676070400.0000"
"220.2315","0.0271","4391675904000.0000"
"220.3012","0.0271","4392676147200.0000"
"220.3715","0.0271","4393675980800.0000"
"220.4417","0.0271","4394675404800.0000"
"220.5112","0.0271","4395675238400.0000"
"220.5795","0.0271","4396675481600.0000"
"220.6466","0.0271","4397675315200.0000"
"220.7126","0.0271","4398675148800.0000"
"220.7780","0.0271","4399674982400.0000"
"220.8424","0.0271","4400674816000.0000"
"220.9054","0.0271","4401675468800.0000"
"220.9664","0.0271","4402675302400.0000"
"221.0260","0.0272","4403675136000.0000"
"221.0854","0.0272","4404675379200.0000"
"221.1457","0.0272","4405675212800.0000"
"221.2069","0.0272","4406675046400.0000"
"221.2687","0.0272","4407674880000.0000"
"221.3306","0.0272","4408674713600.0000"
"221.3926","0.0272","4409674956800.0000"
"221.4545","0.0272","4410674790400.0000"
"221.5161","0.0272","4411674624000.0000"
"221.5773","0.0272","4412674457600.0000"
"221.6382","0.0272","4413674700800.0000"
"221.6990","0.0272","4414674534400.0000"
"221.7595","0.0272","4415674368000.0000"
"221.8192","0.0273","4416674201600.0000"
"221.8778","0.0273","4417674444800.0000"
"221.9353","0.0273","4418674278400.0000"
"221.9926","0.0273","4419674112000.0000"
"222.0506","0.0273","4420673536000.0000"
"222.1102","0.0273","4421673779200.0000"
"222.1716","0.0273","4422673612800.0000"
"222.2340","0.0273","4423673856000.0000"
"222.2971","0.0273","4424673689600.0000"
"222.3609","0.0273","4425673523200.0000"
"222.4258","0.0273","4426673766400.0000"
"222.4914","0.0273","4427673600000.0000"
"222.5572","0.0273","4428673433600.0000"
"222.6224","0.0274","4429673676800.0000"
"222.6865","0.0274","4430673510400.0000"
"222.7495","0.0274","4431673344000.0000"
"222.8117","0.0274","4432673177600.0000"
"222.8732","0.0274","4433673011200.0000"
"222.9345","0.0274","4434673254400.0000"
"222.9962","0.0274","4435673088000.0000"
"223.0595","0.0274","4436672921600.0000"
"223.1245","0.0274","4437672345600.0000"
"223.1909","0.0274","4438672588800.0000"
"223.2582","0.0274","4439672422400.0000"
"223.3262","0.0274","4440672256000.0000"
"223.3944","0.0274","4441671680000.0000"
"223.4622","0.0275","4442671513600.0000"
"223.5295","0.0275","4443671756800.0000"
"223.5963","0.0275","4444671590400.0000"
"223.6626","0.0275","4445671833600.0000"
"223.7282","0.0275","4446672076800.0000"
"223.7933","0.0275","4447671910400.0000"
"223.8579","0.0275","4448671744000.0000"
"223.9218","0.0275","4449671577600.0000"
"223.9852","0.0275","4450671411200.0000"
"224.0486","0.0275","4451671654400.0000"
"224.1124","0.0275","4452671488000.0000"
"224.1767","0.0275","4453671321600.0000"
"224.2417","0.0276","4454671564800.0000"
"224.3073","0.0276","4455671808000.0000"
"224.3733","0.0276","4456671641600.0000"
"224.4401","0.0276","4457671884800.0000"
"224.5076","0.0276","4458672128000.0000"
"224.5756","0.0276","4459671961600.0000"
"224.6437","0.0276","4460671795200.0000"
"224.7117","0.0276","4461671628800.0000"
"224.7801","0.0276","4462671872000.0000"
"224.8487","0.0276","4463671705600.0000"
"224.9166","0.0276","4464671539200.0000"
"224.9830","0.0276","4465671372800.0000"
"225.0482","0.0276","4466672025600.0000"
"225.1132","0.0277","4467671859200.0000"
"225.1789","0.0277","4468671692800.0000"
"225.2459","0.0277","4469671936000.0000"
"225.3147","0.0277","4470672179200.0000"
"225.3852","0.0277","4471672012800.0000"
"225.4564","0.0277","4472671846400.0000"
"225.5275","0.0277","4473672499200.0000"
"225.5974","0.0277","4474672332800.0000"
"225.6658","0.0277","4475672576000.0000"
"225.7328","0.0277","4476672819200.0000"
"225.7987","0.0277","4477673062400.0000"
"225.8642","0.0277","4478672896000.0000"
"225.9294","0.0278","4479673548800.0000"
"225.9944","0.0278","4480673382400.0000"
"226.0584","0.0278","4481673625600.0000"
"226.1207","0.0278","4482674278400.0000"
"226.1815","0.0278","4483674521600.0000"
"226.2419","0.0278","4484674355200.0000"
"226.3031","0.0278","4485674188800.0000"
"226.3658","0.0278","4486674432000.0000"
"226.4304","0.0278","4487674265600.0000"
"226.4969","0.0278","4488674099200.0000"
"226.5645","0.0278","4489674752000.0000"
"226.6323","0.0278","4490674585600.0000"
"226.6996","0.0279","4491674419200.0000"
"226.7656","0.0279","4492674662400.0000"
"226.8299","0.0279","4493674905600.0000"
"226.8925","0.0279","4494675148800.0000"
"226.9534","0.0279","4495675392000.0000"
"227.0130","0.0279","4496675635200.0000"
"227.0712","0.0279","4497675878400.0000"
"227.1289","0.0279","4498675712000.0000"
"227.1873","0.0279","4499676364800.0000"
"227.2477","0.0279","4500676198400.0000"
"227.3102","0.0279","4501676441600.0000"
"227.3743","0.0279","4502676684800.0000"
"227.4393","0.0279","4503676518400.0000"
"227.5042","0.0280","4504676352000.0000"
"227.5685","0.0280","4505676595200.0000"
"227.6314","0.0280","4506676428800.0000"
"227.6931","0.0280","4507676672000.0000"
"227.7534","0.0280","4508676505600.0000"
"227.8131","0.0280","4509676339200.0000"
"227.8730","0.0280","4510676582400.0000"
"227.9331","0.0280","4511676416000.0000"
"227.9930","0.0280","4512676249600.0000"
"228.0523","0.0280","4513676083200.0000"
"228.1109","0.0280","4514676326400.0000"
"228.1691","0.0280","4515676160000.0000"
"228.2276","0.0280","4516675993600.0000"
"228.2868","0.0280","4517675827200.0000"
"228.3468","0.0281","4518676070400.0000"
"228.4070","0.0281","4519676313600.0000"
"228.4672","0.0281","4520676147200.0000"
"228.5276","0.0281","4521675980800.0000"
"228.5884","0.0281","4522676224000.0000"
"228.6493","0.0281","4523676057600.0000"
"228.7101","0.0281","4524675891200.0000"
"228.7707","0.0281","4525675724800.0000"
"228.8305","0.0281","4526675968000.0000"
"228.8895","0.0281","4527675801600.0000"
"228.9480","0.0281","4528675635200.0000"
"229.0062","0.0281","4529675468800.0000"
"229.0640","0.0281","4530676121600.0000"
"229.1216","0.0282","4531675955200.0000"
"229.1795","0.0282","4532675788800.0000"
"229.2382","0.0282","4533675212800.0000"
"229.2979","0.0282","4534675456000.0000"
"229.3586","0.0282","4535675289600.0000"
"229.4207","0.0282","4536675123200.0000"
"229.4836","0.0282","4537674956800.0000"
"229.5469","0.0282","4538674790400.0000"
"229.6099","0.0282","4539675033600.0000"
"229.6724","0.0282","4540674457600.0000"
"229.7341","0.0282","4541674700800.0000"
"229.7956","0.0282","4542674534400.0000"
"229.8575","0.0282","4543674777600.0000"
"229.9200","0.0282","4544674611200.0000"
"229.9829","0.0283","4545674444800.0000"
"230.0461","0.0283","4546674278400.0000"
"230.1096","0.0283","4547674521600.0000"
"230.1736","0.0283","4548674355200.0000"
"230.2379","0.0283","4549674188800.0000"
"230.3029","0.0283","4550674432000.0000"
"230.3685","0.0283","4551674675200.0000"
"230.4344","0.0283","4552674508800.0000"
"230.4993","0.0283","4553674752000.0000"
"230.5628","0.0283","4554674995200.0000"
"230.6248","0.0283","4555674828800.0000"
"230.6855","0.0283","4556674662400.0000"
"230.7452","0.0283","4557674496000.0000"
"230.8038","0.0284","4558675148800.0000"
"230.8615","0.0284","4559674982400.0000"
"230.9185","0.0284","4560674816000.0000"
"230.9750","0.0284","4561674649600.0000"
"231.0320","0.0284","4562674892800.0000"
"231.0912","0.0284","4563675136000.0000"
"231.1532","0.0284","4564674969600.0000"
"231.2175","0.0284","4565675622400.0000"
"231.2830","0.0284","4566675865600.0000"
"231.3487","0.0284","4567675699200.0000"
"231.4141","0.0284","4568675532800.0000"
"231.4789","0.0284","4569675776000.0000"
"231.5431","0.0284","4570675609600.0000"
"231.6073","0.0285","4571676262400.0000"
"231.6719","0.0285","4572676096000.0000"
"231.7378","0.0285","4573676339200.0000"
"231.8052","0.0285","4574676172800.0000"
"231.8739","0.0285","4575676825600.0000"
"231.9424","0.0285","4576676659200.0000"
"232.0098","0.0285","4577676902400.0000"
"232.0761","0.0285","4578677555200.0000"
"232.1417","0.0285","4579677798400.0000"
"232.2076","0.0285","4580677632000.0000"
"232.2742","0.0285","4581678284800.0000"
"232.3415","0.0285","4582678118400.0000"
"232.4091","0.0286","4583677952000.0000"
"232.4764","0.0286","4584678195200.0000"
"232.5432","0.0286","4585678028800.0000"
"232.6094","0.0286","4586678272000.0000"
"232.6752","0.0286","4587678105600.0000"
"232.7405","0.0286","4588678348800.0000"
"232.8050","0.0286","4589678592000.0000"
"232.8685","0.0286","4590678425600.0000"
"232.9304","0.0286","4591679488000.0000"
"232.9903","0.0286","4592679321600.0000"
"233.0485","0.0286","4593679564800.0000"
"233.1062","0.0286","4594679398400.0000"
"233.1652","0.0286","4595680051200.0000"
"233.2265","0.0287","4596679884800.0000"
"233.2901","0.0287","4597679718400.0000"
"233.3556","0.0287","4598680371200.0000"
"233.4218","0.0287","4599680204800.0000"
"233.4879","0.0287","4600680448000.0000"
"233.5534","0.0287","4601680691200.0000"
"233.6185","0.0287","4602680524800.0000"
"233.6833","0.0287","4603680358400.0000"
"233.7480","0.0287","4604680192000.0000"
"233.8124","0.0287","4605680844800.0000"
"233.8761","0.0287","4606680678400.0000"
"233.9388","0.0287","4607680512000.0000"
"234.0008","0.0287","4608680345600.0000"
"234.0623","0.0288","4609680588800.0000"
"234.1236","0.0288","4610680422400.0000"
"234.1852","0.0288","4611680256000.0000"
"234.2474","0.0288","4612680499200.0000"
"234.3103","0.0288","4613680332800.0000"
"234.3734","0.0288","4614680166400.0000"
"234.4364","0.0288","4615680409600.0000"
"234.4990","0.0288","4616681062400.0000"
"234.5614","0.0288","4617680896000.0000"
"234.6238","0.0288","4618680729600.0000"
"234.6867","0.0288","4619680563200.0000"
"234.7500","0.0288","4620680806400.0000"
"234.8134","0.0288","4621680640000.0000"
"234.8763","0.0289","4622680883200.0000"
"234.9387","0.0289","4623680716800.0000"
"235.0004","0.0289","4624680960000.0000"
"235.0613","0.0289","4625680793600.0000"
"235.1219","0.0289","4626680627200.0000"
"235.1830","0.0289","4627681280000.0000"
"235.2451","0.0289","4628681113600.0000"
"235.3081","0.0289","4629680947200.0000"
"235.3718","0.0289","4630680780800.0000"
"235.4362","0.0289","4631681024000.0000"
"235.5017","0.0289","4632680857600.0000"
"235.5684","0.0289","4633680691200.0000"
"235.6363","0.0290","4634680524800.0000"
"235.7045","0.0290","4635680768000.0000"
"235.7721","0.0290","4636680601600.0000"
"235.8385","0.0290","4637680435200.0000"
"235.9033","0.0290","4638680678400.0000"
"235.9663","0.0290","4639681331200.0000"
"236.0275","0.0290","4640681164800.0000"
"236.0873","0.0290","4641681408000.0000"
"236.1467","0.0290","4642681651200.0000"
"236.2064","0.0290","4643681484800.0000"
"236.2670","0.0290","4644681728000.0000"
"236.3287","0.0290","4645681561600.0000"
"236.3915","0.0290","4646682214400.0000"
"236.4552","0.0291","4647682048000.0000"
"236.5197","0.0291","4648682700800.0000"
"236.5845","0.0291","4649682534400.0000"
"236.6488","0.0291","4650682777600.0000"
"236.7123","0.0291","4651682611200.0000"
"236.7747","0.0291","4652682854400.0000"
"236.8368","0.0291","4653683097600.0000"
"236.8999","0.0291","4654682931200.0000"
"236.9637","0.0291","4655683584000.0000"
"237.0270","0.0291","4656683417600.0000"
"237.0894","0.0291","4657683251200.0000"
"237.1515","0.0291","4658683494400.0000"
"237.2139","0.0291","4659683737600.0000"
"237.2772","0.0292","4660683571200.0000"
"237.3419","0.0292","4661683814400.0000"
"237.4083","0.0292","4662684057600.0000"
"237.4759","0.0292","4663684300800.0000"
"237.5437","0.0292","4664684134400.0000"
"237.6105","0.0292","4665684377600.0000"
"237.6756","0.0292","4666685030400.0000"
"237.7393","0.0292","4667684864000.0000"
"237.8021","0.0292","4668685107200.0000"
"237.8645","0.0292","4669684940800.0000"
"237.9265","0.0292","4670684774400.0000"
"237.9878","0.0292","4671685017600.0000"
"238.0478","0.0292","4672685260800.0000"
"238.1065","0.0293","4673685094400.0000"
"238.1642","0.0293","4674684928000.0000"
"238.2211","0.0293","4675684761600.0000"
"238.2776","0.0293","4676685004800.0000"
"238.3342","0.0293","4677685248000.0000"
"238.3906","0.0293","4678685081600.0000"
"238.4463","0.0293","4679684915200.0000"
"238.5011","0.0293","4680685158400.0000"
"238.5551","0.0293","4681684992000.0000"
"238.6084","0.0293","4682684825600.0000"
"238.6612","0.0293","4683684249600.0000"
"238.7132","0.0293","4684684492800.0000"
"238.7650","0.0293","4685684326400.0000"
"238.8175","0.0293","4686684160000.0000"
"238.8711","0.0293","4687683584000.0000"
"238.9255","0.0294","4688683827200.0000"
"238.9806","0.0294","4689684070400.0000"
"239.0360","0.0294","4690683494400.0000"
"239.0917","0.0294","4691683328000.0000"
"239.1476","0.0294","4692683161600.0000"
"239.2035","0.0294","4693682585600.0000"
"239.2600","0.0294","4694682828800.0000"
"239.3177","0.0294","4695682662400.0000"
"239.3766","0.0294","4696682086400.0000"
"239.4365","0.0294","4697681920000.0000"
"239.4967","0.0294","4698681753600.0000"
"239.5569","0.0294","4699681996800.0000"
"239.6168","0.0294","4700681420800.0000"
"239.6767","0.0294","4701680844800.0000"
"239.7367","0.0295","4702680678400.0000"
"239.7969","0.0295","4703680102400.0000"
"239.8577","0.0295","4704679526400.0000"
"239.9192","0.0295","4705679769600.0000"
"239.9817","0.0295","4706679193600.0000"
"240.0455","0.0295","4707678617600.0000"
"240.1106","0.0295","4708678451200.0000"
"240.1767","0.0295","4709678284800.0000"
"240.2434","0.0295","4710677708800.0000"
"240.3103","0.0295","4711677952000.0000"
"240.3770","0.0295","4712677376000.0000"
"240.4433","0.0295","4713677209600.0000"
"240.5092","0.0295","4714676633600.0000"
"240.5744","0.0296","4715676057600.0000"
"240.6391","0.0296","4716676300800.0000"
"240.7038","0.0296","4717676134400.0000"
"240.7682","0.0296","4718675968000.0000"
"240.8320","0.0296","4719675801600.0000"
"240.8948","0.0296","4720675225600.0000"
"240.9569","0.0296","4721675059200.0000"
"241.0190","0.0296","4722674892800.0000"
"241.0814","0.0296","4723674726400.0000"
"241.1447","0.0296","4724674560000.0000"
"241.2092","0.0296","4725674393600.0000"
"241.2755","0.0296","4726673817600.0000"
"241.3429","0.0297","4727673651200.0000"
"241.4109","0.0297","4728673484800.0000"
"241.4790","0.0297","4729673318400.0000"
"241.5472","0.0297","4730673152000.0000"
"241.6155","0.0297","4731672985600.0000"
"241.6831","0.0297","4732672819200.0000"
"241.7492","0.0297","4733672652800.0000"
"241.8134","0.0297","4734672486400.0000"
"241.8755","0.0297","4735672320000.0000"
"241.9357","0.0297","4736672563200.0000"
"241.9944","0.0297","4737672396800.0000"
"242.0526","0.0297","4738672640000.0000"
"242.1108","0.0297","4739672473600.0000"
"242.1694","0.0298","4740672716800.0000"
"242.2284","0.0298","4741672550400.0000"
"242.2876","0.0298","4742672384000.0000"
"242.3468","0.0298","4743673036800.0000"
"242.4064","0.0298","4744672870400.0000"
"242.4660","0.0298","4745672704000.0000"
"242.5256","0.0298","4746672537600.0000"
"242.5852","0.0298","4747672371200.0000"
"242.6452","0.0298","4748673024000.0000"
"242.7062","0.0298","4749672857600.0000"
"242.7679","0.0298","4750673100800.0000"
"242.8297","0.0298","4751673344000.0000"
"242.8910","0.0298","4752673177600.0000"
"242.9522","0.0298","4753673420800.0000"
"243.0141","0.0299","4754673254400.0000"
"243.0776","0.0299","4755673497600.0000"
"243.1435","0.0299","4756673331200.0000"
"243.2118","0.0299","4757673574400.0000"
"243.2818","0.0299","4758673408000.0000"
"243.3525","0.0299","4759673241600.0000"
"243.4233","0.0299","4760673484800.0000"
"243.4941","0.0299","4761673318400.0000"
"243.5652","0.0299","4762673561600.0000"
"243.6362","0.0299","4763674214400.0000"
"243.7068","0.0299","4764674048000.0000"
"243.7764","0.0300","4765674700800.0000"
"243.8448","0.0300","4766674534400.0000"
"243.9117","0.0300","4767674368000.0000"
"243.9773","0.0300","4768675020800.0000"
"244.0425","0.0300","4769674854400.0000"
"244.1083","0.0300","4770674688000.0000"
"244.1755","0.0300","4771674521600.0000"
"244.2442","0.0300","4772675174400.0000"
"244.3141","0.0300","4773675008000.0000"
"244.3847","0.0300","4774674841600.0000"
"244.4550","0.0300","4775675084800.0000"
"244.5238","0.0300","4776675328000.0000"
"244.5904","0.0301","4777675161600.0000"
"244.6544","0.0301","4778674995200.0000"
"244.7163","0.0301","4779675238400.0000"
"244.7764","0.0301","4780675072000.0000"
"244.8353","0.0301","4781674905600.0000"
"244.8937","0.0301","4782674739200.0000"
"244.9523","0.0301","4783674982400.0000"
"245.0111","0.0301","4784674816000.0000"
"245.0699","0.0301","4785674649600.0000"
"245.1286","0.0301","4786674483200.0000"
"245.1874","0.0301","4787675136000.0000"
"245.2464","0.0301","4788674969600.0000"
"245.3055","0.0301","4789675212800.0000"
"245.3646","0.0301","4790675046400.0000"
"245.4235","0.0302","4791675289600.0000"
"245.4820","0.0302","4792675123200.0000"
"245.5399","0.0302","4793674956800.0000"
"245.5970","0.0302","4794675200000.0000"
"245.6534","0.0302","4795675033600.0000"
"245.7090","0.0302","4796674867200.0000"
"245.7640","0.0302","4797675110400.0000"
"245.8183","0.0302","4798675353600.0000"
"245.8715","0.0302","4799675596800.0000"
"245.9233","0.0302","4800675430400.0000"
"245.9745","0.0302","4801675264000.0000"
"246.0263","0.0302","4802675507200.0000"
"246.0791","0.0302","4803675340800.0000"
"246.1329","0.0302","4804675174400.0000"
"246.1877","0.0302","4805675008000.0000"
"246.2431","0.0303","4806675660800.0000"
"246.2988","0.0303","4807675494400.0000"
"246.3543","0.0303","4808675328000.0000"
"246.4094","0.0303","4809675571200.0000"
"246.4647","0.0303","4810675404800.0000"
"246.5207","0.0303","4811676057600.0000"
"246.5779","0.0303","4812675891200.0000"
"246.6362","0.0303","4813676544000.0000"
"246.6954","0.0303","4814676377600.0000"
"246.7552","0.0303","4815677030400.0000"
"246.8151","0.0303","4816676864000.0000"
"246.8753","0.0303","4817677107200.0000"
"246.9360","0.0303","4818677350400.0000"
"246.9971","0.0303","4819677593600.0000"
"247.0587","0.0304","4820677836800.0000"
"247.1202","0.0304","4821677670400.0000"
"247.1813","0.0304","4822678323200.0000"
"247.2417","0.0304","4823678156800.0000"
"247.3015","0.0304","4824677990400.0000"
"247.3607","0.0304","4825678643200.0000"
"247.4191","0.0304","4826678476800.0000"
"247.4764","0.0304","4827678720000.0000"
"247.5325","0.0304","4828678963200.0000"
"247.5873","0.0304","4829679206400.0000"
"247.6409","0.0304","4830679040000.0000"
"247.6935","0.0304","4831679283200.0000"
"247.7460","0.0304","4832679936000.0000"
"247.7990","0.0304","4833679769600.0000"
"247.8526","0.0305","4834680422400.0000"
"247.9071","0.0305","4835680256000.0000"
"247.9628","0.0305","4836680499200.0000"
"248.0199","0.0305","4837680332800.0000"
"248.0779","0.0305","4838680985600.0000"
"248.1362","0.0305","4839680819200.0000"
"248.1943","0.0305","4840681062400.0000"
"248.2519","0.0305","4841681305600.0000"
"248.3085","0.0305","4842681548800.0000"
"248.3642","0.0305","4843681382400.0000"
"248.4191","0.0305","4844682035200.0000"
"248.4733","0.0305","4845681868800.0000"
"248.5273","0.0305","4846681702400.0000"
"248.5813","0.0305","4847681536000.0000"
"248.6357","0.0305","4848682188800.0000"
"248.6908","0.0306","4849682022400.0000"
"248.7464","0.0306","4850681856000.0000"
"248.8019","0.0306","4851682099200.0000"
"248.8569","0.0306","4852682342400.0000"
"248.9111","0.0306","4853682176000.0000"
"248.9650","0.0306","4854682009600.0000"
"249.0191","0.0306","4855682662400.0000"
"249.0734","0.0306","4856682496000.0000"
"249.1279","0.0306","4857682329600.0000"
"249.1826","0.0306","4858682163200.0000"
"249.2372","0.0306","4859682406400.0000"
"249.2913","0.0306","4860682240000.0000"
"249.3448","0.0306","4861682073600.0000"
"249.3978","0.0306","4862682316800.0000"
"249.4507","0.0306","4863682560000.0000"
"249.5043","0.0307","4864682393600.0000"
"249.5589","0.0307","4865682227200.0000"
"249.6143","0.0307","4866682060800.0000"
"249.6706","0.0307","4867682304000.0000"
"249.7284","0.0307","4868682137600.0000"
"249.7880","0.0307","4869681971200.0000"
"249.8490","0.0307","4870682214400.0000"
"249.9107","0.0307","4871682048000.0000"
"249.9719","0.0307","4872681472000.0000"
"250.0319","0.0307","4873681305600.0000"
"250.0901","0.0307","4874681548800.0000"
"250.1470","0.0307","4875681792000.0000"
"250.2033","0.0307","4876681625600.0000"
"250.2597","0.0307","4877681049600.0000"
"250.3158","0.0308","4878680883200.0000"
"250.3714","0.0308","4879681126400.0000"
"250.4267","0.0308","4880680960000.0000"
"250.4823","0.0308","4881680793600.0000"
"250.5386","0.0308","4882680217600.0000"
"250.5955","0.0308","4883680051200.0000"
"250.6528","0.0308","4884680294400.0000"
"250.7103","0.0308","4885680537600.0000"
"250.7679","0.0308","4886680371200.0000"
"250.8259","0.0308","4887680204800.0000"
"250.8837","0.0308","4888680038400.0000"
"250.9413","0.0308","4889679872000.0000"
"250.9988","0.0308","4890679705600.0000"
"251.0563","0.0308","4891679129600.0000"
"251.1135","0.0309","4892678963200.0000"
"251.1702","0.0309","4893679206400.0000"
"251.2263","0.0309","4894678630400.0000"
"251.2824","0.0309","4895678873600.0000"
"251.3395","0.0309","4896678707200.0000"
"251.3986","0.0309","4897678131200.0000"
"251.4598","0.0309","4898678374400.0000"
"251.5227","0.0309","4899678208000.0000"
"251.5866","0.0309","4900677632000.0000"
"251.6510","0.0309","4901677465600.0000"
"251.7153","0.0309","4902677299200.0000"
"251.7797","0.0309","4903677132800.0000"
"251.8443","0.0309","4904676966400.0000"
"251.9089","0.0309","4905677209600.0000"
"251.9727","0.0310","4906677043200.0000"
"252.0354","0.0310","4907677286400.0000"
"252.0966","0.0310","4908677120000.0000"
"252.1559","0.0310","4909676953600.0000"
"252.2136","0.0310","4910676377600.0000"
"252.2704","0.0310","4911676211200.0000"
"252.3272","0.0310","4912676454400.0000"
"252.3850","0.0310","4913676288000.0000"
"252.4439","0.0310","4914676121600.0000"
"252.5041","0.0310","4915676364800.0000"
"252.5656","0.0310","4916676198400.0000"
"252.6281","0.0310","4917676441600.0000"
"252.6903","0.0310","4918676275200.0000"
"252.7514","0.0311","4919676108800.0000"
"252.8111","0.0311","4920675942400.0000"
"252.8698","0.0311","4921675776000.0000"
"252.9277","0.0311","4922675609600.0000"
"252.9849","0.0311","4923675443200.0000"
"253.0414","0.0311","4924675686400.0000"
"253.0970","0.0311","4925675520000.0000"
"253.1519","0.0311","4926675353600.0000"
"253.2065","0.0311","4927675187200.0000"
"253.2612","0.0311","4928675430400.0000"
"253.3169","0.0311","4929675673600.0000"
"253.3736","0.0311","4930675507200.0000"
"253.4312","0.0311","4931675750400.0000"
"253.4895","0.0311","4932675584000.0000"
"253.5483","0.0312","4933675417600.0000"
"253.6074","0.0312","4934675660800.0000"
"253.6668","0.0312","4935675904000.0000"
"253.7262","0.0312","4936675737600.0000"
"253.7855","0.0312","4937675571200.0000"
"253.8442","0.0312","4938676224000.0000"
"253.9020","0.0312","4939676057600.0000"
"253.9587","0.0312","4940676300800.0000"
"254.0138","0.0312","4941676134400.0000"
"254.0672","0.0312","4942675968000.0000"
"254.1195","0.0312","4943676211200.0000"
"254.1722","0.0312","4944676044800.0000"
"254.2263","0.0312","4945676288000.0000"
"254.2822","0.0312","4946676531200.0000"
"254.3396","0.0312","4947676364800.0000"
"254.3982","0.0313","4948676198400.0000"
"254.4573","0.0313","4949676032000.0000"
"254.5161","0.0313","4950676275200.0000"
"254.5741","0.0313","4951676108800.0000"
"254.6313","0.0313","4952676352000.0000"
"254.6875","0.0313","4953676595200.0000"
"254.7428","0.0313","4954676428800.0000"
"254.7968","0.0313","4955676262400.0000"
"254.8492","0.0313","4956676096000.0000"
"254.9004","0.0313","4957676748800.0000"
"254.9508","0.0313","4958676582400.0000"
"255.0012","0.0313","4959676416000.0000"
"255.0528","0.0313","4960676249600.0000"
"255.1065","0.0313","4961676902400.0000"
"255.1625","0.0313","4962676736000.0000"
"255.2203","0.0314","4963676569600.0000"
"255.2794","0.0314","4964676812800.0000"
"255.3395","0.0314","4965677056000.0000"
"255.4004","0.0314","4966676889600.0000"
"255.4619","0.0314","4967676723200.0000"
"255.5238","0.0314","4968676966400.0000"
"255.5855","0.0314","4969677209600.0000"
"255.6467","0.0314","4970677043200.0000"
"255.7068","0.0314","4971676876800.0000"
"255.7660","0.0314","4972677120000.0000"
"255.8241","0.0314","4973676953600.0000"
"255.8812","0.0314","4974676787200.0000"
"255.9381","0.0314","4975677440000.0000"
"255.9954","0.0315","4976677273600.0000"
"256.0531","0.0315","4977677107200.0000"
"256.1106","0.0315","4978676940800.0000"
"256.1674","0.0315","4979677593600.0000"
"256.2236","0.0315","4980677427200.0000"
"256.2793","0.0315","4981677260800.0000"
"256.3347","0.0315","4982677913600.0000"
"256.3898","0.0315","4983677747200.0000"
"256.4450","0.0315","4984677580800.0000"
"256.5006","0.0315","4985677824000.0000"
"256.5569","0.0315","4986678067200.0000"
"256.6136","0.0315","4987677900800.0000"
"256.6700","0.0315","4988678144000.0000"
"256.7259","0.0315","4989678796800.0000"
"256.7811","0.0315","4990678630400.0000"
"256.8359","0.0316","4991678464000.0000"
"256.8907","0.0316","4992678297600.0000"
"256.9461","0.0316","4993678131200.0000"
"257.0020","0.0316","4994678374400.0000"
"257.0583","0.0316","4995678208000.0000"
"257.1147","0.0316","4996678451200.0000"
"257.1708","0.0316","4997678694400.0000"
"257.2268","0.0316","4998678528000.0000"
"257.2823","0.0316","4999678361600.0000"
"257.3370","0.0316","5000678195200.0000"
"257.3904","0.0316","5001678438400.0000"
"257.4428","0.0316","5002678272000.0000"
"257.4945","0.0316","5003678105600.0000"
"257.5455","0.0316","5004678758400.0000"
"257.5958","0.0316","5005678592000.0000"
"257.6456","0.0317","5006678425600.0000"
"257.6956","0.0317","5007678259200.0000"
"257.7462","0.0317","5008678092800.0000"
"257.7978","0.0317","5009678336000.0000"
"257.8503","0.0317","5010678169600.0000"
"257.9040","0.0317","5011678003200.0000"
"257.9590","0.0317","5012678656000.0000"
"258.0152","0.0317","5013678489600.0000"
"258.0720","0.0317","5014678323200.0000"
"258.1287","0.0317","5015678156800.0000"
"258.1845","0.0317","5016677990400.0000"
"258.2390","0.0317","5017678233600.0000"
"258.2922","0.0317","5018678067200.0000"
"258.3441","0.0317","5019677900800.0000"
"258.3951","0.0317","5020678144000.0000"
"258.4453","0.0318","5021677977600.0000"
"258.4950","0.0318","5022677401600.0000"
"258.5449","0.0318","5023677644800.0000"
"258.5953","0.0318","5024677478400.0000"
"258.6463","0.0318","5025677721600.0000"
"258.6979","0.0318","5026677555200.0000"
"258.7498","0.0318","5027677388800.0000"
"258.8018","0.0318","5028677222400.0000"
"258.8537","0.0318","5029677875200.0000"
"258.9053","0.0318","5030677708800.0000"
"258.9567","0.0318","5031677542400.0000"
"259.0077","0.0318","5032677376000.0000"
"259.0585","0.0318","5033677619200.0000"
"259.1089","0.0318","5034677452800.0000"
"259.1588","0.0318","5035677286400.0000"
"259.2079","0.0318","5036677529600.0000"
"259.2561","0.0319","5037677363200.0000"
"259.3040","0.0319","5038677196800.0000"
"259.3524","0.0319","5039676620800.0000"
"259.4022","0.0319","5040676454400.0000"
"259.4535","0.0319","5041676697600.0000"
"259.5065","0.0319","5042676531200.0000"
"259.5610","0.0319","5043676364800.0000"
"259.6160","0.0319","5044676198400.0000"
"259.6708","0.0319","5045676441600.0000"
"259.7252","0.0319","5046676684800.0000"
"259.7792","0.0319","5047676518400.0000"
"259.8330","0.0319","5048676352000.0000"
"259.8866","0.0319","5049676595200.0000"
"259.9398","0.0319","5050676428800.0000"
"259.9920","0.0319","5051676262400.0000"
"260.0428","0.0319","5052676096000.0000"
"260.0920","0.0320","5053676339200.0000"
"260.1403","0.0320","5054676172800.0000"
"260.1880","0.0320","5055676006400.0000"
"260.2358","0.0320","5056675840000.0000"
"260.2845","0.0320","5057676492800.0000"
"260.3350","0.0320","5058676326400.0000"
"260.3871","0.0320","5059676160000.0000"
"260.4406","0.0320","5060675993600.0000"
"260.4949","0.0320","5061676236800.0000"
"260.5493","0.0320","5062676070400.0000"
"260.6036","0.0320","5063675904000.0000"
"260.6574","0.0320","5064675737600.0000"
"260.7108","0.0320","5065675980800.0000"
"260.7639","0.0320","5066675814400.0000"
"260.8165","0.0320","5067675648000.0000"
"260.8681","0.0321","5068675891200.0000"
"260.9187","0.0321","5069676134400.0000"
"260.9693","0.0321","5070675968000.0000"
"261.0211","0.0321","5071675801600.0000"
"261.0747","0.0321","5072675635200.0000"
"261.1300","0.0321","5073675878400.0000"
"261.1863","0.0321","5074675712000.0000"
"261.2431","0.0321","5075675545600.0000"
"261.2998","0.0321","5076675379200.0000"
"261.3561","0.0321","5077675212800.0000"
"261.4120","0.0321","5078675046400.0000"
"261.4675","0.0321","5079674880000.0000"
"261.5227","0.0321","5080675123200.0000"
"261.5772","0.0321","5081675776000.0000"
"261.6309","0.0321","5082675609600.0000"
"261.6838","0.0322","5083675443200.0000"
"261.7360","0.0322","5084675686400.0000"
"261.7877","0.0322","5085675520000.0000"
"261.8395","0.0322","5086675353600.0000"
"261.8924","0.0322","5087675187200.0000"
"261.9466","0.0322","5088675020800.0000"
"262.0014","0.0322","5089675264000.0000"
"262.0562","0.0322","5090675097600.0000"
"262.1112","0.0322","5091675340800.0000"
"262.1664","0.0322","5092675584000.0000"
"262.2211","0.0322","5093675417600.0000"
"262.2747","0.0322","5094675251200.0000"
"262.3268","0.0322","5095675084800.0000"
"262.3776","0.0322","5096674918400.0000"
"262.4279","0.0322","5097675161600.0000"
"262.4775","0.0322","5098675404800.0000"
"262.5265","0.0323","5099675238400.0000"
"262.5753","0.0323","5100675481600.0000"
"262.6245","0.0323","5101675724800.0000"
"262.6742","0.0323","5102675558400.0000"
"262.7246","0.0323","5103675801600.0000"
"262.7761","0.0323","5104676044800.0000"
"262.8289","0.0323","5105675878400.0000"
"262.8831","0.0323","5106675712000.0000"
"262.9387","0.0323","5107676364800.0000"
"262.9953","0.0323","5108676198400.0000"
"263.0524","0.0323","5109676032000.0000"
"263.1098","0.0323","5110676684800.0000"
"263.1675","0.0323","5111676518400.0000"
"263.2255","0.0323","5112676352000.0000"
"263.2835","0.0323","5113677004800.0000"
"263.3409","0.0324","5114676838400.0000"
"263.3975","0.0324","5115676672000.0000"
"263.4525","0.0324","5116677324800.0000"
"263.5064","0.0324","5117677568000.0000"
"263.5597","0.0324","5118677401600.0000"
"263.6129","0.0324","5119677644800.0000"
"263.6666","0.0324","5120677888000.0000"
"263.7212","0.0324","5121677721600.0000"
"263.7771","0.0324","5122677555200.0000"
"263.8344","0.0324","5123677798400.0000"
"263.8925","0.0324","5124678041600.0000"
"263.9512","0.0324","5125678284800.0000"
"264.0099","0.0324","5126678118400.0000"
"264.0681","0.0324","5127678771200.0000"
"264.1257","0.0325","5128679014400.0000"
"264.1829","0.0325","5129679257600.0000"
"264.2401","0.0325","5130679910400.0000"
"264.2964","0.0325","5131679744000.0000"
"264.3509","0.0325","5132679987200.0000"
"264.4037","0.0325","5133680230400.0000"
"264.4560","0.0325","5134680064000.0000"
"264.5089","0.0325","5135680307200.0000"
"264.5627","0.0325","5136680140800.0000"
"264.6175","0.0325","5137680384000.0000"
"264.6731","0.0325","5138680217600.0000"
"264.7294","0.0325","5139680051200.0000"
"264.7865","0.0325","5140680704000.0000"
"264.8439","0.0325","5141680537600.0000"
"264.9008","0.0325","5142680780800.0000"
"264.9565","0.0326","5143681433600.0000"
"265.0110","0.0326","5144681267200.0000"
"265.0644","0.0326","5145681100800.0000"
"265.1167","0.0326","5146681753600.0000"
"265.1676","0.0326","5147681587200.0000"
"265.2177","0.0326","5148681830400.0000"
"265.2673","0.0326","5149681664000.0000"
"265.3170","0.0326","5150681907200.0000"
"265.3678","0.0326","5151682150400.0000"
"265.4203","0.0326","5152681984000.0000"
"265.4746","0.0326","5153682636800.0000"
"265.5305","0.0326","5154682470400.0000"
"265.5871","0.0326","5155682713600.0000"
"265.6436","0.0326","5156682547200.0000"
"265.6992","0.0326","5157682790400.0000"
"265.7541","0.0327","5158682624000.0000"
"265.8081","0.0327","5159682457600.0000"
"265.8611","0.0327","5160682700800.0000"
"265.9125","0.0327","5161682534400.0000"
"265.9620","0.0327","5162682368000.0000"
"266.0097","0.0327","5163682201600.0000"
"266.0562","0.0327","5164682035200.0000"
"266.1022","0.0327","5165682278400.0000"
"266.1483","0.0327","5166682112000.0000"
"266.1949","0.0327","5167682355200.0000"
"266.2424","0.0327","5168682598400.0000"
"266.2909","0.0327","5169682432000.0000"
"266.3399","0.0327","5170682265600.0000"
"266.3891","0.0327","5171682099200.0000"
"266.4390","0.0327","5172681932800.0000"
"266.4897","0.0327","5173682176000.0000"
"266.5408","0.0327","5174682009600.0000"
"266.5917","0.0328","5175681843200.0000"
"266.6426","0.0328","5176682086400.0000"
"266.6941","0.0328","5177681920000.0000"
"266.7466","0.0328","5178682163200.0000"
"266.7997","0.0328","5179681996800.0000"
"266.8530","0.0328","5180681830400.0000"
"266.9062","0.0328","5181682073600.0000"
"266.9598","0.0328","5182681497600.0000"
"267.0141","0.0328","5183681331200.0000"
"267.0697","0.0328","5184681164800.0000"
"267.1265","0.0328","5185681408000.0000"
"267.1837","0.0328","5186680832000.0000"
"267.2411","0.0328","5187680665600.0000"
"267.2985","0.0328","5188680089600.0000"
"267.3560","0.0328","5189680332800.0000"
"267.4134","0.0329","5190680576000.0000"
"267.4704","0.0329","5191680000000.0000"
"267.5265","0.0329","5192679833600.0000"
"267.5813","0.0329","5193679667200.0000"
"267.6352","0.0329","5194679091200.0000"
"267.6882","0.0329","5195679334400.0000"
"267.7405","0.0329","5196679168000.0000"
"267.7928","0.0329","5197679001600.0000"
"267.8458","0.0329","5198678425600.0000"
"267.8997","0.0329","5199678668800.0000"
"267.9544","0.0329","5200678912000.0000"
"268.0101","0.0329","5201678336000.0000"
"268.0669","0.0329","5202678169600.0000"
"268.1247","0.0329","5203678003200.0000"
"268.1829","0.0329","5204677836800.0000"
"268.2413","0.0330","5205677670400.0000"
"268.2992","0.0330","5206677094400.0000"
"268.3562","0.0330","5207676928000.0000"
"268.4119","0.0330","5208676352000.0000"
"268.4665","0.0330","5209676595200.0000"
"268.5204","0.0330","5210676428800.0000"
"268.5738","0.0330","5211676262400.0000"
"268.6269","0.0330","5212676096000.0000"
"268.6798","0.0330","5213675520000.0000"
"268.7330","0.0330","5214675763200.0000"
"268.7867","0.0330","5215675187200.0000"
"268.8411","0.0330","5216675020800.0000"
"268.8958","0.0330","5217674854400.0000"
"268.9503","0.0330","5218674278400.0000"
"269.0045","0.0331","5219674112000.0000"
"269.0583","0.0331","5220674764800.0000"
"269.1120","0.0331","5221674598400.0000"
"269.1654","0.0331","5222674432000.0000"
"269.2184","0.0331","5223674675200.0000"
"269.2709","0.0331","5224674099200.0000"
"269.3229","0.0331","5225673932800.0000"
"269.3739","0.0331","5226673766400.0000"
"269.4235","0.0331","5227673600000.0000"
"269.4718","0.0331","5228673843200.0000"
"269.5193","0.0331","5229673676800.0000"
"269.5663","0.0331","5230673510400.0000"
"269.6135","0.0331","5231673344000.0000"
"269.6612","0.0331","5232673587200.0000"
"269.7098","0.0331","5233673420800.0000"
"269.7592","0.0331","5234673254400.0000"
"269.8091","0.0331","5235673088000.0000"
"269.8591","0.0332","5236672921600.0000"
"269.9089","0.0332","5237672755200.0000"
"269.9581","0.0332","5238672588800.0000"
"270.0067","0.0332","5239672422400.0000"
"270.0546","0.0332","5240672256000.0000"
"270.1017","0.0332","5241672089600.0000"
"270.1480","0.0332","5242672332800.0000"
"270.1940","0.0332","5243672166400.0000"
"270.2402","0.0332","5244672000000.0000"
"270.2871","0.0332","5245672243200.0000"
"270.3345","0.0332","5246672076800.0000"
"270.3824","0.0332","5247671910400.0000"
"270.4308","0.0332","5248672563200.0000"
"270.4802","0.0332","5249672396800.0000"
"270.5305","0.0332","5250672230400.0000"
"270.5815","0.0332","5251672064000.0000"
"270.6324","0.0333","5252671897600.0000"
"270.6826","0.0333","5253672550400.0000"
"270.7316","0.0333","5254672384000.0000"
"270.7793","0.0333","5255672217600.0000"
"270.8262","0.0333","5256672870400.0000"
"270.8727","0.0333","5257672704000.0000"
"270.9190","0.0333","5258672537600.0000"
"270.9649","0.0333","5259672371200.0000"
"271.0106","0.0333","5260672614400.0000"
"271.0570","0.0333","5261672448000.0000"
"271.1048","0.0333","5262672691200.0000"
"271.1541","0.0333","5263672934400.0000"
"271.2045","0.0333","5264672768000.0000"
"271.2557","0.0333","5265673011200.0000"
"271.3078","0.0333","5266672844800.0000"
"271.3612","0.0333","5267673497600.0000"
"271.4159","0.0333","5268673331200.0000"
"271.4717","0.0334","5269673574400.0000"
"271.5284","0.0334","5270673817600.0000"
"271.5847","0.0334","5271674060800.0000"
"271.6391","0.0334","5272674304000.0000"
"271.6908","0.0334","5273674547200.0000"
"271.7402","0.0334","5274674790400.0000"
"271.7883","0.0334","5275675033600.0000"
"271.8365","0.0334","5276675276800.0000"
"271.8856","0.0334","5277675520000.0000"
"271.9365","0.0334","5278675353600.0000"
"271.9893","0.0334","5279676006400.0000"
"272.0435","0.0334","5280676249600.0000"
"272.0985","0.0334","5281676083200.0000"
"272.1547","0.0334","5282676736000.0000"
"272.2120","0.0334","5283676569600.0000"
"272.2701","0.0335","5284676812800.0000"
"272.3284","0.0335","5285676646400.0000"
"272.3866","0.0335","5286677299200.0000"
"272.4441","0.0335","5287677542400.0000"
"272.5002","0.0335","5288677785600.0000"
"272.5544","0.0335","5289678028800.0000"
"272.6062","0.0335","5290678272000.0000"
"272.6562","0.0335","5291678924800.0000"
"272.7049","0.0335","5292679168000.0000"
"272.7531","0.0335","5293679001600.0000"
"272.8020","0.0335","5294679654400.0000"
"272.8525","0.0335","5295679897600.0000"
"272.9047","0.0335","5296680140800.0000"
"272.9582","0.0335","5297680384000.0000"
"273.0122","0.0335","5298680627200.0000"
"273.0662","0.0335","5299680870400.0000"
"273.1197","0.0336","5300681523200.0000"
"273.1729","0.0336","5301681356800.0000"
"273.2259","0.0336","5302681600000.0000"
"273.2788","0.0336","5303681843200.0000"
"273.3315","0.0336","5304682086400.0000"
"273.3837","0.0336","5305681920000.0000"
"273.4348","0.0336","5306682163200.0000"
"273.4845","0.0336","5307682406400.0000"
"273.5329","0.0336","5308682240000.0000"
"273.5805","0.0336","5309682483200.0000"
"273.6277","0.0336","5310682726400.0000"
"273.6750","0.0336","5311682560000.0000"
"273.7227","0.0336","5312682803200.0000"
"273.7712","0.0336","5313683046400.0000"
"273.8202","0.0336","5314683289600.0000"
"273.8695","0.0336","5315683123200.0000"
"273.9193","0.0337","5316682956800.0000"
"273.9693","0.0337","5317683609600.0000"
"274.0196","0.0337","5318683443200.0000"
"274.0695","0.0337","5319683276800.0000"
"274.1187","0.0337","5320683929600.0000"
"274.1666","0.0337","5321684172800.0000"
"274.2132","0.0337","5322684006400.0000"
"274.2589","0.0337","5323683840000.0000"
"274.3046","0.0337","5324684083200.0000"
"274.3513","0.0337","5325683916800.0000"
"274.3995","0.0337","5326683750400.0000"
"274.4494","0.0337","5327683993600.0000"
"274.5008","0.0337","5328683417600.0000"
"274.5531","0.0337","5329683251200.0000"
"274.6055","0.0337","5330683084800.0000"
"274.6576","0.0337","5331682918400.0000"
"274.7087","0.0338","5332683161600.0000"
"274.7586","0.0338","5333682995200.0000"
"274.8070","0.0338","5334682828800.0000"
"274.8540","0.0338","5335682662400.0000"
"274.9001","0.0338","5336682496000.0000"
"274.9461","0.0338","5337682329600.0000"
"274.9919","0.0338","5338682163200.0000"
"275.0376","0.0338","5339681996800.0000"
"275.0832","0.0338","5340681830400.0000"
"275.1290","0.0338","5341682073600.0000"
"275.1757","0.0338","5342682316800.0000"
"275.2235","0.0338","5343682150400.0000"
"275.2724","0.0338","5344681574400.0000"
"275.3218","0.0338","5345681817600.0000"
"275.3716","0.0338","5346681651200.0000"
"275.4215","0.0338","5347681484800.0000"
"275.4716","0.0338","5348681318400.0000"
"275.5212","0.0339","5349681561600.0000"
"275.5698","0.0339","5350681395200.0000"
"275.6171","0.0339","5351680819200.0000"
"275.6635","0.0339","5352680652800.0000"
"275.7095","0.0339","5353681305600.0000"
"275.7556","0.0339","5354680729600.0000"
"275.8019","0.0339","5355680563200.0000"
"275.8489","0.0339","5356680396800.0000"
"275.8970","0.0339","5357680230400.0000"
"275.9462","0.0339","5358679654400.0000"
"275.9968","0.0339","5359679897600.0000"
"276.0489","0.0339","5360679731200.0000"
"276.1021","0.0339","5361679564800.0000"
"276.1558","0.0339","5362679808000.0000"
"276.2089","0.0339","5363679232000.0000"
"276.2610","0.0339","5364679475200.0000"
"276.3120","0.0339","5365679308800.0000"
"276.3622","0.0340","5366679142400.0000"
"276.4120","0.0340","5367679385600.0000"
"276.4617","0.0340","5368679219200.0000"
"276.5105","0.0340","5369679052800.0000"
"276.5582","0.0340","5370678886400.0000"
"276.6051","0.0340","5371679129600.0000"
"276.6521","0.0340","5372678963200.0000"
"276.7002","0.0340","5373678387200.0000"
"276.7496","0.0340","5374678220800.0000"
"276.8001","0.0340","5375678464000.0000"
"276.8518","0.0340","5376678707200.0000"
"276.9047","0.0340","5377678540800.0000"
"276.9589","0.0340","5378677964800.0000"
"277.0137","0.0340","5379677798400.0000"
"277.0686","0.0340","5380678041600.0000"
"277.1237","0.0340","5381677875200.0000"
"277.1786","0.0341","5382677708800.0000"
"277.2331","0.0341","5383677542400.0000"
"277.2865","0.0341","5384677785600.0000"
"277.3383","0.0341","5385677209600.0000"
"277.3882","0.0341","5386677452800.0000"
"277.4364","0.0341","5387677286400.0000"
"277.4836","0.0341","5388677529600.0000"
"277.5309","0.0341","5389677363200.0000"
"277.5787","0.0341","5390677606400.0000"
"277.6269","0.0341","5391677440000.0000"
"277.6753","0.0341","5392677273600.0000"
"277.7242","0.0341","5393677107200.0000"
"277.7734","0.0341","5394676940800.0000"
"277.8230","0.0341","5395676774400.0000"
"277.8729","0.0341","5396677017600.0000"
"277.9229","0.0341","5397677260800.0000"
"277.9728","0.0342","5398676684800.0000"
"278.0226","0.0342","5399676518400.0000"
"278.0720","0.0342","5400676352000.0000"
"278.1208","0.0342","5401676595200.0000"
"278.1685","0.0342","5402676428800.0000"
"278.2154","0.0342","5403676262400.0000"
"278.2621","0.0342","5404675686400.0000"
"278.3098","0.0342","5405675929600.0000"
"278.3591","0.0342","5406675763200.0000"
"278.4096","0.0342","5407675596800.0000"
"278.4604","0.0342","5408675430400.0000"
"278.5110","0.0342","5409675264000.0000"
"278.5612","0.0342","5410675507200.0000"
"278.6104","0.0342","5411675340800.0000"
"278.6581","0.0342","5412675174400.0000"
"278.7039","0.0342","5413675417600.0000"
"278.7478","0.0342","5414675251200.0000"
"278.7896","0.0343","5415674675200.0000"
"278.8297","0.0343","5416674508800.0000"
"278.8687","0.0343","5417674342400.0000"
"278.9068","0.0343","5418674585600.0000"
"278.9446","0.0343","5419674828800.0000"
"278.9824","0.0343","5420674662400.0000"
"279.0205","0.0343","5421674496000.0000"
"279.0593","0.0343","5422674329600.0000"
"279.0988","0.0343","5423674163200.0000"
"279.1389","0.0343","5424673996800.0000"
"279.1797","0.0343","5425673830400.0000"
"279.2215","0.0343","5426673254400.0000"
"279.2642","0.0343","5427673497600.0000"
"279.3078","0.0343","5428673331200.0000"
"279.3521","0.0343","5429673164800.0000"
"279.3967","0.0343","5430673408000.0000"
"279.4413","0.0343","5431673651200.0000"
"279.4855","0.0343","5432673075200.0000"
"279.5290","0.0343","5433672908800.0000"
"279.5717","0.0343","5434672742400.0000"
"279.6140","0.0344","5435672576000.0000"
"279.6569","0.0344","5436673228800.0000"
"279.7009","0.0344","5437673062400.0000"
"279.7462","0.0344","5438672896000.0000"
"279.7921","0.0344","5439673139200.0000"
"279.8381","0.0344","5440672972800.0000"
"279.8841","0.0344","5441673216000.0000"
"279.9301","0.0344","5442673459200.0000"
"279.9763","0.0344","5443673292800.0000"
"280.0224","0.0344","5444673126400.0000"
"280.0677","0.0344","5445672960000.0000"
"280.1112","0.0344","5446673612800.0000"
"280.1535","0.0344","5447673446400.0000"
"280.1948","0.0344","5448673280000.0000"
"280.2352","0.0344","5449673523200.0000"
"280.2749","0.0344","5450673766400.0000"
"280.3145","0.0344","5451673600000.0000"
"280.3547","0.0344","5452673433600.0000"
"280.3964","0.0344","5453674086400.0000"
"280.4394","0.0345","5454674329600.0000"
"280.4836","0.0345","5455674572800.0000"
"280.5284","0.0345","5456674406400.0000"
"280.5734","0.0345","5457674649600.0000"
"280.6184","0.0345","5458674892800.0000"
"280.6633","0.0345","5459674726400.0000"
"280.7079","0.0345","5460675379200.0000"
"280.7520","0.0345","5461675212800.0000"
"280.7963","0.0345","5462675046400.0000"
"280.8413","0.0345","5463675699200.0000"
"280.8875","0.0345","5464675942400.0000"
"280.9344","0.0345","5465675776000.0000"
"280.9817","0.0345","5466676428800.0000"
"281.0296","0.0345","5467676672000.0000"
"281.0788","0.0345","5468676915200.0000"
"281.1300","0.0345","5469677158400.0000"
"281.1833","0.0345","5470677401600.0000"
"281.2382","0.0346","5471677235200.0000"
"281.2939","0.0346","5472677888000.0000"
"281.3492","0.0346","5473677721600.0000"
"281.4034","0.0346","5474677555200.0000"
"281.4561","0.0346","5475677388800.0000"
"281.5073","0.0346","5476678041600.0000"
"281.5568","0.0346","5477677875200.0000"
"281.6051","0.0346","5478677708800.0000"
"281.6533","0.0346","5479677542400.0000"
"281.7022","0.0346","5480677785600.0000"
"281.7519","0.0346","5481678028800.0000"
"281.8016","0.0346","5482677862400.0000"
"281.8510","0.0346","5483678105600.0000"
"281.9001","0.0346","5484677939200.0000"
"281.9492","0.0346","5485677772800.0000"
"281.9991","0.0346","5486677606400.0000"
"282.0497","0.0347","5487677849600.0000"
"282.1007","0.0347","5488678092800.0000"
"282.1524","0.0347","5489677926400.0000"
"282.2046","0.0347","5490677760000.0000"
"282.2570","0.0347","5491678003200.0000"
"282.3092","0.0347","5492678246400.0000"
"282.3610","0.0347","5493677670400.0000"
"282.4115","0.0347","5494677504000.0000"
"282.4604","0.0347","5495677747200.0000"
"282.5071","0.0347","5496677580800.0000"
"282.5517","0.0347","5497677414400.0000"
"282.5951","0.0347","5498676838400.0000"
"282.6382","0.0347","5499676672000.0000"
"282.6819","0.0347","5500676915200.0000"
"282.7268","0.0347","5501676339200.0000"
"282.7730","0.0347","5502676582400.0000"
"282.8205","0.0347","5503676416000.0000"
"282.8683","0.0348","5504676659200.0000"
"282.9160","0.0348","5505676083200.0000"
"282.9636","0.0348","5506675916800.0000"
"283.0106","0.0348","5507675750400.0000"
"283.0559","0.0348","5508675584000.0000"
"283.0992","0.0348","5509675827200.0000"
"283.1412","0.0348","5510675251200.0000"
"283.1827","0.0348","5511675084800.0000"
"283.2243","0.0348","5512674918400.0000"
"283.2660","0.0348","5513675571200.0000"
"283.3078","0.0348","5514675404800.0000"
"283.3499","0.0348","5515675238400.0000"
"283.3928","0.0348","5516675072000.0000"
"283.4372","0.0348","5517675315200.0000"
"283.4834","0.0348","5518675148800.0000"
"283.5309","0.0348","5519674572800.0000"
"283.5792","0.0348","5520674406400.0000"
"283.6282","0.0348","5521674649600.0000"
"283.6777","0.0349","5522674483200.0000"
"283.7275","0.0349","5523673907200.0000"
"283.7772","0.0349","5524674150400.0000"
"283.8260","0.0349","5525673984000.0000"
"283.8736","0.0349","5526674227200.0000"
"283.9196","0.0349","5527674060800.0000"
"283.9639","0.0349","5528673484800.0000"
"284.0069","0.0349","5529673318400.0000"
"284.0490","0.0349","5530673561600.0000"
"284.0910","0.0349","5531673395200.0000"
"284.1335","0.0349","5532673228800.0000"
"284.1766","0.0349","5533673062400.0000"
"284.2202","0.0349","5534672896000.0000"
"284.2645","0.0349","5535673139200.0000"
"284.3096","0.0349","5536672972800.0000"
"284.3554","0.0349","5537672806400.0000"
"284.4016","0.0349","5538673049600.0000"
"284.4487","0.0349","5539673292800.0000"
"284.4970","0.0350","5540673126400.0000"
"284.5461","0.0350","5541672960000.0000"
"284.5949","0.0350","5542673203200.0000"
"284.6426","0.0350","5543673036800.0000"
"284.6886","0.0350","5544672870400.0000"
"284.7330","0.0350","5545672704000.0000"
"284.7770","0.0350","5546673356800.0000"
"284.8220","0.0350","5547673190400.0000"
"284.8688","0.0350","5548673024000.0000"
"284.9175","0.0350","5549672857600.0000"
"284.9677","0.0350","5550673100800.0000"
"285.0188","0.0350","5551672934400.0000"
"285.0702","0.0350","5552672768000.0000"
"285.1210","0.0350","5553672601600.0000"
"285.1710","0.0350","5554673254400.0000"
"285.2202","0.0350","5555673088000.0000"
"285.2688","0.0350","5556672921600.0000"
"285.3168","0.0351","5557672755200.0000"
"285.3637","0.0351","5558673817600.0000"
"285.4089","0.0351","5559673651200.0000"
"285.4522","0.0351","5560673484800.0000"
"285.4939","0.0351","5561673728000.0000"
"285.5344","0.0351","5562673561600.0000"
"285.5745","0.0351","5563673395200.0000"
"285.6145","0.0351","5564674048000.0000"
"285.6544","0.0351","5565673881600.0000"
"285.6943","0.0351","5566673715200.0000"
"285.7344","0.0351","5567674368000.0000"
"285.7745","0.0351","5568674201600.0000"
"285.8143","0.0351","5569674035200.0000"
"285.8534","0.0351","5570674278400.0000"
"285.8915","0.0351","5571674931200.0000"
"285.9285","0.0351","5572674764800.0000"
"285.9646","0.0351","5573674598400.0000"
"286.0000","0.0351","5574674432000.0000"
"286.0346","0.0351","5575675084800.0000"
"286.0683","0.0351","5576674918400.0000"
"286.1014","0.0352","5577674752000.0000"
"286.1348","0.0352","5578675404800.0000"
"286.1687","0.0352","5579675238400.0000"
"286.2032","0.0352","5580675072000.0000"
"286.2381","0.0352","5581675315200.0000"
"286.2739","0.0352","5582675148800.0000"
"286.3112","0.0352","5583675801600.0000"
"286.3503","0.0352","5584675635200.0000"
"286.3904","0.0352","5585676288000.0000"
"286.4308","0.0352","5586676121600.0000"
"286.4707","0.0352","5587676364800.0000"
"286.5099","0.0352","5588676608000.0000"
"286.5485","0.0352","5589676441600.0000"
"286.5870","0.0352","5590676684800.0000"
"286.6256","0.0352","5591676518400.0000"
"286.6643","0.0352","5592677171200.0000"
"286.7031","0.0352","5593677004800.0000"
"286.7422","0.0352","5594676838400.0000"
"286.7822","0.0352","5595677491200.0000"
"286.8241","0.0352","5596677734400.0000"
"286.8683","0.0352","5597677568000.0000"
"286.9141","0.0353","5598677811200.0000"
"286.9604","0.0353","5599677644800.0000"
"287.0064","0.0353","5600677478400.0000"
"287.0518","0.0353","5601678131200.0000"
"287.0964","0.0353","5602677964800.0000"
"287.1403","0.0353","5603678208000.0000"
"287.1838","0.0353","5604678041600.0000"
"287.2266","0.0353","5605678694400.0000"
"287.2685","0.0353","5606678937600.0000"
"287.3093","0.0353","5607678771200.0000"
"287.3493","0.0353","5608679424000.0000"
"287.3890","0.0353","5609679667200.0000"
"287.4293","0.0353","5610679910400.0000"
"287.4706","0.0353","5611680563200.0000"
"287.5133","0.0353","5612680396800.0000"
"287.5580","0.0353","5613680230400.0000"
"287.6048","0.0353","5614680473600.0000"
"287.6534","0.0353","5615680716800.0000"
"287.7030","0.0353","5616680550400.0000"
"287.7530","0.0354","5617681203200.0000"
"287.8026","0.0354","5618681036800.0000"
"287.8514","0.0354","5619681280000.0000"
"287.8992","0.0354","5620681523200.0000"
"287.9463","0.0354","5621681766400.0000"
"287.9925","0.0354","5622681600000.0000"
"288.0377","0.0354","5623682252800.0000"
"288.0818","0.0354","5624682905600.0000"
"288.1249","0.0354","5625682739200.0000"
"288.1678","0.0354","5626683392000.0000"
"288.2112","0.0354","5627683225600.0000"
"288.2556","0.0354","5628683059200.0000"
"288.3015","0.0354","5629682892800.0000"
"288.3482","0.0354","5630683545600.0000"
"288.3949","0.0354","5631683788800.0000"
"288.4404","0.0354","5632683622400.0000"
"288.4843","0.0354","5633684275200.0000"
"288.5272","0.0354","5634684108800.0000"
"288.5694","0.0355","5635684352000.0000"
"288.6110","0.0355","5636684595200.0000"
"288.6521","0.0355","5637685248000.0000"
"288.6924","0.0355","5638685081600.0000"
"288.7318","0.0355","5639685734400.0000"
"288.7708","0.0355","5640685568000.0000"
"288.8104","0.0355","5641685401600.0000"
"288.8517","0.0355","5642685644800.0000"
"288.8955","0.0355","5643685888000.0000"
"288.9411","0.0355","5644685721600.0000"
"288.9874","0.0355","5645685555200.0000"
"289.0344","0.0355","5646685388800.0000"
"289.0824","0.0355","5647685222400.0000"
"289.1311","0.0355","5648685056000.0000"
"289.1803","0.0355","5649685299200.0000"
"289.2293","0.0355","5650685132800.0000"
"289.2776","0.0355","5651685785600.0000"
"289.3247","0.0355","5652685619200.0000"
"289.3703","0.0356","5653685452800.0000"
"289.4149","0.0356","5654685696000.0000"
"289.4586","0.0356","5655685529600.0000"
"289.5019","0.0356","5656685363200.0000"
"289.5453","0.0356","5657685196800.0000"
"289.5898","0.0356","5658685440000.0000"
"289.6360","0.0356","5659685273600.0000"
"289.6840","0.0356","5660685107200.0000"
"289.7331","0.0356","5661685350400.0000"
"289.7829","0.0356","5662685593600.0000"
"289.8330","0.0356","5663685017600.0000"
"289.8827","0.0356","5664684851200.0000"
"289.9312","0.0356","5665684684800.0000"
"289.9775","0.0356","5666684518400.0000"
"290.0212","0.0356","5667684352000.0000"
"290.0624","0.0356","5668684185600.0000"
"290.1015","0.0356","5669684019200.0000"
"290.1394","0.0356","5670683443200.0000"
"290.1768","0.0357","5671684096000.0000"
"290.2141","0.0357","5672683520000.0000"
"290.2517","0.0357","5673683353600.0000"
"290.2899","0.0357","5674683187200.0000"
"290.3291","0.0357","5675682611200.0000"
"290.3692","0.0357","5676682444800.0000"
"290.4106","0.0357","5677682688000.0000"
"290.4535","0.0357","5678682521600.0000"
"290.4980","0.0357","5679681945600.0000"
"290.5439","0.0357","5680681779200.0000"
"290.5905","0.0357","5681682022400.0000"
"290.6377","0.0357","5682681856000.0000"
"290.6857","0.0357","5683681689600.0000"
"290.7343","0.0357","5684681523200.0000"
"290.7832","0.0357","5685680947200.0000"
"290.8318","0.0357","5686681190400.0000"
"290.8797","0.0357","5687680614400.0000"
"290.9263","0.0357","5688680448000.0000"
"290.9716","0.0357","5689679872000.0000"
"291.0159","0.0358","5690679705600.0000"
"291.0589","0.0358","5691679539200.0000"
"291.1008","0.0358","5692679782400.0000"
"291.1420","0.0358","5693679206400.0000"
"291.1831","0.0358","5694679040000.0000"
"291.2243","0.0358","5695678464000.0000"
"291.2661","0.0358","5696678297600.0000"
"291.3084","0.0358","5697678131200.0000"
"291.3512","0.0358","5698677964800.0000"
"291.3940","0.0358","5699677388800.0000"
"291.4364","0.0358","5700677222400.0000"
"291.4785","0.0358","5701677465600.0000"
"291.5202","0.0358","5702677299200.0000"
"291.5621","0.0358","5703677132800.0000"
"291.6047","0.0358","5704676966400.0000"
"291.6487","0.0358","5705676800000.0000"
"291.6946","0.0358","5706676224000.0000"
"291.7423","0.0358","5707676467200.0000"
"291.7908","0.0358","5708676300800.0000"
"291.8392","0.0359","5709676134400.0000"
"291.8872","0.0359","5710675558400.0000"
"291.9345","0.0359","5711675801600.0000"
"291.9814","0.0359","5712676044800.0000"
"292.0279","0.0359","5713675878400.0000"
"292.0737","0.0359","5714675302400.0000"
"292.1188","0.0359","5715675136000.0000"
"292.1634","0.0359","5716675379200.0000"
"292.2072","0.0359","5717675212800.0000"
"292.2497","0.0359","5718674636800.0000"
"292.2905","0.0359","5719674470400.0000"
"292.3296","0.0359","5720674713600.0000"
"292.3672","0.0359","5721674547200.0000"
"292.4040","0.0359","5722674380800.0000"
"292.4407","0.0359","5723674624000.0000"
"292.4782","0.0359","5724674867200.0000"
"292.5168","0.0359","5725674700800.0000"
"292.5560","0.0359","5726674534400.0000"
"292.5951","0.0359","5727674368000.0000"
"292.6340","0.0360","5728674611200.0000"
"292.6732","0.0360","5729674444800.0000"
"292.7127","0.0360","5730674278400.0000"
"292.7523","0.0360","5731674521600.0000"
"292.7914","0.0360","5732674764800.0000"
"292.8300","0.0360","5733674598400.0000"
"292.8685","0.0360","5734674432000.0000"
"292.9076","0.0360","5735674675200.0000"
"292.9476","0.0360","5736674508800.0000"
"292.9891","0.0360","5737674342400.0000"
"293.0325","0.0360","5738674176000.0000"
"293.0774","0.0360","5739674009600.0000"
"293.1232","0.0360","5740674662400.0000"
"293.1697","0.0360","5741674496000.0000"
"293.2165","0.0360","5742674329600.0000"
"293.2630","0.0360","5743674572800.0000"
"293.3092","0.0360","5744674406400.0000"
"293.3551","0.0360","5745674240000.0000"
"293.4008","0.0360","5746674483200.0000"
"293.4463","0.0361","5747675136000.0000"
"293.4917","0.0361","5748674969600.0000"
"293.5369","0.0361","5749674803200.0000"
"293.5816","0.0361","5750675456000.0000"
"293.6257","0.0361","5751675289600.0000"
"293.6693","0.0361","5752675123200.0000"
"293.7132","0.0361","5753675366400.0000"
"293.7577","0.0361","5754675609600.0000"
"293.8033","0.0361","5755675852800.0000"
"293.8501","0.0361","5756675686400.0000"
"293.8981","0.0361","5757675520000.0000"
"293.9471","0.0361","5758675763200.0000"
"293.9964","0.0361","5759676006400.0000"
"294.0454","0.0361","5760675840000.0000"
"294.0934","0.0361","5761676083200.0000"
"294.1400","0.0361","5762676326400.0000"
"294.1856","0.0361","5763676160000.0000"
"294.2307","0.0361","5764676403200.0000"
"294.2751","0.0362","5765676236800.0000"
"294.3181","0.0362","5766676070400.0000"
"294.3592","0.0362","5767675904000.0000"
"294.3987","0.0362","5768676556800.0000"
"294.4374","0.0362","5769676390400.0000"
"294.4761","0.0362","5770676224000.0000"
"294.5147","0.0362","5771676876800.0000"
"294.5529","0.0362","5772676710400.0000"
"294.5904","0.0362","5773676953600.0000"
"294.6278","0.0362","5774676787200.0000"
"294.6656","0.0362","5775677030400.0000"
"294.7037","0.0362","5776677273600.0000"
"294.7419","0.0362","5777677107200.0000"
"294.7803","0.0362","5778677350400.0000"
"294.8186","0.0362","5779677184000.0000"
"294.8562","0.0362","5780677017600.0000"
"294.8926","0.0362","5781676851200.0000"
"294.9279","0.0362","5782677504000.0000"
"294.9620","0.0362","5783677337600.0000"
"294.9956","0.0362","5784677580800.0000"
"295.0292","0.0362","5785677824000.0000"
"295.0635","0.0363","5786678067200.0000"
"295.0989","0.0363","5787677900800.0000"
"295.1356","0.0363","5788677734400.0000"
"295.1731","0.0363","5789677977600.0000"
"295.2112","0.0363","5790677811200.0000"
"295.2496","0.0363","5791677644800.0000"
"295.2880","0.0363","5792678297600.0000"
"295.3263","0.0363","5793678131200.0000"
"295.3644","0.0363","5794677964800.0000"
"295.4021","0.0363","5795677798400.0000"
"295.4391","0.0363","5796678860800.0000"
"295.4753","0.0363","5797678694400.0000"
"295.5108","0.0363","5798678528000.0000"
"295.5462","0.0363","5799678771200.0000"
"295.5822","0.0363","5800678604800.0000"
"295.6198","0.0363","5801678438400.0000"
"295.6595","0.0363","5802678681600.0000"
"295.7013","0.0363","5803678924800.0000"
"295.7449","0.0363","5804678758400.0000"
"295.7896","0.0363","5805679001600.0000"
"295.8348","0.0363","5806679244800.0000"
"295.8799","0.0364","5807679078400.0000"
"295.9242","0.0364","5808679321600.0000"
"295.9674","0.0364","5809679564800.0000"
"296.0099","0.0364","5810679808000.0000"
"296.0514","0.0364","5811679641600.0000"
"296.0915","0.0364","5812679475200.0000"
"296.1299","0.0364","5813679308800.0000"
"296.1670","0.0364","5814679552000.0000"
"296.2033","0.0364","5815679795200.0000"
"296.2399","0.0364","5816679628800.0000"
"296.2777","0.0364","5817679462400.0000"
"296.3172","0.0364","5818679705600.0000"
"296.3584","0.0364","5819679539200.0000"
"296.4009","0.0364","5820679782400.0000"
"296.4442","0.0364","5821680435200.0000"
"296.4875","0.0364","5822680268800.0000"
"296.5308","0.0364","5823680102400.0000"
"296.5738","0.0364","5824679526400.0000"
"296.6167","0.0364","5825680179200.0000"
"296.6595","0.0364","5826680012800.0000"
"296.7019","0.0365","5827679846400.0000"
"296.7439","0.0365","5828680089600.0000"
"296.7851","0.0365","5829679923200.0000"
"296.8251","0.0365","5830680166400.0000"
"296.8637","0.0365","5831680000000.0000"
"296.9016","0.0365","5832680243200.0000"
"296.9395","0.0365","5833680486400.0000"
"296.9782","0.0365","5834680320000.0000"
"297.0179","0.0365","5835680153600.0000"
"297.0586","0.0365","5836680396800.0000"
"297.1003","0.0365","5837680230400.0000"
"297.1430","0.0365","5838680064000.0000"
"297.1866","0.0365","5839679897600.0000"
"297.2305","0.0365","5840680140800.0000"
"297.2746","0.0365","5841679974400.0000"
"297.3187","0.0365","5842679808000.0000"
"297.3623","0.0365","5843679641600.0000"
"297.4047","0.0365","5844680294400.0000"
"297.4461","0.0365","5845680128000.0000"
"297.4872","0.0365","5846679961600.0000"
"297.5284","0.0366","5847679795200.0000"
"297.5699","0.0366","5848680038400.0000"
"297.6120","0.0366","5849679872000.0000"
"297.6551","0.0366","5850679705600.0000"
"297.6995","0.0366","5851679539200.0000"
"297.7447","0.0366","5852679782400.0000"
"297.7903","0.0366","5853679616000.0000"
"297.8364","0.0366","5854679449600.0000"
"297.8828","0.0366","5855679283200.0000"
"297.9287","0.0366","5856679526400.0000"
"297.9731","0.0366","5857678950400.0000"
"298.0157","0.0366","5858678784000.0000"
"298.0567","0.0366","5859678617600.0000"
"298.0963","0.0366","5860678860800.0000"
"298.1349","0.0366","5861678284800.0000"
"298.1724","0.0366","5862678118400.0000"
"298.2088","0.0366","5863677952000.0000"
"298.2443","0.0366","5864677785600.0000"
"298.2795","0.0366","5865678028800.0000"
"298.3152","0.0367","5866677862400.0000"
"298.3520","0.0367","5867677696000.0000"
"298.3898","0.0367","5868677529600.0000"
"298.4279","0.0367","5869677772800.0000"
"298.4654","0.0367","5870677606400.0000"
"298.5023","0.0367","5871677440000.0000"
"298.5389","0.0367","5872677273600.0000"
"298.5756","0.0367","5873677107200.0000"
"298.6122","0.0367","5874677350400.0000"
"298.6483","0.0367","5875677184000.0000"
"298.6838","0.0367","5876677017600.0000"
"298.7186","0.0367","5877677670400.0000"
"298.7527","0.0367","5878677504000.0000"
"298.7864","0.0367","5879677337600.0000"
"298.8207","0.0367","5880677171200.0000"
"298.8564","0.0367","5881676595200.0000"
"298.8943","0.0367","5882676838400.0000"
"298.9343","0.0367","5883676672000.0000"
"298.9762","0.0367","5884676505600.0000"
"299.0188","0.0367","5885676339200.0000"
"299.0611","0.0367","5886676582400.0000"
"299.1023","0.0367","5887676416000.0000"
"299.1423","0.0368","5888676659200.0000"
"299.1815","0.0368","5889676492800.0000"
"299.2202","0.0368","5890676736000.0000"
"299.2588","0.0368","5891676569600.0000"
"299.2971","0.0368","5892676403200.0000"
"299.3347","0.0368","5893676236800.0000"
"299.3709","0.0368","5894676480000.0000"
"299.4062","0.0368","5895676313600.0000"
"299.4410","0.0368","5896676147200.0000"
"299.4757","0.0368","5897675980800.0000"
"299.5106","0.0368","5898676633600.0000"
"299.5456","0.0368","5899676467200.0000"
"299.5808","0.0368","5900676710400.0000"
"299.6163","0.0368","5901676544000.0000"
"299.6525","0.0368","5902676787200.0000"
"299.6894","0.0368","5903676620800.0000"
"299.7263","0.0368","5904676454400.0000"
"299.7632","0.0368","5905676697600.0000"
"299.7997","0.0368","5906676531200.0000"
"299.8359","0.0368","5907676364800.0000"
"299.8715","0.0368","5908677017600.0000"
"299.9064","0.0368","5909676851200.0000"
"299.9405","0.0369","5910676684800.0000"
"299.9742","0.0369","5911676518400.0000"
"300.0079","0.0369","5912676761600.0000"
"300.0421","0.0369","5913677004800.0000"
"300.0767","0.0369","5914677248000.0000"
"300.1114","0.0369","5915677081600.0000"
"300.1465","0.0369","5916677324800.0000"
"300.1822","0.0369","5917677158400.0000"
"300.2186","0.0369","5918677401600.0000"
"300.2560","0.0369","5919677235200.0000"
"300.2937","0.0369","5920677478400.0000"
"300.3310","0.0369","5921677721600.0000"
"300.3676","0.0369","5922677555200.0000"
"300.4033","0.0369","5923677798400.0000"
"300.4379","0.0369","5924678041600.0000"
"300.4713","0.0369","5925677875200.0000"
"300.5038","0.0369","5926677708800.0000"
"300.5369","0.0369","5927677952000.0000"
"300.5719","0.0369","5928678195200.0000"
"300.6091","0.0369","5929678028800.0000"
"300.6483","0.0369","5930678272000.0000"
"300.6888","0.0369","5931678105600.0000"
"300.7300","0.0369","5932677939200.0000"
"300.7714","0.0370","5933677772800.0000"
"300.8122","0.0370","5934678016000.0000"
"300.8521","0.0370","5935677849600.0000"
"300.8907","0.0370","5936678092800.0000"
"300.9279","0.0370","5937677926400.0000"
"300.9638","0.0370","5938678169600.0000"
"300.9987","0.0370","5939678412800.0000"
"301.0326","0.0370","5940678246400.0000"
"301.0651","0.0370","5941678080000.0000"
"301.0961","0.0370","5942678323200.0000"
"301.1265","0.0370","5943678156800.0000"
"301.1578","0.0370","5944677990400.0000"
"301.1912","0.0370","5945678233600.0000"
"301.2271","0.0370","5946678067200.0000"
"301.2650","0.0370","5947677900800.0000"
"301.3045","0.0370","5948678144000.0000"
"301.3450","0.0370","5949678387200.0000"
"301.3864","0.0370","5950678220800.0000"
"301.4281","0.0370","5951678054400.0000"
"301.4697","0.0370","5952677888000.0000"
"301.5104","0.0370","5953677721600.0000"
"301.5499","0.0370","5954677555200.0000"
"301.5880","0.0371","5955677388800.0000"
"301.6248","0.0371","5956677222400.0000"
"301.6600","0.0371","5957677056000.0000"
"301.6939","0.0371","5958677299200.0000"
"301.7273","0.0371","5959677132800.0000"
"301.7612","0.0371","5960676966400.0000"
"301.7962","0.0371","5961676800000.0000"
"301.8319","0.0371","5962677043200.0000"
"301.8677","0.0371","5963676876800.0000"
"301.9031","0.0371","5964676710400.0000"
"301.9382","0.0371","5965676544000.0000"
"301.9732","0.0371","5966676787200.0000"
"302.0082","0.0371","5967676620800.0000"
"302.0432","0.0371","5968676454400.0000"
"302.0777","0.0371","5969676288000.0000"
"302.1115","0.0371","5970676940800.0000"
"302.1443","0.0371","5971676774400.0000"
"302.1761","0.0371","5972676608000.0000"
"302.2072","0.0371","5973676441600.0000"
"302.2383","0.0371","5974676684800.0000"
"302.2698","0.0371","5975676108800.0000"
"302.3026","0.0371","5976675942400.0000"
"302.3368","0.0371","5977675776000.0000"
"302.3723","0.0371","5978676019200.0000"
"302.4080","0.0372","5979675852800.0000"
"302.4434","0.0372","5980675686400.0000"
"302.4781","0.0372","5981675929600.0000"
"302.5122","0.0372","5982675763200.0000"
"302.5458","0.0372","5983676006400.0000"
"302.5792","0.0372","5984675840000.0000"
"302.6120","0.0372","5985675673600.0000"
"302.6436","0.0372","5986675916800.0000"
"302.6734","0.0372","5987675750400.0000"
"302.7017","0.0372","5988675584000.0000"
"302.7292","0.0372","5989675417600.0000"
"302.7567","0.0372","5990675251200.0000"
"302.7847","0.0372","5991675494400.0000"
"302.8134","0.0372","5992675328000.0000"
"302.8438","0.0372","5993675980800.0000"
"302.8764","0.0372","5994675814400.0000"
"302.9115","0.0372","5995675648000.0000"
"302.9485","0.0372","5996675481600.0000"
"302.9866","0.0372","5997675724800.0000"
"303.0252","0.0372","5998675968000.0000"
"303.0637","0.0372","5999675801600.0000"
"303.1017","0.0372","6000675635200.0000"
"303.1388","0.0372","6001675878400.0000"
"303.1750","0.0372","6002675712000.0000"
"303.2100","0.0373","6003675955200.0000"
"303.2434","0.0373","6004675788800.0000"
"303.2751","0.0373","6005676441600.0000"
"303.3055","0.0373","6006676275200.0000"
"303.3355","0.0373","6007676108800.0000"
"303.3662","0.0373","6008675942400.0000"
"303.3985","0.0373","6009676185600.0000"
"303.4328","0.0373","6010676428800.0000"
"303.4690","0.0373","6011676262400.0000"
"303.5065","0.0373","6012676096000.0000"
"303.5446","0.0373","6013676339200.0000"
"303.5828","0.0373","6014676172800.0000"
"303.6202","0.0373","6015676416000.0000"
"303.6566","0.0373","6016676659200.0000"
"303.6919","0.0373","6017676902400.0000"
"303.7262","0.0373","6018676736000.0000"
"303.7594","0.0373","6019676569600.0000"
"303.7917","0.0373","6020676812800.0000"
"303.8234","0.0373","6021676646400.0000"
"303.8549","0.0373","6022676480000.0000"
"303.8869","0.0373","6023676723200.0000"
"303.9200","0.0373","6024676966400.0000"
"303.9540","0.0373","6025676800000.0000"
"303.9888","0.0373","6026676633600.0000"
"304.0235","0.0374","6027676876800.0000"
"304.0572","0.0374","6028676710400.0000"
"304.0898","0.0374","6029676953600.0000"
"304.1219","0.0374","6030676787200.0000"
"304.1543","0.0374","6031676620800.0000"
"304.1871","0.0374","6032676454400.0000"
"304.2199","0.0374","6033676288000.0000"
"304.2524","0.0374","6034676121600.0000"
"304.2844","0.0374","6035675955200.0000"
"304.3159","0.0374","6036676198400.0000"
"304.3470","0.0374","6037676032000.0000"
"304.3777","0.0374","6038675865600.0000"
"304.4089","0.0374","6039676108800.0000"
"304.4417","0.0374","6040676352000.0000"
"304.4767","0.0374","6041676185600.0000"
"304.5136","0.0374","6042676019200.0000"
"304.5518","0.0374","6043675852800.0000"
"304.5904","0.0374","6044676096000.0000"
"304.6292","0.0374","6045675929600.0000"
"304.6681","0.0374","6046675763200.0000"
"304.7071","0.0374","6047676006400.0000"
"304.7458","0.0374","6048675840000.0000"
"304.7834","0.0374","6049675264000.0000"
"304.8191","0.0375","6050675097600.0000"
"304.8527","0.0375","6051675340800.0000"
"304.8849","0.0375","6052675584000.0000"
"304.9165","0.0375","6053675417600.0000"
"304.9485","0.0375","6054674841600.0000"
"304.9810","0.0375","6055674675200.0000"
"305.0138","0.0375","6056674918400.0000"
"305.0463","0.0375","6057674752000.0000"
"305.0787","0.0375","6058674176000.0000"
"305.1109","0.0375","6059674009600.0000"
"305.1429","0.0375","6060673843200.0000"
"305.1746","0.0375","6061674086400.0000"
"305.2054","0.0375","6062673920000.0000"
"305.2354","0.0375","6063673753600.0000"
"305.2651","0.0375","6064673587200.0000"
"305.2950","0.0375","6065673830400.0000"
"305.3248","0.0375","6066673664000.0000"
"305.3542","0.0375","6067673907200.0000"
"305.3825","0.0375","6068673740800.0000"
"305.4093","0.0375","6069673984000.0000"
"305.4349","0.0375","6070673817600.0000"
"305.4604","0.0375","6071673651200.0000"
"305.4868","0.0375","6072673894400.0000"
"305.5146","0.0375","6073674137600.0000"
"305.5439","0.0375","6074674380800.0000"
"305.5747","0.0375","6075674214400.0000"
"305.6064","0.0375","6076674457600.0000"
"305.6386","0.0376","6077674291200.0000"
"305.6710","0.0376","6078674534400.0000"
"305.7032","0.0376","6079674777600.0000"
"305.7351","0.0376","6080674611200.0000"
"305.7664","0.0376","6081674854400.0000"
"305.7972","0.0376","6082674688000.0000"
"305.8281","0.0376","6083674931200.0000"
"305.8583","0.0376","6084675174400.0000"
"305.8875","0.0376","6085675008000.0000"
"305.9162","0.0376","6086675251200.0000"
"305.9450","0.0376","6087675904000.0000"
"305.9739","0.0376","6088675737600.0000"
"306.0027","0.0376","6089676390400.0000"
"306.0314","0.0376","6090676633600.0000"
"306.0607","0.0376","6091676467200.0000"
"306.0908","0.0376","6092677120000.0000"
"306.1216","0.0376","6093677363200.0000"
"306.1533","0.0376","6094677606400.0000"
"306.1855","0.0376","6095677849600.0000"
"306.2180","0.0376","6096678092800.0000"
"306.2500","0.0376","6097678336000.0000"
"306.2812","0.0376","6098678579200.0000"
"306.3115","0.0376","6099678412800.0000"
"306.3415","0.0376","6100678656000.0000"
"306.3720","0.0376","6101679308800.0000"
"306.4036","0.0376","6102679552000.0000"
"306.4361","0.0376","6103679385600.0000"
"306.4691","0.0377","6104680038400.0000"
"306.5024","0.0377","6105679872000.0000"
"306.5359","0.0377","6106680115200.0000"
"306.5698","0.0377","6107680768000.0000"
"306.6047","0.0377","6108680601600.0000"
"306.6403","0.0377","6109680844800.0000"
"306.6762","0.0377","6110681088000.0000"
"306.7122","0.0377","6111681331200.0000"
"306.7478","0.0377","6112681164800.0000"
"306.7835","0.0377","6113680998400.0000"
"306.8197","0.0377","6114681651200.0000"
"306.8564","0.0377","6115681894400.0000"
"306.8930","0.0377","6116682547200.0000"
"306.9291","0.0377","6117682380800.0000"
"306.9649","0.0377","6118682214400.0000"
"307.0009","0.0377","6119682457600.0000"
"307.0374","0.0377","6120682700800.0000"
"307.0744","0.0377","6121682534400.0000"
"307.1119","0.0377","6122682368000.0000"
"307.1496","0.0377","6123683020800.0000"
"307.1874","0.0377","6124682854400.0000"
"307.2253","0.0377","6125682688000.0000"
"307.2627","0.0378","6126682521600.0000"
"307.2993","0.0378","6127682764800.0000"
"307.3347","0.0378","6128683008000.0000"
"307.3686","0.0378","6129682841600.0000"
"307.4009","0.0378","6130682265600.0000"
"307.4315","0.0378","6131682099200.0000"
"307.4604","0.0378","6132682342400.0000"
"307.4887","0.0378","6133682176000.0000"
"307.5171","0.0378","6134682009600.0000"
"307.5461","0.0378","6135681843200.0000"
"307.5761","0.0378","6136682086400.0000"
"307.6072","0.0378","6137681920000.0000"
"307.6393","0.0378","6138682163200.0000"
"307.6724","0.0378","6139681996800.0000"
"307.7060","0.0378","6140681830400.0000"
"307.7393","0.0378","6141681664000.0000"
"307.7722","0.0378","6142681497600.0000"
"307.8047","0.0378","6143681331200.0000"
"307.8374","0.0378","6144681574400.0000"
"307.8703","0.0378","6145681408000.0000"
"307.9025","0.0378","6146680832000.0000"
"307.9333","0.0378","6147680665600.0000"
"307.9622","0.0378","6148680908800.0000"
"307.9898","0.0378","6149681152000.0000"
"308.0168","0.0378","6150680576000.0000"
"308.0439","0.0378","6151680409600.0000"
"308.0719","0.0379","6152680243200.0000"
"308.1012","0.0379","6153680486400.0000"
"308.1323","0.0379","6154680320000.0000"
"308.1648","0.0379","6155680153600.0000"
"308.1978","0.0379","6156679577600.0000"
"308.2305","0.0379","6157679820800.0000"
"308.2627","0.0379","6158679654400.0000"
"308.2941","0.0379","6159679488000.0000"
"308.3246","0.0379","6160679731200.0000"
"308.3543","0.0379","6161679564800.0000"
"308.3837","0.0379","6162679808000.0000"
"308.4132","0.0379","6163679641600.0000"
"308.4432","0.0379","6164679884800.0000"
"308.4738","0.0379","6165680128000.0000"
"308.5052","0.0379","6166679961600.0000"
"308.5373","0.0379","6167679795200.0000"
"308.5701","0.0379","6168679628800.0000"
"308.6035","0.0379","6169679872000.0000"
"308.6371","0.0379","6170679705600.0000"
"308.6706","0.0379","6171679539200.0000"
"308.7038","0.0379","6172679372800.0000"
"308.7364","0.0379","6173679616000.0000"
"308.7679","0.0379","6174679449600.0000"
"308.7985","0.0379","6175679283200.0000"
"308.8285","0.0379","6176679116800.0000"
"308.8584","0.0379","6177678950400.0000"
"308.8883","0.0380","6178679193600.0000"
"308.9175","0.0380","6179679027200.0000"
"308.9460","0.0380","6180678860800.0000"
"308.9740","0.0380","6181678284800.0000"
"309.0018","0.0380","6182678937600.0000"
"309.0298","0.0380","6183678771200.0000"
"309.0581","0.0380","6184678604800.0000"
"309.0868","0.0380","6185678438400.0000"
"309.1158","0.0380","6186678681600.0000"
"309.1451","0.0380","6187678515200.0000"
"309.1742","0.0380","6188678348800.0000"
"309.2030","0.0380","6189678182400.0000"
"309.2314","0.0380","6190678016000.0000"
"309.2594","0.0380","6191677849600.0000"
"309.2867","0.0380","6192677683200.0000"
"309.3129","0.0380","6193677516800.0000"
"309.3377","0.0380","6194678169600.0000"
"309.3613","0.0380","6195678003200.0000"
"309.3846","0.0380","6196677836800.0000"
"309.4084","0.0380","6197677260800.0000"
"309.4338","0.0380","6198677504000.0000"
"309.4610","0.0380","6199677337600.0000"
"309.4900","0.0380","6200676761600.0000"
"309.5200","0.0380","6201676595200.0000"
"309.5504","0.0380","6202676428800.0000"
"309.5810","0.0380","6203676672000.0000"
"309.6115","0.0380","6204676505600.0000"
"309.6419","0.0380","6205676339200.0000"
"309.6725","0.0380","6206676172800.0000"
"309.7036","0.0381","6207676416000.0000"
"309.7350","0.0381","6208675840000.0000"
"309.7663","0.0381","6209675673600.0000"
"309.7970","0.0381","6210675507200.0000"
"309.8273","0.0381","6211675340800.0000"
"309.8575","0.0381","6212675584000.0000"
"309.8881","0.0381","6213675008000.0000"
"309.9197","0.0381","6214674841600.0000"
"309.9525","0.0381","6215675084800.0000"
"309.9864","0.0381","6216674508800.0000"
"310.0213","0.0381","6217674752000.0000"
"310.0563","0.0381","6218674585600.0000"
"310.0912","0.0381","6219674419200.0000"
"310.1254","0.0381","6220673843200.0000"
"310.1582","0.0381","6221673676800.0000"
"310.1888","0.0381","6222673510400.0000"
"310.2177","0.0381","6223673344000.0000"
"310.2453","0.0381","6224673177600.0000"
"310.2724","0.0381","6225673011200.0000"
"310.2996","0.0381","6226673254400.0000"
"310.3274","0.0381","6227673088000.0000"
"310.3558","0.0381","6228672921600.0000"
"310.3850","0.0381","6229672345600.0000"
"310.4153","0.0381","6230672179200.0000"
"310.4470","0.0381","6231672422400.0000"
"310.4800","0.0381","6232672256000.0000"
"310.5139","0.0382","6233672089600.0000"
"310.5482","0.0382","6234671923200.0000"
"310.5826","0.0382","6235672166400.0000"
"310.6168","0.0382","6236672409600.0000"
"310.6509","0.0382","6237672652800.0000"
"310.6848","0.0382","6238672486400.0000"
"310.7184","0.0382","6239672729600.0000"
"310.7513","0.0382","6240672563200.0000"
"310.7834","0.0382","6241672396800.0000"
"310.8152","0.0382","6242672640000.0000"
"310.8470","0.0382","6243672473600.0000"
"310.8788","0.0382","6244672307200.0000"
"310.9109","0.0382","6245672550400.0000"
"310.9435","0.0382","6246672793600.0000"
"310.9768","0.0382","6247672627200.0000"
"311.0107","0.0382","6248672460800.0000"
"311.0448","0.0382","6249673113600.0000"
"311.0782","0.0382","6250672947200.0000"
"311.1106","0.0382","6251672780800.0000"
"311.1418","0.0382","6252673433600.0000"
"311.1719","0.0382","6253673267200.0000"
"311.2008","0.0382","6254673100800.0000"
"311.2285","0.0382","6255673753600.0000"
"311.2548","0.0382","6256673587200.0000"
"311.2795","0.0382","6257674240000.0000"
"311.3028","0.0382","6258674073600.0000"
"311.3252","0.0382","6259674726400.0000"
"311.3474","0.0383","6260675379200.0000"
"311.3699","0.0383","6261675212800.0000"
"311.3932","0.0383","6262675456000.0000"
"311.4176","0.0383","6263675699200.0000"
"311.4431","0.0383","6264676352000.0000"
"311.4696","0.0383","6265676185600.0000"
"311.4965","0.0383","6266676019200.0000"
"311.5234","0.0383","6267676672000.0000"
"311.5503","0.0383","6268677324800.0000"
"311.5771","0.0383","6269677158400.0000"
"311.6040","0.0383","6270677811200.0000"
"311.6311","0.0383","6271677644800.0000"
"311.6587","0.0383","6272678297600.0000"
"311.6868","0.0383","6273678131200.0000"
"311.7153","0.0383","6274677964800.0000"
"311.7439","0.0383","6275678617600.0000"
"311.7723","0.0383","6276678451200.0000"
"311.8009","0.0383","6277679104000.0000"
"311.8300","0.0383","6278678937600.0000"
"311.8599","0.0383","6279679590400.0000"
"311.8903","0.0383","6280679424000.0000"
"311.9212","0.0383","6281679257600.0000"
"311.9528","0.0383","6282679910400.0000"
"311.9853","0.0383","6283679744000.0000"
"312.0182","0.0383","6284680396800.0000"
"312.0509","0.0383","6285680230400.0000"
"312.0826","0.0383","6286680883200.0000"
"312.1127","0.0383","6287680716800.0000"
"312.1413","0.0384","6288681369600.0000"
"312.1681","0.0384","6289681203200.0000"
"312.1935","0.0384","6290681446400.0000"
"312.2182","0.0384","6291681280000.0000"
"312.2430","0.0384","6292681523200.0000"
"312.2683","0.0384","6293681356800.0000"
"312.2940","0.0384","6294681190400.0000"
"312.3199","0.0384","6295681024000.0000"
"312.3459","0.0384","6296680857600.0000"
"312.3727","0.0384","6297680691200.0000"
"312.4001","0.0384","6298680524800.0000"
"312.4279","0.0384","6299680358400.0000"
"312.4555","0.0384","6300681011200.0000"
"312.4828","0.0384","6301681254400.0000"
"312.5099","0.0384","6302681088000.0000"
"312.5365","0.0384","6303680921600.0000"
"312.5624","0.0384","6304681574400.0000"
"312.5877","0.0384","6305681408000.0000"
"312.6126","0.0384","6306681241600.0000"
"312.6380","0.0384","6307681075200.0000"
"312.6646","0.0384","6308680908800.0000"
"312.6925","0.0384","6309680742400.0000"
"312.7213","0.0384","6310680576000.0000"
"312.7508","0.0384","6311681228800.0000"
"312.7805","0.0384","6312681062400.0000"
"312.8100","0.0384","6313681305600.0000"
"312.8391","0.0384","6314681958400.0000"
"312.8673","0.0384","6315681792000.0000"
"312.8942","0.0384","6316681625600.0000"
"312.9197","0.0384","6317681459200.0000"
"312.9435","0.0384","6318681292800.0000"
"312.9654","0.0385","6319681126400.0000"
"312.9859","0.0385","6320680960000.0000"
"313.0053","0.0385","6321680793600.0000"
"313.0237","0.0385","6322680627200.0000"
"313.0423","0.0385","6323680460800.0000"
"313.0622","0.0385","6324680704000.0000"
"313.0842","0.0385","6325680537600.0000"
"313.1081","0.0385","6326680780800.0000"
"313.1332","0.0385","6327680614400.0000"
"313.1587","0.0385","6328680448000.0000"
"313.1839","0.0385","6329680281600.0000"
"313.2086","0.0385","6330680934400.0000"
"313.2333","0.0385","6331680768000.0000"
"313.2591","0.0385","6332680601600.0000"
"313.2867","0.0385","6333680435200.0000"
"313.3163","0.0385","6334681088000.0000"
"313.3476","0.0385","6335680921600.0000"
"313.3798","0.0385","6336681164800.0000"
"313.4120","0.0385","6337680998400.0000"
"313.4434","0.0385","6338680832000.0000"
"313.4741","0.0385","6339680665600.0000"
"313.5045","0.0385","6340680499200.0000"
"313.5351","0.0385","6341680332800.0000"
"313.5660","0.0385","6342680985600.0000"
"313.5972","0.0385","6343680819200.0000"
"313.6285","0.0385","6344680652800.0000"
"313.6598","0.0385","6345680486400.0000"
"313.6912","0.0385","6346680320000.0000"
"313.7227","0.0385","6347680972800.0000"
"313.7543","0.0385","6348681216000.0000"
"313.7858","0.0386","6349681049600.0000"
"313.8165","0.0386","6350680883200.0000"
"313.8458","0.0386","6351680716800.0000"
"313.8727","0.0386","6352680550400.0000"
"313.8971","0.0386","6353680793600.0000"
"313.9193","0.0386","6354680627200.0000"
"313.9406","0.0386","6355680460800.0000"
"313.9619","0.0386","6356680294400.0000"
"313.9843","0.0386","6357680947200.0000"
"314.0084","0.0386","6358680780800.0000"
"314.0338","0.0386","6359680614400.0000"
"314.0603","0.0386","6360681676800.0000"
"314.0875","0.0386","6361681510400.0000"
"314.1150","0.0386","6362681344000.0000"
"314.1428","0.0386","6363681177600.0000"
"314.1707","0.0386","6364681011200.0000"
"314.1985","0.0386","6365680844800.0000"
"314.2259","0.0386","6366680678400.0000"
"314.2530","0.0386","6367680512000.0000"
"314.2800","0.0386","6368680345600.0000"
"314.3071","0.0386","6369680998400.0000"
"314.3341","0.0386","6370680832000.0000"
"314.3615","0.0386","6371681075200.0000"
"314.3900","0.0386","6372680908800.0000"
"314.4200","0.0386","6373680742400.0000"
"314.4511","0.0386","6374680576000.0000"
"314.4835","0.0386","6375680409600.0000"
"314.5166","0.0386","6376681062400.0000"
"314.5504","0.0386","6377680896000.0000"
"314.5842","0.0387","6378680729600.0000"
"314.6176","0.0387","6379680563200.0000"
"314.6497","0.0387","6380681216000.0000"
"314.6805","0.0387","6381681049600.0000"
"314.7096","0.0387","6382680064000.0000"
"314.7372","0.0387","6383680307200.0000"
"314.7633","0.0387","6384680140800.0000"
"314.7882","0.0387","6385680384000.0000"
"314.8120","0.0387","6386680217600.0000"
"314.8351","0.0387","6387680051200.0000"
"314.8578","0.0387","6388679884800.0000"
"314.8803","0.0387","6389679718400.0000"
"314.9033","0.0387","6390679552000.0000"
"314.9274","0.0387","6391679385600.0000"
"314.9524","0.0387","6392678809600.0000"
"314.9778","0.0387","6393678643200.0000"
"315.0034","0.0387","6394679296000.0000"
"315.0293","0.0387","6395678310400.0000"
"315.0555","0.0387","6396678144000.0000"
"315.0818","0.0387","6397677977600.0000"
"315.1075","0.0387","6398677811200.0000"
"315.1319","0.0387","6399677644800.0000"
"315.1544","0.0387","6400677478400.0000"
"315.1751","0.0387","6401677721600.0000"
"315.1945","0.0387","6402677145600.0000"
"315.2141","0.0387","6403677388800.0000"
"315.2345","0.0387","6404676812800.0000"
"315.2555","0.0387","6405677056000.0000"
"315.2764","0.0387","6406676480000.0000"
"315.2975","0.0387","6407677542400.0000"
"315.3187","0.0387","6408676147200.0000"
"315.3399","0.0387","6409676390400.0000"
"315.3603","0.0387","6410676633600.0000"
"315.3791","0.0387","6411676057600.0000"
"315.3961","0.0387","6412677120000.0000"
"315.4117","0.0388","6413675724800.0000"
"315.4268","0.0388","6414675968000.0000"
"315.4417","0.0388","6415675392000.0000"
"315.4567","0.0388","6416676454400.0000"
"315.4724","0.0388","6417675878400.0000"
"315.4893","0.0388","6418676121600.0000"
"315.5079","0.0388","6419674726400.0000"
"315.5285","0.0388","6420674969600.0000"
"315.5514","0.0388","6421676032000.0000"
"315.5762","0.0388","6422675456000.0000"
"315.6022","0.0388","6423675699200.0000"
"315.6287","0.0388","6424675942400.0000"
"315.6552","0.0388","6425676185600.0000"
"315.6812","0.0388","6426675609600.0000"
"315.7063","0.0388","6427675852800.0000"
"315.7303","0.0388","6428676096000.0000"
"315.7533","0.0388","6429676339200.0000"
"315.7749","0.0388","6430675763200.0000"
"315.7951","0.0388","6431676825600.0000"
"315.8140","0.0388","6432677068800.0000"
"315.8321","0.0388","6433676492800.0000"
"315.8502","0.0388","6434676736000.0000"
"315.8694","0.0388","6435676569600.0000"
"315.8900","0.0388","6436676812800.0000"
"315.9116","0.0388","6437676236800.0000"
"315.9332","0.0388","6438676480000.0000"
"315.9546","0.0388","6439675904000.0000"
"315.9760","0.0388","6440676966400.0000"
"315.9979","0.0388","6441676390400.0000"
"316.0202","0.0388","6442676633600.0000"
"316.0430","0.0388","6443676057600.0000"
"316.0664","0.0388","6444676300800.0000"
"316.0902","0.0388","6445677363200.0000"
"316.1145","0.0388","6446676787200.0000"
"316.1387","0.0388","6447677030400.0000"
"316.1622","0.0388","6448676454400.0000"
"316.1848","0.0388","6449677516800.0000"
"316.2068","0.0388","6450676940800.0000"
"316.2285","0.0389","6451677184000.0000"
"316.2498","0.0389","6452677427200.0000"
"316.2708","0.0389","6453677670400.0000"
"316.2914","0.0389","6454677094400.0000"
"316.3118","0.0389","6455677337600.0000"
"316.3322","0.0389","6456677580800.0000"
"316.3529","0.0389","6457677824000.0000"
"316.3740","0.0389","6458677657600.0000"
"316.3956","0.0389","6459677491200.0000"
"316.4174","0.0389","6460678144000.0000"
"316.4387","0.0389","6461677568000.0000"
"316.4593","0.0389","6462677811200.0000"
"316.4791","0.0389","6463677235200.0000"
"316.4983","0.0389","6464676659200.0000"
"316.5170","0.0389","6465676902400.0000"
"316.5356","0.0389","6466677145600.0000"
"316.5544","0.0389","6467676569600.0000"
"316.5742","0.0389","6468676812800.0000"
"316.5953","0.0389","6469677056000.0000"
"316.6177","0.0389","6470676480000.0000"
"316.6408","0.0389","6471676723200.0000"
"316.6640","0.0389","6472676147200.0000"
"316.6867","0.0389","6473676390400.0000"
"316.7086","0.0389","6474675814400.0000"
"316.7296","0.0389","6475676057600.0000"
"316.7500","0.0389","6476675481600.0000"
"316.7701","0.0389","6477676544000.0000"
"316.7899","0.0389","6478675968000.0000"
"316.8092","0.0389","6479675392000.0000"
"316.8278","0.0389","6480675635200.0000"
"316.8460","0.0389","6481675878400.0000"
"316.8648","0.0389","6482676121600.0000"
"316.8850","0.0389","6483674726400.0000"
"316.9073","0.0389","6484674969600.0000"
"316.9318","0.0389","6485674393600.0000"
"316.9578","0.0389","6486674636800.0000"
"316.9846","0.0389","6487674060800.0000"
"317.0113","0.0389","6488674304000.0000"
"317.0372","0.0390","6489674547200.0000"
"317.0617","0.0390","6490673971200.0000"
"317.0844","0.0390","6491673395200.0000"
"317.1050","0.0390","6492673638400.0000"
"317.1240","0.0390","6493673881600.0000"
"317.1416","0.0390","6494672486400.0000"
"317.1582","0.0390","6495672729600.0000"
"317.1744","0.0390","6496672972800.0000"
"317.1908","0.0390","6497673216000.0000"
"317.2081","0.0390","6498671820800.0000"
"317.2267","0.0390","6499672064000.0000"
"317.2465","0.0390","6500672307200.0000"
"317.2668","0.0390","6501672550400.0000"
"317.2870","0.0390","6502672793600.0000"
"317.3072","0.0390","6503672217600.0000"
"317.3275","0.0390","6504672460800.0000"
"317.3479","0.0390","6505671884800.0000"
"317.3676","0.0390","6506672128000.0000"
"317.3865","0.0390","6507671552000.0000"
"317.4043","0.0390","6508671795200.0000"
"317.4211","0.0390","6509671219200.0000"
"317.4369","0.0390","6510671462400.0000"
"317.4518","0.0390","6511671705600.0000"
"317.4659","0.0390","6512671129600.0000"
"317.4795","0.0390","6513672192000.0000"
"317.4930","0.0390","6514671616000.0000"
"317.5073","0.0390","6515671859200.0000"
"317.5229","0.0390","6516671283200.0000"
"317.5399","0.0390","6517671526400.0000"
"317.5581","0.0390","6518670950400.0000"
"317.5772","0.0390","6519671193600.0000"
"317.5969","0.0390","6520670617600.0000"
"317.6164","0.0390","6521671680000.0000"
"317.6352","0.0390","6522671513600.0000"
"317.6534","0.0390","6523671347200.0000"
"317.6710","0.0390","6524672000000.0000"
"317.6884","0.0390","6525671424000.0000"
"317.7051","0.0390","6526671667200.0000"
"317.7208","0.0390","6527671091200.0000"
"317.7356","0.0390","6528672153600.0000"
"317.7500","0.0390","6529671577600.0000"
"317.7647","0.0390","6530671820800.0000"
"317.7802","0.0390","6531672064000.0000"
"317.7966","0.0390","6532672307200.0000"
"317.8143","0.0390","6533671731200.0000"
"317.8332","0.0390","6534671974400.0000"
"317.8530","0.0391","6535673036800.0000"
"317.8732","0.0391","6536672460800.0000"
"317.8934","0.0391","6537672704000.0000"
"317.9130","0.0391","6538672947200.0000"
"317.9319","0.0391","6539673190400.0000"
"317.9497","0.0391","6540672614400.0000"
"317.9666","0.0391","6541672857600.0000"
"317.9828","0.0391","6542673100800.0000"
"317.9981","0.0391","6543672934400.0000"
"318.0123","0.0391","6544672768000.0000"
"318.0258","0.0391","6545673420800.0000"
"318.0394","0.0391","6546672844800.0000"
"318.0543","0.0391","6547673088000.0000"
"318.0709","0.0391","6548673331200.0000"
"318.0888","0.0391","6549673574400.0000"
"318.1075","0.0391","6550673817600.0000"
"318.1271","0.0391","6551674060800.0000"
"318.1476","0.0391","6552674304000.0000"
"318.1684","0.0391","6553674547200.0000"
"318.1894","0.0391","6554674790400.0000"
"318.2106","0.0391","6555675033600.0000"
"318.2320","0.0391","6556675276800.0000"
"318.2535","0.0391","6557674700800.0000"
"318.2750","0.0391","6558674944000.0000"
"318.2957","0.0391","6559675187200.0000"
"318.3154","0.0391","6560675430400.0000"
"318.3349","0.0391","6561675264000.0000"
"318.3547","0.0391","6562675507200.0000"
"318.3754","0.0391","6563675750400.0000"
"318.3969","0.0391","6564675174400.0000"
"318.4190","0.0391","6565675417600.0000"
"318.4411","0.0391","6566675660800.0000"
"318.4631","0.0391","6567675904000.0000"
"318.4844","0.0391","6568675328000.0000"
"318.5046","0.0391","6569676390400.0000"
"318.5236","0.0391","6570675814400.0000"
"318.5417","0.0391","6571676057600.0000"
"318.5592","0.0391","6572676300800.0000"
"318.5758","0.0391","6573676544000.0000"
"318.5914","0.0391","6574677606400.0000"
"318.6062","0.0391","6575677030400.0000"
"318.6208","0.0391","6576677273600.0000"
"318.6360","0.0391","6577677516800.0000"
"318.6526","0.0392","6578677350400.0000"
"318.6709","0.0392","6579677593600.0000"
"318.6902","0.0392","6580677836800.0000"
"318.7105","0.0392","6581677260800.0000"
"318.7320","0.0392","6582678323200.0000"
"318.7545","0.0392","6583677747200.0000"
"318.7775","0.0392","6584677990400.0000"
"318.8000","0.0392","6585678233600.0000"
"318.8217","0.0392","6586678476800.0000"
"318.8422","0.0392","6587678720000.0000"
"318.8619","0.0392","6588678144000.0000"
"318.8812","0.0392","6589679206400.0000"
"318.9005","0.0392","6590678630400.0000"
"318.9201","0.0392","6591678873600.0000"
"318.9398","0.0392","6592679116800.0000"
"318.9597","0.0392","6593679360000.0000"
"318.9794","0.0392","6594679603200.0000"
"318.9987","0.0392","6595679846400.0000"
"319.0169","0.0392","6596679680000.0000"
"319.0340","0.0392","6597679923200.0000"
"319.0507","0.0392","6598679347200.0000"
"319.0679","0.0392","6599680409600.0000"
"319.0863","0.0392","6600680652800.0000"
"319.1058","0.0392","6601680896000.0000"
"319.1263","0.0392","6602681139200.0000"
"319.1474","0.0392","6603680563200.0000"
"319.1689","0.0392","6604681625600.0000"
"319.1908","0.0392","6605681049600.0000"
"319.2132","0.0392","6606682112000.0000"
"319.2355","0.0392","6607681536000.0000"
"319.2573","0.0392","6608681779200.0000"
"319.2785","0.0392","6609682022400.0000"
"319.2992","0.0392","6610682265600.0000"
"319.3198","0.0392","6611681689600.0000"
"319.3405","0.0392","6612681932800.0000"
"319.3612","0.0392","6613682585600.0000"
"319.3819","0.0392","6614682009600.0000"
"319.4025","0.0392","6615682252800.0000"
"319.4227","0.0392","6616682496000.0000"
"319.4423","0.0392","6617682739200.0000"
"319.4614","0.0392","6618682982400.0000"
"319.4804","0.0393","6619683225600.0000"
"319.4991","0.0393","6620682649600.0000"
"319.5172","0.0393","6621682892800.0000"
"319.5344","0.0393","6622683136000.0000"
"319.5505","0.0393","6623683379200.0000"
"319.5656","0.0393","6624682803200.0000"
"319.5798","0.0393","6625683865600.0000"
"319.5939","0.0393","6626684108800.0000"
"319.6086","0.0393","6627683532800.0000"
"319.6249","0.0393","6628683776000.0000"
"319.6432","0.0393","6629684019200.0000"
"319.6629","0.0393","6630684262400.0000"
"319.6834","0.0393","6631683686400.0000"
"319.7043","0.0393","6632683929600.0000"
"319.7249","0.0393","6633683763200.0000"
"319.7447","0.0393","6634684006400.0000"
"319.7628","0.0393","6635683430400.0000"
"319.7787","0.0393","6636683673600.0000"
"319.7922","0.0393","6637683916800.0000"
"319.8038","0.0393","6638683340800.0000"
"319.8140","0.0393","6639683584000.0000"
"319.8237","0.0393","6640683008000.0000"
"319.8338","0.0393","6641684070400.0000"
"319.8446","0.0393","6642683494400.0000"
"319.8562","0.0393","6643683737600.0000"
"319.8682","0.0393","6644683980800.0000"
"319.8807","0.0393","6645684224000.0000"
"319.8932","0.0393","6646683648000.0000"
"319.9053","0.0393","6647683891200.0000"
"319.9167","0.0393","6648683315200.0000"
"319.9279","0.0393","6649683558400.0000"
"319.9389","0.0393","6650683801600.0000"
"319.9490","0.0393","6651683225600.0000"
"319.9582","0.0393","6652684288000.0000"
"319.9670","0.0393","6653683712000.0000"
"319.9759","0.0393","6654683955200.0000"
"319.9852","0.0393","6655682560000.0000"
"319.9951","0.0393","6656682803200.0000"
"320.0058","0.0393","6657683046400.0000"
"320.0178","0.0393","6658683289600.0000"
"320.0309","0.0393","6659682713600.0000"
"320.0450","0.0393","6660682137600.0000"
"320.0604","0.0393","6661683200000.0000"
"320.0775","0.0393","6662682624000.0000"
"320.0955","0.0393","6663682867200.0000"
"320.1133","0.0393","6664682291200.0000"
"320.1302","0.0393","6665682534400.0000"
"320.1462","0.0393","6666681958400.0000"
"320.1620","0.0393","6667682201600.0000"
"320.1779","0.0393","6668681625600.0000"
"320.1939","0.0393","6669681868800.0000"
"320.2096","0.0393","6670682112000.0000"
"320.2251","0.0393","6671681536000.0000"
"320.2406","0.0393","6672681779200.0000"
"320.2566","0.0393","6673682022400.0000"
"320.2733","0.0393","6674681856000.0000"
"320.2917","0.0394","6675681689600.0000"
"320.3125","0.0394","6676681523200.0000"
"320.3358","0.0394","6677681356800.0000"
"320.3607","0.0394","6678681190400.0000"
"320.3857","0.0394","6679681024000.0000"
"320.4097","0.0394","6680680857600.0000"
"320.4325","0.0394","6681680691200.0000"
"320.4537","0.0394","6682680524800.0000"
"320.4729","0.0394","6683680768000.0000"
"320.4902","0.0394","6684680192000.0000"
"320.5056","0.0394","6685680435200.0000"
"320.5197","0.0394","6686679859200.0000"
"320.5333","0.0394","6687680102400.0000"
"320.5480","0.0394","6688679526400.0000"
"320.5645","0.0394","6689679769600.0000"
"320.5831","0.0394","6690679193600.0000"
"320.6037","0.0394","6691680256000.0000"
"320.6260","0.0394","6692679680000.0000"
"320.6493","0.0394","6693679923200.0000"
"320.6729","0.0394","6694680166400.0000"
"320.6963","0.0394","6695679590400.0000"
"320.7193","0.0394","6696679833600.0000"
"320.7419","0.0394","6697679257600.0000"
"320.7642","0.0394","6698680320000.0000"
"320.7859","0.0394","6699679744000.0000"
"320.8062","0.0394","6700679987200.0000"
"320.8245","0.0394","6701679411200.0000"
"320.8409","0.0394","6702678835200.0000"
"320.8560","0.0394","6703679078400.0000"
"320.8703","0.0394","6704679321600.0000"
"320.8836","0.0394","6705679564800.0000"
"320.8959","0.0394","6706678988800.0000"
"320.9073","0.0394","6707679232000.0000"
"320.9179","0.0394","6708678656000.0000"
"320.9281","0.0394","6709678899200.0000"
"320.9379","0.0394","6710678323200.0000"
"320.9478","0.0394","6711679385600.0000"
"320.9584","0.0394","6712678809600.0000"
"320.9698","0.0394","6713679052800.0000"
"320.9820","0.0394","6714678476800.0000"
"320.9949","0.0394","6715678720000.0000"
"321.0088","0.0394","6716679372800.0000"
"321.0238","0.0394","6717679206400.0000"
"321.0394","0.0394","6718679040000.0000"
"321.0551","0.0394","6719678873600.0000"
"321.0712","0.0394","6720678707200.0000"
"321.0886","0.0394","6721678950400.0000"
"321.1080","0.0395","6722679193600.0000"
"321.1291","0.0395","6723678617600.0000"
"321.1511","0.0395","6724678860800.0000"
"321.1729","0.0395","6725678284800.0000"
"321.1933","0.0395","6726679347200.0000"
"321.2123","0.0395","6727679590400.0000"
"321.2304","0.0395","6728679014400.0000"
"321.2480","0.0395","6729679257600.0000"
"321.2649","0.0395","6730679500800.0000"
"321.2810","0.0395","6731679744000.0000"
"321.2959","0.0395","6732679168000.0000"
"321.3097","0.0395","6733680230400.0000"
"321.3225","0.0395","6734679654400.0000"
"321.3351","0.0395","6735679897600.0000"
"321.3477","0.0395","6736679321600.0000"
"321.3610","0.0395","6737680384000.0000"
"321.3755","0.0395","6738679808000.0000"
"321.3914","0.0395","6739680051200.0000"
"321.4084","0.0395","6740680704000.0000"
"321.4261","0.0395","6741680537600.0000"
"321.4445","0.0395","6742680371200.0000"
"321.4630","0.0395","6743680204800.0000"
"321.4811","0.0395","6744680857600.0000"
"321.4984","0.0395","6745680281600.0000"
"321.5146","0.0395","6746680524800.0000"
"321.5299","0.0395","6747680768000.0000"
"321.5444","0.0395","6748681011200.0000"
"321.5582","0.0395","6749680435200.0000"
"321.5716","0.0395","6750680678400.0000"
"321.5854","0.0395","6751680921600.0000"
"321.6003","0.0395","6752681164800.0000"
"321.6170","0.0395","6753681408000.0000"
"321.6346","0.0395","6754680832000.0000"
"321.6520","0.0395","6755681075200.0000"
"321.6688","0.0395","6756680499200.0000"
"321.6853","0.0395","6757680742400.0000"
"321.7018","0.0395","6758680985600.0000"
"321.7182","0.0395","6759681228800.0000"
"321.7339","0.0395","6760680652800.0000"
"321.7483","0.0395","6761680896000.0000"
"321.7615","0.0395","6762680320000.0000"
"321.7745","0.0395","6763680563200.0000"
"321.7871","0.0395","6764680806400.0000"
"321.7986","0.0395","6765680230400.0000"
"321.8091","0.0395","6766680473600.0000"
"321.8189","0.0395","6767680716800.0000"
"321.8287","0.0395","6768680960000.0000"
"321.8392","0.0395","6769680384000.0000"
"321.8507","0.0395","6770680627200.0000"
"321.8633","0.0395","6771680051200.0000"
"321.8770","0.0395","6772680294400.0000"
"321.8915","0.0395","6773679718400.0000"
"321.9070","0.0395","6774680371200.0000"
"321.9238","0.0396","6775679795200.0000"
"321.9418","0.0396","6776679219200.0000"
"321.9603","0.0396","6777679462400.0000"
"321.9781","0.0396","6778678886400.0000"
"321.9945","0.0396","6779679129600.0000"
"322.0086","0.0396","6780678553600.0000"
"322.0204","0.0396","6781678796800.0000"
"322.0312","0.0396","6782678220800.0000"
"322.0426","0.0396","6783678464000.0000"
"322.0557","0.0396","6784677888000.0000"
"322.0701","0.0396","6785678131200.0000"
"322.0847","0.0396","6786678374400.0000"
"322.0990","0.0396","6787677798400.0000"
"322.1136","0.0396","6788678860800.0000"
"322.1289","0.0396","6789677465600.0000"
"322.1451","0.0396","6790677708800.0000"
"322.1620","0.0396","6791677132800.0000"
"322.1798","0.0396","6792678195200.0000"
"322.1984","0.0396","6793677619200.0000"
"322.2166","0.0396","6794677862400.0000"
"322.2330","0.0396","6795677286400.0000"
"322.2468","0.0396","6796677529600.0000"
"322.2582","0.0396","6797677772800.0000"
"322.2689","0.0396","6798677196800.0000"
"322.2802","0.0396","6799677440000.0000"
"322.2932","0.0396","6800676864000.0000"
"322.3075","0.0396","6801677107200.0000"
"322.3230","0.0396","6802676531200.0000"
"322.3395","0.0396","6803676774400.0000"
"322.3570","0.0396","6804676198400.0000"
"322.3748","0.0396","6805676441600.0000"
"322.3923","0.0396","6806675865600.0000"
"322.4095","0.0396","6807676108800.0000"
"322.4264","0.0396","6808676352000.0000"
"322.4429","0.0396","6809675776000.0000"
"322.4592","0.0396","6810676838400.0000"
"322.4750","0.0396","6811676262400.0000"
"322.4901","0.0396","6812676505600.0000"
"322.5043","0.0396","6813675929600.0000"
"322.5182","0.0396","6814676172800.0000"
"322.5328","0.0396","6815675596800.0000"
"322.5485","0.0396","6816675840000.0000"
"322.5651","0.0396","6817676083200.0000"
"322.5825","0.0396","6818676326400.0000"
"322.6003","0.0396","6819676569600.0000"
"322.6180","0.0396","6820675993600.0000"
"322.6353","0.0396","6821676236800.0000"
"322.6520","0.0396","6822675660800.0000"
"322.6678","0.0396","6823675904000.0000"
"322.6826","0.0396","6824675328000.0000"
"322.6964","0.0396","6825675571200.0000"
"322.7089","0.0396","6826675404800.0000"
"322.7202","0.0396","6827675648000.0000"
"322.7303","0.0397","6828675072000.0000"
"322.7396","0.0397","6829675315200.0000"
"322.7481","0.0397","6830675558400.0000"
"322.7564","0.0397","6831674982400.0000"
"322.7651","0.0397","6832675225600.0000"
"322.7744","0.0397","6833675468800.0000"
"322.7840","0.0397","6834675712000.0000"
"322.7939","0.0397","6835675136000.0000"
"322.8035","0.0397","6836675379200.0000"
"322.8119","0.0397","6837675622400.0000"
"322.8192","0.0397","6838675865600.0000"
"322.8257","0.0397","6839675289600.0000"
"322.8321","0.0397","6840676352000.0000"
"322.8385","0.0397","6841675776000.0000"
"322.8449","0.0397","6842676019200.0000"
"322.8510","0.0397","6843676262400.0000"
"322.8565","0.0397","6844675686400.0000"
"322.8613","0.0397","6845675929600.0000"
"322.8654","0.0397","6846676172800.0000"
"322.8695","0.0397","6847676416000.0000"
"322.8737","0.0397","6848675840000.0000"
"322.8782","0.0397","6849676083200.0000"
"322.8828","0.0397","6850675507200.0000"
"322.8876","0.0397","6851675750400.0000"
"322.8929","0.0397","6852675993600.0000"
"322.8983","0.0397","6853676236800.0000"
"322.9032","0.0397","6854676070400.0000"
"322.9076","0.0397","6855675904000.0000"
"322.9118","0.0397","6856675737600.0000"
"322.9161","0.0397","6857675980800.0000"
"322.9208","0.0397","6858676224000.0000"
"322.9258","0.0397","6859675648000.0000"
"322.9305","0.0397","6860675891200.0000"
"322.9348","0.0397","6861676134400.0000"
"322.9390","0.0397","6862676377600.0000"
"322.9438","0.0397","6863675801600.0000"
"322.9496","0.0397","6864676864000.0000"
"322.9570","0.0397","6865676288000.0000"
"322.9664","0.0397","6866676531200.0000"
"322.9779","0.0397","6867676774400.0000"
"322.9908","0.0397","6868676198400.0000"
"323.0042","0.0397","6869677260800.0000"
"323.0169","0.0397","6870676684800.0000"
"323.0280","0.0397","6871676928000.0000"
"323.0372","0.0397","6872675942400.0000"
"323.0447","0.0397","6873676185600.0000"
"323.0511","0.0397","6874676428800.0000"
"323.0565","0.0397","6875676672000.0000"
"323.0610","0.0397","6876676096000.0000"
"323.0653","0.0397","6877677158400.0000"
"323.0703","0.0397","6878677401600.0000"
"323.0770","0.0397","6879676825600.0000"
"323.0855","0.0397","6880677068800.0000"
"323.0962","0.0397","6881676492800.0000"
"323.1088","0.0397","6882677555200.0000"
"323.1229","0.0397","6883676979200.0000"
"323.1375","0.0397","6884677222400.0000"
"323.1520","0.0397","6885676646400.0000"
"323.1664","0.0397","6886677708800.0000"
"323.1805","0.0397","6887677132800.0000"
"323.1942","0.0397","6888677376000.0000"
"323.2073","0.0397","6889677619200.0000"
"323.2198","0.0397","6890677862400.0000"
"323.2314","0.0397","6891678105600.0000"
"323.2423","0.0397","6892677529600.0000"
"323.2526","0.0397","6893678592000.0000"
"323.2622","0.0397","6894678016000.0000"
"323.2717","0.0397","6895678259200.0000"
"323.2815","0.0397","6896677683200.0000"
"323.2921","0.0397","6897677926400.0000"
"323.3033","0.0397","6898677350400.0000"
"323.3148","0.0397","6899677593600.0000"
"323.3266","0.0397","6900677836800.0000"
"323.3386","0.0397","6901678080000.0000"
"323.3502","0.0397","6902678323200.0000"
"323.3615","0.0397","6903678566400.0000"
"323.3727","0.0397","6904678809600.0000"
"323.3833","0.0397","6905678233600.0000"
"323.3932","0.0397","6906678476800.0000"
"323.4018","0.0397","6907678720000.0000"
"323.4091","0.0397","6908678963200.0000"
"323.4156","0.0397","6909678387200.0000"
"323.4228","0.0397","6910679449600.0000"
"323.4312","0.0397","6911678873600.0000"
"323.4405","0.0397","6912679116800.0000"
"323.4502","0.0397","6913678540800.0000"
"323.4601","0.0397","6914678784000.0000"
"323.4700","0.0397","6915679027200.0000"
"323.4801","0.0397","6916678451200.0000"
"323.4905","0.0397","6917678694400.0000"
"323.5013","0.0397","6918678118400.0000"
"323.5123","0.0397","6919678361600.0000"
"323.5232","0.0397","6920677785600.0000"
"323.5334","0.0397","6921678028800.0000"
"323.5431","0.0398","6922677452800.0000"
"323.5518","0.0398","6923677696000.0000"
"323.5600","0.0398","6924677120000.0000"
"323.5685","0.0398","6925677363200.0000"
"323.5782","0.0398","6926678425600.0000"
"323.5895","0.0398","6927677030400.0000"
"323.6023","0.0398","6928677273600.0000"
"323.6161","0.0398","6929676697600.0000"
"323.6305","0.0398","6930677760000.0000"
"323.6449","0.0398","6931677184000.0000"
"323.6590","0.0398","6932677427200.0000"
"323.6723","0.0398","6933676032000.0000"
"323.6848","0.0398","6934676275200.0000"
"323.6967","0.0398","6935676518400.0000"
"323.7081","0.0398","6936676761600.0000"
"323.7186","0.0398","6937677004800.0000"
"323.7279","0.0398","6938675609600.0000"
"323.7359","0.0398","6939676672000.0000"
"323.7431","0.0398","6940676096000.0000"
"323.7504","0.0398","6941676339200.0000"
"323.7585","0.0398","6942674944000.0000"
"323.7675","0.0398","6943675187200.0000"
"323.7770","0.0398","6944675430400.0000"
"323.7865","0.0398","6945674854400.0000"
"323.7958","0.0398","6946675097600.0000"
"323.8050","0.0398","6947674521600.0000"
"323.8140","0.0398","6948674764800.0000"
"323.8229","0.0398","6949674188800.0000"
"323.8315","0.0398","6950674432000.0000"
"323.8395","0.0398","6951673856000.0000"
"323.8469","0.0398","6952674099200.0000"
"323.8534","0.0398","6953673523200.0000"
"323.8586","0.0398","6954673766400.0000"
"323.8625","0.0398","6955673190400.0000"
"323.8656","0.0398","6956673433600.0000"
"323.8691","0.0398","6957673676800.0000"
"323.8737","0.0398","6958673920000.0000"
"323.8795","0.0398","6959674163200.0000"
"323.8865","0.0398","6960673587200.0000"
"323.8942","0.0398","6961673830400.0000"
"323.9024","0.0398","6962673254400.0000"
"323.9109","0.0398","6963673497600.0000"
"323.9198","0.0398","6964672921600.0000"
"323.9290","0.0398","6965673164800.0000"
"323.9386","0.0398","6966673408000.0000"
"323.9484","0.0398","6967673651200.0000"
"323.9579","0.0398","6968673075200.0000"
"323.9669","0.0398","6969673318400.0000"
"323.9748","0.0398","6970673561600.0000"
"323.9819","0.0398","6971672985600.0000"
"323.9886","0.0398","6972673228800.0000"
"323.9949","0.0398","6973673472000.0000"
"324.0009","0.0398","6974673715200.0000"
"324.0069","0.0398","6975673139200.0000"
"324.0132","0.0398","6976673382400.0000"
"324.0196","0.0398","6977672806400.0000"
"324.0259","0.0398","6978673868800.0000"
"324.0323","0.0398","6979673292800.0000"
"324.0390","0.0398","6980673536000.0000"
"324.0460","0.0398","6981673779200.0000"
"324.0528","0.0398","6982674022400.0000"
"324.0591","0.0398","6983674265600.0000"
"324.0652","0.0398","6984673689600.0000"
"324.0710","0.0398","6985673932800.0000"
"324.0760","0.0398","6986674176000.0000"
"324.0801","0.0398","6987674419200.0000"
"324.0841","0.0398","6988673843200.0000"
"324.0888","0.0398","6989674086400.0000"
"324.0945","0.0398","6990673510400.0000"
"324.1008","0.0398","6991674572800.0000"
"324.1072","0.0398","6992674816000.0000"
"324.1136","0.0398","6993674240000.0000"
"324.1197","0.0398","6994674483200.0000"
"324.1257","0.0398","6995673907200.0000"
"324.1315","0.0398","6996674150400.0000"
"324.1369","0.0398","6997674393600.0000"
"324.1416","0.0398","6998673817600.0000"
"324.1455","0.0398","6999674060800.0000"
"324.1490","0.0398","7000674304000.0000"
"324.1525","0.0398","7001673728000.0000"
"324.1568","0.0398","7002673971200.0000"
"324.1622","0.0398","7003674214400.0000"
"324.1686","0.0398","7004674457600.0000"
"324.1755","0.0398","7005674700800.0000"
"324.1828","0.0398","7006674944000.0000"
"324.1907","0.0398","7007675187200.0000"
"324.1995","0.0398","7008674611200.0000"
"324.2090","0.0398","7009674854400.0000"
"324.2189","0.0398","7010675097600.0000"
"324.2283","0.0398","7011675340800.0000"
"324.2365","0.0398","7012674764800.0000"
"324.2435","0.0398","7013675008000.0000"
"324.2492","0.0398","7014674432000.0000"
"324.2538","0.0398","7015674675200.0000"
"324.2574","0.0398","7016674918400.0000"
"324.2606","0.0398","7017675161600.0000"
"324.2638","0.0398","7018675404800.0000"
"324.2676","0.0398","7019674828800.0000"
"324.2726","0.0398","7020675072000.0000"
"324.2787","0.0398","7021675315200.0000"
"324.2856","0.0398","7022675558400.0000"
"324.2927","0.0398","7023674982400.0000"
"324.2999","0.0398","7024675225600.0000"
"324.3070","0.0398","7025674649600.0000"
"324.3136","0.0398","7026674892800.0000"
"324.3195","0.0398","7027674316800.0000"
"324.3250","0.0398","7028675379200.0000"
"324.3302","0.0398","7029675622400.0000"
"324.3351","0.0398","7030675046400.0000"
"324.3394","0.0398","7031675289600.0000"
"324.3428","0.0398","7032674713600.0000"
"324.3452","0.0398","7033675776000.0000"
"324.3469","0.0398","7034676019200.0000"
"324.3481","0.0398","7035676262400.0000"
"324.3499","0.0399","7036675686400.0000"
"324.3531","0.0399","7037675929600.0000"
"324.3575","0.0399","7038675353600.0000"
"324.3626","0.0399","7039675596800.0000"
"324.3686","0.0399","7040675840000.0000"
"324.3756","0.0399","7041676083200.0000"
"324.3834","0.0399","7042676326400.0000"
"324.3914","0.0399","7043675750400.0000"
"324.3991","0.0399","7044675993600.0000"
"324.4067","0.0399","7045675417600.0000"
"324.4139","0.0399","7046676480000.0000"
"324.4205","0.0399","7047675904000.0000"
"324.4259","0.0399","7048676147200.0000"
"324.4294","0.0399","7049675571200.0000"
"324.4309","0.0399","7050675814400.0000"
"324.4308","0.0399","7051676057600.0000"
"324.4304","0.0399","7052676300800.0000"
"324.4302","0.0399","7053676544000.0000"
"324.4303","0.0399","7054676787200.0000"
"324.4309","0.0399","7055677849600.0000"
"324.4332","0.0399","7056677273600.0000"
"324.4376","0.0399","7057677516800.0000"
"324.4435","0.0399","7058676940800.0000"
"324.4501","0.0399","7059678822400.0000"
"324.4565","0.0399","7060678246400.0000"
"324.4617","0.0399","7061678489600.0000"
"324.4651","0.0399","7062678732800.0000"
"324.4664","0.0399","7063678976000.0000"
"324.4654","0.0399","7064678400000.0000"
"324.4627","0.0399","7065678643200.0000"
"324.4594","0.0399","7066679705600.0000"
"324.4564","0.0399","7067679948800.0000"
"324.4545","0.0399","7068680192000.0000"
"324.4542","0.0399","7069679616000.0000"
"324.4558","0.0399","7070680678400.0000"
"324.4589","0.0399","7071680102400.0000"
"324.4629","0.0399","7072680345600.0000"
"324.4673","0.0399","7073681408000.0000"
"324.4713","0.0399","7074681651200.0000"
"324.4748","0.0399","7075681075200.0000"
"324.4778","0.0399","7076681318400.0000"
"324.4807","0.0399","7077681561600.0000"
"324.4837","0.0399","7078681804800.0000"
"324.4865","0.0399","7079681228800.0000"
"324.4886","0.0399","7080682291200.0000"
"324.4897","0.0399","7081682534400.0000"
"324.4897","0.0399","7082681958400.0000"
"324.4888","0.0399","7083682201600.0000"
"324.4879","0.0399","7084682444800.0000"
"324.4881","0.0399","7085683507200.0000"
"324.4898","0.0399","7086682931200.0000"
"324.4931","0.0399","7087683174400.0000"
"324.4972","0.0399","7088682598400.0000"
"324.5014","0.0399","7089682841600.0000"
"324.5049","0.0399","7090682265600.0000"
"324.5073","0.0399","7091682508800.0000"
"324.5084","0.0399","7092682752000.0000"
"324.5084","0.0399","7093682995200.0000"
"324.5074","0.0399","7094683238400.0000"
"324.5057","0.0399","7095682662400.0000"
"324.5040","0.0399","7096682905600.0000"
"324.5024","0.0399","7097682329600.0000"
"324.5009","0.0399","7098682572800.0000"
"324.4997","0.0399","7099681996800.0000"
"324.4998","0.0399","7100682240000.0000"
"324.5010","0.0399","7101682483200.0000"
"324.5034","0.0399","7102682726400.0000"
"324.5070","0.0399","7103682150400.0000"
"324.5117","0.0399","7104682393600.0000"
"324.5171","0.0399","7105682636800.0000"
"324.5229","0.0399","7106681241600.0000"
"324.5291","0.0399","7107681484800.0000"
"324.5352","0.0399","7108680908800.0000"
"324.5411","0.0399","7109681152000.0000"
"324.5461","0.0399","7110681395200.0000"
"324.5500","0.0399","7111681638400.0000"
"324.5528","0.0399","7112681062400.0000"
"324.5545","0.0399","7113680486400.0000"
"324.5555","0.0399","7114680729600.0000"
"324.5563","0.0399","7115680153600.0000"
"324.5574","0.0399","7116680396800.0000"
"324.5592","0.0399","7117679001600.0000"
"324.5617","0.0399","7118679244800.0000"
"324.5648","0.0399","7119679488000.0000"
"324.5683","0.0399","7120679731200.0000"
"324.5719","0.0399","7121679155200.0000"
"324.5751","0.0399","7122679398400.0000"
"324.5779","0.0399","7123678003200.0000"
"324.5802","0.0399","7124678246400.0000"
"324.5826","0.0399","7125678489600.0000"
"324.5852","0.0399","7126677913600.0000"
"324.5881","0.0399","7127678156800.0000"
"324.5906","0.0399","7128678400000.0000"
"324.5923","0.0399","7129678643200.0000"
"324.5935","0.0399","7130678067200.0000"
"324.5949","0.0399","7131678310400.0000"
"324.5969","0.0399","7132677734400.0000"
"324.5997","0.0399","7133677977600.0000"
"324.6030","0.0399","7134677401600.0000"
"324.6068","0.0399","7135677644800.0000"
"324.6111","0.0399","7136677888000.0000"
"324.6159","0.0399","7137678131200.0000"
"324.6211","0.0399","7138678374400.0000"
"324.6267","0.0399","7139677798400.0000"
"324.6324","0.0399","7140678041600.0000"
"324.6376","0.0399","7141677465600.0000"
"324.6418","0.0399","7142677708800.0000"
"324.6444","0.0399","7143677132800.0000"
"324.6455","0.0399","7144678195200.0000"
"324.6456","0.0399","7145677619200.0000"
"324.6454","0.0399","7146677862400.0000"
"324.6460","0.0399","7147678105600.0000"
"324.6483","0.0399","7148677529600.0000"
"324.6527","0.0399","7149677772800.0000"
"324.6591","0.0399","7150677196800.0000"
"324.6670","0.0399","7151679078400.0000"
"324.6759","0.0399","7152678502400.0000"
"324.6853","0.0399","7153677926400.0000"
"324.6952","0.0399","7154678169600.0000"
"324.7057","0.0399","7155677593600.0000"
"324.7167","0.0399","7156677836800.0000"
"324.7272","0.0399","7157678080000.0000"
"324.7366","0.0399","7158678323200.0000"
"324.7443","0.0399","7159678566400.0000"
"324.7505","0.0399","7160678809600.0000"
"324.7553","0.0399","7161679052800.0000"
"324.7588","0.0399","7162679296000.0000"
"324.7615","0.0399","7163678720000.0000"
"324.7645","0.0399","7164678963200.0000"
"324.7683","0.0399","7165679206400.0000"
"324.7733","0.0399","7166679449600.0000"
"324.7794","0.0399","7167679692800.0000"
"324.7858","0.0399","7168679936000.0000"
"324.7921","0.0399","7169679360000.0000"
"324.7979","0.0399","7170679603200.0000"
"324.8030","0.0399","7171679027200.0000"
"324.8076","0.0399","7172680908800.0000"
"324.8111","0.0399","7173681152000.0000"
"324.8134","0.0399","7174680576000.0000"
"324.8146","0.0399","7175680819200.0000"
"324.8147","0.0399","7176680243200.0000"
"324.8138","0.0399","7177681305600.0000"
"324.8126","0.0399","7178680729600.0000"
"324.8119","0.0399","7179681792000.0000"
"324.8125","0.0399","7180681216000.0000"
"324.8148","0.0399","7181681459200.0000"
"324.8184","0.0399","7182680883200.0000"
"324.8230","0.0399","7183681126400.0000"
"324.8284","0.0399","7184680550400.0000"
"324.8346","0.0399","7185680793600.0000"
"324.8412","0.0399","7186681856000.0000"
"324.8475","0.0399","7187681280000.0000"
"324.8525","0.0399","7188681523200.0000"
"324.8559","0.0399","7189680947200.0000"
"324.8580","0.0399","7190681190400.0000"
"324.8593","0.0399","7191680614400.0000"
"324.8597","0.0399","7192680857600.0000"
"324.8591","0.0399","7193680281600.0000"
"324.8578","0.0399","7194680524800.0000"
"324.8568","0.0399","7195680768000.0000"
"324.8566","0.0399","7196681011200.0000"
"324.8578","0.0399","7197681254400.0000"
"324.8608","0.0399","7198680678400.0000"
"324.8656","0.0399","7199680921600.0000"
"324.8716","0.0399","7200680345600.0000"
"324.8780","0.0399","7201680588800.0000"
"324.8842","0.0399","7202680012800.0000"
"324.8898","0.0399","7203680256000.0000"
"324.8946","0.0399","7204679680000.0000"
"324.8979","0.0399","7205679923200.0000"
"324.9001","0.0399","7206679347200.0000"
"324.9015","0.0399","7207679590400.0000"
"324.9023","0.0399","7208679833600.0000"
"324.9019","0.0399","7209679257600.0000"
"324.9008","0.0399","7210679500800.0000"
"324.9000","0.0399","7211679744000.0000"
"324.9008","0.0399","7212679987200.0000"
"324.9033","0.0399","7213679411200.0000"
"324.9071","0.0399","7214679654400.0000"
"324.9116","0.0399","7215678259200.0000"
"324.9164","0.0399","7216678502400.0000"
"324.9212","0.0399","7217677926400.0000"
"324.9258","0.0399","7218678169600.0000"
"324.9301","0.0399","7219678412800.0000"
"324.9339","0.0399","7220678656000.0000"
"324.9374","0.0399","7221678899200.0000"
"324.9404","0.0399","7222678323200.0000"
"324.9426","0.0399","7223678566400.0000"
"324.9440","0.0399","7224677990400.0000"
"324.9447","0.0399","7225678233600.0000"
"324.9452","0.0399","7226677657600.0000"
"324.9462","0.0399","7227678720000.0000"
"324.9479","0.0399","7228678144000.0000"
"324.9500","0.0399","7229678387200.0000"
"324.9518","0.0399","7230678630400.0000"
"324.9530","0.0399","7231678054400.0000"
"324.9540","0.0399","7232678297600.0000"
"324.9551","0.0399","7233677721600.0000"
"324.9564","0.0399","7234677964800.0000"
"324.9577","0.0399","7235677388800.0000"
"324.9583","0.0399","7236678451200.0000"
"324.9576","0.0399","7237677875200.0000"
"324.9549","0.0399","7238678118400.0000"
"324.9504","0.0399","7239677542400.0000"
"324.9441","0.0399","7240677785600.0000"
"324.9365","0.0399","7241678028800.0000"
"324.9284","0.0399","7242677452800.0000"
"324.9207","0.0399","7243678515200.0000"
"324.9135","0.0399","7244677939200.0000"
"324.9071","0.0399","7245678182400.0000"
"324.9015","0.0399","7246677606400.0000"
"324.8973","0.0399","7247677849600.0000"
"324.8948","0.0399","7248677273600.0000"
"324.8941","0.0399","7249677516800.0000"
"324.8943","0.0399","7250676940800.0000"
"324.8947","0.0399","7251677184000.0000"
"324.8952","0.0399","7252677427200.0000"
"324.8957","0.0399","7253677670400.0000"
"324.8961","0.0399","7254677913600.0000"
"324.8964","0.0399","7255677337600.0000"
"324.8965","0.0399","7256677580800.0000"
"324.8965","0.0399","7257677004800.0000"
"324.8965","0.0399","7258677248000.0000"
"324.8971","0.0399","7259677491200.0000"
"324.8983","0.0399","7260677734400.0000"
"324.9001","0.0399","7261677158400.0000"
"324.9026","0.0399","7262677401600.0000"
"324.9057","0.0399","7263676825600.0000"
"324.9095","0.0399","7264676249600.0000"
"324.9141","0.0399","7265676492800.0000"
"324.9193","0.0399","7266675916800.0000"
"324.9247","0.0399","7267676160000.0000"
"324.9290","0.0399","7268676403200.0000"
"324.9314","0.0399","7269676646400.0000"
"324.9317","0.0399","7270676070400.0000"
"324.9303","0.0399","7271676313600.0000"
"324.9272","0.0399","7272675737600.0000"
"324.9227","0.0399","7273675980800.0000"
"324.9178","0.0399","7274675404800.0000"
"324.9135","0.0399","7275675648000.0000"
"324.9105","0.0399","7276675891200.0000"
"324.9089","0.0399","7277676134400.0000"
"324.9079","0.0399","7278676377600.0000"
"324.9067","0.0399","7279675801600.0000"
"324.9048","0.0399","7280676044800.0000"
"324.9017","0.0399","7281675468800.0000"
"324.8973","0.0399","7282675712000.0000"
"324.8916","0.0399","7283674316800.0000"
"324.8848","0.0399","7284674560000.0000"
"324.8773","0.0399","7285674803200.0000"
"324.8701","0.0399","7286675046400.0000"
"324.8640","0.0399","7287675289600.0000"
"324.8591","0.0399","7288674713600.0000"
"324.8548","0.0399","7289674956800.0000"
"324.8516","0.0399","7290674380800.0000"
"324.8500","0.0399","7291674624000.0000"
"324.8498","0.0399","7292674048000.0000"
"324.8497","0.0399","7293674291200.0000"
"324.8490","0.0399","7294674534400.0000"
"324.8475","0.0399","7295673958400.0000"
"324.8455","0.0399","7296673382400.0000"
"324.8432","0.0399","7297673625600.0000"
"324.8410","0.0399","7298673868800.0000"
"324.8387","0.0399","7299674112000.0000"
"324.8365","0.0399","7300675174400.0000"
"324.8340","0.0399","7301674598400.0000"
"324.8304","0.0399","7302674841600.0000"
"324.8254","0.0399","7303674265600.0000"
"324.8193","0.0399","7304674508800.0000"
"324.8129","0.0399","7305673932800.0000"
"324.8071","0.0399","7306674176000.0000"
"324.8018","0.0399","7307673600000.0000"
"324.7967","0.0399","7308673843200.0000"
"324.7917","0.0399","7309674905600.0000"
"324.7874","0.0399","7310674329600.0000"
"324.7837","0.0399","7311674572800.0000"
"324.7804","0.0399","7312673996800.0000"
"324.7770","0.0399","7313674240000.0000"
"324.7737","0.0399","7314673664000.0000"
"324.7699","0.0399","7315674726400.0000"
"324.7653","0.0399","7316674969600.0000"
"324.7596","0.0399","7317675212800.0000"
"324.7527","0.0399","7318674636800.0000"
"324.7449","0.0399","7319674880000.0000"
"324.7365","0.0399","7320675123200.0000"
"324.7283","0.0399","7321675366400.0000"
"324.7213","0.0399","7322675609600.0000"
"324.7160","0.0399","7323675852800.0000"
"324.7127","0.0399","7324676915200.0000"
"324.7111","0.0399","7325676339200.0000"
"324.7111","0.0399","7326676582400.0000"
"324.7124","0.0399","7327676006400.0000"
"324.7150","0.0399","7328676249600.0000"
"324.7180","0.0399","7329677312000.0000"
"324.7208","0.0399","7330677555200.0000"
"324.7227","0.0399","7331676979200.0000"
"324.7232","0.0399","7332677222400.0000"
"324.7224","0.0399","7333676646400.0000"
"324.7204","0.0399","7334676889600.0000"
"324.7175","0.0399","7335677132800.0000"
"324.7140","0.0399","7336677376000.0000"
"324.7106","0.0399","7337677619200.0000"
"324.7086","0.0399","7338677043200.0000"
"324.7085","0.0399","7339677286400.0000"
"324.7107","0.0399","7340676710400.0000"
"324.7142","0.0399","7341677772800.0000"
"324.7180","0.0399","7342678016000.0000"
"324.7215","0.0399","7343678259200.0000"
"324.7242","0.0399","7344677683200.0000"
"324.7261","0.0399","7345678745600.0000"
"324.7272","0.0399","7346678169600.0000"
"324.7273","0.0399","7347678412800.0000"
"324.7261","0.0399","7348678656000.0000"
"324.7232","0.0399","7349679718400.0000"
"324.7187","0.0399","7350679961600.0000"
"324.7129","0.0399","7351679385600.0000"
"324.7063","0.0399","7352679628800.0000"
"324.6996","0.0399","7353679052800.0000"
"324.6935","0.0399","7354680115200.0000"
"324.6880","0.0399","7355679539200.0000"
"324.6829","0.0399","7356680601600.0000"
"324.6774","0.0399","7357680025600.0000"
"324.6711","0.0399","7358680268800.0000"
"324.6643","0.0399","7359680512000.0000"
"324.6572","0.0399","7360680755200.0000"
"324.6502","0.0399","7361680998400.0000"
"324.6436","0.0399","7362680422400.0000"
"324.6373","0.0399","7363681484800.0000"
"324.6317","0.0399","7364681728000.0000"
"324.6260","0.0399","7365681971200.0000"
"324.6194","0.0399","7366681395200.0000"
"324.6118","0.0399","7367681638400.0000"
"324.6037","0.0399","7368681062400.0000"
"324.5956","0.0399","7369682124800.0000"
"324.5883","0.0399","7370682368000.0000"
"324.5820","0.0399","7371681792000.0000"
"324.5770","0.0399","7372682035200.0000"
"324.5728","0.0399","7373681459200.0000"
"324.5692","0.0399","7374682521600.0000"
"324.5661","0.0399","7375682764800.0000"
"324.5637","0.0399","7376683008000.0000"
"324.5624","0.0399","7377682432000.0000"
"324.5617","0.0399","7378682675200.0000"
"324.5608","0.0399","7379682099200.0000"
"324.5591","0.0399","7380682342400.0000"
"324.5562","0.0399","7381681766400.0000"
"324.5516","0.0399","7382682009600.0000"
"324.5457","0.0399","7383681433600.0000"
"324.5388","0.0399","7384682496000.0000"
"324.5321","0.0399","7385682739200.0000"
"324.5260","0.0399","7386682982400.0000"
"324.5206","0.0399","7387683225600.0000"
"324.5161","0.0399","7388682649600.0000"
"324.5127","0.0399","7389682892800.0000"
"324.5104","0.0399","7390682316800.0000"
"324.5088","0.0399","7391683379200.0000"
"324.5069","0.0399","7392682803200.0000"
"324.5040","0.0399","7393683046400.0000"
"324.5000","0.0399","7394682470400.0000"
"324.4956","0.0399","7395682713600.0000"
"324.4914","0.0399","7396682137600.0000"
"324.4875","0.0399","7397682380800.0000"
"324.4837","0.0399","7398683443200.0000"
"324.4798","0.0399","7399682867200.0000"
"324.4756","0.0399","7400683110400.0000"
"324.4710","0.0399","7401682534400.0000"
"324.4665","0.0399","7402682777600.0000"
"324.4630","0.0399","7403682201600.0000"
"324.4607","0.0399","7404682444800.0000"
"324.4592","0.0399","7405681868800.0000"
"324.4572","0.0399","7406682112000.0000"
"324.4538","0.0399","7407682355200.0000"
"324.4486","0.0399","7408682598400.0000"
"324.4419","0.0399","7409682841600.0000"
"324.4340","0.0399","7410682265600.0000"
"324.4252","0.0399","7411682508800.0000"
"324.4163","0.0399","7412681932800.0000"
"324.4079","0.0399","7413682176000.0000"
"324.4001","0.0399","7414682419200.0000"
"324.3928","0.0399","7415682662400.0000"
"324.3863","0.0399","7416682086400.0000"
"324.3813","0.0399","7417682329600.0000"
"324.3779","0.0399","7418681753600.0000"
"324.3754","0.0399","7419681996800.0000"
"324.3733","0.0399","7420682240000.0000"
"324.3710","0.0399","7421681664000.0000"
"324.3687","0.0399","7422681907200.0000"
"324.3659","0.0399","7423681331200.0000"
"324.3625","0.0399","7424681574400.0000"
"324.3584","0.0399","7425680998400.0000"
"324.3539","0.0399","7426681241600.0000"
"324.3488","0.0398","7427680665600.0000"
"324.3427","0.0398","7428680908800.0000"
"324.3353","0.0398","7429680332800.0000"
"324.3264","0.0398","7430680576000.0000"
"324.3162","0.0398","7431680819200.0000"
"324.3051","0.0398","7432680243200.0000"
"324.2939","0.0398","7433680486400.0000"
"324.2835","0.0398","7434679910400.0000"
"324.2747","0.0398","7435680153600.0000"
"324.2676","0.0398","7436679577600.0000"
"324.2614","0.0398","7437679820800.0000"
"324.2551","0.0398","7438679244800.0000"
"324.2488","0.0398","7439679488000.0000"
"324.2426","0.0398","7440678912000.0000"
"324.2364","0.0398","7441679974400.0000"
"324.2303","0.0398","7442679398400.0000"
"324.2240","0.0398","7443679641600.0000"
"324.2170","0.0398","7444679065600.0000"
"324.2092","0.0398","7445678489600.0000"
"324.2003","0.0398","7446678732800.0000"
"324.1906","0.0398","7447678156800.0000"
"324.1809","0.0398","7448678400000.0000"
"324.1723","0.0398","7449677824000.0000"
"324.1652","0.0398","7450678067200.0000"
"324.1599","0.0398","7451677491200.0000"
"324.1565","0.0398","7452677734400.0000"
"324.1543","0.0398","7453677977600.0000"
"324.1525","0.0398","7454677401600.0000"
"324.1498","0.0398","7455676825600.0000"
"324.1455","0.0398","7456676249600.0000"
"324.1394","0.0398","7457676492800.0000"
"324.1317","0.0398","7458675916800.0000"
"324.1225","0.0398","7459676979200.0000"
"324.1119","0.0398","7460674764800.0000"
"324.0999","0.0398","7461675827200.0000"
"324.0868","0.0398","7462676070400.0000"
"324.0728","0.0398","7463675494400.0000"
"324.0587","0.0398","7464675737600.0000"
"324.0451","0.0398","7465675161600.0000"
"324.0330","0.0398","7466675404800.0000"
"324.0224","0.0398","7467674009600.0000"
"324.0133","0.0398","7468674252800.0000"
"324.0055","0.0398","7469673676800.0000"
"323.9989","0.0398","7470674739200.0000"
"323.9932","0.0398","7471674163200.0000"
"323.9882","0.0398","7472674406400.0000"
"323.9839","0.0398","7473673830400.0000"
"323.9803","0.0398","7474673254400.0000"
"323.9773","0.0398","7475673497600.0000"
"323.9740","0.0398","7476672921600.0000"
"323.9696","0.0398","7477673164800.0000"
"323.9630","0.0398","7478671769600.0000"
"323.9545","0.0398","7479672832000.0000"
"323.9447","0.0398","7480672256000.0000"
"323.9344","0.0398","7481672499200.0000"
"323.9240","0.0398","7482671923200.0000"
"323.9136","0.0398","7483672166400.0000"
"323.9033","0.0398","7484671590400.0000"
"323.8934","0.0398","7485671833600.0000"
"323.8842","0.0398","7486671257600.0000"
"323.8767","0.0398","7487671500800.0000"
"323.8710","0.0398","7488671744000.0000"
"323.8665","0.0398","7489671168000.0000"
"323.8622","0.0398","7490671411200.0000"
"323.8578","0.0398","7491670835200.0000"
"323.8530","0.0398","7492671078400.0000"
"323.8477","0.0398","7493670502400.0000"
"323.8416","0.0398","7494670745600.0000"
"323.8348","0.0398","7495671808000.0000"
"323.8284","0.0398","7496671232000.0000"
"323.8237","0.0398","7497671475200.0000"
"323.8216","0.0398","7498670899200.0000"
"323.8222","0.0398","7499671142400.0000"
"323.8244","0.0398","7500670566400.0000"
"323.8272","0.0398","7501670809600.0000"
"323.8301","0.0398","7502670233600.0000"
"323.8326","0.0398","7503670476800.0000"
"323.8344","0.0398","7504670720000.0000"
"323.8358","0.0398","7505670963200.0000"
"323.8363","0.0398","7506671206400.0000"
"323.8354","0.0398","7507670630400.0000"
"323.8330","0.0398","7508671692800.0000"
"323.8289","0.0398","7509671116800.0000"
"323.8233","0.0398","7510671360000.0000"
"323.8169","0.0398","7511671603200.0000"
"323.8112","0.0398","7512671846400.0000"
"323.8066","0.0398","7513671270400.0000"
"323.8030","0.0398","7514672332800.0000"
"323.8002","0.0398","7515671756800.0000"
"323.7980","0.0398","7516672000000.0000"
"323.7964","0.0398","7517671424000.0000"
"323.7950","0.0398","7518673305600.0000"
"323.7930","0.0398","7519673548800.0000"
"323.7898","0.0398","7520672972800.0000"
"323.7847","0.0398","7521673216000.0000"
"323.7776","0.0398","7522673459200.0000"
"323.7689","0.0398","7523674521600.0000"
"323.7595","0.0398","7524673945600.0000"
"323.7504","0.0398","7525674188800.0000"
"323.7425","0.0398","7526673612800.0000"
"323.7367","0.0398","7527674675200.0000"
"323.7326","0.0398","7528674099200.0000"
"323.7295","0.0398","7529674342400.0000"
"323.7263","0.0398","7530674585600.0000"
"323.7230","0.0398","7531674828800.0000"
"323.7196","0.0398","7532675072000.0000"
"323.7162","0.0398","7533674496000.0000"
"323.7131","0.0398","7534674739200.0000"
"323.7105","0.0398","7535674982400.0000"
"323.7080","0.0398","7536675225600.0000"
"323.7054","0.0398","7537675468800.0000"
"323.7023","0.0398","7538676531200.0000"
"323.6985","0.0398","7539675955200.0000"
"323.6938","0.0398","7540676198400.0000"
"323.6881","0.0398","7541676441600.0000"
"323.6823","0.0398","7542677504000.0000"
"323.6769","0.0398","7543676928000.0000"
"323.6721","0.0398","7544677990400.0000"
"323.6678","0.0398","7545678233600.0000"
"323.6634","0.0398","7546677657600.0000"
"323.6583","0.0398","7547677900800.0000"
"323.6525","0.0398","7548677324800.0000"
"323.6461","0.0398","7549679206400.0000"
"323.6395","0.0398","7550678630400.0000"
"323.6329","0.0398","7551678873600.0000"
"323.6264","0.0398","7552678297600.0000"
"323.6196","0.0398","7553678540800.0000"
"323.6124","0.0398","7554677964800.0000"
"323.6045","0.0398","7555679027200.0000"
"323.5954","0.0398","7556679270400.0000"
"323.5850","0.0398","7557679513600.0000"
"323.5734","0.0398","7558679756800.0000"
"323.5612","0.0398","7559679180800.0000"
"323.5492","0.0398","7560679424000.0000"
"323.5382","0.0398","7561679667200.0000"
"323.5284","0.0397","7562679910400.0000"
"323.5199","0.0397","7563679334400.0000"
"323.5123","0.0397","7564679577600.0000"
"323.5049","0.0397","7565679001600.0000"
"323.4966","0.0397","7566679244800.0000"
"323.4870","0.0397","7567679488000.0000"
"323.4763","0.0397","7568679731200.0000"
"323.4651","0.0397","7569679155200.0000"
"323.4532","0.0397","7570680217600.0000"
"323.4407","0.0397","7571680460800.0000"
"323.4281","0.0397","7572679884800.0000"
"323.4160","0.0397","7573680128000.0000"
"323.4049","0.0397","7574679552000.0000"
"323.3951","0.0397","7575679795200.0000"
"323.3861","0.0397","7576679219200.0000"
"323.3776","0.0397","7577680281600.0000"
"323.3696","0.0397","7578679705600.0000"
"323.3623","0.0397","7579679948800.0000"
"323.3561","0.0397","7580679372800.0000"
"323.3510","0.0397","7581679616000.0000"
"323.3470","0.0397","7582680678400.0000"
"323.3434","0.0397","7583680102400.0000"
"323.3394","0.0397","7584681164800.0000"
"323.3342","0.0397","7585680588800.0000"
"323.3278","0.0397","7586680832000.0000"
"323.3204","0.0397","7587680256000.0000"
"323.3124","0.0397","7588681318400.0000"
"323.3045","0.0397","7589680742400.0000"
"323.2976","0.0397","7590680985600.0000"
"323.2923","0.0397","7591681228800.0000"
"323.2888","0.0397","7592681472000.0000"
"323.2868","0.0397","7593680896000.0000"
"323.2856","0.0397","7594681139200.0000"
"323.2850","0.0397","7595682201600.0000"
"323.2852","0.0397","7596681625600.0000"
"323.2856","0.0397","7597681868800.0000"
"323.2859","0.0397","7598682112000.0000"
"323.2851","0.0397","7599682355200.0000"
"323.2831","0.0397","7600681779200.0000"
"323.2807","0.0397","7601682022400.0000"
"323.2784","0.0397","7602682265600.0000"
"323.2761","0.0397","7603682508800.0000"
"323.2731","0.0397","7604681932800.0000"
"323.2692","0.0397","7605682995200.0000"
"323.2646","0.0397","7606682419200.0000"
"323.2597","0.0397","7607681843200.0000"
"323.2544","0.0397","7608682905600.0000"
"323.2487","0.0397","7609682329600.0000"
"323.2430","0.0397","7610682572800.0000"
"323.2374","0.0397","7611681996800.0000"
"323.2318","0.0397","7612683059200.0000"
"323.2266","0.0397","7613682483200.0000"
"323.2222","0.0397","7614683545600.0000"
"323.2193","0.0397","7615682969600.0000"
"323.2180","0.0397","7616683212800.0000"
"323.2176","0.0397","7617682636800.0000"
"323.2172","0.0397","7618682880000.0000"
"323.2164","0.0397","7619683123200.0000"
"323.2152","0.0397","7620683366400.0000"
"323.2141","0.0397","7621683609600.0000"
"323.2132","0.0397","7622683033600.0000"
"323.2126","0.0397","7623683276800.0000"
"323.2118","0.0397","7624682700800.0000"
"323.2108","0.0397","7625682944000.0000"
"323.2101","0.0397","7626682368000.0000"
"323.2096","0.0397","7627681792000.0000"
"323.2093","0.0397","7628682035200.0000"
"323.2091","0.0397","7629682278400.0000"
"323.2090","0.0397","7630682521600.0000"
"323.2090","0.0397","7631681945600.0000"
"323.2092","0.0397","7632682188800.0000"
"323.2092","0.0397","7633681612800.0000"
"323.2088","0.0397","7634681856000.0000"
"323.2079","0.0397","7635681280000.0000"
"323.2064","0.0397","7636681523200.0000"
"323.2043","0.0397","7637681766400.0000"
"323.2022","0.0397","7638682009600.0000"
"323.2008","0.0397","7639681433600.0000"
"323.2005","0.0397","7640681676800.0000"
"323.2013","0.0397","7641681100800.0000"
"323.2030","0.0397","7642680524800.0000"
"323.2052","0.0397","7643680768000.0000"
"323.2072","0.0397","7644680192000.0000"
"323.2087","0.0397","7645680435200.0000"
"323.2091","0.0397","7646679859200.0000"
"323.2085","0.0397","7647680102400.0000"
"323.2072","0.0397","7648679526400.0000"
"323.2054","0.0397","7649679769600.0000"
"323.2031","0.0397","7650679193600.0000"
"323.2005","0.0397","7651679436800.0000"
"323.1976","0.0397","7652678860800.0000"
"323.1946","0.0397","7653678284800.0000"
"323.1922","0.0397","7654678528000.0000"
"323.1913","0.0397","7655678771200.0000"
"323.1916","0.0397","7656679014400.0000"
"323.1930","0.0397","7657678438400.0000"
"323.1948","0.0397","7658678681600.0000"
"323.1965","0.0397","7659678105600.0000"
"323.1979","0.0397","7660678348800.0000"
"323.1989","0.0397","7661677772800.0000"
"323.2001","0.0397","7662678016000.0000"
"323.2014","0.0397","7663678259200.0000"
"323.2030","0.0397","7664678502400.0000"
"323.2048","0.0397","7665678745600.0000"
"323.2068","0.0397","7666678169600.0000"
"323.2093","0.0397","7667678412800.0000"
"323.2116","0.0397","7668677017600.0000"
"323.2140","0.0397","7669677260800.0000"
"323.2167","0.0397","7670676684800.0000"
"323.2196","0.0397","7671676928000.0000"
"323.2221","0.0397","7672676352000.0000"
"323.2238","0.0397","7673677414400.0000"
"323.2251","0.0397","7674677657600.0000"
"323.2262","0.0397","7675677081600.0000"
"323.2276","0.0397","7676678144000.0000"
"323.2293","0.0397","7677677568000.0000"
"323.2311","0.0397","7678677811200.0000"
"323.2325","0.0397","7679677235200.0000"
"323.2334","0.0397","7680678297600.0000"
"323.2335","0.0397","7681677721600.0000"
"323.2324","0.0397","7682677964800.0000"
"323.2295","0.0397","7683678208000.0000"
"323.2251","0.0397","7684678451200.0000"
"323.2201","0.0397","7685677875200.0000"
"323.2155","0.0397","7686678118400.0000"
"323.2119","0.0397","7687678361600.0000"
"323.2094","0.0397","7688678604800.0000"
"323.2079","0.0397","7689678848000.0000"
"323.2068","0.0397","7690678272000.0000"
"323.2054","0.0397","7691678515200.0000"
"323.2035","0.0397","7692677939200.0000"
"323.2018","0.0397","7693678182400.0000"
"323.2010","0.0397","7694678425600.0000"
"323.2009","0.0397","7695679488000.0000"
"323.2003","0.0397","7696678912000.0000"
"323.1985","0.0397","7697679155200.0000"
"323.1953","0.0397","7698678579200.0000"
"323.1901","0.0397","7699680460800.0000"
"323.1825","0.0397","7700680704000.0000"
"323.1734","0.0397","7701680128000.0000"
"323.1642","0.0397","7702680371200.0000"
"323.1565","0.0397","7703680614400.0000"
"323.1506","0.0397","7704680857600.0000"
"323.1463","0.0397","7705680281600.0000"
"323.1434","0.0397","7706682163200.0000"
"323.1418","0.0397","7707681587200.0000"
"323.1417","0.0397","7708681830400.0000"
"323.1432","0.0397","7709682073600.0000"
"323.1458","0.0397","7710682316800.0000"
"323.1493","0.0397","7711681740800.0000"
"323.1531","0.0397","7712681984000.0000"
"323.1566","0.0397","7713683865600.0000"
"323.1596","0.0397","7714683289600.0000"
"323.1621","0.0397","7715683532800.0000"
"323.1641","0.0397","7716682956800.0000"
"323.1658","0.0397","7717683200000.0000"
"323.1675","0.0397","7718682624000.0000"
"323.1692","0.0397","7719682867200.0000"
"323.1710","0.0397","7720683110400.0000"
"323.1728","0.0397","7721683353600.0000"
"323.1745","0.0397","7722682777600.0000"
"323.1756","0.0397","7723683020800.0000"
"323.1762","0.0397","7724682444800.0000"
"323.1765","0.0397","7725682688000.0000"
"323.1767","0.0397","7726682931200.0000"
"323.1763","0.0397","7727683174400.0000"
"323.1750","0.0397","7728683417600.0000"
"323.1725","0.0397","7729682841600.0000"
"323.1689","0.0397","7730683084800.0000"
"323.1645","0.0397","7731682508800.0000"
"323.1595","0.0397","7732682752000.0000"
"323.1545","0.0397","7733682176000.0000"
"323.1501","0.0397","7734683238400.0000"
"323.1473","0.0397","7735682662400.0000"
"323.1464","0.0397","7736682086400.0000"
"323.1474","0.0397","7737682329600.0000"
"323.1498","0.0397","7738681753600.0000"
"323.1530","0.0397","7739681996800.0000"
"323.1568","0.0397","7740681420800.0000"
"323.1606","0.0397","7741680844800.0000"
"323.1646","0.0397","7742680268800.0000"
"323.1688","0.0397","7743680512000.0000"
"323.1728","0.0397","7744679936000.0000"
"323.1761","0.0397","7745680179200.0000"
"323.1782","0.0397","7746680422400.0000"
"323.1788","0.0397","7747679846400.0000"
"323.1781","0.0397","7748680089600.0000"
"323.1765","0.0397","7749679513600.0000"
"323.1743","0.0397","7750678937600.0000"
"323.1719","0.0397","7751678361600.0000"
"323.1696","0.0397","7752678604800.0000"
"323.1676","0.0397","7753678028800.0000"
"323.1665","0.0397","7754679091200.0000"
"323.1668","0.0397","7755678515200.0000"
"323.1689","0.0397","7756677939200.0000"
"323.1722","0.0397","7757678182400.0000"
"323.1759","0.0397","7758677606400.0000"
"323.1794","0.0397","7759677849600.0000"
"323.1824","0.0397","7760677273600.0000"
"323.1845","0.0397","7761677516800.0000"
"323.1853","0.0397","7762676940800.0000"
"323.1849","0.0397","7763678003200.0000"
"323.1843","0.0397","7764675788800.0000"
"323.1850","0.0397","7765676851200.0000"
"323.1883","0.0397","7766676275200.0000"
"323.1944","0.0397","7767676518400.0000"
"323.2026","0.0397","7768676761600.0000"
"323.2122","0.0397","7769676185600.0000"
"323.2224","0.0397","7770676428800.0000"
"323.2327","0.0397","7771675852800.0000"
"323.2431","0.0397","7772676915200.0000"
"323.2533","0.0397","7773676339200.0000"
"323.2629","0.0397","7774676582400.0000"
"323.2720","0.0397","7775676006400.0000"
"323.2806","0.0397","7776676249600.0000"
"323.2890","0.0397","7777675673600.0000"
"323.2974","0.0397","7778675916800.0000"
"323.3065","0.0397","7779676160000.0000"
"323.3167","0.0397","7780675584000.0000"
"323.3282","0.0397","7781676646400.0000"
"323.3409","0.0397","7782676070400.0000"
"323.3549","0.0397","7783676313600.0000"
"323.3694","0.0397","7784675737600.0000"
"323.3835","0.0397","7785675980800.0000"
"323.3964","0.0397","7786675404800.0000"
"323.4077","0.0397","7787675648000.0000"
"323.4176","0.0397","7788675891200.0000"
"323.4264","0.0397","7789676134400.0000"
"323.4340","0.0397","7790677196800.0000"
"323.4405","0.0397","7791676620800.0000"
"323.4461","0.0397","7792676864000.0000"
"323.4510","0.0397","7793676288000.0000"
"323.4557","0.0397","7794676531200.0000"
"323.4604","0.0397","7795676774400.0000"
"323.4656","0.0397","7796677017600.0000"
"323.4717","0.0397","7797676441600.0000"
"323.4787","0.0397","7798676684800.0000"
"323.4865","0.0397","7799676108800.0000"
"323.4950","0.0397","7800676352000.0000"
"323.5038","0.0397","7801675776000.0000"
"323.5118","0.0397","7802677657600.0000"
"323.5188","0.0397","7803677900800.0000"
"323.5251","0.0397","7804677324800.0000"
"323.5308","0.0397","7805677568000.0000"
"323.5361","0.0398","7806676992000.0000"
"323.5410","0.0398","7807677235200.0000"
"323.5454","0.0398","7808676659200.0000"
"323.5490","0.0398","7809676902400.0000"
"323.5514","0.0398","7810676326400.0000"
"323.5534","0.0398","7811677388800.0000"
"323.5559","0.0398","7812676812800.0000"
"323.5594","0.0398","7813677056000.0000"
"323.5640","0.0398","7814676480000.0000"
"323.5689","0.0398","7815676723200.0000"
"323.5737","0.0398","7816676147200.0000"
"323.5784","0.0398","7817676390400.0000"
"323.5831","0.0398","7818676633600.0000"
"323.5884","0.0398","7819676057600.0000"
"323.5945","0.0398","7820676300800.0000"
"323.6008","0.0398","7821675724800.0000"
"323.6071","0.0398","7822675968000.0000"
"323.6136","0.0398","7823675392000.0000"
"323.6204","0.0398","7824675635200.0000"
"323.6276","0.0398","7825675878400.0000"
"323.6355","0.0398","7826676940800.0000"
"323.6444","0.0398","7827677184000.0000"
"323.6551","0.0398","7828676608000.0000"
"323.6683","0.0398","7829676851200.0000"
"323.6842","0.0398","7830676275200.0000"
"323.7019","0.0398","7831676518400.0000"
"323.7204","0.0398","7832675942400.0000"
"323.7388","0.0398","7833676185600.0000"
"323.7562","0.0398","7834676428800.0000"
"323.7721","0.0398","7835676672000.0000"
"323.7864","0.0398","7836676096000.0000"
"323.7997","0.0398","7837676339200.0000"
"323.8120","0.0398","7838676582400.0000"
"323.8235","0.0398","7839676006400.0000"
"323.8344","0.0398","7840676249600.0000"
"323.8449","0.0398","7841676492800.0000"
"323.8547","0.0398","7842677555200.0000"
"323.8634","0.0398","7843676979200.0000"
"323.8713","0.0398","7844677222400.0000"
"323.8792","0.0398","7845676646400.0000"
"323.8882","0.0398","7846676889600.0000"
"323.8985","0.0398","7847676313600.0000"
"323.9101","0.0398","7848677376000.0000"
"323.9228","0.0398","7849677619200.0000"
"323.9366","0.0398","7850677862400.0000"
"323.9512","0.0398","7851678105600.0000"
"323.9664","0.0398","7852677529600.0000"
"323.9816","0.0398","7853677772800.0000"
"323.9966","0.0398","7854678016000.0000"
"324.0109","0.0398","7855679078400.0000"
"324.0244","0.0398","7856678502400.0000"
"324.0368","0.0398","7857678745600.0000"
"324.0484","0.0398","7858678169600.0000"
"324.0595","0.0398","7859678412800.0000"
"324.0705","0.0398","7860678656000.0000"
"324.0815","0.0398","7861678899200.0000"
"324.0928","0.0398","7862679142400.0000"
"324.1040","0.0398","7863678566400.0000"
"324.1152","0.0398","7864678809600.0000"
"324.1263","0.0398","7865679052800.0000"
"324.1374","0.0398","7866679296000.0000"
"324.1479","0.0398","7867678720000.0000"
"324.1568","0.0398","7868678963200.0000"
"324.1640","0.0398","7869680025600.0000"
"324.1693","0.0398","7870680268800.0000"
"324.1732","0.0398","7871679692800.0000"
"324.1763","0.0398","7872679936000.0000"
"324.1789","0.0398","7873680179200.0000"
"324.1810","0.0398","7874681241600.0000"
"324.1832","0.0398","7875680665600.0000"
"324.1860","0.0398","7876681728000.0000"
"324.1901","0.0398","7877681971200.0000"
"324.1959","0.0398","7878681395200.0000"
"324.2031","0.0398","7879681638400.0000"
"324.2116","0.0398","7880681062400.0000"
"324.2209","0.0398","7881682944000.0000"
"324.2306","0.0398","7882682368000.0000"
"324.2403","0.0398","7883682611200.0000"
"324.2494","0.0398","7884682035200.0000"
"324.2585","0.0398","7885682278400.0000"
"324.2675","0.0398","7886681702400.0000"
"324.2764","0.0398","7887681945600.0000"
"324.2844","0.0398","7888683008000.0000"
"324.2907","0.0398","7889682432000.0000"
"324.2952","0.0398","7890682675200.0000"
"324.2986","0.0398","7891682099200.0000"
"324.3022","0.0398","7892682342400.0000"
"324.3068","0.0398","7893681766400.0000"
"324.3125","0.0398","7894682009600.0000"
"324.3194","0.0398","7895681433600.0000"
"324.3271","0.0398","7896681676800.0000"
"324.3348","0.0398","7897681920000.0000"
"324.3420","0.0398","7898682163200.0000"
"324.3485","0.0398","7899682406400.0000"
"324.3542","0.0399","7900681830400.0000"
"324.3593","0.0399","7901682073600.0000"
"324.3643","0.0399","7902681497600.0000"
"324.3696","0.0399","7903681740800.0000"
"324.3753","0.0399","7904680345600.0000"
"324.3816","0.0399","7905680588800.0000"
"324.3884","0.0399","7906680832000.0000"
"324.3959","0.0399","7907681075200.0000"
"324.4044","0.0399","7908679680000.0000"
"324.4138","0.0399","7909679923200.0000"
"324.4244","0.0399","7910680166400.0000"
"324.4364","0.0399","7911679590400.0000"
"324.4498","0.0399","7912679014400.0000"
"324.4646","0.0399","7913678438400.0000"
"324.4805","0.0399","7914678681600.0000"
"324.4965","0.0399","7915677286400.0000"
"324.5121","0.0399","7916677529600.0000"
"324.5275","0.0399","7917677772800.0000"
"324.5426","0.0399","7918677196800.0000"
"324.5572","0.0399","7919677440000.0000"
"324.5708","0.0399","7920676864000.0000"
"324.5828","0.0399","7921677107200.0000"
"324.5934","0.0399","7922675712000.0000"
"324.6036","0.0399","7923675955200.0000"
"324.6145","0.0399","7924675379200.0000"
"324.6270","0.0399","7925675622400.0000"
"324.6412","0.0399","7926674227200.0000"
"324.6567","0.0399","7927674470400.0000"
"324.6728","0.0399","7928674713600.0000"
"324.6895","0.0399","7929674956800.0000"
"324.7063","0.0399","7930674380800.0000"
"324.7230","0.0399","7931673804800.0000"
"324.7393","0.0399","7932674048000.0000"
"324.7552","0.0399","7933672652800.0000"
"324.7711","0.0399","7934672896000.0000"
"324.7872","0.0399","7935672320000.0000"
"324.8037","0.0399","7936672563200.0000"
"324.8203","0.0399","7937671168000.0000"
"324.8367","0.0399","7938671411200.0000"
"324.8527","0.0399","7939672473600.0000"
"324.8682","0.0399","7940671897600.0000"
"324.8834","0.0399","7941672140800.0000"
"324.8987","0.0399","7942671564800.0000"
"324.9144","0.0399","7943670988800.0000"
"324.9303","0.0399","7944670412800.0000"
"324.9460","0.0399","7945670656000.0000"
"324.9610","0.0399","7946670080000.0000"
"324.9746","0.0399","7947670323200.0000"
"324.9866","0.0399","7948670566400.0000"
"324.9968","0.0399","7949670809600.0000"
"325.0057","0.0399","7950671052800.0000"
"325.0137","0.0399","7951670476800.0000"
"325.0211","0.0399","7952670720000.0000"
"325.0284","0.0399","7953670144000.0000"
"325.0359","0.0399","7954670387200.0000"
"325.0442","0.0399","7955670630400.0000"
"325.0539","0.0399","7956670873600.0000"
"325.0655","0.0399","7957670297600.0000"
"325.0785","0.0399","7958670540800.0000"
"325.0918","0.0399","7959669964800.0000"
"325.1043","0.0399","7960670208000.0000"
"325.1153","0.0399","7961671270400.0000"
"325.1246","0.0399","7962671513600.0000"
"325.1329","0.0399","7963670937600.0000"
"325.1409","0.0399","7964671180800.0000"
"325.1488","0.0399","7965670604800.0000"
"325.1565","0.0399","7966670848000.0000"
"325.1638","0.0399","7967670272000.0000"
"325.1708","0.0400","7968670515200.0000"
"325.1775","0.0400","7969669939200.0000"
"325.1840","0.0400","7970671001600.0000"
"325.1909","0.0400","7971671244800.0000"
"325.1983","0.0400","7972670668800.0000"
"325.2062","0.0400","7973670912000.0000"
"325.2148","0.0400","7974671155200.0000"
"325.2238","0.0400","7975670579200.0000"
"325.2334","0.0400","7976672460800.0000"
"325.2436","0.0400","7977671884800.0000"
"325.2545","0.0400","7978672128000.0000"
"325.2660","0.0400","7979671552000.0000"
"325.2777","0.0400","7980671795200.0000"
"325.2895","0.0400","7981671219200.0000"
"325.3008","0.0400","7982671462400.0000"
"325.3118","0.0400","7983670886400.0000"
"325.3225","0.0400","7984671129600.0000"
"325.3331","0.0400","7985671372800.0000"
"325.3439","0.0400","7986671616000.0000"
"325.3554","0.0400","7987672678400.0000"
"325.3685","0.0400","7988672102400.0000"
"325.3837","0.0400","7989672345600.0000"
"325.4007","0.0400","7990671769600.0000"
"325.4189","0.0400","7991672012800.0000"
"325.4377","0.0400","7992672256000.0000"
"325.4566","0.0400","7993672499200.0000"
"325.4752","0.0400","7994672742400.0000"
"325.4936","0.0400","7995672985600.0000"
"325.5120","0.0400","7996672409600.0000"
"325.5308","0.0400","7997672652800.0000"
"325.5502","0.0400","7998672896000.0000"
"325.5701","0.0400","7999673139200.0000"
"325.5905","0.0400","8000674201600.0000"
