Force,Compressive stress,Compressive strain (Displacement)
(N),(MPa),(%)
"0.0220","0.0000","0.0000"
"0.0213","0.0000","0.0000"
"0.0202","0.0000","595.2863"
"0.0190","0.0000","6021.0072"
"0.0180","0.0000","30088.2111"
"0.0172","0.0000","102921.5454"
"0.0164","0.0000","276801.8799"
"0.0154","0.0000","630092.7734"
"0.0150","0.0000","1268631.2500"
"0.0152","0.0000","2325243.7500"
"0.0159","0.0000","3958296.0938"
"0.0167","0.0000","6349470.7031"
"0.0180","0.0000","9700809.3750"
"0.0208","0.0000","14231487.5000"
"0.0255","0.0000","20174457.8125"
"0.0323","0.0000","27773390.6250"
"0.0408","0.0000","37281290.6250"
"0.0501","0.0000","48959512.5000"
"0.0598","0.0000","63075568.7500"
"0.0693","0.0000","79900987.5000"
"0.0781","0.0000","99709937.5000"
"0.0856","0.0000","122778325.0000"
"0.0919","0.0000","149383000.0000"
"0.0976","0.0000","179800562.5000"
"0.1035","0.0000","214306175.0000"
"0.1098","0.0000","253172000.0000"
"0.1164","0.0000","296665550.0000"
"0.1226","0.0000","345049175.0000"
"0.1283","0.0000","398580050.0000"
"0.1339","0.0000","457510050.0000"
"0.1399","0.0000","522085600.0000"
"0.1465","0.0000","592546400.0000"
"0.1534","0.0000","669124950.0000"
"0.1603","0.0000","752045950.0000"
"0.1669","0.0000","841526100.0000"
"0.1733","0.0000","937774000.0000"
"0.1801","0.0000","1040990400.0000"
"0.1877","0.0000","1151368100.0000"
"0.1957","0.0000","1269092400.0000"
"0.2039","0.0000","1394340300.0000"
"0.2115","0.0000","1527280900.0000"
"0.2180","0.0000","1668074800.0000"
"0.2233","0.0000","1816875200.0000"
"0.2277","0.0000","1973826200.0000"
"0.2318","0.0000","2139063400.0000"
"0.2366","0.0000","2312715800.0000"
"0.2423","0.0000","2494903600.0000"
"0.2488","0.0000","2685739400.0000"
"0.2553","0.0000","2885327600.0000"
"0.2615","0.0000","3093765600.0000"
"0.2669","0.0000","3311144000.0000"
"0.2712","0.0000","3537546000.0000"
"0.2744","0.0000","3773050800.0000"
"0.2766","0.0000","4017728400.0000"
"0.2779","0.0000","4271642800.0000"
"0.2789","0.0000","4534852800.0000"
"0.2801","0.0000","4807409200.0000"
"0.2816","0.0000","5089360400.0000"
"0.2832","0.0000","5380750000.0000"
"0.2846","0.0000","5681615600.0000"
"0.2859","0.0000","5991990400.0000"
"0.2873","0.0000","6311902000.0000"
"0.2892","0.0000","6641374000.0000"
"0.2918","0.0000","6980425600.0000"
"0.2953","0.0000","7329070400.0000"
"0.2999","0.0000","7687325600.0000"
"0.3057","0.0000","8055196800.0000"
"0.3128","0.0000","8432692800.0000"
"0.3207","0.0000","8819818400.0000"
"0.3290","0.0000","9216573600.0000"
"0.3376","0.0000","9622957600.0000"
"0.3466","0.0000","10038967200.0000"
"0.3556","0.0000","10464596000.0000"
"0.3642","0.0000","10899837600.0000"
"0.3714","0.0000","11344681600.0000"
"0.3771","0.0000","11799118400.0000"
"0.3815","0.0000","12263135200.0000"
"0.3851","0.0000","12736718400.0000"
"0.3884","0.0000","13219854400.0000"
"0.3916","0.0000","13712526400.0000"
"0.3949","0.0000","14214715200.0000"
"0.3979","0.0000","14726406400.0000"
"0.4010","0.0000","15247577600.0000"
"0.4044","0.0000","15778208000.0000"
"0.4082","0.0001","16318276800.0000"
"0.4125","0.0001","16867756800.0000"
"0.4174","0.0001","17426630400.0000"
"0.4228","0.0001","17994870400.0000"
"0.4282","0.0001","18572454400.0000"
"0.4334","0.0001","19159358400.0000"
"0.4381","0.0001","19755553600.0000"
"0.4422","0.0001","20361011200.0000"
"0.4458","0.0001","20975710400.0000"
"0.4494","0.0001","21599616000.0000"
"0.4538","0.0001","22232704000.0000"
"0.4593","0.0001","22874948800.0000"
"0.4656","0.0001","23526323200.0000"
"0.4718","0.0001","24186796800.0000"
"0.4774","0.0001","24856347200.0000"
"0.4822","0.0001","25534940800.0000"
"0.4857","0.0001","26222563200.0000"
"0.4878","0.0001","26919171200.0000"
"0.4883","0.0001","27624758400.0000"
"0.4872","0.0001","28339286400.0000"
"0.4847","0.0001","29062729600.0000"
"0.4809","0.0001","29795072000.0000"
"0.4762","0.0001","30536278400.0000"
"0.4705","0.0001","31286323200.0000"
"0.4645","0.0001","32045190400.0000"
"0.4591","0.0001","32812838400.0000"
"0.4551","0.0001","33589251200.0000"
"0.4528","0.0001","34374400000.0000"
"0.4517","0.0001","35168256000.0000"
"0.4515","0.0001","35970784000.0000"
"0.4522","0.0001","36781964800.0000"
"0.4538","0.0001","37601753600.0000"
"0.4563","0.0001","38430124800.0000"
"0.4595","0.0001","39267024000.0000"
"0.4632","0.0001","40112425600.0000"
"0.4670","0.0001","40966268800.0000"
"0.4703","0.0001","41828502400.0000"
"0.4728","0.0001","42699065600.0000"
"0.4739","0.0001","43577881600.0000"
"0.4732","0.0001","44464835200.0000"
"0.4703","0.0001","45359804800.0000"
"0.4650","0.0001","46262624000.0000"
"0.4579","0.0001","47173107200.0000"
"0.4497","0.0001","48091036800.0000"
"0.4411","0.0001","49016172800.0000"
"0.4326","0.0001","49948233600.0000"
"0.4243","0.0001","50886947200.0000"
"0.4163","0.0001","51832009600.0000"
"0.4082","0.0001","52783097600.0000"
"0.3997","0.0000","53739891200.0000"
"0.3902","0.0000","54702048000.0000"
"0.3795","0.0000","55669248000.0000"
"0.3677","0.0000","56641139200.0000"
"0.3549","0.0000","57617382400.0000"
"0.3408","0.0000","58597632000.0000"
"0.3255","0.0000","59581555200.0000"
"0.3092","0.0000","60568832000.0000"
"0.2930","0.0000","61559123200.0000"
"0.2777","0.0000","62552140800.0000"
"0.2640","0.0000","63547545600.0000"
"0.2517","0.0000","64545062400.0000"
"0.2405","0.0000","65544403200.0000"
"0.2303","0.0000","66545305600.0000"
"0.2211","0.0000","67547507200.0000"
"0.2128","0.0000","68550758400.0000"
"0.2055","0.0000","69554828800.0000"
"0.1990","0.0000","70559526400.0000"
"0.1933","0.0000","71564627200.0000"
"0.1877","0.0000","72569958400.0000"
"0.1815","0.0000","73575340800.0000"
"0.1743","0.0000","74580627200.0000"
"0.1667","0.0000","75585683200.0000"
"0.1596","0.0000","76590374400.0000"
"0.1543","0.0000","77594585600.0000"
"0.1515","0.0000","78598240000.0000"
"0.1514","0.0000","79601209600.0000"
"0.1540","0.0000","80603462400.0000"
"0.1590","0.0000","81604908800.0000"
"0.1661","0.0000","82605510400.0000"
"0.1752","0.0000","83605228800.0000"
"0.1859","0.0000","84604006400.0000"
"0.1980","0.0000","85601849600.0000"
"0.2112","0.0000","86598732800.0000"
"0.2250","0.0000","87594656000.0000"
"0.2388","0.0000","88589619200.0000"
"0.2526","0.0000","89583635200.0000"
"0.2664","0.0000","90576716800.0000"
"0.2798","0.0000","91568883200.0000"
"0.2923","0.0000","92560166400.0000"
"0.3042","0.0000","93550617600.0000"
"0.3160","0.0000","94540262400.0000"
"0.3279","0.0000","95529158400.0000"
"0.3404","0.0000","96517350400.0000"
"0.3535","0.0000","97504889600.0000"
"0.3669","0.0000","98491846400.0000"
"0.3803","0.0000","99478272000.0000"
"0.3936","0.0000","100464230400.0000"
"0.4063","0.0000","101449779200.0000"
"0.4185","0.0001","102434982400.0000"
"0.4298","0.0001","103419916800.0000"
"0.4403","0.0001","104404652800.0000"
"0.4505","0.0001","105389228800.0000"
"0.4606","0.0001","106373728000.0000"
"0.4703","0.0001","107358233600.0000"
"0.4791","0.0001","108342758400.0000"
"0.4869","0.0001","109327398400.0000"
"0.4942","0.0001","110312179200.0000"
"0.5021","0.0001","111297190400.0000"
"0.5110","0.0001","112282444800.0000"
"0.5204","0.0001","113268019200.0000"
"0.5295","0.0001","114253952000.0000"
"0.5379","0.0001","115240307200.0000"
"0.5457","0.0001","116227084800.0000"
"0.5535","0.0001","117214374400.0000"
"0.5616","0.0001","118202163200.0000"
"0.5700","0.0001","119190540800.0000"
"0.5779","0.0001","120179507200.0000"
"0.5849","0.0001","121169088000.0000"
"0.5906","0.0001","122159347200.0000"
"0.5950","0.0001","123150284800.0000"
"0.5980","0.0001","124141900800.0000"
"0.5998","0.0001","125134272000.0000"
"0.6012","0.0001","126127398400.0000"
"0.6030","0.0001","127121280000.0000"
"0.6059","0.0001","128115929600.0000"
"0.6095","0.0001","129111360000.0000"
"0.6138","0.0001","130107609600.0000"
"0.6187","0.0001","131104640000.0000"
"0.6238","0.0001","132102464000.0000"
"0.6289","0.0001","133101081600.0000"
"0.6334","0.0001","134100505600.0000"
"0.6374","0.0001","135100684800.0000"
"0.6410","0.0001","136101644800.0000"
"0.6440","0.0001","137103347200.0000"
"0.6460","0.0001","138105779200.0000"
"0.6465","0.0001","139108953600.0000"
"0.6456","0.0001","140112819200.0000"
"0.6436","0.0001","141117350400.0000"
"0.6414","0.0001","142122572800.0000"
"0.6401","0.0001","143128422400.0000"
"0.6401","0.0001","144134912000.0000"
"0.6418","0.0001","145141990400.0000"
"0.6450","0.0001","146149632000.0000"
"0.6491","0.0001","147157836800.0000"
"0.6541","0.0001","148166579200.0000"
"0.6603","0.0001","149175820800.0000"
"0.6681","0.0001","150185561600.0000"
"0.6772","0.0001","151195737600.0000"
"0.6871","0.0001","152206348800.0000"
"0.6968","0.0001","153217382400.0000"
"0.7062","0.0001","154228761600.0000"
"0.7149","0.0001","155240512000.0000"
"0.7230","0.0001","156252582400.0000"
"0.7301","0.0001","157264934400.0000"
"0.7366","0.0001","158277529600.0000"
"0.7430","0.0001","159290355200.0000"
"0.7502","0.0001","160303385600.0000"
"0.7588","0.0001","161316569600.0000"
"0.7691","0.0001","162329907200.0000"
"0.7811","0.0001","163343308800.0000"
"0.7943","0.0001","164356838400.0000"
"0.8078","0.0001","165370368000.0000"
"0.8211","0.0001","166383948800.0000"
"0.8337","0.0001","167397516800.0000"
"0.8459","0.0001","168411072000.0000"
"0.8576","0.0001","169424550400.0000"
"0.8688","0.0001","170437977600.0000"
"0.8794","0.0001","171451315200.0000"
"0.8896","0.0001","172464550400.0000"
"0.8992","0.0001","173477657600.0000"
"0.9078","0.0001","174490649600.0000"
"0.9157","0.0001","175503462400.0000"
"0.9239","0.0001","176516108800.0000"
"0.9332","0.0001","177528588800.0000"
"0.9437","0.0001","178540851200.0000"
"0.9552","0.0001","179552934400.0000"
"0.9676","0.0001","180564761600.0000"
"0.9817","0.0001","181576358400.0000"
"0.9976","0.0001","182587724800.0000"
"1.0150","0.0001","183598822400.0000"
"1.0331","0.0001","184609651200.0000"
"1.0510","0.0001","185620172800.0000"
"1.0677","0.0001","186630412800.0000"
"1.0830","0.0001","187640345600.0000"
"1.0970","0.0001","188649984000.0000"
"1.1101","0.0001","189659289600.0000"
"1.1223","0.0001","190668275200.0000"
"1.1341","0.0001","191676940800.0000"
"1.1463","0.0001","192685273600.0000"
"1.1589","0.0001","193693286400.0000"
"1.1718","0.0001","194700966400.0000"
"1.1848","0.0001","195708313600.0000"
"1.1979","0.0001","196715366400.0000"
"1.2110","0.0001","197722073600.0000"
"1.2239","0.0002","198728512000.0000"
"1.2364","0.0002","199734604800.0000"
"1.2481","0.0002","200740390400.0000"
"1.2587","0.0002","201745894400.0000"
"1.2678","0.0002","202751142400.0000"
"1.2749","0.0002","203756057600.0000"
"1.2801","0.0002","204760704000.0000"
"1.2835","0.0002","205765068800.0000"
"1.2854","0.0002","206769164800.0000"
"1.2864","0.0002","207772979200.0000"
"1.2871","0.0002","208776550400.0000"
"1.2879","0.0002","209779840000.0000"
"1.2892","0.0002","210782873600.0000"
"1.2914","0.0002","211785651200.0000"
"1.2946","0.0002","212788185600.0000"
"1.2986","0.0002","213790476800.0000"
"1.3033","0.0002","214792550400.0000"
"1.3085","0.0002","215794355200.0000"
"1.3139","0.0002","216795980800.0000"
"1.3189","0.0002","217797376000.0000"
"1.3230","0.0002","218798540800.0000"
"1.3258","0.0002","219799577600.0000"
"1.3272","0.0002","220800435200.0000"
"1.3274","0.0002","221801088000.0000"
"1.3268","0.0002","222801612800.0000"
"1.3260","0.0002","223801958400.0000"
"1.3259","0.0002","224802201600.0000"
"1.3267","0.0002","225802342400.0000"
"1.3288","0.0002","226802304000.0000"
"1.3321","0.0002","227802214400.0000"
"1.3366","0.0002","228802022400.0000"
"1.3421","0.0002","229801702400.0000"
"1.3487","0.0002","230801356800.0000"
"1.3560","0.0002","231800908800.0000"
"1.3638","0.0002","232800358400.0000"
"1.3718","0.0002","233799756800.0000"
"1.3798","0.0002","234799104000.0000"
"1.3879","0.0002","235798400000.0000"
"1.3961","0.0002","236797593600.0000"
"1.4042","0.0002","237796736000.0000"
"1.4122","0.0002","238795852800.0000"
"1.4204","0.0002","239794944000.0000"
"1.4301","0.0002","240794009600.0000"
"1.4421","0.0002","241792998400.0000"
"1.4565","0.0002","242791987200.0000"
"1.4726","0.0002","243791001600.0000"
"1.4893","0.0002","244789939200.0000"
"1.5060","0.0002","245788902400.0000"
"1.5224","0.0002","246787916800.0000"
"1.5382","0.0002","247786905600.0000"
"1.5532","0.0002","248785894400.0000"
"1.5675","0.0002","249784934400.0000"
"1.5810","0.0002","250784025600.0000"
"1.5942","0.0002","251783116800.0000"
"1.6072","0.0002","252782233600.0000"
"1.6199","0.0002","253781401600.0000"
"1.6323","0.0002","254780595200.0000"
"1.6444","0.0002","255779840000.0000"
"1.6567","0.0002","256779136000.0000"
"1.6701","0.0002","257778457600.0000"
"1.6847","0.0002","258777804800.0000"
"1.7004","0.0002","259777203200.0000"
"1.7164","0.0002","260776601600.0000"
"1.7317","0.0002","261776076800.0000"
"1.7460","0.0002","262775552000.0000"
"1.7597","0.0002","263775078400.0000"
"1.7727","0.0002","264774630400.0000"
"1.7850","0.0002","265774233600.0000"
"1.7960","0.0002","266773862400.0000"
"1.8058","0.0002","267773542400.0000"
"1.8143","0.0002","268773273600.0000"
"1.8213","0.0002","269773056000.0000"
"1.8270","0.0002","270772838400.0000"
"1.8319","0.0002","271772748800.0000"
"1.8366","0.0002","272772684800.0000"
"1.8420","0.0002","273772646400.0000"
"1.8482","0.0002","274772710400.0000"
"1.8555","0.0002","275772800000.0000"
"1.8638","0.0002","276772966400.0000"
"1.8731","0.0002","277773158400.0000"
"1.8835","0.0002","278773427200.0000"
"1.8947","0.0002","279773747200.0000"
"1.9064","0.0002","280774067200.0000"
"1.9182","0.0002","281774489600.0000"
"1.9297","0.0002","282774886400.0000"
"1.9399","0.0002","283775334400.0000"
"1.9484","0.0002","284775808000.0000"
"1.9552","0.0002","285776332800.0000"
"1.9605","0.0002","286776832000.0000"
"1.9645","0.0002","287777382400.0000"
"1.9674","0.0002","288777958400.0000"
"1.9699","0.0002","289778534400.0000"
"1.9722","0.0002","290779110400.0000"
"1.9752","0.0002","291779737600.0000"
"1.9788","0.0002","292780390400.0000"
"1.9829","0.0002","293781043200.0000"
"1.9871","0.0002","294781721600.0000"
"1.9910","0.0002","295782425600.0000"
"1.9949","0.0002","296783155200.0000"
"1.9990","0.0002","297783910400.0000"
"2.0037","0.0002","298784691200.0000"
"2.0093","0.0002","299785446400.0000"
"2.0158","0.0002","300786278400.0000"
"2.0233","0.0002","301787110400.0000"
"2.0314","0.0002","302787968000.0000"
"2.0398","0.0003","303788825600.0000"
"2.0486","0.0003","304789683200.0000"
"2.0578","0.0003","305790540800.0000"
"2.0676","0.0003","306791398400.0000"
"2.0781","0.0003","307792230400.0000"
"2.0894","0.0003","308793088000.0000"
"2.1017","0.0003","309793945600.0000"
"2.1151","0.0003","310794752000.0000"
"2.1292","0.0003","311795532800.0000"
"2.1434","0.0003","312796339200.0000"
"2.1576","0.0003","313797094400.0000"
"2.1719","0.0003","314797849600.0000"
"2.1856","0.0003","315798553600.0000"
"2.1984","0.0003","316799232000.0000"
"2.2100","0.0003","317799936000.0000"
"2.2206","0.0003","318800640000.0000"
"2.2306","0.0003","319801292800.0000"
"2.2406","0.0003","320801945600.0000"
"2.2512","0.0003","321802598400.0000"
"2.2626","0.0003","322803225600.0000"
"2.2751","0.0003","323803827200.0000"
"2.2885","0.0003","324804454400.0000"
"2.3026","0.0003","325805056000.0000"
"2.3166","0.0003","326805657600.0000"
"2.3302","0.0003","327806208000.0000"
"2.3434","0.0003","328806758400.0000"
"2.3557","0.0003","329807308800.0000"
"2.3666","0.0003","330807808000.0000"
"2.3758","0.0003","331808307200.0000"
"2.3834","0.0003","332808755200.0000"
"2.3896","0.0003","333809228800.0000"
"2.3945","0.0003","334809625600.0000"
"2.3992","0.0003","335809996800.0000"
"2.4050","0.0003","336810316800.0000"
"2.4120","0.0003","337810636800.0000"
"2.4200","0.0003","338810931200.0000"
"2.4290","0.0003","339811200000.0000"
"2.4393","0.0003","340811443200.0000"
"2.4507","0.0003","341811660800.0000"
"2.4624","0.0003","342811878400.0000"
"2.4735","0.0003","343812070400.0000"
"2.4835","0.0003","344812288000.0000"
"2.4920","0.0003","345812480000.0000"
"2.4992","0.0003","346812672000.0000"
"2.5056","0.0003","347812889600.0000"
"2.5109","0.0003","348813030400.0000"
"2.5151","0.0003","349813196800.0000"
"2.5184","0.0003","350813414400.0000"
"2.5214","0.0003","351813580800.0000"
"2.5246","0.0003","352813721600.0000"
"2.5289","0.0003","353813888000.0000"
"2.5347","0.0003","354814028800.0000"
"2.5418","0.0003","355814169600.0000"
"2.5500","0.0003","356814284800.0000"
"2.5589","0.0003","357814374400.0000"
"2.5681","0.0003","358814464000.0000"
"2.5775","0.0003","359814502400.0000"
"2.5873","0.0003","360814540800.0000"
"2.5971","0.0003","361814579200.0000"
"2.6071","0.0003","362814592000.0000"
"2.6178","0.0003","363814579200.0000"
"2.6297","0.0003","364814566400.0000"
"2.6427","0.0003","365814553600.0000"
"2.6561","0.0003","366814540800.0000"
"2.6691","0.0003","367814502400.0000"
"2.6813","0.0003","368814489600.0000"
"2.6930","0.0003","369814476800.0000"
"2.7047","0.0003","370814489600.0000"
"2.7169","0.0003","371814451200.0000"
"2.7297","0.0003","372814464000.0000"
"2.7431","0.0003","373814451200.0000"
"2.7567","0.0003","374814438400.0000"
"2.7703","0.0003","375814476800.0000"
"2.7841","0.0003","376814489600.0000"
"2.7982","0.0003","377814502400.0000"
"2.8124","0.0003","378814489600.0000"
"2.8270","0.0003","379814476800.0000"
"2.8419","0.0003","380814464000.0000"
"2.8571","0.0004","381814425600.0000"
"2.8721","0.0004","382814361600.0000"
"2.8867","0.0004","383814323200.0000"
"2.9009","0.0004","384814233600.0000"
"2.9150","0.0004","385814144000.0000"
"2.9291","0.0004","386814003200.0000"
"2.9437","0.0004","387813913600.0000"
"2.9587","0.0004","388813798400.0000"
"2.9737","0.0004","389813657600.0000"
"2.9881","0.0004","390813516800.0000"
"3.0021","0.0004","391813376000.0000"
"3.0157","0.0004","392813235200.0000"
"3.0290","0.0004","393813120000.0000"
"3.0423","0.0004","394812979200.0000"
"3.0559","0.0004","395812915200.0000"
"3.0699","0.0004","396812800000.0000"
"3.0835","0.0004","397812736000.0000"
"3.0962","0.0004","398812595200.0000"
"3.1078","0.0004","399812556800.0000"
"3.1182","0.0004","400812441600.0000"
"3.1283","0.0004","401812428800.0000"
"3.1392","0.0004","402812339200.0000"
"3.1517","0.0004","403812275200.0000"
"3.1658","0.0004","404812211200.0000"
"3.1812","0.0004","405812096000.0000"
"3.1969","0.0004","406812006400.0000"
"3.2120","0.0004","407811942400.0000"
"3.2259","0.0004","408811776000.0000"
"3.2385","0.0004","409811660800.0000"
"3.2500","0.0004","410811520000.0000"
"3.2601","0.0004","411811404800.0000"
"3.2691","0.0004","412811187200.0000"
"3.2770","0.0004","413811123200.0000"
"3.2843","0.0004","414811008000.0000"
"3.2914","0.0004","415810841600.0000"
"3.2987","0.0004","416810726400.0000"
"3.3062","0.0004","417810585600.0000"
"3.3143","0.0004","418810470400.0000"
"3.3227","0.0004","419810406400.0000"
"3.3312","0.0004","420810291200.0000"
"3.3397","0.0004","421810252800.0000"
"3.3483","0.0004","422810240000.0000"
"3.3572","0.0004","423810150400.0000"
"3.3663","0.0004","424810137600.0000"
"3.3755","0.0004","425810099200.0000"
"3.3848","0.0004","426810035200.0000"
"3.3938","0.0004","427810073600.0000"
"3.4022","0.0004","428810086400.0000"
"3.4101","0.0004","429810073600.0000"
"3.4179","0.0004","430810009600.0000"
"3.4257","0.0004","431809996800.0000"
"3.4335","0.0004","432809984000.0000"
"3.4414","0.0004","433809920000.0000"
"3.4500","0.0004","434809907200.0000"
"3.4598","0.0004","435809843200.0000"
"3.4713","0.0004","436809779200.0000"
"3.4842","0.0004","437809766400.0000"
"3.4976","0.0004","438809753600.0000"
"3.5107","0.0004","439809740800.0000"
"3.5229","0.0004","440809676800.0000"
"3.5341","0.0004","441809715200.0000"
"3.5445","0.0004","442809753600.0000"
"3.5543","0.0004","443809740800.0000"
"3.5640","0.0004","444809830400.0000"
"3.5740","0.0004","445809971200.0000"
"3.5844","0.0004","446809958400.0000"
"3.5950","0.0004","447810099200.0000"
"3.6055","0.0004","448810137600.0000"
"3.6160","0.0004","449810329600.0000"
"3.6269","0.0004","450810470400.0000"
"3.6387","0.0004","451810560000.0000"
"3.6516","0.0004","452810700800.0000"
"3.6661","0.0005","453810841600.0000"
"3.6822","0.0005","454810931200.0000"
"3.6996","0.0005","455811072000.0000"
"3.7176","0.0005","456811161600.0000"
"3.7360","0.0005","457811251200.0000"
"3.7547","0.0005","458811443200.0000"
"3.7731","0.0005","459811481600.0000"
"3.7910","0.0005","460811571200.0000"
"3.8084","0.0005","461811763200.0000"
"3.8253","0.0005","462811801600.0000"
"3.8414","0.0005","463811942400.0000"
"3.8561","0.0005","464812032000.0000"
"3.8697","0.0005","465812224000.0000"
"3.8833","0.0005","466812364800.0000"
"3.8980","0.0005","467812505600.0000"
"3.9144","0.0005","468812697600.0000"
"3.9324","0.0005","469812889600.0000"
"3.9515","0.0005","470813081600.0000"
"3.9713","0.0005","471813324800.0000"
"3.9913","0.0005","472813516800.0000"
"4.0111","0.0005","473813811200.0000"
"4.0305","0.0005","474813952000.0000"
"4.0498","0.0005","475814144000.0000"
"4.0685","0.0005","476814336000.0000"
"4.0864","0.0005","477814528000.0000"
"4.1034","0.0005","478814720000.0000"
"4.1201","0.0005","479814809600.0000"
"4.1372","0.0005","480815001600.0000"
"4.1547","0.0005","481815142400.0000"
"4.1727","0.0005","482815180800.0000"
"4.1912","0.0005","483815321600.0000"
"4.2104","0.0005","484815308800.0000"
"4.2303","0.0005","485815449600.0000"
"4.2513","0.0005","486815539200.0000"
"4.2726","0.0005","487815475200.0000"
"4.2933","0.0005","488815564800.0000"
"4.3127","0.0005","489815654400.0000"
"4.3309","0.0005","490815641600.0000"
"4.3480","0.0005","491815731200.0000"
"4.3643","0.0005","492815769600.0000"
"4.3800","0.0005","493815756800.0000"
"4.3951","0.0005","494815795200.0000"
"4.4091","0.0005","495815936000.0000"
"4.4218","0.0005","496815872000.0000"
"4.4334","0.0005","497815910400.0000"
"4.4450","0.0005","498815948800.0000"
"4.4576","0.0005","499815884800.0000"
"4.4720","0.0005","500815872000.0000"
"4.4885","0.0006","501815910400.0000"
"4.5069","0.0006","502815846400.0000"
"4.5265","0.0006","503815782400.0000"
"4.5467","0.0006","504815667200.0000"
"4.5670","0.0006","505815603200.0000"
"4.5877","0.0006","506815436800.0000"
"4.6085","0.0006","507815372800.0000"
"4.6289","0.0006","508815206400.0000"
"4.6485","0.0006","509815040000.0000"
"4.6671","0.0006","510814873600.0000"
"4.6851","0.0006","511814758400.0000"
"4.7029","0.0006","512814592000.0000"
"4.7212","0.0006","513814476800.0000"
"4.7406","0.0006","514814310400.0000"
"4.7619","0.0006","515814246400.0000"
"4.7847","0.0006","516814080000.0000"
"4.8079","0.0006","517813964800.0000"
"4.8305","0.0006","518813849600.0000"
"4.8520","0.0006","519813785600.0000"
"4.8724","0.0006","520813772800.0000"
"4.8918","0.0006","521813708800.0000"
"4.9099","0.0006","522813644800.0000"
"4.9270","0.0006","523813580800.0000"
"4.9435","0.0006","524813516800.0000"
"4.9596","0.0006","525813452800.0000"
"4.9753","0.0006","526813388800.0000"
"4.9907","0.0006","527813376000.0000"
"5.0060","0.0006","528813260800.0000"
"5.0212","0.0006","529813094400.0000"
"5.0361","0.0006","530813030400.0000"
"5.0511","0.0006","531812966400.0000"
"5.0668","0.0006","532812902400.0000"
"5.0839","0.0006","533812787200.0000"
"5.1024","0.0006","534812723200.0000"
"5.1218","0.0006","535812608000.0000"
"5.1413","0.0006","536812441600.0000"
"5.1604","0.0006","537812428800.0000"
"5.1786","0.0006","538812416000.0000"
"5.1957","0.0006","539812403200.0000"
"5.2119","0.0006","540812339200.0000"
"5.2272","0.0006","541812275200.0000"
"5.2410","0.0006","542812364800.0000"
"5.2529","0.0006","543812352000.0000"
"5.2631","0.0006","544812339200.0000"
"5.2718","0.0006","545812428800.0000"
"5.2795","0.0006","546812416000.0000"
"5.2870","0.0006","547812454400.0000"
"5.2949","0.0007","548812544000.0000"
"5.3039","0.0007","549812531200.0000"
"5.3145","0.0007","550812569600.0000"
"5.3273","0.0007","551812556800.0000"
"5.3423","0.0007","552812544000.0000"
"5.3587","0.0007","553812582400.0000"
"5.3756","0.0007","554812518400.0000"
"5.3920","0.0007","555812505600.0000"
"5.4074","0.0007","556812492800.0000"
"5.4216","0.0007","557812480000.0000"
"5.4347","0.0007","558812467200.0000"
"5.4469","0.0007","559812403200.0000"
"5.4584","0.0007","560812492800.0000"
"5.4691","0.0007","561812531200.0000"
"5.4787","0.0007","562812467200.0000"
"5.4879","0.0007","563812505600.0000"
"5.4979","0.0007","564812595200.0000"
"5.5093","0.0007","565812531200.0000"
"5.5221","0.0007","566812672000.0000"
"5.5358","0.0007","567812761600.0000"
"5.5504","0.0007","568812800000.0000"
"5.5664","0.0007","569812889600.0000"
"5.5836","0.0007","570812979200.0000"
"5.6016","0.0007","571813068800.0000"
"5.6200","0.0007","572813158400.0000"
"5.6387","0.0007","573813196800.0000"
"5.6575","0.0007","574813235200.0000"
"5.6764","0.0007","575813324800.0000"
"5.6954","0.0007","576813312000.0000"
"5.7145","0.0007","577813350400.0000"
"5.7337","0.0007","578813388800.0000"
"5.7535","0.0007","579813376000.0000"
"5.7744","0.0007","580813414400.0000"
"5.7972","0.0007","581813401600.0000"
"5.8220","0.0007","582813388800.0000"
"5.8482","0.0007","583813376000.0000"
"5.8750","0.0007","584813414400.0000"
"5.9017","0.0007","585813401600.0000"
"5.9279","0.0007","586813440000.0000"
"5.9535","0.0007","587813529600.0000"
"5.9780","0.0007","588813568000.0000"
"6.0011","0.0007","589813606400.0000"
"6.0225","0.0007","590813696000.0000"
"6.0419","0.0007","591813785600.0000"
"6.0594","0.0007","592813875200.0000"
"6.0755","0.0007","593813964800.0000"
"6.0908","0.0007","594814054400.0000"
"6.1064","0.0008","595814195200.0000"
"6.1225","0.0008","596814284800.0000"
"6.1392","0.0008","597814374400.0000"
"6.1566","0.0008","598814515200.0000"
"6.1749","0.0008","599814502400.0000"
"6.1944","0.0008","600814643200.0000"
"6.2146","0.0008","601814732800.0000"
"6.2348","0.0008","602814720000.0000"
"6.2548","0.0008","603814809600.0000"
"6.2746","0.0008","604814848000.0000"
"6.2941","0.0008","605814886400.0000"
"6.3126","0.0008","606814924800.0000"
"6.3296","0.0008","607815014400.0000"
"6.3450","0.0008","608815001600.0000"
"6.3590","0.0008","609815142400.0000"
"6.3719","0.0008","610815232000.0000"
"6.3840","0.0008","611815219200.0000"
"6.3961","0.0008","612815360000.0000"
"6.4086","0.0008","613815449600.0000"
"6.4217","0.0008","614815539200.0000"
"6.4357","0.0008","615815680000.0000"
"6.4508","0.0008","616815820800.0000"
"6.4676","0.0008","617815961600.0000"
"6.4859","0.0008","618816153600.0000"
"6.5052","0.0008","619816243200.0000"
"6.5249","0.0008","620816435200.0000"
"6.5449","0.0008","621816576000.0000"
"6.5652","0.0008","622816665600.0000"
"6.5856","0.0008","623816857600.0000"
"6.6055","0.0008","624816896000.0000"
"6.6245","0.0008","625817088000.0000"
"6.6424","0.0008","626817177600.0000"
"6.6601","0.0008","627817267200.0000"
"6.6788","0.0008","628817408000.0000"
"6.6989","0.0008","629817497600.0000"
"6.7206","0.0008","630817689600.0000"
"6.7438","0.0008","631817779200.0000"
"6.7684","0.0008","632817868800.0000"
"6.7936","0.0008","633818009600.0000"
"6.8184","0.0008","634818150400.0000"
"6.8422","0.0008","635818291200.0000"
"6.8649","0.0008","636818483200.0000"
"6.8870","0.0008","637818572800.0000"
"6.9090","0.0008","638818816000.0000"
"6.9311","0.0009","639819059200.0000"
"6.9531","0.0009","640819200000.0000"
"6.9748","0.0009","641819443200.0000"
"6.9960","0.0009","642819584000.0000"
"7.0166","0.0009","643819827200.0000"
"7.0370","0.0009","644819968000.0000"
"7.0578","0.0009","645820160000.0000"
"7.0797","0.0009","646820300800.0000"
"7.1025","0.0009","647820441600.0000"
"7.1260","0.0009","648820582400.0000"
"7.1498","0.0009","649820672000.0000"
"7.1739","0.0009","650820812800.0000"
"7.1980","0.0009","651820851200.0000"
"7.2216","0.0009","652820889600.0000"
"7.2439","0.0009","653820979200.0000"
"7.2653","0.0009","654820966400.0000"
"7.2862","0.0009","655820953600.0000"
"7.3072","0.0009","656820992000.0000"
"7.3279","0.0009","657820979200.0000"
"7.3480","0.0009","658820966400.0000"
"7.3676","0.0009","659820902400.0000"
"7.3865","0.0009","660820889600.0000"
"7.4049","0.0009","661820928000.0000"
"7.4237","0.0009","662820812800.0000"
"7.4435","0.0009","663820800000.0000"
"7.4646","0.0009","664820787200.0000"
"7.4871","0.0009","665820672000.0000"
"7.5111","0.0009","666820659200.0000"
"7.5360","0.0009","667820544000.0000"
"7.5618","0.0009","668820480000.0000"
"7.5882","0.0009","669820364800.0000"
"7.6153","0.0009","670820198400.0000"
"7.6430","0.0009","671820083200.0000"
"7.6705","0.0009","672819916800.0000"
"7.6969","0.0009","673819648000.0000"
"7.7216","0.0009","674819481600.0000"
"7.7445","0.0010","675819264000.0000"
"7.7660","0.0010","676819046400.0000"
"7.7863","0.0010","677818828800.0000"
"7.8061","0.0010","678818508800.0000"
"7.8258","0.0010","679818291200.0000"
"7.8455","0.0010","680818022400.0000"
"7.8654","0.0010","681817856000.0000"
"7.8853","0.0010","682817587200.0000"
"7.9056","0.0010","683817318400.0000"
"7.9262","0.0010","684817100800.0000"
"7.9470","0.0010","685816883200.0000"
"7.9676","0.0010","686816665600.0000"
"7.9874","0.0010","687816550400.0000"
"8.0063","0.0010","688816332800.0000"
"8.0246","0.0010","689816217600.0000"
"8.0431","0.0010","690816000000.0000"
"8.0618","0.0010","691815884800.0000"
"8.0808","0.0010","692815718400.0000"
"8.1002","0.0010","693815500800.0000"
"8.1201","0.0010","694815385600.0000"
"8.1406","0.0010","695815270400.0000"
"8.1620","0.0010","696815052800.0000"
"8.1843","0.0010","697814886400.0000"
"8.2075","0.0010","698814720000.0000"
"8.2310","0.0010","699814553600.0000"
"8.2546","0.0010","700814387200.0000"
"8.2782","0.0010","701814169600.0000"
"8.3020","0.0010","702814003200.0000"
"8.3258","0.0010","703813785600.0000"
"8.3499","0.0010","704813670400.0000"
"8.3741","0.0010","705813504000.0000"
"8.3979","0.0010","706813388800.0000"
"8.4212","0.0010","707813324800.0000"
"8.4445","0.0010","708813260800.0000"
"8.4689","0.0010","709813145600.0000"
"8.4951","0.0010","710813132800.0000"
"8.5234","0.0010","711813068800.0000"
"8.5533","0.0011","712813056000.0000"
"8.5841","0.0011","713813094400.0000"
"8.6157","0.0011","714813132800.0000"
"8.6478","0.0011","715813120000.0000"
"8.6797","0.0011","716813209600.0000"
"8.7108","0.0011","717813248000.0000"
"8.7404","0.0011","718813235200.0000"
"8.7685","0.0011","719813273600.0000"
"8.7955","0.0011","720813414400.0000"
"8.8216","0.0011","721813350400.0000"
"8.8467","0.0011","722813440000.0000"
"8.8706","0.0011","723813478400.0000"
"8.8935","0.0011","724813465600.0000"
"8.9160","0.0011","725813504000.0000"
"8.9387","0.0011","726813644800.0000"
"8.9622","0.0011","727813632000.0000"
"8.9866","0.0011","728813670400.0000"
"9.0122","0.0011","729813760000.0000"
"9.0388","0.0011","730813798400.0000"
"9.0660","0.0011","731813939200.0000"
"9.0931","0.0011","732814028800.0000"
"9.1197","0.0011","733814118400.0000"
"9.1459","0.0011","734814259200.0000"
"9.1723","0.0011","735814400000.0000"
"9.1994","0.0011","736814540800.0000"
"9.2271","0.0011","737814681600.0000"
"9.2552","0.0011","738814822400.0000"
"9.2831","0.0011","739814963200.0000"
"9.3111","0.0011","740815155200.0000"
"9.3397","0.0011","741815193600.0000"
"9.3692","0.0012","742815334400.0000"
"9.3995","0.0012","743815424000.0000"
"9.4303","0.0012","744815564800.0000"
"9.4610","0.0012","745815654400.0000"
"9.4916","0.0012","746815744000.0000"
"9.5217","0.0012","747815782400.0000"
"9.5515","0.0012","748815820800.0000"
"9.5808","0.0012","749815859200.0000"
"9.6093","0.0012","750815897600.0000"
"9.6369","0.0012","751815987200.0000"
"9.6632","0.0012","752815974400.0000"
"9.6879","0.0012","753816064000.0000"
"9.7109","0.0012","754816102400.0000"
"9.7327","0.0012","755816140800.0000"
"9.7542","0.0012","756816230400.0000"
"9.7763","0.0012","757816268800.0000"
"9.7994","0.0012","758816307200.0000"
"9.8234","0.0012","759816499200.0000"
"9.8480","0.0012","760816537600.0000"
"9.8732","0.0012","761816576000.0000"
"9.8985","0.0012","762816665600.0000"
"9.9236","0.0012","763816755200.0000"
"9.9487","0.0012","764816844800.0000"
"9.9738","0.0012","765816883200.0000"
"9.9984","0.0012","766816921600.0000"
"10.0223","0.0012","767817011200.0000"
"10.0453","0.0012","768817049600.0000"
"10.0678","0.0012","769817036800.0000"
"10.0898","0.0012","770817075200.0000"
"10.1112","0.0012","771817062400.0000"
"10.1325","0.0012","772816947200.0000"
"10.1542","0.0012","773816985600.0000"
"10.1767","0.0013","774816972800.0000"
"10.2004","0.0013","775816960000.0000"
"10.2253","0.0013","776816844800.0000"
"10.2516","0.0013","777816832000.0000"
"10.2796","0.0013","778816870400.0000"
"10.3093","0.0013","779816806400.0000"
"10.3401","0.0013","780816844800.0000"
"10.3711","0.0013","781816832000.0000"
"10.4014","0.0013","782816870400.0000"
"10.4308","0.0013","783816908800.0000"
"10.4588","0.0013","784816998400.0000"
"10.4854","0.0013","785817036800.0000"
"10.5112","0.0013","786817075200.0000"
"10.5368","0.0013","787817164800.0000"
"10.5626","0.0013","788817305600.0000"
"10.5890","0.0013","789817344000.0000"
"10.6163","0.0013","790817433600.0000"
"10.6450","0.0013","791817523200.0000"
"10.6748","0.0013","792817612800.0000"
"10.7053","0.0013","793817651200.0000"
"10.7361","0.0013","794817689600.0000"
"10.7672","0.0013","795817779200.0000"
"10.7982","0.0013","796817817600.0000"
"10.8293","0.0013","797817856000.0000"
"10.8602","0.0013","798817945600.0000"
"10.8911","0.0013","799818086400.0000"
"10.9220","0.0013","800818176000.0000"
"10.9527","0.0013","801818214400.0000"
"10.9826","0.0013","802818304000.0000"
"11.0115","0.0014","803818342400.0000"
"11.0393","0.0014","804818534400.0000"
"11.0658","0.0014","805818675200.0000"
"11.0908","0.0014","806818816000.0000"
"11.1149","0.0014","807819110400.0000"
"11.1387","0.0014","808819200000.0000"
"11.1633","0.0014","809819340800.0000"
"11.1889","0.0014","810819635200.0000"
"11.2158","0.0014","811819776000.0000"
"11.2434","0.0014","812819865600.0000"
"11.2709","0.0014","813820108800.0000"
"11.2978","0.0014","814820300800.0000"
"11.3236","0.0014","815820441600.0000"
"11.3481","0.0014","816820531200.0000"
"11.3708","0.0014","817820774400.0000"
"11.3915","0.0014","818820761600.0000"
"11.4108","0.0014","819820800000.0000"
"11.4294","0.0014","820821043200.0000"
"11.4485","0.0014","821821030400.0000"
"11.4688","0.0014","822821068800.0000"
"11.4907","0.0014","823821209600.0000"
"11.5143","0.0014","824821094400.0000"
"11.5391","0.0014","825821132800.0000"
"11.5649","0.0014","826821273600.0000"
"11.5914","0.0014","827821260800.0000"
"11.6186","0.0014","828821196800.0000"
"11.6460","0.0014","829821337600.0000"
"11.6734","0.0014","830821324800.0000"
"11.7007","0.0014","831821363200.0000"
"11.7281","0.0014","832821401600.0000"
"11.7555","0.0014","833821440000.0000"
"11.7825","0.0014","834821427200.0000"
"11.8085","0.0015","835821465600.0000"
"11.8330","0.0015","836821401600.0000"
"11.8565","0.0015","837821388800.0000"
"11.8800","0.0015","838821427200.0000"
"11.9046","0.0015","839821260800.0000"
"11.9306","0.0015","840821196800.0000"
"11.9582","0.0015","841821235200.0000"
"11.9874","0.0015","842821068800.0000"
"12.0181","0.0015","843820953600.0000"
"12.0501","0.0015","844820736000.0000"
"12.0829","0.0015","845820569600.0000"
"12.1160","0.0015","846820403200.0000"
"12.1489","0.0015","847820134400.0000"
"12.1812","0.0015","848819968000.0000"
"12.2124","0.0015","849819801600.0000"
"12.2421","0.0015","850819532800.0000"
"12.2702","0.0015","851819468800.0000"
"12.2971","0.0015","852819200000.0000"
"12.3235","0.0015","853818931200.0000"
"12.3502","0.0015","854818764800.0000"
"12.3778","0.0015","855818598400.0000"
"12.4061","0.0015","856818432000.0000"
"12.4354","0.0015","857818163200.0000"
"12.4659","0.0015","858817996800.0000"
"12.4981","0.0015","859817779200.0000"
"12.5321","0.0015","860817510400.0000"
"12.5675","0.0015","861817446400.0000"
"12.6033","0.0015","862817177600.0000"
"12.6388","0.0016","863816908800.0000"
"12.6734","0.0016","864816742400.0000"
"12.7072","0.0016","865816473600.0000"
"12.7398","0.0016","866816307200.0000"
"12.7709","0.0016","867816038400.0000"
"12.8005","0.0016","868815769600.0000"
"12.8289","0.0016","869815603200.0000"
"12.8565","0.0016","870815232000.0000"
"12.8844","0.0016","871815065600.0000"
"12.9132","0.0016","872814694400.0000"
"12.9430","0.0016","873814425600.0000"
"12.9736","0.0016","874814259200.0000"
"13.0048","0.0016","875813990400.0000"
"13.0364","0.0016","876813824000.0000"
"13.0681","0.0016","877813555200.0000"
"13.0996","0.0016","878813388800.0000"
"13.1302","0.0016","879813222400.0000"
"13.1597","0.0016","880813056000.0000"
"13.1881","0.0016","881812992000.0000"
"13.2162","0.0016","882812928000.0000"
"13.2448","0.0016","883812761600.0000"
"13.2740","0.0016","884812595200.0000"
"13.3041","0.0016","885812633600.0000"
"13.3349","0.0016","886812364800.0000"
"13.3663","0.0016","887812403200.0000"
"13.3979","0.0016","888812236800.0000"
"13.4297","0.0016","889812070400.0000"
"13.4616","0.0017","890812006400.0000"
"13.4934","0.0017","891811942400.0000"
"13.5246","0.0017","892811878400.0000"
"13.5549","0.0017","893811712000.0000"
"13.5840","0.0017","894811545600.0000"
"13.6119","0.0017","895811584000.0000"
"13.6391","0.0017","896811417600.0000"
"13.6659","0.0017","897811148800.0000"
"13.6929","0.0017","898811289600.0000"
"13.7198","0.0017","899811123200.0000"
"13.7464","0.0017","900811059200.0000"
"13.7723","0.0017","901810995200.0000"
"13.7978","0.0017","902810931200.0000"
"13.8234","0.0017","903810867200.0000"
"13.8494","0.0017","904811008000.0000"
"13.8757","0.0017","905810841600.0000"
"13.9019","0.0017","906810982400.0000"
"13.9280","0.0017","907811020800.0000"
"13.9545","0.0017","908810956800.0000"
"13.9823","0.0017","909810995200.0000"
"14.0115","0.0017","910810931200.0000"
"14.0416","0.0017","911810969600.0000"
"14.0724","0.0017","912811008000.0000"
"14.1033","0.0017","913810944000.0000"
"14.1338","0.0017","914810982400.0000"
"14.1633","0.0017","915811020800.0000"
"14.1918","0.0017","916810956800.0000"
"14.2197","0.0017","917810892800.0000"
"14.2471","0.0018","918810828800.0000"
"14.2742","0.0018","919810867200.0000"
"14.3012","0.0018","920810803200.0000"
"14.3276","0.0018","921810841600.0000"
"14.3530","0.0018","922810777600.0000"
"14.3779","0.0018","923810816000.0000"
"14.4033","0.0018","924810854400.0000"
"14.4299","0.0018","925810790400.0000"
"14.4581","0.0018","926810828800.0000"
"14.4874","0.0018","927811072000.0000"
"14.5174","0.0018","928811110400.0000"
"14.5478","0.0018","929811148800.0000"
"14.5784","0.0018","930811289600.0000"
"14.6090","0.0018","931811225600.0000"
"14.6395","0.0018","932811264000.0000"
"14.6701","0.0018","933811404800.0000"
"14.7013","0.0018","934811545600.0000"
"14.7334","0.0018","935811584000.0000"
"14.7667","0.0018","936811622400.0000"
"14.8010","0.0018","937811558400.0000"
"14.8361","0.0018","938811596800.0000"
"14.8718","0.0018","939811635200.0000"
"14.9080","0.0018","940811673600.0000"
"14.9443","0.0018","941811609600.0000"
"14.9801","0.0018","942811648000.0000"
"15.0157","0.0018","943811584000.0000"
"15.0513","0.0018","944811417600.0000"
"15.0865","0.0019","945811456000.0000"
"15.1210","0.0019","946811392000.0000"
"15.1546","0.0019","947811328000.0000"
"15.1877","0.0019","948811366400.0000"
"15.2206","0.0019","949811302400.0000"
"15.2534","0.0019","950811340800.0000"
"15.2862","0.0019","951811379200.0000"
"15.3192","0.0019","952811315200.0000"
"15.3529","0.0019","953811353600.0000"
"15.3871","0.0019","954811289600.0000"
"15.4215","0.0019","955811328000.0000"
"15.4559","0.0019","956811366400.0000"
"15.4905","0.0019","957811507200.0000"
"15.5253","0.0019","958811340800.0000"
"15.5602","0.0019","959811481600.0000"
"15.5949","0.0019","960811417600.0000"
"15.6291","0.0019","961811353600.0000"
"15.6623","0.0019","962811392000.0000"
"15.6943","0.0019","963811328000.0000"
"15.7249","0.0019","964811264000.0000"
"15.7540","0.0019","965811302400.0000"
"15.7819","0.0019","966811238400.0000"
"15.8098","0.0019","967811072000.0000"
"15.8384","0.0019","968811008000.0000"
"15.8683","0.0019","969810944000.0000"
"15.8996","0.0020","970810777600.0000"
"15.9323","0.0020","971810918400.0000"
"15.9664","0.0020","972810752000.0000"
"16.0018","0.0020","973810790400.0000"
"16.0379","0.0020","974810931200.0000"
"16.0735","0.0020","975810867200.0000"
"16.1079","0.0020","976810905600.0000"
"16.1409","0.0020","977810841600.0000"
"16.1728","0.0020","978810880000.0000"
"16.2043","0.0020","979810918400.0000"
"16.2359","0.0020","980810956800.0000"
"16.2678","0.0020","981810995200.0000"
"16.3003","0.0020","982811136000.0000"
"16.3341","0.0020","983811072000.0000"
"16.3691","0.0020","984811008000.0000"
"16.4050","0.0020","985811046400.0000"
"16.4412","0.0020","986811187200.0000"
"16.4770","0.0020","987811020800.0000"
"16.5127","0.0020","988811161600.0000"
"16.5485","0.0020","989810995200.0000"
"16.5843","0.0020","990811033600.0000"
"16.6198","0.0020","991810969600.0000"
"16.6548","0.0020","992810905600.0000"
"16.6898","0.0021","993810739200.0000"
"16.7249","0.0021","994810880000.0000"
"16.7601","0.0021","995810918400.0000"
"16.7956","0.0021","996810854400.0000"
"16.8311","0.0021","997810892800.0000"
"16.8666","0.0021","998810828800.0000"
"16.9018","0.0021","999810867200.0000"
"16.9367","0.0021","1000810905600.0000"
"16.9718","0.0021","1001810841600.0000"
"17.0079","0.0021","1002810880000.0000"
"17.0452","0.0021","1003811020800.0000"
"17.0836","0.0021","1004811059200.0000"
"17.1226","0.0021","1005810995200.0000"
"17.1617","0.0021","1006811033600.0000"
"17.2005","0.0021","1007811174400.0000"
"17.2387","0.0021","1008811008000.0000"
"17.2757","0.0021","1009811148800.0000"
"17.3112","0.0021","1010811187200.0000"
"17.3455","0.0021","1011811123200.0000"
"17.3785","0.0021","1012811161600.0000"
"17.4103","0.0021","1013810995200.0000"
"17.4414","0.0021","1014810828800.0000"
"17.4728","0.0021","1015810867200.0000"
"17.5054","0.0022","1016810700800.0000"
"17.5403","0.0022","1017810841600.0000"
"17.5773","0.0022","1018810572800.0000"
"17.6156","0.0022","1019810508800.0000"
"17.6544","0.0022","1020810547200.0000"
"17.6935","0.0022","1021810483200.0000"
"17.7329","0.0022","1022810419200.0000"
"17.7726","0.0022","1023810457600.0000"
"17.8127","0.0022","1024810393600.0000"
"17.8531","0.0022","1025810227200.0000"
"17.8935","0.0022","1026810265600.0000"
"17.9337","0.0022","1027810201600.0000"
"17.9740","0.0022","1028810137600.0000"
"18.0140","0.0022","1029810176000.0000"
"18.0538","0.0022","1030810214400.0000"
"18.0935","0.0022","1031810252800.0000"
"18.1331","0.0022","1032810188800.0000"
"18.1726","0.0022","1033810124800.0000"
"18.2116","0.0022","1034809958400.0000"
"18.2501","0.0022","1035809894400.0000"
"18.2880","0.0022","1036809830400.0000"
"18.3255","0.0023","1037809766400.0000"
"18.3626","0.0023","1038809702400.0000"
"18.3994","0.0023","1039809638400.0000"
"18.4355","0.0023","1040809574400.0000"
"18.4706","0.0023","1041809510400.0000"
"18.5043","0.0023","1042809446400.0000"
"18.5367","0.0023","1043809484800.0000"
"18.5681","0.0023","1044809420800.0000"
"18.5982","0.0023","1045809254400.0000"
"18.6268","0.0023","1046809395200.0000"
"18.6539","0.0023","1047809331200.0000"
"18.6808","0.0023","1048809369600.0000"
"18.7087","0.0023","1049809612800.0000"
"18.7380","0.0023","1050809651200.0000"
"18.7688","0.0023","1051809587200.0000"
"18.8012","0.0023","1052809830400.0000"
"18.8350","0.0023","1053809868800.0000"
"18.8700","0.0023","1054809907200.0000"
"18.9055","0.0023","1055810150400.0000"
"18.9411","0.0023","1056810188800.0000"
"18.9771","0.0023","1057810227200.0000"
"19.0137","0.0023","1058810368000.0000"
"19.0508","0.0023","1059810508800.0000"
"19.0879","0.0023","1060810547200.0000"
"19.1245","0.0023","1061810585600.0000"
"19.1602","0.0024","1062810624000.0000"
"19.1953","0.0024","1063810764800.0000"
"19.2305","0.0024","1064810905600.0000"
"19.2664","0.0024","1065810944000.0000"
"19.3033","0.0024","1066810982400.0000"
"19.3411","0.0024","1067811123200.0000"
"19.3798","0.0024","1068811366400.0000"
"19.4195","0.0024","1069811404800.0000"
"19.4603","0.0024","1070811443200.0000"
"19.5021","0.0024","1071811686400.0000"
"19.5443","0.0024","1072811827200.0000"
"19.5862","0.0024","1073812070400.0000"
"19.6280","0.0024","1074812313600.0000"
"19.6692","0.0024","1075812454400.0000"
"19.7095","0.0024","1076812697600.0000"
"19.7487","0.0024","1077812940800.0000"
"19.7867","0.0024","1078813081600.0000"
"19.8244","0.0024","1079813427200.0000"
"19.8626","0.0024","1080813568000.0000"
"19.9018","0.0024","1081813811200.0000"
"19.9421","0.0025","1082813952000.0000"
"19.9833","0.0025","1083814195200.0000"
"20.0252","0.0025","1084814438400.0000"
"20.0679","0.0025","1085814579200.0000"
"20.1109","0.0025","1086814720000.0000"
"20.1542","0.0025","1087814963200.0000"
"20.1975","0.0025","1088815104000.0000"
"20.2407","0.0025","1089815244800.0000"
"20.2837","0.0025","1090815488000.0000"
"20.3261","0.0025","1091815833600.0000"
"20.3670","0.0025","1092815872000.0000"
"20.4057","0.0025","1093816012800.0000"
"20.4423","0.0025","1094816358400.0000"
"20.4776","0.0025","1095816601600.0000"
"20.5127","0.0025","1096816742400.0000"
"20.5485","0.0025","1097817088000.0000"
"20.5854","0.0025","1098817331200.0000"
"20.6233","0.0025","1099817676800.0000"
"20.6622","0.0025","1100817920000.0000"
"20.7019","0.0025","1101818163200.0000"
"20.7421","0.0025","1102818406400.0000"
"20.7830","0.0026","1103818649600.0000"
"20.8248","0.0026","1104818892800.0000"
"20.8675","0.0026","1105819136000.0000"
"20.9105","0.0026","1106819379200.0000"
"20.9537","0.0026","1107819520000.0000"
"20.9967","0.0026","1108819660800.0000"
"21.0394","0.0026","1109819904000.0000"
"21.0814","0.0026","1110819942400.0000"
"21.1227","0.0026","1111820083200.0000"
"21.1639","0.0026","1112820326400.0000"
"21.2053","0.0026","1113820262400.0000"
"21.2470","0.0026","1114820505600.0000"
"21.2888","0.0026","1115820646400.0000"
"21.3307","0.0026","1116820787200.0000"
"21.3733","0.0026","1117820723200.0000"
"21.4168","0.0026","1118820966400.0000"
"21.4613","0.0026","1119821004800.0000"
"21.5062","0.0026","1120821248000.0000"
"21.5509","0.0026","1121821388800.0000"
"21.5945","0.0027","1122821427200.0000"
"21.6370","0.0027","1123821568000.0000"
"21.6787","0.0027","1124821606400.0000"
"21.7195","0.0027","1125821952000.0000"
"21.7599","0.0027","1126821888000.0000"
"21.8002","0.0027","1127821926400.0000"
"21.8409","0.0027","1128822169600.0000"
"21.8825","0.0027","1129822105600.0000"
"21.9255","0.0027","1130822144000.0000"
"21.9700","0.0027","1131822284800.0000"
"22.0160","0.0027","1132822220800.0000"
"22.0632","0.0027","1133822054400.0000"
"22.1115","0.0027","1134822195200.0000"
"22.1605","0.0027","1135822028800.0000"
"22.2098","0.0027","1136822067200.0000"
"22.2583","0.0027","1137822003200.0000"
"22.3056","0.0027","1138822041600.0000"
"22.3512","0.0027","1139821772800.0000"
"22.3955","0.0028","1140821811200.0000"
"22.4387","0.0028","1141821747200.0000"
"22.4808","0.0028","1142821683200.0000"
"22.5222","0.0028","1143821619200.0000"
"22.5636","0.0028","1144821555200.0000"
"22.6061","0.0028","1145821491200.0000"
"22.6503","0.0028","1146821427200.0000"
"22.6965","0.0028","1147821363200.0000"
"22.7443","0.0028","1148821401600.0000"
"22.7931","0.0028","1149821337600.0000"
"22.8418","0.0028","1150821273600.0000"
"22.8898","0.0028","1151821312000.0000"
"22.9367","0.0028","1152821145600.0000"
"22.9830","0.0028","1153821081600.0000"
"23.0289","0.0028","1154821017600.0000"
"23.0742","0.0028","1155820953600.0000"
"23.1181","0.0028","1156820889600.0000"
"23.1608","0.0028","1157820723200.0000"
"23.2032","0.0029","1158820556800.0000"
"23.2459","0.0029","1159820595200.0000"
"23.2891","0.0029","1160820428800.0000"
"23.3329","0.0029","1161820262400.0000"
"23.3773","0.0029","1162820096000.0000"
"23.4219","0.0029","1163819929600.0000"
"23.4662","0.0029","1164819865600.0000"
"23.5098","0.0029","1165819801600.0000"
"23.5530","0.0029","1166819737600.0000"
"23.5962","0.0029","1167819673600.0000"
"23.6395","0.0029","1168819507200.0000"
"23.6829","0.0029","1169819443200.0000"
"23.7260","0.0029","1170819481600.0000"
"23.7686","0.0029","1171819417600.0000"
"23.8104","0.0029","1172819353600.0000"
"23.8513","0.0029","1173819392000.0000"
"23.8909","0.0029","1174819328000.0000"
"23.9292","0.0029","1175819264000.0000"
"23.9668","0.0029","1176819302400.0000"
"24.0047","0.0029","1177819238400.0000"
"24.0439","0.0030","1178819072000.0000"
"24.0850","0.0030","1179819008000.0000"
"24.1283","0.0030","1180818841600.0000"
"24.1737","0.0030","1181818777600.0000"
"24.2203","0.0030","1182818713600.0000"
"24.2679","0.0030","1183818444800.0000"
"24.3159","0.0030","1184818380800.0000"
"24.3637","0.0030","1185818214400.0000"
"24.4109","0.0030","1186818048000.0000"
"24.4574","0.0030","1187817881600.0000"
"24.5034","0.0030","1188817715200.0000"
"24.5492","0.0030","1189817651200.0000"
"24.5945","0.0030","1190817587200.0000"
"24.6390","0.0030","1191817420800.0000"
"24.6824","0.0030","1192817254400.0000"
"24.7254","0.0030","1193817088000.0000"
"24.7687","0.0030","1194817024000.0000"
"24.8122","0.0030","1195816960000.0000"
"24.8559","0.0031","1196816793600.0000"
"24.8995","0.0031","1197816832000.0000"
"24.9425","0.0031","1198816665600.0000"
"24.9846","0.0031","1199816499200.0000"
"25.0254","0.0031","1200816435200.0000"
"25.0652","0.0031","1201816268800.0000"
"25.1051","0.0031","1202816102400.0000"
"25.1461","0.0031","1203815936000.0000"
"25.1882","0.0031","1204815769600.0000"
"25.2312","0.0031","1205815705600.0000"
"25.2738","0.0031","1206815539200.0000"
"25.3150","0.0031","1207815372800.0000"
"25.3546","0.0031","1208815206400.0000"
"25.3939","0.0031","1209815040000.0000"
"25.4336","0.0031","1210814771200.0000"
"25.4745","0.0031","1211814707200.0000"
"25.5171","0.0031","1212814540800.0000"
"25.5608","0.0031","1213814476800.0000"
"25.6048","0.0031","1214814412800.0000"
"25.6488","0.0032","1215814246400.0000"
"25.6929","0.0032","1216814284800.0000"
"25.7374","0.0032","1217814118400.0000"
"25.7823","0.0032","1218814054400.0000"
"25.8272","0.0032","1219814092800.0000"
"25.8723","0.0032","1220813926400.0000"
"25.9183","0.0032","1221813862400.0000"
"25.9651","0.0032","1222813900800.0000"
"26.0122","0.0032","1223813836800.0000"
"26.0595","0.0032","1224813875200.0000"
"26.1076","0.0032","1225813811200.0000"
"26.1570","0.0032","1226813747200.0000"
"26.2073","0.0032","1227813785600.0000"
"26.2581","0.0032","1228813721600.0000"
"26.3087","0.0032","1229813555200.0000"
"26.3585","0.0032","1230813491200.0000"
"26.4067","0.0032","1231813427200.0000"
"26.4528","0.0033","1232813260800.0000"
"26.4969","0.0033","1233813196800.0000"
"26.5401","0.0033","1234813030400.0000"
"26.5830","0.0033","1235812966400.0000"
"26.6259","0.0033","1236813004800.0000"
"26.6685","0.0033","1237812940800.0000"
"26.7110","0.0033","1238812979200.0000"
"26.7533","0.0033","1239812915200.0000"
"26.7950","0.0033","1240812851200.0000"
"26.8361","0.0033","1241812889600.0000"
"26.8767","0.0033","1242812928000.0000"
"26.9172","0.0033","1243812966400.0000"
"26.9580","0.0033","1244813107200.0000"
"26.9989","0.0033","1245813145600.0000"
"27.0397","0.0033","1246813184000.0000"
"27.0806","0.0033","1247813120000.0000"
"27.1217","0.0033","1248813158400.0000"
"27.1632","0.0033","1249813196800.0000"
"27.2056","0.0033","1250813337600.0000"
"27.2493","0.0033","1251813478400.0000"
"27.2943","0.0034","1252813516800.0000"
"27.3403","0.0034","1253813452800.0000"
"27.3864","0.0034","1254813491200.0000"
"27.4320","0.0034","1255813529600.0000"
"27.4773","0.0034","1256813568000.0000"
"27.5229","0.0034","1257813606400.0000"
"27.5698","0.0034","1258813644800.0000"
"27.6179","0.0034","1259813683200.0000"
"27.6670","0.0034","1260813721600.0000"
"27.7164","0.0034","1261813760000.0000"
"27.7658","0.0034","1262814003200.0000"
"27.8155","0.0034","1263814144000.0000"
"27.8656","0.0034","1264814182400.0000"
"27.9160","0.0034","1265814323200.0000"
"27.9667","0.0034","1266814668800.0000"
"28.0178","0.0034","1267814809600.0000"
"28.0689","0.0034","1268814848000.0000"
"28.1199","0.0035","1269815091200.0000"
"28.1706","0.0035","1270815436800.0000"
"28.2209","0.0035","1271815577600.0000"
"28.2702","0.0035","1272815616000.0000"
"28.3179","0.0035","1273815961600.0000"
"28.3650","0.0035","1274816102400.0000"
"28.4125","0.0035","1275816140800.0000"
"28.4615","0.0035","1276816384000.0000"
"28.5124","0.0035","1277816524800.0000"
"28.5656","0.0035","1278816768000.0000"
"28.6207","0.0035","1279816806400.0000"
"28.6769","0.0035","1280816947200.0000"
"28.7332","0.0035","1281816985600.0000"
"28.7887","0.0035","1282817126400.0000"
"28.8430","0.0035","1283817369600.0000"
"28.8962","0.0036","1284817305600.0000"
"28.9489","0.0036","1285817344000.0000"
"29.0013","0.0036","1286817587200.0000"
"29.0533","0.0036","1287817625600.0000"
"29.1046","0.0036","1288817664000.0000"
"29.1554","0.0036","1289817702400.0000"
"29.2060","0.0036","1290817945600.0000"
"29.2563","0.0036","1291817984000.0000"
"29.3065","0.0036","1292818124800.0000"
"29.3565","0.0036","1293818163200.0000"
"29.4065","0.0036","1294818201600.0000"
"29.4564","0.0036","1295818240000.0000"
"29.5060","0.0036","1296818176000.0000"
"29.5552","0.0036","1297818112000.0000"
"29.6045","0.0036","1298818150400.0000"
"29.6546","0.0036","1299818086400.0000"
"29.7056","0.0036","1300818022400.0000"
"29.7574","0.0037","1301817958400.0000"
"29.8097","0.0037","1302817792000.0000"
"29.8623","0.0037","1303817728000.0000"
"29.9147","0.0037","1304817561600.0000"
"29.9669","0.0037","1305817395200.0000"
"30.0191","0.0037","1306817228800.0000"
"30.0714","0.0037","1307816960000.0000"
"30.1236","0.0037","1308816793600.0000"
"30.1756","0.0037","1309816627200.0000"
"30.2271","0.0037","1310816358400.0000"
"30.2779","0.0037","1311816294400.0000"
"30.3279","0.0037","1312815923200.0000"
"30.3769","0.0037","1313815756800.0000"
"30.4249","0.0037","1314815590400.0000"
"30.4718","0.0037","1315815424000.0000"
"30.5175","0.0037","1316815360000.0000"
"30.5619","0.0038","1317814988800.0000"
"30.6054","0.0038","1318814822400.0000"
"30.6487","0.0038","1319814758400.0000"
"30.6924","0.0038","1320814489600.0000"
"30.7367","0.0038","1321814425600.0000"
"30.7823","0.0038","1322814259200.0000"
"30.8294","0.0038","1323813990400.0000"
"30.8779","0.0038","1324813721600.0000"
"30.9274","0.0038","1325813555200.0000"
"30.9766","0.0038","1326813388800.0000"
"31.0253","0.0038","1327813120000.0000"
"31.0738","0.0038","1328812953600.0000"
"31.1224","0.0038","1329812684800.0000"
"31.1712","0.0038","1330812518400.0000"
"31.2199","0.0038","1331812352000.0000"
"31.2681","0.0038","1332812288000.0000"
"31.3153","0.0038","1333812121600.0000"
"31.3617","0.0039","1334812057600.0000"
"31.4074","0.0039","1335811891200.0000"
"31.4528","0.0039","1336811724800.0000"
"31.4983","0.0039","1337811558400.0000"
"31.5439","0.0039","1338811494400.0000"
"31.5901","0.0039","1339811430400.0000"
"31.6370","0.0039","1340811571200.0000"
"31.6853","0.0039","1341811609600.0000"
"31.7356","0.0039","1342811443200.0000"
"31.7885","0.0039","1343811686400.0000"
"31.8435","0.0039","1344811622400.0000"
"31.8999","0.0039","1345811558400.0000"
"31.9572","0.0039","1346811596800.0000"
"32.0144","0.0039","1347811635200.0000"
"32.0708","0.0039","1348811571200.0000"
"32.1259","0.0039","1349811712000.0000"
"32.1798","0.0040","1350811648000.0000"
"32.2327","0.0040","1351811584000.0000"
"32.2851","0.0040","1352811622400.0000"
"32.3378","0.0040","1353811558400.0000"
"32.3913","0.0040","1354811596800.0000"
"32.4458","0.0040","1355811635200.0000"
"32.5013","0.0040","1356811673600.0000"
"32.5576","0.0040","1357811712000.0000"
"32.6147","0.0040","1358811750400.0000"
"32.6723","0.0040","1359811788800.0000"
"32.7302","0.0040","1360811827200.0000"
"32.7885","0.0040","1361811968000.0000"
"32.8465","0.0040","1362812108800.0000"
"32.9038","0.0040","1363812147200.0000"
"32.9603","0.0040","1364812288000.0000"
"33.0161","0.0041","1365812428800.0000"
"33.0706","0.0041","1366812569600.0000"
"33.1235","0.0041","1367812710400.0000"
"33.1746","0.0041","1368812748800.0000"
"33.2241","0.0041","1369812787200.0000"
"33.2726","0.0041","1370813030400.0000"
"33.3212","0.0041","1371813171200.0000"
"33.3709","0.0041","1372813209600.0000"
"33.4216","0.0041","1373813145600.0000"
"33.4732","0.0041","1374813184000.0000"
"33.5255","0.0041","1375813222400.0000"
"33.5780","0.0041","1376813260800.0000"
"33.6299","0.0041","1377813299200.0000"
"33.6808","0.0041","1378813235200.0000"
"33.7307","0.0041","1379813376000.0000"
"33.7799","0.0042","1380813209600.0000"
"33.8286","0.0042","1381813350400.0000"
"33.8769","0.0042","1382813286400.0000"
"33.9251","0.0042","1383813427200.0000"
"33.9733","0.0042","1384813363200.0000"
"34.0214","0.0042","1385813504000.0000"
"34.0695","0.0042","1386813440000.0000"
"34.1176","0.0042","1387813376000.0000"
"34.1658","0.0042","1388813516800.0000"
"34.2143","0.0042","1389813452800.0000"
"34.2634","0.0042","1390813491200.0000"
"34.3136","0.0042","1391813529600.0000"
"34.3651","0.0042","1392813465600.0000"
"34.4179","0.0042","1393813504000.0000"
"34.4720","0.0042","1394813440000.0000"
"34.5273","0.0042","1395813376000.0000"
"34.5837","0.0042","1396813312000.0000"
"34.6407","0.0043","1397813248000.0000"
"34.6975","0.0043","1398813184000.0000"
"34.7534","0.0043","1399813120000.0000"
"34.8082","0.0043","1400813056000.0000"
"34.8618","0.0043","1401812889600.0000"
"34.9148","0.0043","1402812928000.0000"
"34.9680","0.0043","1403812761600.0000"
"35.0218","0.0043","1404812595200.0000"
"35.0763","0.0043","1405812633600.0000"
"35.1314","0.0043","1406812467200.0000"
"35.1872","0.0043","1407812300800.0000"
"35.2441","0.0043","1408812236800.0000"
"35.3019","0.0043","1409812275200.0000"
"35.3598","0.0043","1410812211200.0000"
"35.4173","0.0044","1411812249600.0000"
"35.4741","0.0044","1412812288000.0000"
"35.5303","0.0044","1413812326400.0000"
"35.5856","0.0044","1414812262400.0000"
"35.6397","0.0044","1415812198400.0000"
"35.6925","0.0044","1416812236800.0000"
"35.7443","0.0044","1417812172800.0000"
"35.7958","0.0044","1418812211200.0000"
"35.8477","0.0044","1419812249600.0000"
"35.9005","0.0044","1420812185600.0000"
"35.9545","0.0044","1421812224000.0000"
"36.0098","0.0044","1422812262400.0000"
"36.0657","0.0044","1423812096000.0000"
"36.1217","0.0044","1424812032000.0000"
"36.1772","0.0044","1425812172800.0000"
"36.2321","0.0045","1426812108800.0000"
"36.2862","0.0045","1427812147200.0000"
"36.3394","0.0045","1428812185600.0000"
"36.3916","0.0045","1429812224000.0000"
"36.4428","0.0045","1430812262400.0000"
"36.4929","0.0045","1431812403200.0000"
"36.5414","0.0045","1432812544000.0000"
"36.5881","0.0045","1433812582400.0000"
"36.6336","0.0045","1434812825600.0000"
"36.6793","0.0045","1435812966400.0000"
"36.7262","0.0045","1436813107200.0000"
"36.7742","0.0045","1437813248000.0000"
"36.8224","0.0045","1438813491200.0000"
"36.8702","0.0045","1439813529600.0000"
"36.9180","0.0045","1440813772800.0000"
"36.9664","0.0045","1441814016000.0000"
"37.0158","0.0045","1442814054400.0000"
"37.0666","0.0046","1443814297600.0000"
"37.1188","0.0046","1444814540800.0000"
"37.1719","0.0046","1445814681600.0000"
"37.2252","0.0046","1446814720000.0000"
"37.2780","0.0046","1447814758400.0000"
"37.3299","0.0046","1448815104000.0000"
"37.3804","0.0046","1449815142400.0000"
"37.4297","0.0046","1450815283200.0000"
"37.4790","0.0046","1451815321600.0000"
"37.5292","0.0046","1452815360000.0000"
"37.5812","0.0046","1453815603200.0000"
"37.6355","0.0046","1454815744000.0000"
"37.6923","0.0046","1455815782400.0000"
"37.7510","0.0046","1456815820800.0000"
"37.8104","0.0046","1457815961600.0000"
"37.8695","0.0047","1458816102400.0000"
"37.9275","0.0047","1459816140800.0000"
"37.9842","0.0047","1460816384000.0000"
"38.0397","0.0047","1461816422400.0000"
"38.0947","0.0047","1462816460800.0000"
"38.1493","0.0047","1463816601600.0000"
"38.2034","0.0047","1464816640000.0000"
"38.2570","0.0047","1465816678400.0000"
"38.3101","0.0047","1466816614400.0000"
"38.3629","0.0047","1467816550400.0000"
"38.4156","0.0047","1468816486400.0000"
"38.4687","0.0047","1469816524800.0000"
"38.5225","0.0047","1470816460800.0000"
"38.5774","0.0047","1471816294400.0000"
"38.6332","0.0047","1472816230400.0000"
"38.6897","0.0048","1473816064000.0000"
"38.7466","0.0048","1474815897600.0000"
"38.8035","0.0048","1475815833600.0000"
"38.8600","0.0048","1476815667200.0000"
"38.9156","0.0048","1477815500800.0000"
"38.9700","0.0048","1478815232000.0000"
"39.0233","0.0048","1479815065600.0000"
"39.0755","0.0048","1480815001600.0000"
"39.1269","0.0048","1481814835200.0000"
"39.1774","0.0048","1482814668800.0000"
"39.2274","0.0048","1483814502400.0000"
"39.2779","0.0048","1484814233600.0000"
"39.3297","0.0048","1485814169600.0000"
"39.3830","0.0048","1486814003200.0000"
"39.4378","0.0048","1487813836800.0000"
"39.4936","0.0049","1488813670400.0000"
"39.5498","0.0049","1489813504000.0000"
"39.6061","0.0049","1490813440000.0000"
"39.6625","0.0049","1491813068800.0000"
"39.7192","0.0049","1492812902400.0000"
"39.7762","0.0049","1493812736000.0000"
"39.8332","0.0049","1494812569600.0000"
"39.8895","0.0049","1495812403200.0000"
"39.9447","0.0049","1496812032000.0000"
"39.9992","0.0049","1497811763200.0000"
"40.0537","0.0049","1498811699200.0000"
"40.1091","0.0049","1499811430400.0000"
"40.1656","0.0049","1500811264000.0000"
"40.2231","0.0049","1501810995200.0000"
"40.2813","0.0049","1502810828800.0000"
"40.3403","0.0050","1503810764800.0000"
"40.3999","0.0050","1504810598400.0000"
"40.4605","0.0050","1505810432000.0000"
"40.5219","0.0050","1506810368000.0000"
"40.5839","0.0050","1507810201600.0000"
"40.6458","0.0050","1508810035200.0000"
"40.7073","0.0050","1509810073600.0000"
"40.7684","0.0050","1510809804800.0000"
"40.8294","0.0050","1511809843200.0000"
"40.8901","0.0050","1512809779200.0000"
"40.9501","0.0050","1513809715200.0000"
"41.0095","0.0050","1514809651200.0000"
"41.0684","0.0050","1515809587200.0000"
"41.1277","0.0051","1516809523200.0000"
"41.1880","0.0051","1517809561600.0000"
"41.2494","0.0051","1518809497600.0000"
"41.3118","0.0051","1519809331200.0000"
"41.3750","0.0051","1520809267200.0000"
"41.4379","0.0051","1521809203200.0000"
"41.5000","0.0051","1522809241600.0000"
"41.5609","0.0051","1523809177600.0000"
"41.6204","0.0051","1524809113600.0000"
"41.6790","0.0051","1525809152000.0000"
"41.7366","0.0051","1526809088000.0000"
"41.7930","0.0051","1527809126400.0000"
"41.8482","0.0051","1528809164800.0000"
"41.9025","0.0051","1529809100800.0000"
"41.9563","0.0052","1530809139200.0000"
"42.0104","0.0052","1531809382400.0000"
"42.0657","0.0052","1532809420800.0000"
"42.1232","0.0052","1533809459200.0000"
"42.1832","0.0052","1534809600000.0000"
"42.2461","0.0052","1535809638400.0000"
"42.3112","0.0052","1536809881600.0000"
"42.3776","0.0052","1537809920000.0000"
"42.4443","0.0052","1538810060800.0000"
"42.5109","0.0052","1539809996800.0000"
"42.5774","0.0052","1540810137600.0000"
"42.6441","0.0052","1541810278400.0000"
"42.7110","0.0052","1542810316800.0000"
"42.7777","0.0053","1543810457600.0000"
"42.8436","0.0053","1544810496000.0000"
"42.9086","0.0053","1545810534400.0000"
"42.9725","0.0053","1546810572800.0000"
"43.0354","0.0053","1547810816000.0000"
"43.0976","0.0053","1548810854400.0000"
"43.1590","0.0053","1549810790400.0000"
"43.2201","0.0053","1550811136000.0000"
"43.2811","0.0053","1551811174400.0000"
"43.3423","0.0053","1552811315200.0000"
"43.4035","0.0053","1553811456000.0000"
"43.4647","0.0053","1554811596800.0000"
"43.5259","0.0053","1555811840000.0000"
"43.5867","0.0054","1556811980800.0000"
"43.6471","0.0054","1557812224000.0000"
"43.7073","0.0054","1558812467200.0000"
"43.7676","0.0054","1559812608000.0000"
"43.8278","0.0054","1560812851200.0000"
"43.8875","0.0054","1561813094400.0000"
"43.9464","0.0054","1562813132800.0000"
"44.0048","0.0054","1563813376000.0000"
"44.0637","0.0054","1564813619200.0000"
"44.1242","0.0054","1565813657600.0000"
"44.1864","0.0054","1566813900800.0000"
"44.2502","0.0054","1567814246400.0000"
"44.3156","0.0054","1568814182400.0000"
"44.3825","0.0055","1569814425600.0000"
"44.4507","0.0055","1570814566400.0000"
"44.5192","0.0055","1571814604800.0000"
"44.5874","0.0055","1572814745600.0000"
"44.6548","0.0055","1573814988800.0000"
"44.7211","0.0055","1574815129600.0000"
"44.7862","0.0055","1575815372800.0000"
"44.8503","0.0055","1576815513600.0000"
"44.9138","0.0055","1577815859200.0000"
"44.9764","0.0055","1578816102400.0000"
"45.0377","0.0055","1579816243200.0000"
"45.0980","0.0055","1580816486400.0000"
"45.1581","0.0055","1581816627200.0000"
"45.2183","0.0056","1582817075200.0000"
"45.2788","0.0056","1583817216000.0000"
"45.3393","0.0056","1584817561600.0000"
"45.4001","0.0056","1585817804800.0000"
"45.4615","0.0056","1586817945600.0000"
"45.5237","0.0056","1587818086400.0000"
"45.5866","0.0056","1588818534400.0000"
"45.6503","0.0056","1589818572800.0000"
"45.7142","0.0056","1590818713600.0000"
"45.7779","0.0056","1591818854400.0000"
"45.8410","0.0056","1592819302400.0000"
"45.9030","0.0056","1593819238400.0000"
"45.9633","0.0056","1594819584000.0000"
"46.0222","0.0057","1595819622400.0000"
"46.0804","0.0057","1596819865600.0000"
"46.1383","0.0057","1597819801600.0000"
"46.1963","0.0057","1598820147200.0000"
"46.2543","0.0057","1599820390400.0000"
"46.3122","0.0057","1600820633600.0000"
"46.3702","0.0057","1601820569600.0000"
"46.4283","0.0057","1602820812800.0000"
"46.4866","0.0057","1603821260800.0000"
"46.5448","0.0057","1604821401600.0000"
"46.6031","0.0057","1605821440000.0000"
"46.6617","0.0057","1606821683200.0000"
"46.7210","0.0057","1607821926400.0000"
"46.7813","0.0057","1608822067200.0000"
"46.8426","0.0058","1609822105600.0000"
"46.9045","0.0058","1610822553600.0000"
"46.9667","0.0058","1611822796800.0000"
"47.0289","0.0058","1612822732800.0000"
"47.0917","0.0058","1613822771200.0000"
"47.1554","0.0058","1614822809600.0000"
"47.2207","0.0058","1615822848000.0000"
"47.2878","0.0058","1616823091200.0000"
"47.3565","0.0058","1617823027200.0000"
"47.4263","0.0058","1618823065600.0000"
"47.4960","0.0058","1619823104000.0000"
"47.5650","0.0058","1620823142400.0000"
"47.6329","0.0059","1621823180800.0000"
"47.6993","0.0059","1622823219200.0000"
"47.7643","0.0059","1623823257600.0000"
"47.8279","0.0059","1624823193600.0000"
"47.8905","0.0059","1625823027200.0000"
"47.9530","0.0059","1626823065600.0000"
"48.0159","0.0059","1627823104000.0000"
"48.0797","0.0059","1628823142400.0000"
"48.1450","0.0059","1629823180800.0000"
"48.2118","0.0059","1630823219200.0000"
"48.2803","0.0059","1631823052800.0000"
"48.3501","0.0059","1632822988800.0000"
"48.4203","0.0059","1633823027200.0000"
"48.4901","0.0060","1634823065600.0000"
"48.5595","0.0060","1635822899200.0000"
"48.6287","0.0060","1636822732800.0000"
"48.6978","0.0060","1637822566400.0000"
"48.7663","0.0060","1638822400000.0000"
"48.8335","0.0060","1639822438400.0000"
"48.8993","0.0060","1640822067200.0000"
"48.9643","0.0060","1641821900800.0000"
"49.0288","0.0060","1642821734400.0000"
"49.0928","0.0060","1643821568000.0000"
"49.1564","0.0060","1644821401600.0000"
"49.2200","0.0060","1645821235200.0000"
"49.2840","0.0061","1646820864000.0000"
"49.3485","0.0061","1647820697600.0000"
"49.4137","0.0061","1648820531200.0000"
"49.4790","0.0061","1649820569600.0000"
"49.5438","0.0061","1650820198400.0000"
"49.6081","0.0061","1651820032000.0000"
"49.6721","0.0061","1652819865600.0000"
"49.7358","0.0061","1653819699200.0000"
"49.7995","0.0061","1654819737600.0000"
"49.8634","0.0061","1655819571200.0000"
"49.9275","0.0061","1656819404800.0000"
"49.9914","0.0061","1657819033600.0000"
"50.0548","0.0061","1658818867200.0000"
"50.1183","0.0062","1659818700800.0000"
"50.1824","0.0062","1660818534400.0000"
"50.2478","0.0062","1661818368000.0000"
"50.3147","0.0062","1662818201600.0000"
"50.3835","0.0062","1663817830400.0000"
"50.4539","0.0062","1664817664000.0000"
"50.5250","0.0062","1665817497600.0000"
"50.5963","0.0062","1666817331200.0000"
"50.6673","0.0062","1667816960000.0000"
"50.7382","0.0062","1668816588800.0000"
"50.8091","0.0062","1669816422400.0000"
"50.8797","0.0063","1670816460800.0000"
"50.9494","0.0063","1671816294400.0000"
"51.0177","0.0063","1672815923200.0000"
"51.0843","0.0063","1673815756800.0000"
"51.1490","0.0063","1674815590400.0000"
"51.2120","0.0063","1675815628800.0000"
"51.2742","0.0063","1676815462400.0000"
"51.3365","0.0063","1677815296000.0000"
"51.3993","0.0063","1678815129600.0000"
"51.4630","0.0063","1679814963200.0000"
"51.5275","0.0063","1680815001600.0000"
"51.5928","0.0063","1681814835200.0000"
"51.6581","0.0063","1682814873600.0000"
"51.7227","0.0064","1683814502400.0000"
"51.7863","0.0064","1684814336000.0000"
"51.8496","0.0064","1685814169600.0000"
"51.9128","0.0064","1686814310400.0000"
"51.9763","0.0064","1687814144000.0000"
"52.0399","0.0064","1688813977600.0000"
"52.1030","0.0064","1689813811200.0000"
"52.1651","0.0064","1690813644800.0000"
"52.2258","0.0064","1691813683200.0000"
"52.2851","0.0064","1692813312000.0000"
"52.3439","0.0064","1693813145600.0000"
"52.4031","0.0064","1694812979200.0000"
"52.4635","0.0064","1695812812800.0000"
"52.5257","0.0065","1696813056000.0000"
"52.5896","0.0065","1697812889600.0000"
"52.6547","0.0065","1698812723200.0000"
"52.7204","0.0065","1699812761600.0000"
"52.7859","0.0065","1700812595200.0000"
"52.8503","0.0065","1701812428800.0000"
"52.9137","0.0065","1702812672000.0000"
"52.9763","0.0065","1703812505600.0000"
"53.0383","0.0065","1704812441600.0000"
"53.1001","0.0065","1705812275200.0000"
"53.1619","0.0065","1706812313600.0000"
"53.2239","0.0065","1707812147200.0000"
"53.2864","0.0065","1708812185600.0000"
"53.3500","0.0066","1709812224000.0000"
"53.4152","0.0066","1710812057600.0000"
"53.4821","0.0066","1711811891200.0000"
"53.5506","0.0066","1712811724800.0000"
"53.6202","0.0066","1713811763200.0000"
"53.6903","0.0066","1714811596800.0000"
"53.7605","0.0066","1715811635200.0000"
"53.8309","0.0066","1716811468800.0000"
"53.9014","0.0066","1717811302400.0000"
"53.9715","0.0066","1718811238400.0000"
"54.0409","0.0066","1719811276800.0000"
"54.1094","0.0066","1720811110400.0000"
"54.1767","0.0067","1721811148800.0000"
"54.2426","0.0067","1722811187200.0000"
"54.3075","0.0067","1723811020800.0000"
"54.3724","0.0067","1724811264000.0000"
"54.4381","0.0067","1725811302400.0000"
"54.5054","0.0067","1726811545600.0000"
"54.5750","0.0067","1727811379200.0000"
"54.6468","0.0067","1728811417600.0000"
"54.7204","0.0067","1729811456000.0000"
"54.7953","0.0067","1730811699200.0000"
"54.8712","0.0067","1731811737600.0000"
"54.9476","0.0068","1732811776000.0000"
"55.0243","0.0068","1733811814400.0000"
"55.1011","0.0068","1734811852800.0000"
"55.1775","0.0068","1735811891200.0000"
"55.2534","0.0068","1736811929600.0000"
"55.3286","0.0068","1737812172800.0000"
"55.4023","0.0068","1738812211200.0000"
"55.4742","0.0068","1739812044800.0000"
"55.5439","0.0068","1740812083200.0000"
"55.6123","0.0068","1741812121600.0000"
"55.6801","0.0068","1742812160000.0000"
"55.7484","0.0068","1743812403200.0000"
"55.8173","0.0069","1744812441600.0000"
"55.8870","0.0069","1745812684800.0000"
"55.9571","0.0069","1746812723200.0000"
"56.0277","0.0069","1747812966400.0000"
"56.0985","0.0069","1748813004800.0000"
"56.1693","0.0069","1749813248000.0000"
"56.2400","0.0069","1750813491200.0000"
"56.3104","0.0069","1751813734400.0000"
"56.3805","0.0069","1752813977600.0000"
"56.4499","0.0069","1753814016000.0000"
"56.5186","0.0069","1754814259200.0000"
"56.5866","0.0070","1755814502400.0000"
"56.6545","0.0070","1756814540800.0000"
"56.7227","0.0070","1757814784000.0000"
"56.7914","0.0070","1758815027200.0000"
"56.8606","0.0070","1759815270400.0000"
"56.9303","0.0070","1760815308800.0000"
"57.0005","0.0070","1761815347200.0000"
"57.0715","0.0070","1762815385600.0000"
"57.1434","0.0070","1763815833600.0000"
"57.2158","0.0070","1764815872000.0000"
"57.2886","0.0070","1765815705600.0000"
"57.3618","0.0070","1766815948800.0000"
"57.4352","0.0071","1767815987200.0000"
"57.5088","0.0071","1768816230400.0000"
"57.5817","0.0071","1769816268800.0000"
"57.6530","0.0071","1770816512000.0000"
"57.7221","0.0071","1771816755200.0000"
"57.7891","0.0071","1772816793600.0000"
"57.8550","0.0071","1773816832000.0000"
"57.9213","0.0071","1774816870400.0000"
"57.9890","0.0071","1775817113600.0000"
"58.0585","0.0071","1776817356800.0000"
"58.1297","0.0071","1777817190400.0000"
"58.2024","0.0072","1778817433600.0000"
"58.2764","0.0072","1779817267200.0000"
"58.3518","0.0072","1780817510400.0000"
"58.4280","0.0072","1781817548800.0000"
"58.5047","0.0072","1782817587200.0000"
"58.5816","0.0072","1783817420800.0000"
"58.6582","0.0072","1784817459200.0000"
"58.7338","0.0072","1785817292800.0000"
"58.8074","0.0072","1786817126400.0000"
"58.8787","0.0072","1787817164800.0000"
"58.9481","0.0072","1788817203200.0000"
"59.0164","0.0073","1789817241600.0000"
"59.0845","0.0073","1790817075200.0000"
"59.1539","0.0073","1791816704000.0000"
"59.2253","0.0073","1792816742400.0000"
"59.2990","0.0073","1793816780800.0000"
"59.3745","0.0073","1794816819200.0000"
"59.4510","0.0073","1795816652800.0000"
"59.5280","0.0073","1796816691200.0000"
"59.6046","0.0073","1797816524800.0000"
"59.6802","0.0073","1798816563200.0000"
"59.7546","0.0073","1799816601600.0000"
"59.8282","0.0074","1800816435200.0000"
"59.9015","0.0074","1801816268800.0000"
"59.9741","0.0074","1802816307200.0000"
"60.0455","0.0074","1803816140800.0000"
"60.1154","0.0074","1804816384000.0000"
"60.1845","0.0074","1805816012800.0000"
"60.2544","0.0074","1806816051200.0000"
"60.3266","0.0074","1807815884800.0000"
"60.4018","0.0074","1808815513600.0000"
"60.4800","0.0074","1809815552000.0000"
"60.5602","0.0074","1810815385600.0000"
"60.6417","0.0075","1811815219200.0000"
"60.7232","0.0075","1812815052800.0000"
"60.8040","0.0075","1813814886400.0000"
"60.8843","0.0075","1814814720000.0000"
"60.9645","0.0075","1815814758400.0000"
"61.0440","0.0075","1816814592000.0000"
"61.1221","0.0075","1817814630400.0000"
"61.1983","0.0075","1818814259200.0000"
"61.2730","0.0075","1819814297600.0000"
"61.3471","0.0075","1820814336000.0000"
"61.4211","0.0075","1821814169600.0000"
"61.4957","0.0076","1822814208000.0000"
"61.5716","0.0076","1823814246400.0000"
"61.6492","0.0076","1824814080000.0000"
"61.7280","0.0076","1825813913600.0000"
"61.8073","0.0076","1826814156800.0000"
"61.8865","0.0076","1827814195200.0000"
"61.9649","0.0076","1828813824000.0000"
"62.0421","0.0076","1829813657600.0000"
"62.1180","0.0076","1830813696000.0000"
"62.1931","0.0076","1831813734400.0000"
"62.2676","0.0077","1832813772800.0000"
"62.3413","0.0077","1833813401600.0000"
"62.4137","0.0077","1834813440000.0000"
"62.4845","0.0077","1835813273600.0000"
"62.5536","0.0077","1836813107200.0000"
"62.6212","0.0077","1837813145600.0000"
"62.6884","0.0077","1838812979200.0000"
"62.7560","0.0077","1839812812800.0000"
"62.8242","0.0077","1840812851200.0000"
"62.8927","0.0077","1841812684800.0000"
"62.9612","0.0077","1842812723200.0000"
"63.0298","0.0077","1843812761600.0000"
"63.0986","0.0078","1844812800000.0000"
"63.1674","0.0078","1845812838400.0000"
"63.2357","0.0078","1846812876800.0000"
"63.3031","0.0078","1847812915200.0000"
"63.3693","0.0078","1848812953600.0000"
"63.4347","0.0078","1849812992000.0000"
"63.4999","0.0078","1850813235200.0000"
"63.5651","0.0078","1851813273600.0000"
"63.6299","0.0078","1852813107200.0000"
"63.6939","0.0078","1853813145600.0000"
"63.7578","0.0078","1854812979200.0000"
"63.8223","0.0078","1855813427200.0000"
"63.8876","0.0078","1856813260800.0000"
"63.9541","0.0079","1857813299200.0000"
"64.0222","0.0079","1858813337600.0000"
"64.0918","0.0079","1859813376000.0000"
"64.1623","0.0079","1860813414400.0000"
"64.2327","0.0079","1861813452800.0000"
"64.3028","0.0079","1862813696000.0000"
"64.3722","0.0079","1863813529600.0000"
"64.4404","0.0079","1864813568000.0000"
"64.5072","0.0079","1865813401600.0000"
"64.5731","0.0079","1866813644800.0000"
"64.6387","0.0079","1867813683200.0000"
"64.7042","0.0079","1868813926400.0000"
"64.7697","0.0080","1869814169600.0000"
"64.8354","0.0080","1870814003200.0000"
"64.9019","0.0080","1871814246400.0000"
"64.9701","0.0080","1872814284800.0000"
"65.0405","0.0080","1873814732800.0000"
"65.1129","0.0080","1874814566400.0000"
"65.1866","0.0080","1875814604800.0000"
"65.2613","0.0080","1876814848000.0000"
"65.3370","0.0080","1877814886400.0000"
"65.4135","0.0080","1878814924800.0000"
"65.4907","0.0080","1879815168000.0000"
"65.5683","0.0081","1880815206400.0000"
"65.6458","0.0081","1881815244800.0000"
"65.7225","0.0081","1882815283200.0000"
"65.7978","0.0081","1883815321600.0000"
"65.8716","0.0081","1884815360000.0000"
"65.9438","0.0081","1885815398400.0000"
"66.0148","0.0081","1886815436800.0000"
"66.0849","0.0081","1887815475200.0000"
"66.1547","0.0081","1888815513600.0000"
"66.2252","0.0081","1889815552000.0000"
"66.2971","0.0081","1890815795200.0000"
"66.3708","0.0082","1891815628800.0000"
"66.4454","0.0082","1892816076800.0000"
"66.5203","0.0082","1893816115200.0000"
"66.5947","0.0082","1894816358400.0000"
"66.6688","0.0082","1895816192000.0000"
"66.7426","0.0082","1896816230400.0000"
"66.8162","0.0082","1897816473600.0000"
"66.8898","0.0082","1898816716800.0000"
"66.9637","0.0082","1899816755200.0000"
"67.0376","0.0082","1900816793600.0000"
"67.1114","0.0082","1901817036800.0000"
"67.1852","0.0083","1902816870400.0000"
"67.2595","0.0083","1903817113600.0000"
"67.3349","0.0083","1904817152000.0000"
"67.4118","0.0083","1905817190400.0000"
"67.4904","0.0083","1906817228800.0000"
"67.5702","0.0083","1907817062400.0000"
"67.6508","0.0083","1908817305600.0000"
"67.7315","0.0083","1909817139200.0000"
"67.8118","0.0083","1910817382400.0000"
"67.8916","0.0083","1911817625600.0000"
"67.9704","0.0084","1912817459200.0000"
"68.0477","0.0084","1913817292800.0000"
"68.1234","0.0084","1914817536000.0000"
"68.1976","0.0084","1915817574400.0000"
"68.2710","0.0084","1916817817600.0000"
"68.3437","0.0084","1917817651200.0000"
"68.4161","0.0084","1918817689600.0000"
"68.4887","0.0084","1919817728000.0000"
"68.5624","0.0084","1920817766400.0000"
"68.6372","0.0084","1921817804800.0000"
"68.7133","0.0084","1922818048000.0000"
"68.7904","0.0085","1923818086400.0000"
"68.8683","0.0085","1924818329600.0000"
"68.9462","0.0085","1925818163200.0000"
"69.0232","0.0085","1926818201600.0000"
"69.0994","0.0085","1927818035200.0000"
"69.1749","0.0085","1928818278400.0000"
"69.2496","0.0085","1929818112000.0000"
"69.3230","0.0085","1930817945600.0000"
"69.3948","0.0085","1931817779200.0000"
"69.4647","0.0085","1932817612800.0000"
"69.5331","0.0085","1933817446400.0000"
"69.6012","0.0086","1934817484800.0000"
"69.6701","0.0086","1935817113600.0000"
"69.7404","0.0086","1936816947200.0000"
"69.8126","0.0086","1937816985600.0000"
"69.8865","0.0086","1938816614400.0000"
"69.9611","0.0086","1939816857600.0000"
"70.0357","0.0086","1940816486400.0000"
"70.1098","0.0086","1941816524800.0000"
"70.1836","0.0086","1942816153600.0000"
"70.2574","0.0086","1943816192000.0000"
"70.3313","0.0086","1944816230400.0000"
"70.4053","0.0087","1945815859200.0000"
"70.4796","0.0087","1946815692800.0000"
"70.5541","0.0087","1947815526400.0000"
"70.6286","0.0087","1948815360000.0000"
"70.7025","0.0087","1949814988800.0000"
"70.7760","0.0087","1950814822400.0000"
"70.8501","0.0087","1951814860800.0000"
"70.9254","0.0087","1952814489600.0000"
"71.0025","0.0087","1953814323200.0000"
"71.0814","0.0087","1954813952000.0000"
"71.1621","0.0087","1955813785600.0000"
"71.2442","0.0088","1956813414400.0000"
"71.3270","0.0088","1957813043200.0000"
"71.4098","0.0088","1958812672000.0000"
"71.4920","0.0088","1959812505600.0000"
"71.5738","0.0088","1960812339200.0000"
"71.6554","0.0088","1961812377600.0000"
"71.7366","0.0088","1962812006400.0000"
"71.8169","0.0088","1963811840000.0000"
"71.8960","0.0088","1964811673600.0000"
"71.9738","0.0088","1965811507200.0000"
"72.0506","0.0089","1966811340800.0000"
"72.1266","0.0089","1967811174400.0000"
"72.2026","0.0089","1968811008000.0000"
"72.2789","0.0089","1969810841600.0000"
"72.3558","0.0089","1970810675200.0000"
"72.4338","0.0089","1971810713600.0000"
"72.5131","0.0089","1972810547200.0000"
"72.5935","0.0089","1973810380800.0000"
"72.6742","0.0089","1974810214400.0000"
"72.7552","0.0089","1975810252800.0000"
"72.8363","0.0089","1976810086400.0000"
"72.9173","0.0090","1977809920000.0000"
"72.9977","0.0090","1978809548800.0000"
"73.0776","0.0090","1979809382400.0000"
"73.1564","0.0090","1980809420800.0000"
"73.2337","0.0090","1981809254400.0000"
"73.3095","0.0090","1982809088000.0000"
"73.3846","0.0090","1983808921600.0000"
"73.4606","0.0090","1984808960000.0000"
"73.5383","0.0090","1985808793600.0000"
"73.6176","0.0090","1986808832000.0000"
"73.6976","0.0091","1987808665600.0000"
"73.7779","0.0091","1988808499200.0000"
"73.8581","0.0091","1989808537600.0000"
"73.9380","0.0091","1990808576000.0000"
"74.0178","0.0091","1991808409600.0000"
"74.0976","0.0091","1992808448000.0000"
"74.1773","0.0091","1993808691200.0000"
"74.2561","0.0091","1994808729600.0000"
"74.3338","0.0091","1995808563200.0000"
"74.4103","0.0091","1996808396800.0000"
"74.4856","0.0092","1997808435200.0000"
"74.5598","0.0092","1998808473600.0000"
"74.6333","0.0092","1999808307200.0000"
"74.7067","0.0092","2000808345600.0000"
"74.7806","0.0092","2001808179200.0000"
"74.8556","0.0092","2002808012800.0000"
"74.9319","0.0092","2003808051200.0000"
"75.0095","0.0092","2004807884800.0000"
"75.0878","0.0092","2005807923200.0000"
"75.1660","0.0092","2006807961600.0000"
"75.2434","0.0092","2007807795200.0000"
"75.3200","0.0093","2008807833600.0000"
"75.3958","0.0093","2009807872000.0000"
"75.4711","0.0093","2010807910400.0000"
"75.5458","0.0093","2011807744000.0000"
"75.6200","0.0093","2012807577600.0000"
"75.6942","0.0093","2013807616000.0000"
"75.7688","0.0093","2014807859200.0000"
"75.8443","0.0093","2015807692800.0000"
"75.9207","0.0093","2016807731200.0000"
"75.9977","0.0093","2017807769600.0000"
"76.0756","0.0093","2018807808000.0000"
"76.1552","0.0094","2019807641600.0000"
"76.2367","0.0094","2020807884800.0000"
"76.3197","0.0094","2021807718400.0000"
"76.4034","0.0094","2022807961600.0000"
"76.4869","0.0094","2023807795200.0000"
"76.5697","0.0094","2024807833600.0000"
"76.6520","0.0094","2025807667200.0000"
"76.7343","0.0094","2026807910400.0000"
"76.8165","0.0094","2027807744000.0000"
"76.8984","0.0094","2028807782400.0000"
"76.9795","0.0095","2029807411200.0000"
"77.0597","0.0095","2030807449600.0000"
"77.1394","0.0095","2031807283200.0000"
"77.2193","0.0095","2032807526400.0000"
"77.2999","0.0095","2033807360000.0000"
"77.3814","0.0095","2034807398400.0000"
"77.4636","0.0095","2035807232000.0000"
"77.5463","0.0095","2036807475200.0000"
"77.6292","0.0095","2037807513600.0000"
"77.7123","0.0095","2038807756800.0000"
"77.7961","0.0096","2039808000000.0000"
"77.8803","0.0096","2040807833600.0000"
"77.9647","0.0096","2041808076800.0000"
"78.0492","0.0096","2042808115200.0000"
"78.1341","0.0096","2043807948800.0000"
"78.2194","0.0096","2044808396800.0000"
"78.3051","0.0096","2045808435200.0000"
"78.3908","0.0096","2046808473600.0000"
"78.4770","0.0096","2047808512000.0000"
"78.5641","0.0097","2048808755200.0000"
"78.6520","0.0097","2049808588800.0000"
"78.7406","0.0097","2050809036800.0000"
"78.8296","0.0097","2051809280000.0000"
"78.9189","0.0097","2052809113600.0000"
"79.0081","0.0097","2053809152000.0000"
"79.0973","0.0097","2054809395200.0000"
"79.1864","0.0097","2055809433600.0000"
"79.2751","0.0097","2056809676800.0000"
"79.3629","0.0098","2057809920000.0000"
"79.4492","0.0098","2058810163200.0000"
"79.5336","0.0098","2059810406400.0000"
"79.6157","0.0098","2060810444800.0000"
"79.6950","0.0098","2061810688000.0000"
"79.7715","0.0098","2062811136000.0000"
"79.8460","0.0098","2063811174400.0000"
"79.9200","0.0098","2064811827200.0000"
"79.9945","0.0098","2065812070400.0000"
"80.0695","0.0098","2066812313600.0000"
"80.1449","0.0098","2067812556800.0000"
"80.2215","0.0099","2068812800000.0000"
"80.2995","0.0099","2069813248000.0000"
"80.3785","0.0099","2070813491200.0000"
"80.4581","0.0099","2071813734400.0000"
"80.5380","0.0099","2072814182400.0000"
"80.6183","0.0099","2073814220800.0000"
"80.6994","0.0099","2074814668800.0000"
"80.7807","0.0099","2075815116800.0000"
"80.8611","0.0099","2076815155200.0000"
"80.9398","0.0099","2077815398400.0000"
"81.0167","0.0100","2078815641600.0000"
"81.0927","0.0100","2079816294400.0000"
"81.1690","0.0100","2080816537600.0000"
"81.2466","0.0100","2081816780800.0000"
"81.3260","0.0100","2082817228800.0000"
"81.4070","0.0100","2083817472000.0000"
"81.4892","0.0100","2084817715200.0000"
"81.5723","0.0100","2085817958400.0000"
"81.6558","0.0100","2086818406400.0000"
"81.7397","0.0100","2087818854400.0000"
"81.8240","0.0101","2088819097600.0000"
"81.9084","0.0101","2089819545600.0000"
"81.9928","0.0101","2090819584000.0000"
"82.0769","0.0101","2091820032000.0000"
"82.1608","0.0101","2092820480000.0000"
"82.2442","0.0101","2093820723200.0000"
"82.3271","0.0101","2094820966400.0000"
"82.4093","0.0101","2095821209600.0000"
"82.4909","0.0101","2096821452800.0000"
"82.5724","0.0101","2097821491200.0000"
"82.6542","0.0102","2098821734400.0000"
"82.7366","0.0102","2099821772800.0000"
"82.8200","0.0102","2100822016000.0000"
"82.9047","0.0102","2101822054400.0000"
"82.9906","0.0102","2102822092800.0000"
"83.0774","0.0102","2103822131200.0000"
"83.1650","0.0102","2104822169600.0000"
"83.2526","0.0102","2105822208000.0000"
"83.3397","0.0102","2106822246400.0000"
"83.4260","0.0102","2107822489600.0000"
"83.5114","0.0103","2108822732800.0000"
"83.5959","0.0103","2109822566400.0000"
"83.6791","0.0103","2110822809600.0000"
"83.7608","0.0103","2111822643200.0000"
"83.8416","0.0103","2112822681600.0000"
"83.9227","0.0103","2113822515200.0000"
"84.0051","0.0103","2114822553600.0000"
"84.0887","0.0103","2115822387200.0000"
"84.1729","0.0103","2116822425600.0000"
"84.2573","0.0104","2117822259200.0000"
"84.3419","0.0104","2118822297600.0000"
"84.4264","0.0104","2119822336000.0000"
"84.5109","0.0104","2120822374400.0000"
"84.5956","0.0104","2121822003200.0000"
"84.6803","0.0104","2122822041600.0000"
"84.7643","0.0104","2123821670400.0000"
"84.8472","0.0104","2124821913600.0000"
"84.9290","0.0104","2125821542400.0000"
"85.0101","0.0104","2126821171200.0000"
"85.0911","0.0105","2127821209600.0000"
"85.1727","0.0105","2128820838400.0000"
"85.2548","0.0105","2129821081600.0000"
"85.3368","0.0105","2130820710400.0000"
"85.4187","0.0105","2131820544000.0000"
"85.5006","0.0105","2132820582400.0000"
"85.5827","0.0105","2133820211200.0000"
"85.6659","0.0105","2134820249600.0000"
"85.7503","0.0105","2135820288000.0000"
"85.8353","0.0105","2136820326400.0000"
"85.9201","0.0106","2137820160000.0000"
"86.0045","0.0106","2138819993600.0000"
"86.0883","0.0106","2139819827200.0000"
"86.1715","0.0106","2140820070400.0000"
"86.2544","0.0106","2141819904000.0000"
"86.3368","0.0106","2142819737600.0000"
"86.4188","0.0106","2143819571200.0000"
"86.5005","0.0106","2144819609600.0000"
"86.5823","0.0106","2145819238400.0000"
"86.6644","0.0106","2146819276800.0000"
"86.7471","0.0107","2147819110400.0000"
"86.8303","0.0107","2148818739200.0000"
"86.9143","0.0107","2149818777600.0000"
"86.9992","0.0107","2150818406400.0000"
"87.0849","0.0107","2151818649600.0000"
"87.1716","0.0107","2152818483200.0000"
"87.2589","0.0107","2153818316800.0000"
"87.3464","0.0107","2154818150400.0000"
"87.4329","0.0107","2155818188800.0000"
"87.5179","0.0108","2156818022400.0000"
"87.6015","0.0108","2157818265600.0000"
"87.6841","0.0108","2158818099200.0000"
"87.7666","0.0108","2159818137600.0000"
"87.8500","0.0108","2160817971200.0000"
"87.9352","0.0108","2161818009600.0000"
"88.0225","0.0108","2162818048000.0000"
"88.1123","0.0108","2163818086400.0000"
"88.2039","0.0108","2164817920000.0000"
"88.2965","0.0108","2165817958400.0000"
"88.3891","0.0109","2166817792000.0000"
"88.4814","0.0109","2167817830400.0000"
"88.5730","0.0109","2168817868800.0000"
"88.6633","0.0109","2169817702400.0000"
"88.7517","0.0109","2170817536000.0000"
"88.8383","0.0109","2171817574400.0000"
"88.9230","0.0109","2172817203200.0000"
"89.0062","0.0109","2173817036800.0000"
"89.0882","0.0109","2174817280000.0000"
"89.1697","0.0110","2175817318400.0000"
"89.2519","0.0110","2176817152000.0000"
"89.3358","0.0110","2177816780800.0000"
"89.4221","0.0110","2178816819200.0000"
"89.5106","0.0110","2179816857600.0000"
"89.6009","0.0110","2180816896000.0000"
"89.6926","0.0110","2181816729600.0000"
"89.7849","0.0110","2182816768000.0000"
"89.8774","0.0110","2183816601600.0000"
"89.9699","0.0111","2184816640000.0000"
"90.0622","0.0111","2185816678400.0000"
"90.1542","0.0111","2186816716800.0000"
"90.2460","0.0111","2187816550400.0000"
"90.3377","0.0111","2188816588800.0000"
"90.4293","0.0111","2189816422400.0000"
"90.5206","0.0111","2190816460800.0000"
"90.6107","0.0111","2191816294400.0000"
"90.6996","0.0111","2192816128000.0000"
"90.7879","0.0112","2193815961600.0000"
"90.8765","0.0112","2194816000000.0000"
"90.9655","0.0112","2195815628800.0000"
"91.0547","0.0112","2196815872000.0000"
"91.1438","0.0112","2197815705600.0000"
"91.2327","0.0112","2198815334400.0000"
"91.3214","0.0112","2199815372800.0000"
"91.4099","0.0112","2200815001600.0000"
"91.4985","0.0112","2201815244800.0000"
"91.5877","0.0113","2202815078400.0000"
"91.6776","0.0113","2203815116800.0000"
"91.7676","0.0113","2204814950400.0000"
"91.8570","0.0113","2205814988800.0000"
"91.9453","0.0113","2206814822400.0000"
"92.0330","0.0113","2207815065600.0000"
"92.1208","0.0113","2208814899200.0000"
"92.2093","0.0113","2209815142400.0000"
"92.2986","0.0113","2210814976000.0000"
"92.3882","0.0114","2211815014400.0000"
"92.4778","0.0114","2212815052800.0000"
"92.5680","0.0114","2213815091200.0000"
"92.6590","0.0114","2214815129600.0000"
"92.7503","0.0114","2215814963200.0000"
"92.8415","0.0114","2216815001600.0000"
"92.9323","0.0114","2217814835200.0000"
"93.0225","0.0114","2218815078400.0000"
"93.1117","0.0114","2219815116800.0000"
"93.1994","0.0115","2220815155200.0000"
"93.2851","0.0115","2221814988800.0000"
"93.3691","0.0115","2222815027200.0000"
"93.4518","0.0115","2223815065600.0000"
"93.5337","0.0115","2224815104000.0000"
"93.6154","0.0115","2225815142400.0000"
"93.6976","0.0115","2226815385600.0000"
"93.7806","0.0115","2227815219200.0000"
"93.8643","0.0115","2228815257600.0000"
"93.9484","0.0115","2229815296000.0000"
"94.0326","0.0116","2230815334400.0000"
"94.1169","0.0116","2231815782400.0000"
"94.2013","0.0116","2232815820800.0000"
"94.2860","0.0116","2233816064000.0000"
"94.3710","0.0116","2234816102400.0000"
"94.4563","0.0116","2235816140800.0000"
"94.5420","0.0116","2236816179200.0000"
"94.6279","0.0116","2237816627200.0000"
"94.7137","0.0116","2238816665600.0000"
"94.7990","0.0116","2239816704000.0000"
"94.8833","0.0117","2240816742400.0000"
"94.9665","0.0117","2241816985600.0000"
"95.0492","0.0117","2242817024000.0000"
"95.1322","0.0117","2243817062400.0000"
"95.2159","0.0117","2244817510400.0000"
"95.3002","0.0117","2245817344000.0000"
"95.3852","0.0117","2246817382400.0000"
"95.4709","0.0117","2247817420800.0000"
"95.5571","0.0117","2248817459200.0000"
"95.6435","0.0118","2249817497600.0000"
"95.7301","0.0118","2250817945600.0000"
"95.8168","0.0118","2251817984000.0000"
"95.9039","0.0118","2252818022400.0000"
"95.9908","0.0118","2253818265600.0000"
"96.0770","0.0118","2254818508800.0000"
"96.1620","0.0118","2255818342400.0000"
"96.2464","0.0118","2256818585600.0000"
"96.3308","0.0118","2257818624000.0000"
"96.4158","0.0118","2258818867200.0000"
"96.5018","0.0119","2259818905600.0000"
"96.5887","0.0119","2260818944000.0000"
"96.6767","0.0119","2261819187200.0000"
"96.7659","0.0119","2262819020800.0000"
"96.8562","0.0119","2263819468800.0000"
"96.9473","0.0119","2264819302400.0000"
"97.0392","0.0119","2265819136000.0000"
"97.1317","0.0119","2266818969600.0000"
"97.2243","0.0119","2267819008000.0000"
"97.3167","0.0120","2268819046400.0000"
"97.4088","0.0120","2269819084800.0000"
"97.5010","0.0120","2270818918400.0000"
"97.5931","0.0120","2271818752000.0000"
"97.6843","0.0120","2272818585600.0000"
"97.7744","0.0120","2273818624000.0000"
"97.8639","0.0120","2274818662400.0000"
"97.9538","0.0120","2275818291200.0000"
"98.0447","0.0120","2276818329600.0000"
"98.1367","0.0121","2277818368000.0000"
"98.2297","0.0121","2278817996800.0000"
"98.3236","0.0121","2279818035200.0000"
"98.4182","0.0121","2280818073600.0000"
"98.5127","0.0121","2281817907200.0000"
"98.6066","0.0121","2282817740800.0000"
"98.6999","0.0121","2283817574400.0000"
"98.7930","0.0121","2284817408000.0000"
"98.8859","0.0121","2285817446400.0000"
"98.9786","0.0122","2286817280000.0000"
"99.0710","0.0122","2287817113600.0000"
"99.1632","0.0122","2288816742400.0000"
"99.2554","0.0122","2289816576000.0000"
"99.3481","0.0122","2290816409600.0000"
"99.4417","0.0122","2291816448000.0000"
"99.5363","0.0122","2292816076800.0000"
"99.6322","0.0122","2293815705600.0000"
"99.7290","0.0123","2294815539200.0000"
"99.8263","0.0123","2295815372800.0000"
"99.9239","0.0123","2296815206400.0000"
"100.0214","0.0123","2297815040000.0000"
"100.1184","0.0123","2298814668800.0000"
"100.2144","0.0123","2299814502400.0000"
"100.3092","0.0123","2300814540800.0000"
"100.4025","0.0123","2301814374400.0000"
"100.4943","0.0123","2302814208000.0000"
"100.5848","0.0124","2303813836800.0000"
"100.6739","0.0124","2304813875200.0000"
"100.7620","0.0124","2305813708800.0000"
"100.8496","0.0124","2306813747200.0000"
"100.9375","0.0124","2307813580800.0000"
"101.0260","0.0124","2308813414400.0000"
"101.1151","0.0124","2309813248000.0000"
"101.2051","0.0124","2310813286400.0000"
"101.2962","0.0124","2311813120000.0000"
"101.3883","0.0125","2312813158400.0000"
"101.4814","0.0125","2313812787200.0000"
"101.5757","0.0125","2314812825600.0000"
"101.6707","0.0125","2315812454400.0000"
"101.7659","0.0125","2316812288000.0000"
"101.8602","0.0125","2317812121600.0000"
"101.9531","0.0125","2318811955200.0000"
"102.0448","0.0125","2319811993600.0000"
"102.1350","0.0125","2320811622400.0000"
"102.2242","0.0126","2321811660800.0000"
"102.3130","0.0126","2322811699200.0000"
"102.4021","0.0126","2323811737600.0000"
"102.4919","0.0126","2324811571200.0000"
"102.5826","0.0126","2325811609600.0000"
"102.6740","0.0126","2326811443200.0000"
"102.7657","0.0126","2327811686400.0000"
"102.8572","0.0126","2328811724800.0000"
"102.9485","0.0126","2329811763200.0000"
"103.0403","0.0127","2330811596800.0000"
"103.1331","0.0127","2331811840000.0000"
"103.2270","0.0127","2332811673600.0000"
"103.3212","0.0127","2333811916800.0000"
"103.4146","0.0127","2334811955200.0000"
"103.5066","0.0127","2335811788800.0000"
"103.5974","0.0127","2336811622400.0000"
"103.6871","0.0127","2337811865600.0000"
"103.7761","0.0128","2338811904000.0000"
"103.8646","0.0128","2339811942400.0000"
"103.9533","0.0128","2340811980800.0000"
"104.0424","0.0128","2341811814400.0000"
"104.1327","0.0128","2342811852800.0000"
"104.2243","0.0128","2343811686400.0000"
"104.3172","0.0128","2344811929600.0000"
"104.4108","0.0128","2345811968000.0000"
"104.5047","0.0128","2346812006400.0000"
"104.5985","0.0129","2347811840000.0000"
"104.6923","0.0129","2348811878400.0000"
"104.7860","0.0129","2349811712000.0000"
"104.8792","0.0129","2350811750400.0000"
"104.9714","0.0129","2351811993600.0000"
"105.0619","0.0129","2352812032000.0000"
"105.1505","0.0129","2353812070400.0000"
"105.2377","0.0129","2354812108800.0000"
"105.3244","0.0129","2355812147200.0000"
"105.4115","0.0130","2356811980800.0000"
"105.4997","0.0130","2357812428800.0000"
"105.5893","0.0130","2358812262400.0000"
"105.6799","0.0130","2359812300800.0000"
"105.7710","0.0130","2360812134400.0000"
"105.8622","0.0130","2361812172800.0000"
"105.9533","0.0130","2362812006400.0000"
"106.0443","0.0130","2363812044800.0000"
"106.1347","0.0130","2364811878400.0000"
"106.2240","0.0131","2365811916800.0000"
"106.3123","0.0131","2366811750400.0000"
"106.4002","0.0131","2367811788800.0000"
"106.4883","0.0131","2368811827200.0000"
"106.5766","0.0131","2369811865600.0000"
"106.6649","0.0131","2370811699200.0000"
"106.7528","0.0131","2371811942400.0000"
"106.8403","0.0131","2372811776000.0000"
"106.9276","0.0131","2373811814400.0000"
"107.0153","0.0131","2374812057600.0000"
"107.1039","0.0132","2375812096000.0000"
"107.1933","0.0132","2376812134400.0000"
"107.2827","0.0132","2377812172800.0000"
"107.3713","0.0132","2378812006400.0000"
"107.4585","0.0132","2379812044800.0000"
"107.5441","0.0132","2380812083200.0000"
"107.6286","0.0132","2381812326400.0000"
"107.7122","0.0132","2382812364800.0000"
"107.7951","0.0132","2383812608000.0000"
"107.8776","0.0133","2384812441600.0000"
"107.9601","0.0133","2385812684800.0000"
"108.0432","0.0133","2386812518400.0000"
"108.1272","0.0133","2387812761600.0000"
"108.2125","0.0133","2388812595200.0000"
"108.2991","0.0133","2389812633600.0000"
"108.3872","0.0133","2390812467200.0000"
"108.4764","0.0133","2391812505600.0000"
"108.5669","0.0133","2392812544000.0000"
"108.6588","0.0133","2393812787200.0000"
"108.7516","0.0134","2394813030400.0000"
"108.8448","0.0134","2395812864000.0000"
"108.9376","0.0134","2396813107200.0000"
"109.0297","0.0134","2397813145600.0000"
"109.1211","0.0134","2398813388800.0000"
"109.2117","0.0134","2399813427200.0000"
"109.3013","0.0134","2400813465600.0000"
"109.3898","0.0134","2401813708800.0000"
"109.4776","0.0135","2402813747200.0000"
"109.5659","0.0135","2403813990400.0000"
"109.6556","0.0135","2404814233600.0000"
"109.7470","0.0135","2405814476800.0000"
"109.8398","0.0135","2406814720000.0000"
"109.9340","0.0135","2407814758400.0000"
"110.0294","0.0135","2408814592000.0000"
"110.1254","0.0135","2409814630400.0000"
"110.2209","0.0135","2410814873600.0000"
"110.3160","0.0136","2411814912000.0000"
"110.4106","0.0136","2412815155200.0000"
"110.5041","0.0136","2413815398400.0000"
"110.5959","0.0136","2414815232000.0000"
"110.6857","0.0136","2415815475200.0000"
"110.7733","0.0136","2416815308800.0000"
"110.8591","0.0136","2417815552000.0000"
"110.9439","0.0136","2418815795200.0000"
"111.0285","0.0136","2419815628800.0000"
"111.1132","0.0137","2420815872000.0000"
"111.1982","0.0137","2421816115200.0000"
"111.2834","0.0137","2422815948800.0000"
"111.3688","0.0137","2423816192000.0000"
"111.4544","0.0137","2424816435200.0000"
"111.5405","0.0137","2425816678400.0000"
"111.6272","0.0137","2426816512000.0000"
"111.7147","0.0137","2427816550400.0000"
"111.8032","0.0137","2428816793600.0000"
"111.8930","0.0137","2429816627200.0000"
"111.9839","0.0138","2430816870400.0000"
"112.0758","0.0138","2431816908800.0000"
"112.1684","0.0138","2432817152000.0000"
"112.2611","0.0138","2433816985600.0000"
"112.3537","0.0138","2434817024000.0000"
"112.4463","0.0138","2435816857600.0000"
"112.5394","0.0138","2436816896000.0000"
"112.6334","0.0138","2437816934400.0000"
"112.7286","0.0138","2438816972800.0000"
"112.8250","0.0139","2439816806400.0000"
"112.9226","0.0139","2440816844800.0000"
"113.0209","0.0139","2441816678400.0000"
"113.1193","0.0139","2442816716800.0000"
"113.2170","0.0139","2443816550400.0000"
"113.3136","0.0139","2444816588800.0000"
"113.4091","0.0139","2445816422400.0000"
"113.5036","0.0139","2446816460800.0000"
"113.5972","0.0140","2447816294400.0000"
"113.6902","0.0140","2448816537600.0000"
"113.7823","0.0140","2449816371200.0000"
"113.8738","0.0140","2450816409600.0000"
"113.9649","0.0140","2451816243200.0000"
"114.0561","0.0140","2452816281600.0000"
"114.1479","0.0140","2453816115200.0000"
"114.2404","0.0140","2454816153600.0000"
"114.3332","0.0140","2455815987200.0000"
"114.4261","0.0141","2456816025600.0000"
"114.5189","0.0141","2457815654400.0000"
"114.6118","0.0141","2458815692800.0000"
"114.7044","0.0141","2459815526400.0000"
"114.7968","0.0141","2460815155200.0000"
"114.8895","0.0141","2461815193600.0000"
"114.9826","0.0141","2462814822400.0000"
"115.0759","0.0141","2463814656000.0000"
"115.1694","0.0141","2464814694400.0000"
"115.2628","0.0142","2465814528000.0000"
"115.3558","0.0142","2466814156800.0000"
"115.4484","0.0142","2467813785600.0000"
"115.5411","0.0142","2468813824000.0000"
"115.6345","0.0142","2469813657600.0000"
"115.7288","0.0142","2470813696000.0000"
"115.8240","0.0142","2471813324800.0000"
"115.9200","0.0142","2472813158400.0000"
"116.0170","0.0143","2473812992000.0000"
"116.1149","0.0143","2474812825600.0000"
"116.2131","0.0143","2475812864000.0000"
"116.3101","0.0143","2476812697600.0000"
"116.4048","0.0143","2477812531200.0000"
"116.4975","0.0143","2478812364800.0000"
"116.5894","0.0143","2479812198400.0000"
"116.6812","0.0143","2480812032000.0000"
"116.7729","0.0143","2481811865600.0000"
"116.8639","0.0144","2482811699200.0000"
"116.9540","0.0144","2483811532800.0000"
"117.0433","0.0144","2484811366400.0000"
"117.1324","0.0144","2485811404800.0000"
"117.2222","0.0144","2486811033600.0000"
"117.3129","0.0144","2487810867200.0000"
"117.4045","0.0144","2488810700800.0000"
"117.4971","0.0144","2489810534400.0000"
"117.5906","0.0144","2490810572800.0000"
"117.6851","0.0145","2491810406400.0000"
"117.7800","0.0145","2492810240000.0000"
"117.8752","0.0145","2493810278400.0000"
"117.9704","0.0145","2494810316800.0000"
"118.0657","0.0145","2495810355200.0000"
"118.1606","0.0145","2496810393600.0000"
"118.2545","0.0145","2497810636800.0000"
"118.3472","0.0145","2498810470400.0000"
"118.4394","0.0146","2499810713600.0000"
"118.5320","0.0146","2500810752000.0000"
"118.6257","0.0146","2501810790400.0000"
"118.7204","0.0146","2502810828800.0000"
"118.8155","0.0146","2503810867200.0000"
"118.9106","0.0146","2504810905600.0000"
"119.0054","0.0146","2505810944000.0000"
"119.0998","0.0146","2506810982400.0000"
"119.1939","0.0146","2507811020800.0000"
"119.2878","0.0147","2508811264000.0000"
"119.3817","0.0147","2509811302400.0000"
"119.4757","0.0147","2510811340800.0000"
"119.5699","0.0147","2511811379200.0000"
"119.6638","0.0147","2512811212800.0000"
"119.7573","0.0147","2513811456000.0000"
"119.8504","0.0147","2514811494400.0000"
"119.9433","0.0147","2515811532800.0000"
"120.0368","0.0147","2516811776000.0000"
"120.1311","0.0148","2517811609600.0000"
"120.2264","0.0148","2518811852800.0000"
"120.3227","0.0148","2519811891200.0000"
"120.4198","0.0148","2520811929600.0000"
"120.5172","0.0148","2521812377600.0000"
"120.6147","0.0148","2522812416000.0000"
"120.7123","0.0148","2523812454400.0000"
"120.8099","0.0148","2524812492800.0000"
"120.9073","0.0149","2525812736000.0000"
"121.0045","0.0149","2526812569600.0000"
"121.1012","0.0149","2527813017600.0000"
"121.1975","0.0149","2528813260800.0000"
"121.2936","0.0149","2529813299200.0000"
"121.3891","0.0149","2530813337600.0000"
"121.4834","0.0149","2531813580800.0000"
"121.5765","0.0149","2532813414400.0000"
"121.6694","0.0149","2533813452800.0000"
"121.7626","0.0150","2534813491200.0000"
"121.8561","0.0150","2535813734400.0000"
"121.9498","0.0150","2536813568000.0000"
"122.0437","0.0150","2537813811200.0000"
"122.1377","0.0150","2538813644800.0000"
"122.2314","0.0150","2539813888000.0000"
"122.3244","0.0150","2540813926400.0000"
"122.4166","0.0150","2541814169600.0000"
"122.5085","0.0151","2542814208000.0000"
"122.6009","0.0151","2543814246400.0000"
"122.6936","0.0151","2544814284800.0000"
"122.7857","0.0151","2545814528000.0000"
"122.8769","0.0151","2546814566400.0000"
"122.9679","0.0151","2547814809600.0000"
"123.0603","0.0151","2548814848000.0000"
"123.1545","0.0151","2549815091200.0000"
"123.2506","0.0151","2550815129600.0000"
"123.3485","0.0152","2551815168000.0000"
"123.4484","0.0152","2552815411200.0000"
"123.5499","0.0152","2553815244800.0000"
"123.6527","0.0152","2554815488000.0000"
"123.7559","0.0152","2555815526400.0000"
"123.8590","0.0152","2556815564800.0000"
"123.9613","0.0152","2557815603200.0000"
"124.0622","0.0152","2558815641600.0000"
"124.1614","0.0153","2559816089600.0000"
"124.2586","0.0153","2560815923200.0000"
"124.3540","0.0153","2561816166400.0000"
"124.4479","0.0153","2562816204800.0000"
"124.5409","0.0153","2563816243200.0000"
"124.6337","0.0153","2564816076800.0000"
"124.7273","0.0153","2565816524800.0000"
"124.8222","0.0153","2566816768000.0000"
"124.9182","0.0153","2567816806400.0000"
"125.0149","0.0154","2568817049600.0000"
"125.1121","0.0154","2569817292800.0000"
"125.2103","0.0154","2570817331200.0000"
"125.3098","0.0154","2571817369600.0000"
"125.4102","0.0154","2572817817600.0000"
"125.5110","0.0154","2573817856000.0000"
"125.6114","0.0154","2574818099200.0000"
"125.7107","0.0154","2575818137600.0000"
"125.8085","0.0155","2576818380800.0000"
"125.9052","0.0155","2577818624000.0000"
"126.0010","0.0155","2578818662400.0000"
"126.0962","0.0155","2579818700800.0000"
"126.1913","0.0155","2580818739200.0000"
"126.2869","0.0155","2581818777600.0000"
"126.3834","0.0155","2582819020800.0000"
"126.4808","0.0155","2583818854400.0000"
"126.5787","0.0156","2584819097600.0000"
"126.6761","0.0156","2585819340800.0000"
"126.7718","0.0156","2586819379200.0000"
"126.8656","0.0156","2587819417600.0000"
"126.9578","0.0156","2588819660800.0000"
"127.0495","0.0156","2589819699200.0000"
"127.1421","0.0156","2590819532800.0000"
"127.2364","0.0156","2591819980800.0000"
"127.3328","0.0156","2592819814400.0000"
"127.4307","0.0157","2593820057600.0000"
"127.5293","0.0157","2594820096000.0000"
"127.6277","0.0157","2595820339200.0000"
"127.7258","0.0157","2596820377600.0000"
"127.8247","0.0157","2597820620800.0000"
"127.9252","0.0157","2598820659200.0000"
"128.0277","0.0157","2599820492800.0000"
"128.1316","0.0157","2600820736000.0000"
"128.2362","0.0158","2601820569600.0000"
"128.3410","0.0158","2602820812800.0000"
"128.4456","0.0158","2603821056000.0000"
"128.5498","0.0158","2604820889600.0000"
"128.6532","0.0158","2605820928000.0000"
"128.7562","0.0158","2606820966400.0000"
"128.8590","0.0158","2607821004800.0000"
"128.9615","0.0158","2608820838400.0000"
"129.0634","0.0159","2609821081600.0000"
"129.1642","0.0159","2610820915200.0000"
"129.2631","0.0159","2611820953600.0000"
"129.3605","0.0159","2612820787200.0000"
"129.4579","0.0159","2613820825600.0000"
"129.5566","0.0159","2614820659200.0000"
"129.6572","0.0159","2615820902400.0000"
"129.7594","0.0159","2616820736000.0000"
"129.8632","0.0160","2617820774400.0000"
"129.9685","0.0160","2618821017600.0000"
"130.0750","0.0160","2619820851200.0000"
"130.1819","0.0160","2620820684800.0000"
"130.2884","0.0160","2621820928000.0000"
"130.3939","0.0160","2622820966400.0000"
"130.4986","0.0160","2623820800000.0000"
"130.6024","0.0160","2624820633600.0000"
"130.7057","0.0161","2625820672000.0000"
"130.8084","0.0161","2626820505600.0000"
"130.9104","0.0161","2627820544000.0000"
"131.0119","0.0161","2628820172800.0000"
"131.1129","0.0161","2629820211200.0000"
"131.2137","0.0161","2630819840000.0000"
"131.3145","0.0161","2631819673600.0000"
"131.4158","0.0161","2632819712000.0000"
"131.5175","0.0162","2633819340800.0000"
"131.6193","0.0162","2634819174400.0000"
"131.7207","0.0162","2635818803200.0000"
"131.8219","0.0162","2636818636800.0000"
"131.9225","0.0162","2637818470400.0000"
"132.0222","0.0162","2638818099200.0000"
"132.1208","0.0162","2639818137600.0000"
"132.2186","0.0162","2640817766400.0000"
"132.3155","0.0163","2641817600000.0000"
"132.4111","0.0163","2642817433600.0000"
"132.5051","0.0163","2643817062400.0000"
"132.5980","0.0163","2644817100800.0000"
"132.6910","0.0163","2645816729600.0000"
"132.7849","0.0163","2646816563200.0000"
"132.8799","0.0163","2647816396800.0000"
"132.9753","0.0163","2648816025600.0000"
"133.0709","0.0163","2649815859200.0000"
"133.1665","0.0164","2650815488000.0000"
"133.2625","0.0164","2651815116800.0000"
"133.3591","0.0164","2652814950400.0000"
"133.4563","0.0164","2653814579200.0000"
"133.5538","0.0164","2654814208000.0000"
"133.6512","0.0164","2655814041600.0000"
"133.7483","0.0164","2656813670400.0000"
"133.8448","0.0164","2657813708800.0000"
"133.9406","0.0165","2658813337600.0000"
"134.0354","0.0165","2659812966400.0000"
"134.1293","0.0165","2660813004800.0000"
"134.2230","0.0165","2661812633600.0000"
"134.3170","0.0165","2662812672000.0000"
"134.4117","0.0165","2663812505600.0000"
"134.5071","0.0165","2664812134400.0000"
"134.6027","0.0165","2665812172800.0000"
"134.6983","0.0165","2666812006400.0000"
"134.7941","0.0166","2667812044800.0000"
"134.8905","0.0166","2668811878400.0000"
"134.9877","0.0166","2669811916800.0000"
"135.0853","0.0166","2670811750400.0000"
"135.1835","0.0166","2671811584000.0000"
"135.2819","0.0166","2672811417600.0000"
"135.3803","0.0166","2673811660800.0000"
"135.4781","0.0166","2674811494400.0000"
"135.5746","0.0167","2675811532800.0000"
"135.6698","0.0167","2676811161600.0000"
"135.7641","0.0167","2677810995200.0000"
"135.8584","0.0167","2678811238400.0000"
"135.9540","0.0167","2679811072000.0000"
"136.0517","0.0167","2680810905600.0000"
"136.1513","0.0167","2681810739200.0000"
"136.2517","0.0167","2682810572800.0000"
"136.3518","0.0168","2683810406400.0000"
"136.4510","0.0168","2684810649600.0000"
"136.5493","0.0168","2685810483200.0000"
"136.6466","0.0168","2686810726400.0000"
"136.7429","0.0168","2687810764800.0000"
"136.8376","0.0168","2688810598400.0000"
"136.9310","0.0168","2689810841600.0000"
"137.0236","0.0168","2690810880000.0000"
"137.1158","0.0168","2691811123200.0000"
"137.2081","0.0169","2692811161600.0000"
"137.3011","0.0169","2693811200000.0000"
"137.3955","0.0169","2694811238400.0000"
"137.4917","0.0169","2695811072000.0000"
"137.5901","0.0169","2696811520000.0000"
"137.6909","0.0169","2697811353600.0000"
"137.7937","0.0169","2698811596800.0000"
"137.8982","0.0169","2699811430400.0000"
"138.0037","0.0170","2700811673600.0000"
"138.1092","0.0170","2701811507200.0000"
"138.2141","0.0170","2702811955200.0000"
"138.3182","0.0170","2703811788800.0000"
"138.4211","0.0170","2704812032000.0000"
"138.5223","0.0170","2705811865600.0000"
"138.6217","0.0170","2706811904000.0000"
"138.7198","0.0170","2707811942400.0000"
"138.8171","0.0171","2708812185600.0000"
"138.9139","0.0171","2709812428800.0000"
"139.0106","0.0171","2710812262400.0000"
"139.1077","0.0171","2711812505600.0000"
"139.2059","0.0171","2712812748800.0000"
"139.3057","0.0171","2713812787200.0000"
"139.4074","0.0171","2714812825600.0000"
"139.5102","0.0171","2715813273600.0000"
"139.6133","0.0172","2716813312000.0000"
"139.7158","0.0172","2717813555200.0000"
"139.8177","0.0172","2718813798400.0000"
"139.9197","0.0172","2719813632000.0000"
"140.0222","0.0172","2720813875200.0000"
"140.1250","0.0172","2721814118400.0000"
"140.2274","0.0172","2722814156800.0000"
"140.3286","0.0172","2723813990400.0000"
"140.4285","0.0173","2724814233600.0000"
"140.5277","0.0173","2725814476800.0000"
"140.6273","0.0173","2726814310400.0000"
"140.7283","0.0173","2727814553600.0000"
"140.8311","0.0173","2728814592000.0000"
"140.9358","0.0173","2729814835200.0000"
"141.0416","0.0173","2730814668800.0000"
"141.1478","0.0173","2731814912000.0000"
"141.2537","0.0174","2732815155200.0000"
"141.3592","0.0174","2733814988800.0000"
"141.4644","0.0174","2734815232000.0000"
"141.5696","0.0174","2735815270400.0000"
"141.6748","0.0174","2736815308800.0000"
"141.7799","0.0174","2737815347200.0000"
"141.8847","0.0174","2738815590400.0000"
"141.9886","0.0174","2739815628800.0000"
"142.0910","0.0175","2740815872000.0000"
"142.1919","0.0175","2741816115200.0000"
"142.2916","0.0175","2742815948800.0000"
"142.3910","0.0175","2743815987200.0000"
"142.4905","0.0175","2744815820800.0000"
"142.5902","0.0175","2745816064000.0000"
"142.6903","0.0175","2746816307200.0000"
"142.7910","0.0175","2747816140800.0000"
"142.8924","0.0176","2748816179200.0000"
"142.9945","0.0176","2749816012800.0000"
"143.0971","0.0176","2750816051200.0000"
"143.2001","0.0176","2751815884800.0000"
"143.3030","0.0176","2752816128000.0000"
"143.4057","0.0176","2753815961600.0000"
"143.5079","0.0176","2754816000000.0000"
"143.6094","0.0176","2755815833600.0000"
"143.7105","0.0177","2756815872000.0000"
"143.8116","0.0177","2757815705600.0000"
"143.9131","0.0177","2758815744000.0000"
"144.0156","0.0177","2759815577600.0000"
"144.1192","0.0177","2760815616000.0000"
"144.2236","0.0177","2761815449600.0000"
"144.3281","0.0177","2762815488000.0000"
"144.4320","0.0177","2763815526400.0000"
"144.5348","0.0178","2764815564800.0000"
"144.6361","0.0178","2765815398400.0000"
"144.7359","0.0178","2766815436800.0000"
"144.8346","0.0178","2767815270400.0000"
"144.9324","0.0178","2768815308800.0000"
"145.0296","0.0178","2769815347200.0000"
"145.1265","0.0178","2770815385600.0000"
"145.2228","0.0178","2771815219200.0000"
"145.3185","0.0179","2772815257600.0000"
"145.4137","0.0179","2773815091200.0000"
"145.5087","0.0179","2774814924800.0000"
"145.6039","0.0179","2775814963200.0000"
"145.6996","0.0179","2776814796800.0000"
"145.7960","0.0179","2777814835200.0000"
"145.8930","0.0179","2778814873600.0000"
"145.9905","0.0179","2779814502400.0000"
"146.0885","0.0179","2780814540800.0000"
"146.1865","0.0180","2781814374400.0000"
"146.2845","0.0180","2782814208000.0000"
"146.3821","0.0180","2783814246400.0000"
"146.4793","0.0180","2784814080000.0000"
"146.5758","0.0180","2785814323200.0000"
"146.6711","0.0180","2786814566400.0000"
"146.7650","0.0180","2787814400000.0000"
"146.8578","0.0180","2788814233600.0000"
"146.9504","0.0181","2789814272000.0000"
"147.0438","0.0181","2790814310400.0000"
"147.1387","0.0181","2791814144000.0000"
"147.2356","0.0181","2792814182400.0000"
"147.3351","0.0181","2793814220800.0000"
"147.4367","0.0181","2794814259200.0000"
"147.5399","0.0181","2795814092800.0000"
"147.6438","0.0181","2796813926400.0000"
"147.7483","0.0182","2797813964800.0000"
"147.8528","0.0182","2798813798400.0000"
"147.9568","0.0182","2799813632000.0000"
"148.0598","0.0182","2800813465600.0000"
"148.1619","0.0182","2801813299200.0000"
"148.2637","0.0182","2802813132800.0000"
"148.3654","0.0182","2803813171200.0000"
"148.4673","0.0182","2804812800000.0000"
"148.5699","0.0183","2805812633600.0000"
"148.6739","0.0183","2806812672000.0000"
"148.7792","0.0183","2807812710400.0000"
"148.8862","0.0183","2808812748800.0000"
"148.9943","0.0183","2809812377600.0000"
"149.1025","0.0183","2810812416000.0000"
"149.2097","0.0183","2811812249600.0000"
"149.3155","0.0183","2812812288000.0000"
"149.4201","0.0184","2813812121600.0000"
"149.5240","0.0184","2814812364800.0000"
"149.6273","0.0184","2815812198400.0000"
"149.7296","0.0184","2816812236800.0000"
"149.8305","0.0184","2817811865600.0000"
"149.9296","0.0184","2818811904000.0000"
"150.0269","0.0184","2819811942400.0000"
"150.1227","0.0184","2820811776000.0000"
"150.2173","0.0185","2821811609600.0000"
"150.3121","0.0185","2822811648000.0000"
"150.4076","0.0185","2823811276800.0000"
"150.5042","0.0185","2824811315200.0000"
"150.6013","0.0185","2825811353600.0000"
"150.6986","0.0185","2826810982400.0000"
"150.7955","0.0185","2827811020800.0000"
"150.8920","0.0185","2828810854400.0000"
"150.9884","0.0186","2829810892800.0000"
"151.0851","0.0186","2830810726400.0000"
"151.1819","0.0186","2831810764800.0000"
"151.2780","0.0186","2832810598400.0000"
"151.3730","0.0186","2833810841600.0000"
"151.4670","0.0186","2834810675200.0000"
"151.5605","0.0186","2835810713600.0000"
"151.6539","0.0186","2836811161600.0000"
"151.7475","0.0186","2837810995200.0000"
"151.8414","0.0187","2838811238400.0000"
"151.9361","0.0187","2839811072000.0000"
"152.0319","0.0187","2840811315200.0000"
"152.1293","0.0187","2841811148800.0000"
"152.2289","0.0187","2842811392000.0000"
"152.3308","0.0187","2843811430400.0000"
"152.4344","0.0187","2844811468800.0000"
"152.5383","0.0187","2845811507200.0000"
"152.6417","0.0188","2846811545600.0000"
"152.7440","0.0188","2847811584000.0000"
"152.8451","0.0188","2848811827200.0000"
"152.9447","0.0188","2849811865600.0000"
"153.0430","0.0188","2850812108800.0000"
"153.1403","0.0188","2851812147200.0000"
"153.2366","0.0188","2852812185600.0000"
"153.3323","0.0188","2853812019200.0000"
"153.4275","0.0189","2854812262400.0000"
"153.5227","0.0189","2855812505600.0000"
"153.6183","0.0189","2856812748800.0000"
"153.7147","0.0189","2857813196800.0000"
"153.8118","0.0189","2858813235200.0000"
"153.9099","0.0189","2859813478400.0000"
"154.0091","0.0189","2860813516800.0000"
"154.1093","0.0189","2861813760000.0000"
"154.2103","0.0189","2862814208000.0000"
"154.3121","0.0190","2863814451200.0000"
"154.4142","0.0190","2864814694400.0000"
"154.5161","0.0190","2865814937600.0000"
"154.6174","0.0190","2866814976000.0000"
"154.7181","0.0190","2867815014400.0000"
"154.8184","0.0190","2868815257600.0000"
"154.9186","0.0190","2869815705600.0000"
"155.0187","0.0190","2870815744000.0000"
"155.1188","0.0191","2871815987200.0000"
"155.2195","0.0191","2872816230400.0000"
"155.3209","0.0191","2873816473600.0000"
"155.4225","0.0191","2874816512000.0000"
"155.5238","0.0191","2875816755200.0000"
"155.6248","0.0191","2876816998400.0000"
"155.7257","0.0191","2877817241600.0000"
"155.8268","0.0191","2878817280000.0000"
"155.9280","0.0192","2879817523200.0000"
"156.0286","0.0192","2880817971200.0000"
"156.1286","0.0192","2881817804800.0000"
"156.2281","0.0192","2882818252800.0000"
"156.3274","0.0192","2883818496000.0000"
"156.4268","0.0192","2884818739200.0000"
"156.5259","0.0192","2885818982400.0000"
"156.6252","0.0192","2886819225600.0000"
"156.7257","0.0193","2887819264000.0000"
"156.8284","0.0193","2888819302400.0000"
"156.9340","0.0193","2889819545600.0000"
"157.0420","0.0193","2890819788800.0000"
"157.1515","0.0193","2891820032000.0000"
"157.2618","0.0193","2892820070400.0000"
"157.3728","0.0193","2893820108800.0000"
"157.4843","0.0193","2894820352000.0000"
"157.5957","0.0194","2895820390400.0000"
"157.7061","0.0194","2896820224000.0000"
"157.8153","0.0194","2897820262400.0000"
"157.9236","0.0194","2898820300800.0000"
"158.0310","0.0194","2899820134400.0000"
"158.1373","0.0194","2900820172800.0000"
"158.2421","0.0194","2901820416000.0000"
"158.3458","0.0195","2902820454400.0000"
"158.4489","0.0195","2903820288000.0000"
"158.5523","0.0195","2904820326400.0000"
"158.6563","0.0195","2905820364800.0000"
"158.7610","0.0195","2906820403200.0000"
"158.8663","0.0195","2907820441600.0000"
"158.9715","0.0195","2908820480000.0000"
"159.0759","0.0195","2909820313600.0000"
"159.1794","0.0196","2910820352000.0000"
"159.2820","0.0196","2911820185600.0000"
"159.3841","0.0196","2912820224000.0000"
"159.4861","0.0196","2913820057600.0000"
"159.5875","0.0196","2914819891200.0000"
"159.6873","0.0196","2915819724800.0000"
"159.7851","0.0196","2916819558400.0000"
"159.8807","0.0196","2917819392000.0000"
"159.9743","0.0197","2918819225600.0000"
"160.0662","0.0197","2919819059200.0000"
"160.1569","0.0197","2920818688000.0000"
"160.2474","0.0197","2921818726400.0000"
"160.3388","0.0197","2922818355200.0000"
"160.4317","0.0197","2923818188800.0000"
"160.5258","0.0197","2924818022400.0000"
"160.6205","0.0197","2925817651200.0000"
"160.7150","0.0197","2926817280000.0000"
"160.8090","0.0198","2927817113600.0000"
"160.9020","0.0198","2928816947200.0000"
"160.9939","0.0198","2929816780800.0000"
"161.0852","0.0198","2930816614400.0000"
"161.1764","0.0198","2931816243200.0000"
"161.2675","0.0198","2932816076800.0000"
"161.3583","0.0198","2933815910400.0000"
"161.4489","0.0198","2934815948800.0000"
"161.5399","0.0198","2935815577600.0000"
"161.6327","0.0199","2936815206400.0000"
"161.7283","0.0199","2937815040000.0000"
"161.8268","0.0199","2938815078400.0000"
"161.9276","0.0199","2939814912000.0000"
"162.0296","0.0199","2940814540800.0000"
"162.1320","0.0199","2941814169600.0000"
"162.2349","0.0199","2942814003200.0000"
"162.3381","0.0199","2943813836800.0000"
"162.4417","0.0200","2944813670400.0000"
"162.5452","0.0200","2945813299200.0000"
"162.6486","0.0200","2946813132800.0000"
"162.7514","0.0200","2947812966400.0000"
"162.8535","0.0200","2948812800000.0000"
"162.9548","0.0200","2949812838400.0000"
"163.0556","0.0200","2950812467200.0000"
"163.1564","0.0200","2951812505600.0000"
"163.2580","0.0201","2952812134400.0000"
"163.3607","0.0201","2953812172800.0000"
"163.4644","0.0201","2954812211200.0000"
"163.5682","0.0201","2955812044800.0000"
"163.6715","0.0201","2956811878400.0000"
"163.7742","0.0201","2957811712000.0000"
"163.8769","0.0201","2958811750400.0000"
"163.9803","0.0201","2959811584000.0000"
"164.0845","0.0202","2960811622400.0000"
"164.1890","0.0202","2961811456000.0000"
"164.2934","0.0202","2962811494400.0000"
"164.3974","0.0202","2963811328000.0000"
"164.5008","0.0202","2964811161600.0000"
"164.6032","0.0202","2965811200000.0000"
"164.7047","0.0202","2966811238400.0000"
"164.8060","0.0202","2967811072000.0000"
"164.9077","0.0203","2968811110400.0000"
"165.0098","0.0203","2969810739200.0000"
"165.1119","0.0203","2970810777600.0000"
"165.2143","0.0203","2971810816000.0000"
"165.3168","0.0203","2972810854400.0000"
"165.4193","0.0203","2973810688000.0000"
"165.5213","0.0203","2974810726400.0000"
"165.6229","0.0203","2975810560000.0000"
"165.7245","0.0204","2976810803200.0000"
"165.8256","0.0204","2977810636800.0000"
"165.9259","0.0204","2978810675200.0000"
"166.0252","0.0204","2979810508800.0000"
"166.1234","0.0204","2980810342400.0000"
"166.2204","0.0204","2981810176000.0000"
"166.3163","0.0204","2982810419200.0000"
"166.4120","0.0204","2983810252800.0000"
"166.5082","0.0205","2984810291200.0000"
"166.6055","0.0205","2985810124800.0000"
"166.7040","0.0205","2986810163200.0000"
"166.8033","0.0205","2987809996800.0000"
"166.9028","0.0205","2988810240000.0000"
"167.0021","0.0205","2989809868800.0000"
"167.1009","0.0205","2990809907200.0000"
"167.1991","0.0205","2991809536000.0000"
"167.2973","0.0206","2992809369600.0000"
"167.3960","0.0206","2993809612800.0000"
"167.4954","0.0206","2994809241600.0000"
"167.5952","0.0206","2995809280000.0000"
"167.6943","0.0206","2996808908800.0000"
"167.7920","0.0206","2997808947200.0000"
"167.8881","0.0206","2998808780800.0000"
"167.9830","0.0206","2999808819200.0000"
"168.0773","0.0207","3000808652800.0000"
"168.1716","0.0207","3001808486400.0000"
"168.2662","0.0207","3002808524800.0000"
"168.3613","0.0207","3003808153600.0000"
"168.4570","0.0207","3004808396800.0000"
"168.5532","0.0207","3005808230400.0000"
"168.6503","0.0207","3006808268800.0000"
"168.7484","0.0207","3007808102400.0000"
"168.8472","0.0207","3008807936000.0000"
"168.9462","0.0208","3009807974400.0000"
"169.0453","0.0208","3010808012800.0000"
"169.1449","0.0208","3011807641600.0000"
"169.2447","0.0208","3012807680000.0000"
"169.3442","0.0208","3013807513600.0000"
"169.4433","0.0208","3014807552000.0000"
"169.5422","0.0208","3015807590400.0000"
"169.6418","0.0208","3016807424000.0000"
"169.7424","0.0209","3017807257600.0000"
"169.8441","0.0209","3018807296000.0000"
"169.9469","0.0209","3019807129600.0000"
"170.0505","0.0209","3020807168000.0000"
"170.1549","0.0209","3021807206400.0000"
"170.2598","0.0209","3022807449600.0000"
"170.3651","0.0209","3023807283200.0000"
"170.4708","0.0209","3024807321600.0000"
"170.5770","0.0210","3025807360000.0000"
"170.6836","0.0210","3026807398400.0000"
"170.7901","0.0210","3027807641600.0000"
"170.8957","0.0210","3028807680000.0000"
"171.0003","0.0210","3029807923200.0000"
"171.1039","0.0210","3030807961600.0000"
"171.2071","0.0210","3031808204800.0000"
"171.3109","0.0210","3032808448000.0000"
"171.4159","0.0211","3033808486400.0000"
"171.5223","0.0211","3034808524800.0000"
"171.6298","0.0211","3035808563200.0000"
"171.7384","0.0211","3036808806400.0000"
"171.8486","0.0211","3037809049600.0000"
"171.9601","0.0211","3038809088000.0000"
"172.0726","0.0211","3039809331200.0000"
"172.1852","0.0212","3040809779200.0000"
"172.2971","0.0212","3041809817600.0000"
"172.4077","0.0212","3042809856000.0000"
"172.5173","0.0212","3043810304000.0000"
"172.6260","0.0212","3044810342400.0000"
"172.7339","0.0212","3045810585600.0000"
"172.8408","0.0212","3046811033600.0000"
"172.9467","0.0212","3047811276800.0000"
"173.0523","0.0213","3048811520000.0000"
"173.1582","0.0213","3049811763200.0000"
"173.2649","0.0213","3050812006400.0000"
"173.3719","0.0213","3051812249600.0000"
"173.4787","0.0213","3052812697600.0000"
"173.5852","0.0213","3053812940800.0000"
"173.6916","0.0213","3054813388800.0000"
"173.7981","0.0214","3055813632000.0000"
"173.9044","0.0214","3056813875200.0000"
"174.0102","0.0214","3057814118400.0000"
"174.1147","0.0214","3058814566400.0000"
"174.2176","0.0214","3059814604800.0000"
"174.3192","0.0214","3060814848000.0000"
"174.4197","0.0214","3061815091200.0000"
"174.5194","0.0214","3062815334400.0000"
"174.6187","0.0215","3063815577600.0000"
"174.7177","0.0215","3064815820800.0000"
"174.8171","0.0215","3065816064000.0000"
"174.9171","0.0215","3066816307200.0000"
"175.0180","0.0215","3067816345600.0000"
"175.1191","0.0215","3068816588800.0000"
"175.2199","0.0215","3069816832000.0000"
"175.3198","0.0215","3070817075200.0000"
"175.4189","0.0216","3071816908800.0000"
"175.5175","0.0216","3072817152000.0000"
"175.6160","0.0216","3073817190400.0000"
"175.7149","0.0216","3074817433600.0000"
"175.8142","0.0216","3075817676800.0000"
"175.9136","0.0216","3076817715200.0000"
"176.0134","0.0216","3077817958400.0000"
"176.1136","0.0216","3078817996800.0000"
"176.2145","0.0216","3079818035200.0000"
"176.3161","0.0217","3080818278400.0000"
"176.4189","0.0217","3081818316800.0000"
"176.5226","0.0217","3082818560000.0000"
"176.6271","0.0217","3083818393600.0000"
"176.7322","0.0217","3084818432000.0000"
"176.8371","0.0217","3085818265600.0000"
"176.9419","0.0217","3086818304000.0000"
"177.0470","0.0218","3087818137600.0000"
"177.1527","0.0218","3088817971200.0000"
"177.2588","0.0218","3089817804800.0000"
"177.3650","0.0218","3090817843200.0000"
"177.4708","0.0218","3091817472000.0000"
"177.5759","0.0218","3092817510400.0000"
"177.6800","0.0218","3093817548800.0000"
"177.7825","0.0218","3094817177600.0000"
"177.8832","0.0219","3095817216000.0000"
"177.9825","0.0219","3096817049600.0000"
"178.0813","0.0219","3097816883200.0000"
"178.1810","0.0219","3098816921600.0000"
"178.2826","0.0219","3099816960000.0000"
"178.3863","0.0219","3100816793600.0000"
"178.4916","0.0219","3101816627200.0000"
"178.5982","0.0219","3102816460800.0000"
"178.7054","0.0220","3103816704000.0000"
"178.8125","0.0220","3104816332800.0000"
"178.9189","0.0220","3105816371200.0000"
"179.0246","0.0220","3106816204800.0000"
"179.1296","0.0220","3107815833600.0000"
"179.2341","0.0220","3108815872000.0000"
"179.3379","0.0220","3109815705600.0000"
"179.4408","0.0220","3110815744000.0000"
"179.5423","0.0221","3111815372800.0000"
"179.6425","0.0221","3112815001600.0000"
"179.7419","0.0221","3113815040000.0000"
"179.8411","0.0221","3114814873600.0000"
"179.9401","0.0221","3115814912000.0000"
"180.0391","0.0221","3116814540800.0000"
"180.1384","0.0221","3117814579200.0000"
"180.2387","0.0221","3118814412800.0000"
"180.3401","0.0222","3119814451200.0000"
"180.4426","0.0222","3120814489600.0000"
"180.5460","0.0222","3121814528000.0000"
"180.6502","0.0222","3122814361600.0000"
"180.7549","0.0222","3123814195200.0000"
"180.8594","0.0222","3124814028800.0000"
"180.9637","0.0222","3125814067200.0000"
"181.0674","0.0222","3126814310400.0000"
"181.1707","0.0223","3127814144000.0000"
"181.2738","0.0223","3128814387200.0000"
"181.3774","0.0223","3129814630400.0000"
"181.4822","0.0223","3130814464000.0000"
"181.5885","0.0223","3131814912000.0000"
"181.6957","0.0223","3132814745600.0000"
"181.8033","0.0223","3133814988800.0000"
"181.9112","0.0223","3134814822400.0000"
"182.0196","0.0224","3135814656000.0000"
"182.1281","0.0224","3136814694400.0000"
"182.2358","0.0224","3137814732800.0000"
"182.3418","0.0224","3138814976000.0000"
"182.4460","0.0224","3139814809600.0000"
"182.5489","0.0224","3140815052800.0000"
"182.6515","0.0224","3141814886400.0000"
"182.7541","0.0225","3142815129600.0000"
"182.8564","0.0225","3143815372800.0000"
"182.9581","0.0225","3144815411200.0000"
"183.0590","0.0225","3145815654400.0000"
"183.1599","0.0225","3146815692800.0000"
"183.2615","0.0225","3147815936000.0000"
"183.3638","0.0225","3148815769600.0000"
"183.4663","0.0225","3149816012800.0000"
"183.5689","0.0226","3150816460800.0000"
"183.6715","0.0226","3151816294400.0000"
"183.7745","0.0226","3152816537600.0000"
"183.8779","0.0226","3153816780800.0000"
"183.9820","0.0226","3154816819200.0000"
"184.0864","0.0226","3155816652800.0000"
"184.1907","0.0226","3156816896000.0000"
"184.2946","0.0226","3157816934400.0000"
"184.3979","0.0227","3158817177600.0000"
"184.5009","0.0227","3159817011200.0000"
"184.6038","0.0227","3160816844800.0000"
"184.7070","0.0227","3161817088000.0000"
"184.8103","0.0227","3162817126400.0000"
"184.9137","0.0227","3163817369600.0000"
"185.0167","0.0227","3164817203200.0000"
"185.1194","0.0227","3165817036800.0000"
"185.2226","0.0228","3166816870400.0000"
"185.3268","0.0228","3167817113600.0000"
"185.4323","0.0228","3168816947200.0000"
"185.5383","0.0228","3169817190400.0000"
"185.6441","0.0228","3170817024000.0000"
"185.7495","0.0228","3171817267200.0000"
"185.8546","0.0228","3172817100800.0000"
"185.9595","0.0228","3173816934400.0000"
"186.0641","0.0229","3174817382400.0000"
"186.1684","0.0229","3175817216000.0000"
"186.2723","0.0229","3176817459200.0000"
"186.3764","0.0229","3177817292800.0000"
"186.4817","0.0229","3178817126400.0000"
"186.5887","0.0229","3179816960000.0000"
"186.6972","0.0229","3180817408000.0000"
"186.8068","0.0230","3181817241600.0000"
"186.9169","0.0230","3182817075200.0000"
"187.0272","0.0230","3183816908800.0000"
"187.1372","0.0230","3184816947200.0000"
"187.2460","0.0230","3185816576000.0000"
"187.3533","0.0230","3186816819200.0000"
"187.4590","0.0230","3187816652800.0000"
"187.5635","0.0230","3188816486400.0000"
"187.6668","0.0231","3189816320000.0000"
"187.7692","0.0231","3190816563200.0000"
"187.8708","0.0231","3191816601600.0000"
"187.9720","0.0231","3192816435200.0000"
"188.0742","0.0231","3193816268800.0000"
"188.1779","0.0231","3194816512000.0000"
"188.2828","0.0231","3195816345600.0000"
"188.3880","0.0231","3196816588800.0000"
"188.4929","0.0232","3197816627200.0000"
"188.5974","0.0232","3198816870400.0000"
"188.7012","0.0232","3199816704000.0000"
"188.8046","0.0232","3200816742400.0000"
"188.9070","0.0232","3201816576000.0000"
"189.0080","0.0232","3202816819200.0000"
"189.1079","0.0232","3203816652800.0000"
"189.2069","0.0232","3204816486400.0000"
"189.3051","0.0233","3205816729600.0000"
"189.4023","0.0233","3206816972800.0000"
"189.4985","0.0233","3207817216000.0000"
"189.5943","0.0233","3208817049600.0000"
"189.6903","0.0233","3209816883200.0000"
"189.7869","0.0233","3210817126400.0000"
"189.8845","0.0233","3211816960000.0000"
"189.9832","0.0233","3212816793600.0000"
"190.0830","0.0234","3213816832000.0000"
"190.1840","0.0234","3214816665600.0000"
"190.2858","0.0234","3215816908800.0000"
"190.3879","0.0234","3216817152000.0000"
"190.4904","0.0234","3217816985600.0000"
"190.5932","0.0234","3218817638400.0000"
"190.6960","0.0234","3219817472000.0000"
"190.7987","0.0234","3220817715200.0000"
"190.9013","0.0235","3221817548800.0000"
"191.0042","0.0235","3222817792000.0000"
"191.1070","0.0235","3223817830400.0000"
"191.2091","0.0235","3224817664000.0000"
"191.3108","0.0235","3225817907200.0000"
"191.4128","0.0235","3226817740800.0000"
"191.5156","0.0235","3227817984000.0000"
"191.6196","0.0235","3228817817600.0000"
"191.7251","0.0236","3229818060800.0000"
"191.8319","0.0236","3230818304000.0000"
"191.9395","0.0236","3231818137600.0000"
"192.0477","0.0236","3232818380800.0000"
"192.1565","0.0236","3233818214400.0000"
"192.2654","0.0236","3234818048000.0000"
"192.3739","0.0236","3235817881600.0000"
"192.4814","0.0236","3236818124800.0000"
"192.5880","0.0237","3237817753600.0000"
"192.6936","0.0237","3238817996800.0000"
"192.7978","0.0237","3239817830400.0000"
"192.9005","0.0237","3240817664000.0000"
"193.0024","0.0237","3241817497600.0000"
"193.1040","0.0237","3242818150400.0000"
"193.2056","0.0237","3243817984000.0000"
"193.3074","0.0237","3244818227200.0000"
"193.4095","0.0238","3245818060800.0000"
"193.5118","0.0238","3246817894400.0000"
"193.6143","0.0238","3247817728000.0000"
"193.7174","0.0238","3248817971200.0000"
"193.8213","0.0238","3249817804800.0000"
"193.9259","0.0238","3250818048000.0000"
"194.0307","0.0238","3251817881600.0000"
"194.1349","0.0239","3252817715200.0000"
"194.2378","0.0239","3253817753600.0000"
"194.3391","0.0239","3254817587200.0000"
"194.4387","0.0239","3255817420800.0000"
"194.5369","0.0239","3256817664000.0000"
"194.6347","0.0239","3257817088000.0000"
"194.7327","0.0239","3258817331200.0000"
"194.8315","0.0239","3259816755200.0000"
"194.9312","0.0239","3260816588800.0000"
"195.0320","0.0240","3261816832000.0000"
"195.1346","0.0240","3262816256000.0000"
"195.2389","0.0240","3263816499200.0000"
"195.3446","0.0240","3264816742400.0000"
"195.4510","0.0240","3265816576000.0000"
"195.5571","0.0240","3266816409600.0000"
"195.6625","0.0240","3267816652800.0000"
"195.7669","0.0241","3268816076800.0000"
"195.8701","0.0241","3269816320000.0000"
"195.9726","0.0241","3270816153600.0000"
"196.0749","0.0241","3271815987200.0000"
"196.1770","0.0241","3272815820800.0000"
"196.2794","0.0241","3273816064000.0000"
"196.3825","0.0241","3274815488000.0000"
"196.4867","0.0241","3275815731200.0000"
"196.5919","0.0242","3276815974400.0000"
"196.6978","0.0242","3277815398400.0000"
"196.8043","0.0242","3278815641600.0000"
"196.9109","0.0242","3279815065600.0000"
"197.0171","0.0242","3280815308800.0000"
"197.1223","0.0242","3281814732800.0000"
"197.2269","0.0242","3282814976000.0000"
"197.3312","0.0242","3283814400000.0000"
"197.4350","0.0243","3284814643200.0000"
"197.5380","0.0243","3285814067200.0000"
"197.6398","0.0243","3286814310400.0000"
"197.7407","0.0243","3287814348800.0000"
"197.8410","0.0243","3288813772800.0000"
"197.9412","0.0243","3289814016000.0000"
"198.0416","0.0243","3290813849600.0000"
"198.1425","0.0243","3291813683200.0000"
"198.2443","0.0244","3292813516800.0000"
"198.3468","0.0244","3293813760000.0000"
"198.4495","0.0244","3294813593600.0000"
"198.5520","0.0244","3295813836800.0000"
"198.6543","0.0244","3296813670400.0000"
"198.7570","0.0244","3297813913600.0000"
"198.8600","0.0244","3298814156800.0000"
"198.9637","0.0244","3299813990400.0000"
"199.0678","0.0245","3300814233600.0000"
"199.1722","0.0245","3301814067200.0000"
"199.2765","0.0245","3302813900800.0000"
"199.3802","0.0245","3303813734400.0000"
"199.4831","0.0245","3304813772800.0000"
"199.5853","0.0245","3305813606400.0000"
"199.6870","0.0245","3306813440000.0000"
"199.7882","0.0245","3307813273600.0000"
"199.8893","0.0246","3308813516800.0000"
"199.9908","0.0246","3309813760000.0000"
"200.0934","0.0246","3310814003200.0000"
"200.1972","0.0246","3311813836800.0000"
"200.3020","0.0246","3312814080000.0000"
"200.4072","0.0246","3313813913600.0000"
"200.5129","0.0246","3314814156800.0000"
"200.6189","0.0246","3315813990400.0000"
"200.7245","0.0247","3316814233600.0000"
"200.8290","0.0247","3317814272000.0000"
"200.9319","0.0247","3318814105600.0000"
"201.0329","0.0247","3319814348800.0000"
"201.1318","0.0247","3320814592000.0000"
"201.2292","0.0247","3321814835200.0000"
"201.3263","0.0247","3322815078400.0000"
"201.4238","0.0247","3323814912000.0000"
"201.5223","0.0248","3324815155200.0000"
"201.6220","0.0248","3325814988800.0000"
"201.7232","0.0248","3326815027200.0000"
"201.8260","0.0248","3327815270400.0000"
"201.9307","0.0248","3328815104000.0000"
"202.0367","0.0248","3329815347200.0000"
"202.1432","0.0248","3330815180800.0000"
"202.2494","0.0248","3331815424000.0000"
"202.3548","0.0249","3332815257600.0000"
"202.4594","0.0249","3333815500800.0000"
"202.5637","0.0249","3334815744000.0000"
"202.6678","0.0249","3335815987200.0000"
"202.7716","0.0249","3336815820800.0000"
"202.8747","0.0249","3337815859200.0000"
"202.9774","0.0249","3338816102400.0000"
"203.0800","0.0250","3339815936000.0000"
"203.1827","0.0250","3340816179200.0000"
"203.2858","0.0250","3341816422400.0000"
"203.3897","0.0250","3342816256000.0000"
"203.4947","0.0250","3343816499200.0000"
"203.6000","0.0250","3344816332800.0000"
"203.7050","0.0250","3345816576000.0000"
"203.8097","0.0250","3346816819200.0000"
"203.9144","0.0251","3347816857600.0000"
"204.0188","0.0251","3348817100800.0000"
"204.1227","0.0251","3349816934400.0000"
"204.2254","0.0251","3350817177600.0000"
"204.3267","0.0251","3351817011200.0000"
"204.4264","0.0251","3352817254400.0000"
"204.5251","0.0251","3353817088000.0000"
"204.6239","0.0251","3354817331200.0000"
"204.7236","0.0252","3355817574400.0000"
"204.8245","0.0252","3356817408000.0000"
"204.9266","0.0252","3357817651200.0000"
"205.0296","0.0252","3358817484800.0000"
"205.1333","0.0252","3359817932800.0000"
"205.2369","0.0252","3360817766400.0000"
"205.3402","0.0252","3361818009600.0000"
"205.4432","0.0252","3362817843200.0000"
"205.5463","0.0253","3363818086400.0000"
"205.6494","0.0253","3364818329600.0000"
"205.7522","0.0253","3365818163200.0000"
"205.8547","0.0253","3366818406400.0000"
"205.9567","0.0253","3367818240000.0000"
"206.0581","0.0253","3368818278400.0000"
"206.1586","0.0253","3369818521600.0000"
"206.2586","0.0253","3370818355200.0000"
"206.3589","0.0254","3371819008000.0000"
"206.4600","0.0254","3372818841600.0000"
"206.5616","0.0254","3373819084800.0000"
"206.6637","0.0254","3374818918400.0000"
"206.7654","0.0254","3375818752000.0000"
"206.8664","0.0254","3376818585600.0000"
"206.9666","0.0254","3377818828800.0000"
"207.0660","0.0254","3378818662400.0000"
"207.1650","0.0255","3379818905600.0000"
"207.2635","0.0255","3380818739200.0000"
"207.3616","0.0255","3381818572800.0000"
"207.4595","0.0255","3382818406400.0000"
"207.5573","0.0255","3383818854400.0000"
"207.6548","0.0255","3384818688000.0000"
"207.7525","0.0255","3385818521600.0000"
"207.8516","0.0255","3386818355200.0000"
"207.9529","0.0255","3387818598400.0000"
"208.0565","0.0256","3388818432000.0000"
"208.1621","0.0256","3389818265600.0000"
"208.2690","0.0256","3390818099200.0000"
"208.3765","0.0256","3391818342400.0000"
"208.4841","0.0256","3392818176000.0000"
"208.5919","0.0256","3393818009600.0000"
"208.6997","0.0256","3394818252800.0000"
"208.8071","0.0257","3395818086400.0000"
"208.9140","0.0257","3396817920000.0000"
"209.0203","0.0257","3397817753600.0000"
"209.1258","0.0257","3398817587200.0000"
"209.2298","0.0257","3399817420800.0000"
"209.3321","0.0257","3400817254400.0000"
"209.4328","0.0257","3401817088000.0000"
"209.5325","0.0257","3402816921600.0000"
"209.6324","0.0258","3403816345600.0000"
"209.7331","0.0258","3404816588800.0000"
"209.8352","0.0258","3405816422400.0000"
"209.9382","0.0258","3406816256000.0000"
"210.0420","0.0258","3407816089600.0000"
"210.1462","0.0258","3408815923200.0000"
"210.2508","0.0258","3409815756800.0000"
"210.3554","0.0258","3410815590400.0000"
"210.4597","0.0259","3411815424000.0000"
"210.5634","0.0259","3412815257600.0000"
"210.6659","0.0259","3413815500800.0000"
"210.7670","0.0259","3414815334400.0000"
"210.8662","0.0259","3415815168000.0000"
"210.9641","0.0259","3416815206400.0000"
"211.0615","0.0259","3417815040000.0000"
"211.1585","0.0259","3418814873600.0000"
"211.2551","0.0260","3419814707200.0000"
"211.3517","0.0260","3420814540800.0000"
"211.4493","0.0260","3421814374400.0000"
"211.5485","0.0260","3422814208000.0000"
"211.6492","0.0260","3423814041600.0000"
"211.7509","0.0260","3424813875200.0000"
"211.8531","0.0260","3425813708800.0000"
"211.9550","0.0260","3426813952000.0000"
"212.0559","0.0261","3427813785600.0000"
"212.1558","0.0261","3428813619200.0000"
"212.2548","0.0261","3429813452800.0000"
"212.3533","0.0261","3430813286400.0000"
"212.4513","0.0261","3431813120000.0000"
"212.5491","0.0261","3432812953600.0000"
"212.6466","0.0261","3433812787200.0000"
"212.7439","0.0261","3434812620800.0000"
"212.8415","0.0261","3435812454400.0000"
"212.9399","0.0262","3436812288000.0000"
"213.0393","0.0262","3437812940800.0000"
"213.1399","0.0262","3438812774400.0000"
"213.2417","0.0262","3439812608000.0000"
"213.3445","0.0262","3440812441600.0000"
"213.4484","0.0262","3441812275200.0000"
"213.5530","0.0262","3442812108800.0000"
"213.6578","0.0263","3443811942400.0000"
"213.7620","0.0263","3444811776000.0000"
"213.8652","0.0263","3445811609600.0000"
"213.9673","0.0263","3446811443200.0000"
"214.0683","0.0263","3447811276800.0000"
"214.1684","0.0263","3448811520000.0000"
"214.2673","0.0263","3449811353600.0000"
"214.3649","0.0263","3450811187200.0000"
"214.4619","0.0263","3451811020800.0000"
"214.5593","0.0264","3452810854400.0000"
"214.6580","0.0264","3453810688000.0000"
"214.7584","0.0264","3454810521600.0000"
"214.8603","0.0264","3455810355200.0000"
"214.9632","0.0264","3456810188800.0000"
"215.0668","0.0264","3457810022400.0000"
"215.1707","0.0264","3458809856000.0000"
"215.2743","0.0264","3459810099200.0000"
"215.3775","0.0265","3460810342400.0000"
"215.4799","0.0265","3461810176000.0000"
"215.5812","0.0265","3462810009600.0000"
"215.6812","0.0265","3463810252800.0000"
"215.7800","0.0265","3464810086400.0000"
"215.8777","0.0265","3465809920000.0000"
"215.9742","0.0265","3466809753600.0000"
"216.0698","0.0265","3467809587200.0000"
"216.1651","0.0266","3468809420800.0000"
"216.2607","0.0266","3469809254400.0000"
"216.3571","0.0266","3470809497600.0000"
"216.4544","0.0266","3471809331200.0000"
"216.5523","0.0266","3472809164800.0000"
"216.6509","0.0266","3473808998400.0000"
"216.7499","0.0266","3474809241600.0000"
"216.8486","0.0266","3475809075200.0000"
"216.9464","0.0267","3476808908800.0000"
"217.0433","0.0267","3477808742400.0000"
"217.1398","0.0267","3478808985600.0000"
"217.2363","0.0267","3479808819200.0000"
"217.3333","0.0267","3480808652800.0000"
"217.4305","0.0267","3481809305600.0000"
"217.5279","0.0267","3482809139200.0000"
"217.6257","0.0267","3483808972800.0000"
"217.7245","0.0267","3484809216000.0000"
"217.8247","0.0268","3485809459200.0000"
"217.9261","0.0268","3486809292800.0000"
"218.0291","0.0268","3487809536000.0000"
"218.1340","0.0268","3488809369600.0000"
"218.2401","0.0268","3489809612800.0000"
"218.3471","0.0268","3490809446400.0000"
"218.4546","0.0268","3491809689600.0000"
"218.5626","0.0269","3492809932800.0000"
"218.6708","0.0269","3493809766400.0000"
"218.7787","0.0269","3494810009600.0000"
"218.8857","0.0269","3495809843200.0000"
"218.9916","0.0269","3496810086400.0000"
"219.0961","0.0269","3497809920000.0000"
"219.1992","0.0269","3498810163200.0000"
"219.3018","0.0269","3499810406400.0000"
"219.4043","0.0270","3500810240000.0000"
"219.5072","0.0270","3501810483200.0000"
"219.6105","0.0270","3502810316800.0000"
"219.7137","0.0270","3503810560000.0000"
"219.8165","0.0270","3504810393600.0000"
"219.9187","0.0270","3505810636800.0000"
"220.0204","0.0270","3506811289600.0000"
"220.1214","0.0270","3507811123200.0000"
"220.2219","0.0271","3508811366400.0000"
"220.3225","0.0271","3509811609600.0000"
"220.4231","0.0271","3510811852800.0000"
"220.5236","0.0271","3511812096000.0000"
"220.6238","0.0271","3512811929600.0000"
"220.7238","0.0271","3513812172800.0000"
"220.8238","0.0271","3514812006400.0000"
"220.9243","0.0271","3515811840000.0000"
"221.0262","0.0272","3516812083200.0000"
"221.1293","0.0272","3517811916800.0000"
"221.2333","0.0272","3518812569600.0000"
"221.3375","0.0272","3519812812800.0000"
"221.4420","0.0272","3520812646400.0000"
"221.5465","0.0272","3521812889600.0000"
"221.6505","0.0272","3522813132800.0000"
"221.7539","0.0272","3523812966400.0000"
"221.8569","0.0273","3524812800000.0000"
"221.9595","0.0273","3525813452800.0000"
"222.0614","0.0273","3526813286400.0000"
"222.1624","0.0273","3527813120000.0000"
"222.2629","0.0273","3528813772800.0000"
"222.3638","0.0273","3529813606400.0000"
"222.4656","0.0273","3530813849600.0000"
"222.5685","0.0273","3531814092800.0000"
"222.6728","0.0274","3532814336000.0000"
"222.7784","0.0274","3533814169600.0000"
"222.8851","0.0274","3534814822400.0000"
"222.9927","0.0274","3535814656000.0000"
"223.1009","0.0274","3536814899200.0000"
"223.2092","0.0274","3537814732800.0000"
"223.3167","0.0274","3538815385600.0000"
"223.4227","0.0274","3539815219200.0000"
"223.5268","0.0275","3540815052800.0000"
"223.6295","0.0275","3541815705600.0000"
"223.7313","0.0275","3542815539200.0000"
"223.8321","0.0275","3543815782400.0000"
"223.9315","0.0275","3544815616000.0000"
"224.0292","0.0275","3545816268800.0000"
"224.1251","0.0275","3546816102400.0000"
"224.2195","0.0275","3547816345600.0000"
"224.3134","0.0276","3548816588800.0000"
"224.4079","0.0276","3549816422400.0000"
"224.5034","0.0276","3550816256000.0000"
"224.6002","0.0276","3551816089600.0000"
"224.6978","0.0276","3552816332800.0000"
"224.7962","0.0276","3553816166400.0000"
"224.8958","0.0276","3554816000000.0000"
"224.9966","0.0276","3555816243200.0000"
"225.0983","0.0277","3556816486400.0000"
"225.2008","0.0277","3557816729600.0000"
"225.3035","0.0277","3558816563200.0000"
"225.4062","0.0277","3559817216000.0000"
"225.5085","0.0277","3560817049600.0000"
"225.6100","0.0277","3561816883200.0000"
"225.7107","0.0277","3562817126400.0000"
"225.8111","0.0277","3563817369600.0000"
"225.9122","0.0278","3564817203200.0000"
"226.0142","0.0278","3565817036800.0000"
"226.1174","0.0278","3566817280000.0000"
"226.2220","0.0278","3567817113600.0000"
"226.3282","0.0278","3568816947200.0000"
"226.4361","0.0278","3569817190400.0000"
"226.5445","0.0278","3570817433600.0000"
"226.6524","0.0278","3571817676800.0000"
"226.7592","0.0279","3572817510400.0000"
"226.8648","0.0279","3573817344000.0000"
"226.9695","0.0279","3574817177600.0000"
"227.0730","0.0279","3575817011200.0000"
"227.1751","0.0279","3576816844800.0000"
"227.2760","0.0279","3577817088000.0000"
"227.3755","0.0279","3578817331200.0000"
"227.4740","0.0279","3579817164800.0000"
"227.5722","0.0280","3580816998400.0000"
"227.6710","0.0280","3581817651200.0000"
"227.7711","0.0280","3582817894400.0000"
"227.8733","0.0280","3583817728000.0000"
"227.9775","0.0280","3584817971200.0000"
"228.0831","0.0280","3585818214400.0000"
"228.1891","0.0280","3586818048000.0000"
"228.2945","0.0280","3587817881600.0000"
"228.3992","0.0281","3588818124800.0000"
"228.5032","0.0281","3589818368000.0000"
"228.6064","0.0281","3590818201600.0000"
"228.7088","0.0281","3591818444800.0000"
"228.8101","0.0281","3592818278400.0000"
"228.9096","0.0281","3593818521600.0000"
"229.0069","0.0281","3594818355200.0000"
"229.1024","0.0281","3595819008000.0000"
"229.1968","0.0282","3596818841600.0000"
"229.2917","0.0282","3597818675200.0000"
"229.3880","0.0282","3598818508800.0000"
"229.4858","0.0282","3599818342400.0000"
"229.5850","0.0282","3600818176000.0000"
"229.6853","0.0282","3601818009600.0000"
"229.7867","0.0282","3602818252800.0000"
"229.8887","0.0282","3603818496000.0000"
"229.9908","0.0283","3604818329600.0000"
"230.0928","0.0283","3605818572800.0000"
"230.1946","0.0283","3606818816000.0000"
"230.2957","0.0283","3607819059200.0000"
"230.3958","0.0283","3608818892800.0000"
"230.4951","0.0283","3609818726400.0000"
"230.5941","0.0283","3610818969600.0000"
"230.6933","0.0283","3611818803200.0000"
"230.7932","0.0284","3612819046400.0000"
"230.8940","0.0284","3613819289600.0000"
"230.9955","0.0284","3614819123200.0000"
"231.0968","0.0284","3615818956800.0000"
"231.1977","0.0284","3616818790400.0000"
"231.2983","0.0284","3617819033600.0000"
"231.3987","0.0284","3618819276800.0000"
"231.4988","0.0284","3619818700800.0000"
"231.5988","0.0285","3620818534400.0000"
"231.6991","0.0285","3621818368000.0000"
"231.7997","0.0285","3622818611200.0000"
"231.9007","0.0285","3623818444800.0000"
"232.0015","0.0285","3624818278400.0000"
"232.1011","0.0285","3625818112000.0000"
"232.1992","0.0285","3626818355200.0000"
"232.2959","0.0285","3627818188800.0000"
"232.3927","0.0286","3628818432000.0000"
"232.4910","0.0286","3629818265600.0000"
"232.5914","0.0286","3630818099200.0000"
"232.6938","0.0286","3631817932800.0000"
"232.7978","0.0286","3632817766400.0000"
"232.9034","0.0286","3633817190400.0000"
"233.0098","0.0286","3634817024000.0000"
"233.1161","0.0286","3635817267200.0000"
"233.2217","0.0287","3636817100800.0000"
"233.3267","0.0287","3637816934400.0000"
"233.4309","0.0287","3638817177600.0000"
"233.5338","0.0287","3639817011200.0000"
"233.6350","0.0287","3640816844800.0000"
"233.7347","0.0287","3641816678400.0000"
"233.8334","0.0287","3642816512000.0000"
"233.9315","0.0287","3643816755200.0000"
"234.0297","0.0288","3644816179200.0000"
"234.1289","0.0288","3645816012800.0000"
"234.2294","0.0288","3646815846400.0000"
"234.3316","0.0288","3647816089600.0000"
"234.4349","0.0288","3648815923200.0000"
"234.5390","0.0288","3649815756800.0000"
"234.6435","0.0288","3650816000000.0000"
"234.7479","0.0288","3651815833600.0000"
"234.8522","0.0289","3652816076800.0000"
"234.9560","0.0289","3653815910400.0000"
"235.0593","0.0289","3654815744000.0000"
"235.1621","0.0289","3655815987200.0000"
"235.2640","0.0289","3656815820800.0000"
"235.3647","0.0289","3657815654400.0000"
"235.4642","0.0289","3658815897600.0000"
"235.5627","0.0289","3659816140800.0000"
"235.6609","0.0290","3660815974400.0000"
"235.7594","0.0290","3661815808000.0000"
"235.8584","0.0290","3662816051200.0000"
"235.9581","0.0290","3663816294400.0000"
"236.0584","0.0290","3664816128000.0000"
"236.1591","0.0290","3665815961600.0000"
"236.2600","0.0290","3666816204800.0000"
"236.3605","0.0290","3667816448000.0000"
"236.4600","0.0291","3668816281600.0000"
"236.5587","0.0291","3669816115200.0000"
"236.6569","0.0291","3670815948800.0000"
"236.7549","0.0291","3671815782400.0000"
"236.8524","0.0291","3672815616000.0000"
"236.9490","0.0291","3673815859200.0000"
"237.0445","0.0291","3674816512000.0000"
"237.1392","0.0291","3675816345600.0000"
"237.2339","0.0291","3676816179200.0000"
"237.3295","0.0292","3677816832000.0000"
"237.4264","0.0292","3678816665600.0000"
"237.5249","0.0292","3679816499200.0000"
"237.6252","0.0292","3680816742400.0000"
"237.7270","0.0292","3681816985600.0000"
"237.8302","0.0292","3682816819200.0000"
"237.9345","0.0292","3683817062400.0000"
"238.0392","0.0292","3684817305600.0000"
"238.1432","0.0293","3685817139200.0000"
"238.2462","0.0293","3686817382400.0000"
"238.3482","0.0293","3687817625600.0000"
"238.4498","0.0293","3688817868800.0000"
"238.5509","0.0293","3689817702400.0000"
"238.6518","0.0293","3690817536000.0000"
"238.7521","0.0293","3691817369600.0000"
"238.8517","0.0293","3692817612800.0000"
"238.9503","0.0294","3693817446400.0000"
"239.0487","0.0294","3694817280000.0000"
"239.1476","0.0294","3695816704000.0000"
"239.2473","0.0294","3696816947200.0000"
"239.3471","0.0294","3697817190400.0000"
"239.4470","0.0294","3698817433600.0000"
"239.5469","0.0294","3699817676800.0000"
"239.6470","0.0294","3700817510400.0000"
"239.7472","0.0295","3701817344000.0000"
"239.8475","0.0295","3702817177600.0000"
"239.9477","0.0295","3703817011200.0000"
"240.0477","0.0295","3704817254400.0000"
"240.1473","0.0295","3705817088000.0000"
"240.2469","0.0295","3706816921600.0000"
"240.3474","0.0295","3707817164800.0000"
"240.4496","0.0295","3708816998400.0000"
"240.5539","0.0296","3709816832000.0000"
"240.6599","0.0296","3710817075200.0000"
"240.7670","0.0296","3711816908800.0000"
"240.8751","0.0296","3712817152000.0000"
"240.9841","0.0296","3713816576000.0000"
"241.0936","0.0296","3714816409600.0000"
"241.2026","0.0296","3715816243200.0000"
"241.3103","0.0296","3716816486400.0000"
"241.4167","0.0297","3717815910400.0000"
"241.5221","0.0297","3718815744000.0000"
"241.6269","0.0297","3719815577600.0000"
"241.7307","0.0297","3720815411200.0000"
"241.8337","0.0297","3721815654400.0000"
"241.9356","0.0297","3722815488000.0000"
"242.0365","0.0297","3723814912000.0000"
"242.1368","0.0297","3724814745600.0000"
"242.2377","0.0298","3725814988800.0000"
"242.3399","0.0298","3726814822400.0000"
"242.4434","0.0298","3727814656000.0000"
"242.5478","0.0298","3728814080000.0000"
"242.6529","0.0298","3729813913600.0000"
"242.7585","0.0298","3730814156800.0000"
"242.8648","0.0298","3731814400000.0000"
"242.9721","0.0299","3732814233600.0000"
"243.0805","0.0299","3733813657600.0000"
"243.1891","0.0299","3734813900800.0000"
"243.2972","0.0299","3735813734400.0000"
"243.4039","0.0299","3736813568000.0000"
"243.5088","0.0299","3737812992000.0000"
"243.6117","0.0299","3738812825600.0000"
"243.7127","0.0299","3739813068800.0000"
"243.8124","0.0300","3740812492800.0000"
"243.9118","0.0300","3741812736000.0000"
"244.0116","0.0300","3742812569600.0000"
"244.1124","0.0300","3743812812800.0000"
"244.2143","0.0300","3744812646400.0000"
"244.3175","0.0300","3745812070400.0000"
"244.4218","0.0300","3746811904000.0000"
"244.5268","0.0300","3747811737600.0000"
"244.6316","0.0301","3748811980800.0000"
"244.7354","0.0301","3749811814400.0000"
"244.8375","0.0301","3750811648000.0000"
"244.9382","0.0301","3751811891200.0000"
"245.0378","0.0301","3752811724800.0000"
"245.1365","0.0301","3753811968000.0000"
"245.2344","0.0301","3754811801600.0000"
"245.3318","0.0301","3755811635200.0000"
"245.4289","0.0302","3756811878400.0000"
"245.5263","0.0302","3757811712000.0000"
"245.6241","0.0302","3758811545600.0000"
"245.7224","0.0302","3759812198400.0000"
"245.8210","0.0302","3760812032000.0000"
"245.9199","0.0302","3761811865600.0000"
"246.0190","0.0302","3762811699200.0000"
"246.1182","0.0302","3763811942400.0000"
"246.2175","0.0303","3764812185600.0000"
"246.3165","0.0303","3765812019200.0000"
"246.4152","0.0303","3766811852800.0000"
"246.5134","0.0303","3767812505600.0000"
"246.6115","0.0303","3768812339200.0000"
"246.7095","0.0303","3769812172800.0000"
"246.8066","0.0303","3770812006400.0000"
"246.9014","0.0303","3771812659200.0000"
"246.9940","0.0303","3772812492800.0000"
"247.0859","0.0304","3773812326400.0000"
"247.1786","0.0304","3774812979200.0000"
"247.2726","0.0304","3775812812800.0000"
"247.3683","0.0304","3776812646400.0000"
"247.4663","0.0304","3777813299200.0000"
"247.5667","0.0304","3778813132800.0000"
"247.6688","0.0304","3779813376000.0000"
"247.7722","0.0304","3780813619200.0000"
"247.8759","0.0305","3781813452800.0000"
"247.9790","0.0305","3782813696000.0000"
"248.0812","0.0305","3783813529600.0000"
"248.1819","0.0305","3784813772800.0000"
"248.2812","0.0305","3785813606400.0000"
"248.3792","0.0305","3786813440000.0000"
"248.4765","0.0305","3787813273600.0000"
"248.5737","0.0305","3788813516800.0000"
"248.6716","0.0306","3789814169600.0000"
"248.7707","0.0306","3790814003200.0000"
"248.8713","0.0306","3791813836800.0000"
"248.9731","0.0306","3792814080000.0000"
"249.0757","0.0306","3793813913600.0000"
"249.1783","0.0306","3794813747200.0000"
"249.2800","0.0306","3795813990400.0000"
"249.3805","0.0306","3796813824000.0000"
"249.4800","0.0307","3797813657600.0000"
"249.5789","0.0307","3798813491200.0000"
"249.6772","0.0307","3799813324800.0000"
"249.7750","0.0307","3800813977600.0000"
"249.8724","0.0307","3801813811200.0000"
"249.9694","0.0307","3802813644800.0000"
"250.0658","0.0307","3803813888000.0000"
"250.1617","0.0307","3804813721600.0000"
"250.2576","0.0307","3805813555200.0000"
"250.3542","0.0308","3806813388800.0000"
"250.4518","0.0308","3807813632000.0000"
"250.5498","0.0308","3808813465600.0000"
"250.6477","0.0308","3809813299200.0000"
"250.7449","0.0308","3810812723200.0000"
"250.8417","0.0308","3811812966400.0000"
"250.9385","0.0308","3812813209600.0000"
"251.0358","0.0308","3813813043200.0000"
"251.1338","0.0309","3814812876800.0000"
"251.2323","0.0309","3815812710400.0000"
"251.3303","0.0309","3816812953600.0000"
"251.4272","0.0309","3817812787200.0000"
"251.5230","0.0309","3818812620800.0000"
"251.6176","0.0309","3819812864000.0000"
"251.7108","0.0309","3820812697600.0000"
"251.8028","0.0309","3821812940800.0000"
"251.8941","0.0309","3822812774400.0000"
"251.9856","0.0310","3823813017600.0000"
"252.0782","0.0310","3824813260800.0000"
"252.1724","0.0310","3825813504000.0000"
"252.2687","0.0310","3826813747200.0000"
"252.3669","0.0310","3827813580800.0000"
"252.4668","0.0310","3828813824000.0000"
"252.5676","0.0310","3829813657600.0000"
"252.6684","0.0310","3830813900800.0000"
"252.7685","0.0311","3831813734400.0000"
"252.8679","0.0311","3832813568000.0000"
"252.9670","0.0311","3833813811200.0000"
"253.0658","0.0311","3834814054400.0000"
"253.1644","0.0311","3835813888000.0000"
"253.2622","0.0311","3836814131200.0000"
"253.3587","0.0311","3837814374400.0000"
"253.4544","0.0311","3838814617600.0000"
"253.5495","0.0312","3839814451200.0000"
"253.6444","0.0312","3840815104000.0000"
"253.7391","0.0312","3841814937600.0000"
"253.8336","0.0312","3842814771200.0000"
"253.9280","0.0312","3843815014400.0000"
"254.0226","0.0312","3844815257600.0000"
"254.1173","0.0312","3845815500800.0000"
"254.2123","0.0312","3846816153600.0000"
"254.3073","0.0312","3847815987200.0000"
"254.4021","0.0313","3848816230400.0000"
"254.4965","0.0313","3849816064000.0000"
"254.5909","0.0313","3850816716800.0000"
"254.6851","0.0313","3851816960000.0000"
"254.7794","0.0313","3852816793600.0000"
"254.8739","0.0313","3853817446400.0000"
"254.9690","0.0313","3854817280000.0000"
"255.0650","0.0313","3855817523200.0000"
"255.1618","0.0313","3856817766400.0000"
"255.2591","0.0314","3857818009600.0000"
"255.3565","0.0314","3858817843200.0000"
"255.4541","0.0314","3859818086400.0000"
"255.5520","0.0314","3860818329600.0000"
"255.6506","0.0314","3861818163200.0000"
"255.7497","0.0314","3862818406400.0000"
"255.8490","0.0314","3863818649600.0000"
"255.9486","0.0314","3864818483200.0000"
"256.0485","0.0315","3865818726400.0000"
"256.1484","0.0315","3866818969600.0000"
"256.2486","0.0315","3867818803200.0000"
"256.3492","0.0315","3868819046400.0000"
"256.4504","0.0315","3869818880000.0000"
"256.5518","0.0315","3870819532800.0000"
"256.6533","0.0315","3871819366400.0000"
"256.7554","0.0315","3872819200000.0000"
"256.8579","0.0316","3873819852800.0000"
"256.9609","0.0316","3874819686400.0000"
"257.0642","0.0316","3875819929600.0000"
"257.1676","0.0316","3876820582400.0000"
"257.2709","0.0316","3877820416000.0000"
"257.3735","0.0316","3878820249600.0000"
"257.4749","0.0316","3879820083200.0000"
"257.5750","0.0316","3880820326400.0000"
"257.6738","0.0317","3881820160000.0000"
"257.7712","0.0317","3882819993600.0000"
"257.8673","0.0317","3883819827200.0000"
"257.9619","0.0317","3884820070400.0000"
"258.0553","0.0317","3885819904000.0000"
"258.1481","0.0317","3886819328000.0000"
"258.2405","0.0317","3887819571200.0000"
"258.3322","0.0317","3888819814400.0000"
"258.4231","0.0318","3889819648000.0000"
"258.5143","0.0318","3890819481600.0000"
"258.6066","0.0318","3891818905600.0000"
"258.6997","0.0318","3892818739200.0000"
"258.7931","0.0318","3893818982400.0000"
"258.8861","0.0318","3894818406400.0000"
"258.9781","0.0318","3895818240000.0000"
"259.0690","0.0318","3896818073600.0000"
"259.1582","0.0318","3897818316800.0000"
"259.2459","0.0319","3898818560000.0000"
"259.3324","0.0319","3899818393600.0000"
"259.4182","0.0319","3900818227200.0000"
"259.5037","0.0319","3901818470400.0000"
"259.5899","0.0319","3902817894400.0000"
"259.6779","0.0319","3903817728000.0000"
"259.7682","0.0319","3904817561600.0000"
"259.8600","0.0319","3905817804800.0000"
"259.9528","0.0319","3906817228800.0000"
"260.0460","0.0319","3907817062400.0000"
"260.1393","0.0320","3908816896000.0000"
"260.2327","0.0320","3909816729600.0000"
"260.3270","0.0320","3910816563200.0000"
"260.4225","0.0320","3911816806400.0000"
"260.5190","0.0320","3912816230400.0000"
"260.6158","0.0320","3913816064000.0000"
"260.7120","0.0320","3914815897600.0000"
"260.8072","0.0320","3915815731200.0000"
"260.9014","0.0321","3916815564800.0000"
"260.9949","0.0321","3917815398400.0000"
"261.0883","0.0321","3918815232000.0000"
"261.1824","0.0321","3919815475200.0000"
"261.2772","0.0321","3920815308800.0000"
"261.3726","0.0321","3921815142400.0000"
"261.4689","0.0321","3922814976000.0000"
"261.5660","0.0321","3923814809600.0000"
"261.6640","0.0321","3924815052800.0000"
"261.7632","0.0322","3925814476800.0000"
"261.8637","0.0322","3926814310400.0000"
"261.9655","0.0322","3927814144000.0000"
"262.0679","0.0322","3928813977600.0000"
"262.1701","0.0322","3929813811200.0000"
"262.2719","0.0322","3930814054400.0000"
"262.3725","0.0322","3931813888000.0000"
"262.4712","0.0322","3932813312000.0000"
"262.5675","0.0323","3933813555200.0000"
"262.6619","0.0323","3934813388800.0000"
"262.7552","0.0323","3935813222400.0000"
"262.8483","0.0323","3936812646400.0000"
"262.9421","0.0323","3937812480000.0000"
"263.0368","0.0323","3938812723200.0000"
"263.1325","0.0323","3939812556800.0000"
"263.2290","0.0323","3940812800000.0000"
"263.3259","0.0324","3941812633600.0000"
"263.4224","0.0324","3942812876800.0000"
"263.5182","0.0324","3943812710400.0000"
"263.6136","0.0324","3944812544000.0000"
"263.7087","0.0324","3945812377600.0000"
"263.8038","0.0324","3946812620800.0000"
"263.8991","0.0324","3947812454400.0000"
"263.9945","0.0324","3948812288000.0000"
"264.0899","0.0324","3949812121600.0000"
"264.1854","0.0325","3950812364800.0000"
"264.2815","0.0325","3951812198400.0000"
"264.3787","0.0325","3952812032000.0000"
"264.4773","0.0325","3953811865600.0000"
"264.5775","0.0325","3954811699200.0000"
"264.6791","0.0325","3955811942400.0000"
"264.7818","0.0325","3956811776000.0000"
"264.8852","0.0325","3957811609600.0000"
"264.9890","0.0326","3958811852800.0000"
"265.0928","0.0326","3959811276800.0000"
"265.1962","0.0326","3960811110400.0000"
"265.2991","0.0326","3961810944000.0000"
"265.4009","0.0326","3962811187200.0000"
"265.5013","0.0326","3963811020800.0000"
"265.6001","0.0326","3964810854400.0000"
"265.6972","0.0326","3965810688000.0000"
"265.7934","0.0327","3966810521600.0000"
"265.8892","0.0327","3967810764800.0000"
"265.9850","0.0327","3968810598400.0000"
"266.0812","0.0327","3969810432000.0000"
"266.1779","0.0327","3970810265600.0000"
"266.2755","0.0327","3971810508800.0000"
"266.3739","0.0327","3972810342400.0000"
"266.4724","0.0327","3973810176000.0000"
"266.5703","0.0328","3974810419200.0000"
"266.6673","0.0328","3975810662400.0000"
"266.7627","0.0328","3976810496000.0000"
"266.8559","0.0328","3977809920000.0000"
"266.9464","0.0328","3978809753600.0000"
"267.0344","0.0328","3979809587200.0000"
"267.1207","0.0328","3980809830400.0000"
"267.2064","0.0328","3981809664000.0000"
"267.2924","0.0328","3982809497600.0000"
"267.3798","0.0329","3983809740800.0000"
"267.4692","0.0329","3984809574400.0000"
"267.5613","0.0329","3985809817600.0000"
"267.6565","0.0329","3986809651200.0000"
"267.7547","0.0329","3987809484800.0000"
"267.8556","0.0329","3988809728000.0000"
"267.9580","0.0329","3989809561600.0000"
"268.0605","0.0329","3990809395200.0000"
"268.1623","0.0329","3991809638400.0000"
"268.2634","0.0330","3992809881600.0000"
"268.3645","0.0330","3993809715200.0000"
"268.4651","0.0330","3994809548800.0000"
"268.5652","0.0330","3995810201600.0000"
"268.6647","0.0330","3996810035200.0000"
"268.7637","0.0330","3997810278400.0000"
"268.8618","0.0330","3998810112000.0000"
"268.9592","0.0330","3999810355200.0000"
"269.0564","0.0331","4000810188800.0000"
"269.1537","0.0331","4001810022400.0000"
"269.2510","0.0331","4002810265600.0000"
"269.3481","0.0331","4003810508800.0000"
"269.4447","0.0331","4004810342400.0000"
"269.5410","0.0331","4005810585600.0000"
"269.6369","0.0331","4006810828800.0000"
"269.7321","0.0331","4007810662400.0000"
"269.8264","0.0332","4008810496000.0000"
"269.9197","0.0332","4009811148800.0000"
"270.0128","0.0332","4010811392000.0000"
"270.1058","0.0332","4011811635200.0000"
"270.1985","0.0332","4012811878400.0000"
"270.2902","0.0332","4013812121600.0000"
"270.3808","0.0332","4014811955200.0000"
"270.4708","0.0332","4015812608000.0000"
"270.5606","0.0332","4016812441600.0000"
"270.6507","0.0333","4017812275200.0000"
"270.7414","0.0333","4018812928000.0000"
"270.8329","0.0333","4019812761600.0000"
"270.9249","0.0333","4020813004800.0000"
"271.0170","0.0333","4021812838400.0000"
"271.1090","0.0333","4022813491200.0000"
"271.2008","0.0333","4023813734400.0000"
"271.2925","0.0333","4024814387200.0000"
"271.3842","0.0333","4025814220800.0000"
"271.4750","0.0334","4026814464000.0000"
"271.5645","0.0334","4027814297600.0000"
"271.6525","0.0334","4028814540800.0000"
"271.7395","0.0334","4029814784000.0000"
"271.8263","0.0334","4030814617600.0000"
"271.9139","0.0334","4031814860800.0000"
"272.0035","0.0334","4032815104000.0000"
"272.0956","0.0334","4033814937600.0000"
"272.1900","0.0334","4034814771200.0000"
"272.2865","0.0335","4035814604800.0000"
"272.3853","0.0335","4036815257600.0000"
"272.4865","0.0335","4037815091200.0000"
"272.5898","0.0335","4038815334400.0000"
"272.6948","0.0335","4039815577600.0000"
"272.8007","0.0335","4040815411200.0000"
"272.9064","0.0335","4041815244800.0000"
"273.0110","0.0335","4042815897600.0000"
"273.1140","0.0336","4043815731200.0000"
"273.2159","0.0336","4044815564800.0000"
"273.3167","0.0336","4045815808000.0000"
"273.4164","0.0336","4046816051200.0000"
"273.5152","0.0336","4047815884800.0000"
"273.6128","0.0336","4048816128000.0000"
"273.7091","0.0336","4049816371200.0000"
"273.8047","0.0336","4050816204800.0000"
"273.9002","0.0337","4051816038400.0000"
"273.9958","0.0337","4052815872000.0000"
"274.0916","0.0337","4053816115200.0000"
"274.1878","0.0337","4054815948800.0000"
"274.2844","0.0337","4055815372800.0000"
"274.3811","0.0337","4056815206400.0000"
"274.4772","0.0337","4057815040000.0000"
"274.5722","0.0337","4058815283200.0000"
"274.6656","0.0337","4059815526400.0000"
"274.7572","0.0338","4060815360000.0000"
"274.8472","0.0338","4061815193600.0000"
"274.9362","0.0338","4062815027200.0000"
"275.0247","0.0338","4063814860800.0000"
"275.1138","0.0338","4064814694400.0000"
"275.2039","0.0338","4065814528000.0000"
"275.2956","0.0338","4066814771200.0000"
"275.3889","0.0338","4067814604800.0000"
"275.4838","0.0338","4068814438400.0000"
"275.5794","0.0339","4069814681600.0000"
"275.6750","0.0339","4070814515200.0000"
"275.7703","0.0339","4071814758400.0000"
"275.8651","0.0339","4072814592000.0000"
"275.9594","0.0339","4073814425600.0000"
"276.0531","0.0339","4074814668800.0000"
"276.1462","0.0339","4075814092800.0000"
"276.2391","0.0339","4076813926400.0000"
"276.3315","0.0340","4077813760000.0000"
"276.4229","0.0340","4078814003200.0000"
"276.5139","0.0340","4079813427200.0000"
"276.6052","0.0340","4080813260800.0000"
"276.6976","0.0340","4081813504000.0000"
"276.7920","0.0340","4082813337600.0000"
"276.8887","0.0340","4083813580800.0000"
"276.9874","0.0340","4084813414400.0000"
"277.0873","0.0340","4085813248000.0000"
"277.1879","0.0341","4086812672000.0000"
"277.2887","0.0341","4087812915200.0000"
"277.3889","0.0341","4088812748800.0000"
"277.4878","0.0341","4089812582400.0000"
"277.5857","0.0341","4090812825600.0000"
"277.6829","0.0341","4091813068800.0000"
"277.7798","0.0341","4092812902400.0000"
"277.8764","0.0341","4093813145600.0000"
"277.9727","0.0342","4094813388800.0000"
"278.0689","0.0342","4095813222400.0000"
"278.1656","0.0342","4096813056000.0000"
"278.2628","0.0342","4097812889600.0000"
"278.3605","0.0342","4098812723200.0000"
"278.4587","0.0342","4099812966400.0000"
"278.5577","0.0342","4100812800000.0000"
"278.6572","0.0342","4101812633600.0000"
"278.7567","0.0342","4102812876800.0000"
"278.8564","0.0343","4103812710400.0000"
"278.9563","0.0343","4104812544000.0000"
"279.0565","0.0343","4105812787200.0000"
"279.1573","0.0343","4106813030400.0000"
"279.2580","0.0343","4107812864000.0000"
"279.3586","0.0343","4108813107200.0000"
"279.4589","0.0343","4109813350400.0000"
"279.5585","0.0343","4110813184000.0000"
"279.6573","0.0344","4111813427200.0000"
"279.7561","0.0344","4112813260800.0000"
"279.8561","0.0344","4113813913600.0000"
"279.9576","0.0344","4114813747200.0000"
"280.0598","0.0344","4115813990400.0000"
"280.1624","0.0344","4116814233600.0000"
"280.2648","0.0344","4117814886400.0000"
"280.3669","0.0344","4118814720000.0000"
"280.4681","0.0345","4119815372800.0000"
"280.5680","0.0345","4120815206400.0000"
"280.6667","0.0345","4121815040000.0000"
"280.7649","0.0345","4122815283200.0000"
"280.8625","0.0345","4123815116800.0000"
"280.9594","0.0345","4124815360000.0000"
"281.0553","0.0345","4125815193600.0000"
"281.1499","0.0345","4126815436800.0000"
"281.2431","0.0346","4127815680000.0000"
"281.3348","0.0346","4128815513600.0000"
"281.4252","0.0346","4129815756800.0000"
"281.5144","0.0346","4130816409600.0000"
"281.6030","0.0346","4131816243200.0000"
"281.6914","0.0346","4132816486400.0000"
"281.7796","0.0346","4133816729600.0000"
"281.8675","0.0346","4134816972800.0000"
"281.9553","0.0346","4135816806400.0000"
"282.0431","0.0347","4136817459200.0000"
"282.1317","0.0347","4137817702400.0000"
"282.2213","0.0347","4138817536000.0000"
"282.3116","0.0347","4139817779200.0000"
"282.4025","0.0347","4140817612800.0000"
"282.4935","0.0347","4141817856000.0000"
"282.5840","0.0347","4142818099200.0000"
"282.6736","0.0347","4143818342400.0000"
"282.7627","0.0347","4144818585600.0000"
"282.8519","0.0348","4145818419200.0000"
"282.9413","0.0348","4146819072000.0000"
"283.0318","0.0348","4147818905600.0000"
"283.1238","0.0348","4148818739200.0000"
"283.2173","0.0348","4149819392000.0000"
"283.3117","0.0348","4150819225600.0000"
"283.4062","0.0348","4151819059200.0000"
"283.5000","0.0348","4152818892800.0000"
"283.5931","0.0348","4153819545600.0000"
"283.6858","0.0349","4154819379200.0000"
"283.7780","0.0349","4155819212800.0000"
"283.8701","0.0349","4156819456000.0000"
"283.9628","0.0349","4157819699200.0000"
"284.0561","0.0349","4158819532800.0000"
"284.1499","0.0349","4159819366400.0000"
"284.2440","0.0349","4160819609600.0000"
"284.3386","0.0349","4161819852800.0000"
"284.4343","0.0349","4162819686400.0000"
"284.5310","0.0350","4163819929600.0000"
"284.6283","0.0350","4164820172800.0000"
"284.7257","0.0350","4165820006400.0000"
"284.8227","0.0350","4166819840000.0000"
"284.9186","0.0350","4167820083200.0000"
"285.0134","0.0350","4168820326400.0000"
"285.1073","0.0350","4169820160000.0000"
"285.2008","0.0350","4170820812800.0000"
"285.2943","0.0351","4171820646400.0000"
"285.3874","0.0351","4172820480000.0000"
"285.4800","0.0351","4173820313600.0000"
"285.5724","0.0351","4174820556800.0000"
"285.6647","0.0351","4175820390400.0000"
"285.7571","0.0351","4176820224000.0000"
"285.8501","0.0351","4177820057600.0000"
"285.9437","0.0351","4178820300800.0000"
"286.0377","0.0351","4179820134400.0000"
"286.1320","0.0352","4180820377600.0000"
"286.2261","0.0352","4181820211200.0000"
"286.3200","0.0352","4182820454400.0000"
"286.4142","0.0352","4183820288000.0000"
"286.5089","0.0352","4184820121600.0000"
"286.6040","0.0352","4185820364800.0000"
"286.6992","0.0352","4186820198400.0000"
"286.7939","0.0352","4187820032000.0000"
"286.8880","0.0352","4188820275200.0000"
"286.9816","0.0353","4189820518400.0000"
"287.0744","0.0353","4190820352000.0000"
"287.1667","0.0353","4191820185600.0000"
"287.2589","0.0353","4192820428800.0000"
"287.3516","0.0353","4193820672000.0000"
"287.4450","0.0353","4194820505600.0000"
"287.5392","0.0353","4195820339200.0000"
"287.6341","0.0353","4196820172800.0000"
"287.7295","0.0354","4197819596800.0000"
"287.8253","0.0354","4198819840000.0000"
"287.9215","0.0354","4199819673600.0000"
"288.0172","0.0354","4200819507200.0000"
"288.1116","0.0354","4201819750400.0000"
"288.2043","0.0354","4202819584000.0000"
"288.2954","0.0354","4203819827200.0000"
"288.3859","0.0354","4204819251200.0000"
"288.4764","0.0354","4205819084800.0000"
"288.5669","0.0355","4206819328000.0000"
"288.6568","0.0355","4207819161600.0000"
"288.7466","0.0355","4208818995200.0000"
"288.8368","0.0355","4209818828800.0000"
"288.9285","0.0355","4210819072000.0000"
"289.0228","0.0355","4211818905600.0000"
"289.1202","0.0355","4212818739200.0000"
"289.2202","0.0355","4213818572800.0000"
"289.3218","0.0355","4214819225600.0000"
"289.4238","0.0356","4215818649600.0000"
"289.5256","0.0356","4216818483200.0000"
"289.6268","0.0356","4217818316800.0000"
"289.7274","0.0356","4218818560000.0000"
"289.8274","0.0356","4219817984000.0000"
"289.9267","0.0356","4220817817600.0000"
"290.0251","0.0356","4221817651200.0000"
"290.1221","0.0356","4222817484800.0000"
"290.2177","0.0357","4223816908800.0000"
"290.3120","0.0357","4224817152000.0000"
"290.4052","0.0357","4225817395200.0000"
"290.4979","0.0357","4226817228800.0000"
"290.5903","0.0357","4227816652800.0000"
"290.6832","0.0357","4228816896000.0000"
"290.7766","0.0357","4229816729600.0000"
"290.8705","0.0357","4230816563200.0000"
"290.9644","0.0357","4231816396800.0000"
"291.0581","0.0358","4232815820800.0000"
"291.1515","0.0358","4233816064000.0000"
"291.2444","0.0358","4234815897600.0000"
"291.3370","0.0358","4235815731200.0000"
"291.4294","0.0358","4236815974400.0000"
"291.5216","0.0358","4237815808000.0000"
"291.6134","0.0358","4238815641600.0000"
"291.7048","0.0358","4239815065600.0000"
"291.7961","0.0359","4240814899200.0000"
"291.8877","0.0359","4241815142400.0000"
"291.9799","0.0359","4242814566400.0000"
"292.0721","0.0359","4243814400000.0000"
"292.1639","0.0359","4244814233600.0000"
"292.2551","0.0359","4245814067200.0000"
"292.3459","0.0359","4246814310400.0000"
"292.4370","0.0359","4247813734400.0000"
"292.5288","0.0359","4248813568000.0000"
"292.6213","0.0360","4249813401600.0000"
"292.7139","0.0360","4250813235200.0000"
"292.8060","0.0360","4251813068800.0000"
"292.8975","0.0360","4252812902400.0000"
"292.9881","0.0360","4253812326400.0000"
"293.0773","0.0360","4254812160000.0000"
"293.1650","0.0360","4255812403200.0000"
"293.2514","0.0360","4256812646400.0000"
"293.3380","0.0360","4257812070400.0000"
"293.4260","0.0361","4258811904000.0000"
"293.5161","0.0361","4259811737600.0000"
"293.6078","0.0361","4260811980800.0000"
"293.7003","0.0361","4261811814400.0000"
"293.7925","0.0361","4262811238400.0000"
"293.8841","0.0361","4263811072000.0000"
"293.9751","0.0361","4264811315200.0000"
"294.0661","0.0361","4265811148800.0000"
"294.1574","0.0361","4266810982400.0000"
"294.2491","0.0362","4267810816000.0000"
"294.3409","0.0362","4268810649600.0000"
"294.4327","0.0362","4269810892800.0000"
"294.5245","0.0362","4270810726400.0000"
"294.6163","0.0362","4271810560000.0000"
"294.7087","0.0362","4272810393600.0000"
"294.8025","0.0362","4273810227200.0000"
"294.8980","0.0362","4274810060800.0000"
"294.9955","0.0362","4275809894400.0000"
"295.0945","0.0363","4276809728000.0000"
"295.1951","0.0363","4277810380800.0000"
"295.2974","0.0363","4278810624000.0000"
"295.4007","0.0363","4279810457600.0000"
"295.5039","0.0363","4280810291200.0000"
"295.6060","0.0363","4281810534400.0000"
"295.7069","0.0363","4282810777600.0000"
"295.8067","0.0363","4283810611200.0000"
"295.9057","0.0364","4284810444800.0000"
"296.0042","0.0364","4285810688000.0000"
"296.1021","0.0364","4286810931200.0000"
"296.1991","0.0364","4287810764800.0000"
"296.2948","0.0364","4288811008000.0000"
"296.3893","0.0364","4289811251200.0000"
"296.4836","0.0364","4290811084800.0000"
"296.5779","0.0364","4291810918400.0000"
"296.6725","0.0364","4292811571200.0000"
"296.7670","0.0365","4293811404800.0000"
"296.8613","0.0365","4294811238400.0000"
"296.9549","0.0365","4295811891200.0000"
"297.0475","0.0365","4296811724800.0000"
"297.1390","0.0365","4297811968000.0000"
"297.2294","0.0365","4298812211200.0000"
"297.3188","0.0365","4299812044800.0000"
"297.4072","0.0365","4300812288000.0000"
"297.4946","0.0366","4301812940800.0000"
"297.5813","0.0366","4302812774400.0000"
"297.6673","0.0366","4303813427200.0000"
"297.7527","0.0366","4304814080000.0000"
"297.8380","0.0366","4305813913600.0000"
"297.9240","0.0366","4306813747200.0000"
"298.0118","0.0366","4307814400000.0000"
"298.1019","0.0366","4308814233600.0000"
"298.1935","0.0366","4309814476800.0000"
"298.2864","0.0366","4310815129600.0000"
"298.3798","0.0367","4311814963200.0000"
"298.4731","0.0367","4312815206400.0000"
"298.5656","0.0367","4313815859200.0000"
"298.6569","0.0367","4314815692800.0000"
"298.7461","0.0367","4315815936000.0000"
"298.8329","0.0367","4316815769600.0000"
"298.9177","0.0367","4317816422400.0000"
"299.0015","0.0367","4318816665600.0000"
"299.0849","0.0367","4319816908800.0000"
"299.1682","0.0368","4320816742400.0000"
"299.2523","0.0368","4321816985600.0000"
"299.3374","0.0368","4322816819200.0000"
"299.4232","0.0368","4323817472000.0000"
"299.5091","0.0368","4324817305600.0000"
"299.5948","0.0368","4325817548800.0000"
"299.6799","0.0368","4326818201600.0000"
"299.7649","0.0368","4327818035200.0000"
"299.8501","0.0368","4328818278400.0000"
"299.9357","0.0369","4329818521600.0000"
"300.0220","0.0369","4330818764800.0000"
"300.1090","0.0369","4331819008000.0000"
"300.1963","0.0369","4332819660800.0000"
"300.2835","0.0369","4333819494400.0000"
"300.3703","0.0369","4334819737600.0000"
"300.4567","0.0369","4335819571200.0000"
"300.5434","0.0369","4336819404800.0000"
"300.6312","0.0369","4337819648000.0000"
"300.7206","0.0369","4338819481600.0000"
"300.8115","0.0370","4339819724800.0000"
"300.9036","0.0370","4340819558400.0000"
"300.9960","0.0370","4341819392000.0000"
"301.0880","0.0370","4342819225600.0000"
"301.1789","0.0370","4343819468800.0000"
"301.2685","0.0370","4344819712000.0000"
"301.3570","0.0370","4345819545600.0000"
"301.4444","0.0370","4346819379200.0000"
"301.5309","0.0370","4347820032000.0000"
"301.6168","0.0371","4348819865600.0000"
"301.7024","0.0371","4349819699200.0000"
"301.7877","0.0371","4350819532800.0000"
"301.8727","0.0371","4351819776000.0000"
"301.9571","0.0371","4352819609600.0000"
"302.0417","0.0371","4353819443200.0000"
"302.1275","0.0371","4354819686400.0000"
"302.2150","0.0371","4355819929600.0000"
"302.3044","0.0371","4356819763200.0000"
"302.3957","0.0372","4357819596800.0000"
"302.4887","0.0372","4358819430400.0000"
"302.5834","0.0372","4359819264000.0000"
"302.6795","0.0372","4360819097600.0000"
"302.7765","0.0372","4361818931200.0000"
"302.8738","0.0372","4362818764800.0000"
"302.9710","0.0372","4363818598400.0000"
"303.0677","0.0372","4364818432000.0000"
"303.1641","0.0372","4365818265600.0000"
"303.2600","0.0373","4366818099200.0000"
"303.3551","0.0373","4367817932800.0000"
"303.4493","0.0373","4368818176000.0000"
"303.5429","0.0373","4369817600000.0000"
"303.6364","0.0373","4370817433600.0000"
"303.7304","0.0373","4371817267200.0000"
"303.8253","0.0373","4372816691200.0000"
"303.9214","0.0373","4373816934400.0000"
"304.0184","0.0374","4374816768000.0000"
"304.1155","0.0374","4375816601600.0000"
"304.2119","0.0374","4376816435200.0000"
"304.3070","0.0374","4377816268800.0000"
"304.4013","0.0374","4378816512000.0000"
"304.4952","0.0374","4379816345600.0000"
"304.5890","0.0374","4380816179200.0000"
"304.6824","0.0374","4381816422400.0000"
"304.7751","0.0374","4382815846400.0000"
"304.8670","0.0375","4383815680000.0000"
"304.9585","0.0375","4384815513600.0000"
"305.0501","0.0375","4385815347200.0000"
"305.1423","0.0375","4386815590400.0000"
"305.2350","0.0375","4387815014400.0000"
"305.3279","0.0375","4388814848000.0000"
"305.4206","0.0375","4389814681600.0000"
"305.5128","0.0375","4390814924800.0000"
"305.6048","0.0375","4391814348800.0000"
"305.6970","0.0376","4392814182400.0000"
"305.7895","0.0376","4393814016000.0000"
"305.8822","0.0376","4394813849600.0000"
"305.9749","0.0376","4395814092800.0000"
"306.0674","0.0376","4396813516800.0000"
"306.1595","0.0376","4397813350400.0000"
"306.2511","0.0376","4398813593600.0000"
"306.3422","0.0376","4399813836800.0000"
"306.4329","0.0376","4400813670400.0000"
"306.5237","0.0377","4401813504000.0000"
"306.6151","0.0377","4402813337600.0000"
"306.7076","0.0377","4403813171200.0000"
"306.8007","0.0377","4404813414400.0000"
"306.8941","0.0377","4405813248000.0000"
"306.9873","0.0377","4406813081600.0000"
"307.0803","0.0377","4407813324800.0000"
"307.1731","0.0377","4408812748800.0000"
"307.2657","0.0378","4409812992000.0000"
"307.3582","0.0378","4410812825600.0000"
"307.4504","0.0378","4411812659200.0000"
"307.5421","0.0378","4412812902400.0000"
"307.6331","0.0378","4413812326400.0000"
"307.7234","0.0378","4414812160000.0000"
"307.8124","0.0378","4415811993600.0000"
"307.8998","0.0378","4416812236800.0000"
"307.9856","0.0378","4417811660800.0000"
"308.0705","0.0378","4418811494400.0000"
"308.1555","0.0379","4419811737600.0000"
"308.2410","0.0379","4420811571200.0000"
"308.3269","0.0379","4421810995200.0000"
"308.4127","0.0379","4422811238400.0000"
"308.4983","0.0379","4423811072000.0000"
"308.5837","0.0379","4424810905600.0000"
"308.6691","0.0379","4425811148800.0000"
"308.7546","0.0379","4426810982400.0000"
"308.8405","0.0379","4427810816000.0000"
"308.9266","0.0380","4428810649600.0000"
"309.0127","0.0380","4429810073600.0000"
"309.0983","0.0380","4430810726400.0000"
"309.1835","0.0380","4431810560000.0000"
"309.2684","0.0380","4432810393600.0000"
"309.3531","0.0380","4433810227200.0000"
"309.4384","0.0380","4434810060800.0000"
"309.5248","0.0380","4435809894400.0000"
"309.6126","0.0380","4436809728000.0000"
"309.7019","0.0381","4437809561600.0000"
"309.7922","0.0381","4438808985600.0000"
"309.8830","0.0381","4439809228800.0000"
"309.9738","0.0381","4440809062400.0000"
"310.0642","0.0381","4441809305600.0000"
"310.1545","0.0381","4442808729600.0000"
"310.2444","0.0381","4443808972800.0000"
"310.3338","0.0381","4444808806400.0000"
"310.4225","0.0381","4445808640000.0000"
"310.5103","0.0381","4446808473600.0000"
"310.5970","0.0382","4447808307200.0000"
"310.6828","0.0382","4448808550400.0000"
"310.7679","0.0382","4449808384000.0000"
"310.8526","0.0382","4450808217600.0000"
"310.9377","0.0382","4451808460800.0000"
"311.0236","0.0382","4452808704000.0000"
"311.1103","0.0382","4453808537600.0000"
"311.1981","0.0382","4454808371200.0000"
"311.2867","0.0382","4455808614400.0000"
"311.3763","0.0383","4456808448000.0000"
"311.4663","0.0383","4457808281600.0000"
"311.5564","0.0383","4458808934400.0000"
"311.6462","0.0383","4459808768000.0000"
"311.7357","0.0383","4460808601600.0000"
"311.8249","0.0383","4461808435200.0000"
"311.9137","0.0383","4462808268800.0000"
"312.0016","0.0383","4463808921600.0000"
"312.0883","0.0383","4464809164800.0000"
"312.1737","0.0384","4465808998400.0000"
"312.2585","0.0384","4466809241600.0000"
"312.3435","0.0384","4467809484800.0000"
"312.4285","0.0384","4468809318400.0000"
"312.5132","0.0384","4469809971200.0000"
"312.5984","0.0384","4470809804800.0000"
"312.6845","0.0384","4471810048000.0000"
"312.7712","0.0384","4472810291200.0000"
"312.8579","0.0384","4473810124800.0000"
"312.9441","0.0384","4474809958400.0000"
"313.0303","0.0385","4475810201600.0000"
"313.1171","0.0385","4476810854400.0000"
"313.2042","0.0385","4477810688000.0000"
"313.2911","0.0385","4478811750400.0000"
"313.3772","0.0385","4479811993600.0000"
"313.4624","0.0385","4480811827200.0000"
"313.5464","0.0385","4481812070400.0000"
"313.6301","0.0385","4482812723200.0000"
"313.7143","0.0385","4483812556800.0000"
"313.7997","0.0386","4484813209600.0000"
"313.8863","0.0386","4485813043200.0000"
"313.9735","0.0386","4486813286400.0000"
"314.0603","0.0386","4487813120000.0000"
"314.1465","0.0386","4488813363200.0000"
"314.2320","0.0386","4489813196800.0000"
"314.3170","0.0386","4490813030400.0000"
"314.4020","0.0386","4491814092800.0000"
"314.4870","0.0386","4492813926400.0000"
"314.5717","0.0386","4493814169600.0000"
"314.6557","0.0387","4494814003200.0000"
"314.7385","0.0387","4495814656000.0000"
"314.8196","0.0387","4496814489600.0000"
"314.8994","0.0387","4497815142400.0000"
"314.9789","0.0387","4498814976000.0000"
"315.0590","0.0387","4499815219200.0000"
"315.1408","0.0387","4500815052800.0000"
"315.2245","0.0387","4501815705600.0000"
"315.3101","0.0387","4502815539200.0000"
"315.3972","0.0388","4503815782400.0000"
"315.4859","0.0388","4504815616000.0000"
"315.5760","0.0388","4505815859200.0000"
"315.6672","0.0388","4506815692800.0000"
"315.7583","0.0388","4507815526400.0000"
"315.8482","0.0388","4508815769600.0000"
"315.9363","0.0388","4509816012800.0000"
"316.0228","0.0388","4510815846400.0000"
"316.1078","0.0388","4511816089600.0000"
"316.1915","0.0388","4512815513600.0000"
"316.2743","0.0389","4513815347200.0000"
"316.3567","0.0389","4514815180800.0000"
"316.4391","0.0389","4515815014400.0000"
"316.5222","0.0389","4516815667200.0000"
"316.6061","0.0389","4517815500800.0000"
"316.6906","0.0389","4518815334400.0000"
"316.7755","0.0389","4519815168000.0000"
"316.8607","0.0389","4520815411200.0000"
"316.9460","0.0389","4521815244800.0000"
"317.0309","0.0390","4522815078400.0000"
"317.1155","0.0390","4523814912000.0000"
"317.1997","0.0390","4524815155200.0000"
"317.2834","0.0390","4525814988800.0000"
"317.3669","0.0390","4526814822400.0000"
"317.4505","0.0390","4527815065600.0000"
"317.5346","0.0390","4528814899200.0000"
"317.6186","0.0390","4529814732800.0000"
"317.7025","0.0390","4530814566400.0000"
"317.7870","0.0390","4531814400000.0000"
"317.8727","0.0391","4532814233600.0000"
"317.9604","0.0391","4533814067200.0000"
"318.0500","0.0391","4534813900800.0000"
"318.1403","0.0391","4535813734400.0000"
"318.2304","0.0391","4536813568000.0000"
"318.3196","0.0391","4537813401600.0000"
"318.4077","0.0391","4538813644800.0000"
"318.4945","0.0391","4539813478400.0000"
"318.5808","0.0391","4540813312000.0000"
"318.6669","0.0392","4541813145600.0000"
"318.7530","0.0392","4542812979200.0000"
"318.8389","0.0392","4543812812800.0000"
"318.9245","0.0392","4544812646400.0000"
"319.0104","0.0392","4545812480000.0000"
"319.0972","0.0392","4546812723200.0000"
"319.1855","0.0392","4547812556800.0000"
"319.2750","0.0392","4548812800000.0000"
"319.3654","0.0392","4549812633600.0000"
"319.4560","0.0392","4550812876800.0000"
"319.5470","0.0393","4551812710400.0000"
"319.6385","0.0393","4552812544000.0000"
"319.7308","0.0393","4553812787200.0000"
"319.8238","0.0393","4554812620800.0000"
"319.9170","0.0393","4555812454400.0000"
"320.0100","0.0393","4556812288000.0000"
"320.1024","0.0393","4557812121600.0000"
"320.1937","0.0393","4558812364800.0000"
"320.2841","0.0394","4559812198400.0000"
"320.3738","0.0394","4560812441600.0000"
"320.4633","0.0394","4561813094400.0000"
"320.5530","0.0394","4562812928000.0000"
"320.6434","0.0394","4563812761600.0000"
"320.7346","0.0394","4564812595200.0000"
"320.8262","0.0394","4565812838400.0000"
"320.9179","0.0394","4566813081600.0000"
"321.0090","0.0394","4567812915200.0000"
"321.0991","0.0395","4568813158400.0000"
"321.1884","0.0395","4569813401600.0000"
"321.2772","0.0395","4570813235200.0000"
"321.3655","0.0395","4571813478400.0000"
"321.4533","0.0395","4572813721600.0000"
"321.5409","0.0395","4573813964800.0000"
"321.6282","0.0395","4574813798400.0000"
"321.7147","0.0395","4575814451200.0000"
"321.7996","0.0395","4576814284800.0000"
"321.8828","0.0395","4577814528000.0000"
"321.9648","0.0396","4578814771200.0000"
"322.0464","0.0396","4579814604800.0000"
"322.1281","0.0396","4580814848000.0000"
"322.2105","0.0396","4581815091200.0000"
"322.2937","0.0396","4582815334400.0000"
"322.3776","0.0396","4583815168000.0000"
"322.4623","0.0396","4584815001600.0000"
"322.5477","0.0396","4585815654400.0000"
"322.6338","0.0396","4586815897600.0000"
"322.7204","0.0396","4587815731200.0000"
"322.8072","0.0397","4588816384000.0000"
"322.8936","0.0397","4589816217600.0000"
"322.9788","0.0397","4590816051200.0000"
"323.0629","0.0397","4591815884800.0000"
"323.1462","0.0397","4592816537600.0000"
"323.2294","0.0397","4593816371200.0000"
"323.3135","0.0397","4594817024000.0000"
"323.3994","0.0397","4595816857600.0000"
"323.4873","0.0397","4596816691200.0000"
"323.5767","0.0398","4597816934400.0000"
"323.6666","0.0398","4598817177600.0000"
"323.7560","0.0398","4599817830400.0000"
"323.8450","0.0398","4600817664000.0000"
"323.9339","0.0398","4601817907200.0000"
"324.0229","0.0398","4602818150400.0000"
"324.1125","0.0398","4603817984000.0000"
"324.2031","0.0398","4604817817600.0000"
"324.2945","0.0398","4605818060800.0000"
"324.3864","0.0399","4606817894400.0000"
"324.4781","0.0399","4607818137600.0000"
"324.5694","0.0399","4608818380800.0000"
"324.6602","0.0399","4609818214400.0000"
"324.7512","0.0399","4610818048000.0000"
"324.8424","0.0399","4611817881600.0000"
"324.9336","0.0399","4612817715200.0000"
"325.0243","0.0399","4613817958400.0000"
"325.1147","0.0399","4614818201600.0000"
"325.2050","0.0400","4615818035200.0000"
"325.2954","0.0400","4616818278400.0000"
"325.3860","0.0400","4617818112000.0000"
"325.4765","0.0400","4618817945600.0000"
"325.5670","0.0400","4619818188800.0000"
"325.6571","0.0400","4620818432000.0000"
"325.7472","0.0400","4621818265600.0000"
"325.8373","0.0400","4622818099200.0000"
"325.9272","0.0400","4623818752000.0000"
"326.0157","0.0401","4624818995200.0000"
"326.1020","0.0401","4625818828800.0000"
"326.1866","0.0401","4626818662400.0000"
"326.2709","0.0401","4627818905600.0000"
"326.3561","0.0401","4628818739200.0000"
"326.4430","0.0401","4629818982400.0000"
"326.5317","0.0401","4630819225600.0000"
"326.6222","0.0401","4631819059200.0000"
"326.7135","0.0401","4632818892800.0000"
"326.8046","0.0402","4633818726400.0000"
"326.8948","0.0402","4634818560000.0000"
"326.9843","0.0402","4635818803200.0000"
"327.0733","0.0402","4636819046400.0000"
"327.1616","0.0402","4637818880000.0000"
"327.2495","0.0402","4638819123200.0000"
"327.3370","0.0402","4639819366400.0000"
"327.4247","0.0402","4640819200000.0000"
"327.5128","0.0402","4641819033600.0000"
"327.6016","0.0402","4642819686400.0000"
"327.6911","0.0403","4643819520000.0000"
"327.7809","0.0403","4644820172800.0000"
"327.8707","0.0403","4645820006400.0000"
"327.9599","0.0403","4646820249600.0000"
"328.0485","0.0403","4647820083200.0000"
"328.1367","0.0403","4648820736000.0000"
"328.2245","0.0403","4649820979200.0000"
"328.3112","0.0403","4650821222400.0000"
"328.3965","0.0403","4651821465600.0000"
"328.4806","0.0404","4652821299200.0000"
"328.5637","0.0404","4653821132800.0000"
"328.6461","0.0404","4654820966400.0000"
"328.7276","0.0404","4655821209600.0000"
"328.8080","0.0404","4656821452800.0000"
"328.8875","0.0404","4657821286400.0000"
"328.9665","0.0404","4658821529600.0000"
"329.0461","0.0404","4659821772800.0000"
"329.1269","0.0404","4660821606400.0000"
"329.2095","0.0404","4661821849600.0000"
"329.2942","0.0405","4662822502400.0000"
"329.3805","0.0405","4663822336000.0000"
"329.4677","0.0405","4664822988800.0000"
"329.5551","0.0405","4665822822400.0000"
"329.6428","0.0405","4666822656000.0000"
"329.7305","0.0405","4667822899200.0000"
"329.8184","0.0405","4668823142400.0000"
"329.9065","0.0405","4669822976000.0000"
"329.9948","0.0405","4670823219200.0000"
"330.0829","0.0406","4671823052800.0000"
"330.1701","0.0406","4672822886400.0000"
"330.2558","0.0406","4673822720000.0000"
"330.3398","0.0406","4674822963200.0000"
"330.4229","0.0406","4675822796800.0000"
"330.5063","0.0406","4676823040000.0000"
"330.5902","0.0406","4677822873600.0000"
"330.6751","0.0406","4678822707200.0000"
"330.7610","0.0406","4679822950400.0000"
"330.8484","0.0406","4680822374400.0000"
"330.9368","0.0407","4681822208000.0000"
"331.0256","0.0407","4682822041600.0000"
"331.1143","0.0407","4683821875200.0000"
"331.2029","0.0407","4684821708800.0000"
"331.2915","0.0407","4685821952000.0000"
"331.3803","0.0407","4686821785600.0000"
"331.4691","0.0407","4687821209600.0000"
"331.5573","0.0407","4688821043200.0000"
"331.6440","0.0407","4689821286400.0000"
"331.7287","0.0408","4690820710400.0000"
"331.8119","0.0408","4691820544000.0000"
"331.8944","0.0408","4692819968000.0000"
"331.9774","0.0408","4693819801600.0000"
"332.0615","0.0408","4694820044800.0000"
"332.1470","0.0408","4695819878400.0000"
"332.2336","0.0408","4696819712000.0000"
"332.3207","0.0408","4697819136000.0000"
"332.4077","0.0408","4698818560000.0000"
"332.4940","0.0409","4699818803200.0000"
"332.5789","0.0409","4700818227200.0000"
"332.6620","0.0409","4701817651200.0000"
"332.7436","0.0409","4702817484800.0000"
"332.8241","0.0409","4703817318400.0000"
"332.9035","0.0409","4704817152000.0000"
"332.9815","0.0409","4705816576000.0000"
"333.0582","0.0409","4706816000000.0000"
"333.1343","0.0409","4707816243200.0000"
"333.2102","0.0409","4708815667200.0000"
"333.2863","0.0409","4709815091200.0000"
"333.3632","0.0410","4710814515200.0000"
"333.4416","0.0410","4711814348800.0000"
"333.5219","0.0410","4712814182400.0000"
"333.6036","0.0410","4713814016000.0000"
"333.6865","0.0410","4714813849600.0000"
"333.7701","0.0410","4715813273600.0000"
"333.8549","0.0410","4716813107200.0000"
"333.9409","0.0410","4717812531200.0000"
"334.0278","0.0410","4718812774400.0000"
"334.1149","0.0410","4719812198400.0000"
"334.2020","0.0411","4720812032000.0000"
"334.2890","0.0411","4721811456000.0000"
"334.3761","0.0411","4722811289600.0000"
"334.4637","0.0411","4723811532800.0000"
"334.5526","0.0411","4724811366400.0000"
"334.6429","0.0411","4725810790400.0000"
"334.7345","0.0411","4726810624000.0000"
"334.8277","0.0411","4727810048000.0000"
"334.9226","0.0411","4728809881600.0000"
"335.0187","0.0412","4729809715200.0000"
"335.1153","0.0412","4730809548800.0000"
"335.2119","0.0412","4731809382400.0000"
"335.3083","0.0412","4732808806400.0000"
"335.4043","0.0412","4733809049600.0000"
"335.4988","0.0412","4734809292800.0000"
"335.5914","0.0412","4735809126400.0000"
"335.6822","0.0412","4736808960000.0000"
"335.7716","0.0413","4737808793600.0000"
"335.8601","0.0413","4738809036800.0000"
"335.9487","0.0413","4739808870400.0000"
"336.0379","0.0413","4740808704000.0000"
"336.1278","0.0413","4741809356800.0000"
"336.2183","0.0413","4742809190400.0000"
"336.3095","0.0413","4743809024000.0000"
"336.4015","0.0413","4744808857600.0000"
"336.4936","0.0413","4745809510400.0000"
"336.5851","0.0414","4746809344000.0000"
"336.6760","0.0414","4747809177600.0000"
"336.7659","0.0414","4748809420800.0000"
"336.8548","0.0414","4749809664000.0000"
"336.9424","0.0414","4750809497600.0000"
"337.0285","0.0414","4751809331200.0000"
"337.1132","0.0414","4752809984000.0000"
"337.1964","0.0414","4753809817600.0000"
"337.2778","0.0414","4754809651200.0000"
"337.3579","0.0414","4755809894400.0000"
"337.4379","0.0415","4756810137600.0000"
"337.5189","0.0415","4757809971200.0000"
"337.6013","0.0415","4758810624000.0000"
"337.6850","0.0415","4759810867200.0000"
"337.7695","0.0415","4760811110400.0000"
"337.8544","0.0415","4761810944000.0000"
"337.9395","0.0415","4762811596800.0000"
"338.0241","0.0415","4763811430400.0000"
"338.1078","0.0415","4764811264000.0000"
"338.1904","0.0416","4765811507200.0000"
"338.2719","0.0416","4766811750400.0000"
"338.3523","0.0416","4767811584000.0000"
"338.4319","0.0416","4768812236800.0000"
"338.5106","0.0416","4769812070400.0000"
"338.5887","0.0416","4770811904000.0000"
"338.6670","0.0416","4771812556800.0000"
"338.7455","0.0416","4772812800000.0000"
"338.8242","0.0416","4773812633600.0000"
"338.9027","0.0416","4774812467200.0000"
"338.9807","0.0416","4775812710400.0000"
"339.0585","0.0417","4776812953600.0000"
"339.1359","0.0417","4777812787200.0000"
"339.2129","0.0417","4778812620800.0000"
"339.2897","0.0417","4779812864000.0000"
"339.3662","0.0417","4780812697600.0000"
"339.4420","0.0417","4781812531200.0000"
"339.5170","0.0417","4782812364800.0000"
"339.5913","0.0417","4783813017600.0000"
"339.6657","0.0417","4784813260800.0000"
"339.7403","0.0417","4785813094400.0000"
"339.8155","0.0418","4786812928000.0000"
"339.8914","0.0418","4787812761600.0000"
"339.9685","0.0418","4788812595200.0000"
"340.0468","0.0418","4789812428800.0000"
"340.1261","0.0418","4790813081600.0000"
"340.2057","0.0418","4791812915200.0000"
"340.2851","0.0418","4792812748800.0000"
"340.3643","0.0418","4793812582400.0000"
"340.4434","0.0418","4794812825600.0000"
"340.5225","0.0418","4795813068800.0000"
"340.6018","0.0418","4796812902400.0000"
"340.6815","0.0419","4797812736000.0000"
"340.7617","0.0419","4798812979200.0000"
"340.8421","0.0419","4799812812800.0000"
"340.9224","0.0419","4800812646400.0000"
"341.0023","0.0419","4801812480000.0000"
"341.0820","0.0419","4802812723200.0000"
"341.1615","0.0419","4803812556800.0000"
"341.2412","0.0419","4804812800000.0000"
"341.3212","0.0419","4805813043200.0000"
"341.4019","0.0419","4806812876800.0000"
"341.4835","0.0420","4807813120000.0000"
"341.5661","0.0420","4808812953600.0000"
"341.6497","0.0420","4809813606400.0000"
"341.7340","0.0420","4810813440000.0000"
"341.8186","0.0420","4811813683200.0000"
"341.9032","0.0420","4812813516800.0000"
"341.9875","0.0420","4813813350400.0000"
"342.0717","0.0420","4814813593600.0000"
"342.1563","0.0420","4815813427200.0000"
"342.2415","0.0420","4816814080000.0000"
"342.3271","0.0421","4817813913600.0000"
"342.4134","0.0421","4818814156800.0000"
"342.5007","0.0421","4819814400000.0000"
"342.5897","0.0421","4820815052800.0000"
"342.6801","0.0421","4821814886400.0000"
"342.7721","0.0421","4822814720000.0000"
"342.8659","0.0421","4823815372800.0000"
"342.9611","0.0421","4824815206400.0000"
"343.0567","0.0421","4825815859200.0000"
"343.1519","0.0422","4826815692800.0000"
"343.2462","0.0422","4827815526400.0000"
"343.3395","0.0422","4828815769600.0000"
"343.4320","0.0422","4829816012800.0000"
"343.5240","0.0422","4830815846400.0000"
"343.6156","0.0422","4831815680000.0000"
"343.7064","0.0422","4832816332800.0000"
"343.7957","0.0422","4833816576000.0000"
"343.8828","0.0422","4834816819200.0000"
"343.9683","0.0423","4835816652800.0000"
"344.0527","0.0423","4836817305600.0000"
"344.1367","0.0423","4837817548800.0000"
"344.2206","0.0423","4838817792000.0000"
"344.3048","0.0423","4839818035200.0000"
"344.3895","0.0423","4840817868800.0000"
"344.4745","0.0423","4841817702400.0000"
"344.5598","0.0423","4842818355200.0000"
"344.6449","0.0423","4843818188800.0000"
"344.7290","0.0424","4844818432000.0000"
"344.8118","0.0424","4845818265600.0000"
"344.8929","0.0424","4846818508800.0000"
"344.9720","0.0424","4847818342400.0000"
"345.0495","0.0424","4848818585600.0000"
"345.1252","0.0424","4849818828800.0000"
"345.1999","0.0424","4850818662400.0000"
"345.2749","0.0424","4851818496000.0000"
"345.3507","0.0424","4852818739200.0000"
"345.4268","0.0424","4853818572800.0000"
"345.5032","0.0424","4854818816000.0000"
"345.5801","0.0425","4855818649600.0000"
"345.6577","0.0425","4856818892800.0000"
"345.7359","0.0425","4857818726400.0000"
"345.8150","0.0425","4858818969600.0000"
"345.8949","0.0425","4859819622400.0000"
"345.9760","0.0425","4860819456000.0000"
"346.0586","0.0425","4861819289600.0000"
"346.1426","0.0425","4862819123200.0000"
"346.2272","0.0425","4863818956800.0000"
"346.3119","0.0425","4864819609600.0000"
"346.3963","0.0426","4865819443200.0000"
"346.4804","0.0426","4866819276800.0000"
"346.5641","0.0426","4867819520000.0000"
"346.6480","0.0426","4868819353600.0000"
"346.7325","0.0426","4869819187200.0000"
"346.8176","0.0426","4870819430400.0000"
"346.9033","0.0426","4871818854400.0000"
"346.9893","0.0426","4872819097600.0000"
"347.0752","0.0426","4873818521600.0000"
"347.1604","0.0427","4874818355200.0000"
"347.2450","0.0427","4875818598400.0000"
"347.3290","0.0427","4876818432000.0000"
"347.4124","0.0427","4877817856000.0000"
"347.4953","0.0427","4878817689600.0000"
"347.5772","0.0427","4879817523200.0000"
"347.6575","0.0427","4880817766400.0000"
"347.7360","0.0427","4881818009600.0000"
"347.8136","0.0427","4882817843200.0000"
"347.8913","0.0427","4883817267200.0000"
"347.9700","0.0428","4884817510400.0000"
"348.0500","0.0428","4885817344000.0000"
"348.1312","0.0428","4886817177600.0000"
"348.2136","0.0428","4887817011200.0000"
"348.2964","0.0428","4888816844800.0000"
"348.3792","0.0428","4889816678400.0000"
"348.4615","0.0428","4890816512000.0000"
"348.5433","0.0428","4891816755200.0000"
"348.6244","0.0428","4892816179200.0000"
"348.7045","0.0428","4893816422400.0000"
"348.7837","0.0429","4894816256000.0000"
"348.8618","0.0429","4895815680000.0000"
"348.9388","0.0429","4896815513600.0000"
"349.0146","0.0429","4897815347200.0000"
"349.0898","0.0429","4898814771200.0000"
"349.1653","0.0429","4899815014400.0000"
"349.2418","0.0429","4900814848000.0000"
"349.3195","0.0429","4901814272000.0000"
"349.3982","0.0429","4902814515200.0000"
"349.4777","0.0429","4903814758400.0000"
"349.5574","0.0429","4904814592000.0000"
"349.6364","0.0430","4905814425600.0000"
"349.7144","0.0430","4906813849600.0000"
"349.7917","0.0430","4907813683200.0000"
"349.8694","0.0430","4908813926400.0000"
"349.9477","0.0430","4909813760000.0000"
"350.0267","0.0430","4910813593600.0000"
"350.1059","0.0430","4911813836800.0000"
"350.1845","0.0430","4912813670400.0000"
"350.2619","0.0430","4913813913600.0000"
"350.3379","0.0430","4914813747200.0000"
"350.4136","0.0431","4915813580800.0000"
"350.4901","0.0431","4916813824000.0000"
"350.5683","0.0431","4917813657600.0000"
"350.6480","0.0431","4918813491200.0000"
"350.7292","0.0431","4919813734400.0000"
"350.8116","0.0431","4920813158400.0000"
"350.8947","0.0431","4921812992000.0000"
"350.9779","0.0431","4922812825600.0000"
"351.0606","0.0431","4923812659200.0000"
"351.1421","0.0431","4924813312000.0000"
"351.2225","0.0432","4925813145600.0000"
"351.3022","0.0432","4926812979200.0000"
"351.3810","0.0432","4927812812800.0000"
"351.4583","0.0432","4928813056000.0000"
"351.5338","0.0432","4929813299200.0000"
"351.6083","0.0432","4930813132800.0000"
"351.6830","0.0432","4931812966400.0000"
"351.7590","0.0432","4932813209600.0000"
"351.8362","0.0432","4933813043200.0000"
"351.9148","0.0432","4934812876800.0000"
"351.9942","0.0432","4935813120000.0000"
"352.0743","0.0433","4936813363200.0000"
"352.1547","0.0433","4937813196800.0000"
"352.2351","0.0433","4938813030400.0000"
"352.3148","0.0433","4939813683200.0000"
"352.3938","0.0433","4940813516800.0000"
"352.4718","0.0433","4941813350400.0000"
"352.5487","0.0433","4942813593600.0000"
"352.6244","0.0433","4943813427200.0000"
"352.6988","0.0433","4944813260800.0000"
"352.7721","0.0433","4945813094400.0000"
"352.8445","0.0434","4946812928000.0000"
"352.9163","0.0434","4947813580800.0000"
"352.9880","0.0434","4948813824000.0000"
"353.0605","0.0434","4949813657600.0000"
"353.1337","0.0434","4950813900800.0000"
"353.2073","0.0434","4951813734400.0000"
"353.2812","0.0434","4952813568000.0000"
"353.3555","0.0434","4953813401600.0000"
"353.4304","0.0434","4954813644800.0000"
"353.5061","0.0434","4955813888000.0000"
"353.5829","0.0434","4956813721600.0000"
"353.6613","0.0435","4957813964800.0000"
"353.7412","0.0435","4958813798400.0000"
"353.8219","0.0435","4959813632000.0000"
"353.9028","0.0435","4960813875200.0000"
"353.9834","0.0435","4961814118400.0000"
"354.0639","0.0435","4962813952000.0000"
"354.1447","0.0435","4963813785600.0000"
"354.2265","0.0435","4964813619200.0000"
"354.3102","0.0435","4965814272000.0000"
"354.3954","0.0435","4966814105600.0000"
"354.4817","0.0436","4967813939200.0000"
"354.5685","0.0436","4968813772800.0000"
"354.6558","0.0436","4969814016000.0000"
"354.7433","0.0436","4970813849600.0000"
"354.8306","0.0436","4971814092800.0000"
"354.9173","0.0436","4972814336000.0000"
"355.0029","0.0436","4973814579200.0000"
"355.0872","0.0436","4974814412800.0000"
"355.1701","0.0436","4975814246400.0000"
"355.2521","0.0436","4976814489600.0000"
"355.3334","0.0437","4977814732800.0000"
"355.4144","0.0437","4978814566400.0000"
"355.4955","0.0437","4979814809600.0000"
"355.5771","0.0437","4980814643200.0000"
"355.6595","0.0437","4981814886400.0000"
"355.7427","0.0437","4982814720000.0000"
"355.8268","0.0437","4983814963200.0000"
"355.9119","0.0437","4984815206400.0000"
"355.9982","0.0437","4985815040000.0000"
"356.0855","0.0437","4986815283200.0000"
"356.1733","0.0438","4987815526400.0000"
"356.2615","0.0438","4988815360000.0000"
"356.3495","0.0438","4989815193600.0000"
"356.4363","0.0438","4990815436800.0000"
"356.5205","0.0438","4991815270400.0000"
"356.6018","0.0438","4992815104000.0000"
"356.6806","0.0438","4993815756800.0000"
"356.7578","0.0438","4994815590400.0000"
"356.8342","0.0438","4995815424000.0000"
"356.9108","0.0439","4996815667200.0000"
"356.9879","0.0439","4997815500800.0000"
"357.0655","0.0439","4998815744000.0000"
"357.1433","0.0439","4999815577600.0000"
"357.2210","0.0439","5000815411200.0000"
"357.2986","0.0439","5001816064000.0000"
"357.3764","0.0439","5002815897600.0000"
"357.4541","0.0439","5003815731200.0000"
"357.5316","0.0439","5004815564800.0000"
"357.6088","0.0439","5005815808000.0000"
"357.6857","0.0439","5006815641600.0000"
"357.7626","0.0440","5007815884800.0000"
"357.8393","0.0440","5008816128000.0000"
"357.9156","0.0440","5009815961600.0000"
"357.9914","0.0440","5010815795200.0000"
"358.0670","0.0440","5011815628800.0000"
"358.1431","0.0440","5012815462400.0000"
"358.2198","0.0440","5013815705600.0000"
"358.2971","0.0440","5014815539200.0000"
"358.3749","0.0440","5015815372800.0000"
"358.4538","0.0440","5016815616000.0000"
"358.5334","0.0440","5017815449600.0000"
"358.6130","0.0441","5018815283200.0000"
"358.6923","0.0441","5019815116800.0000"
"358.7712","0.0441","5020814950400.0000"
"358.8496","0.0441","5021815193600.0000"
"358.9275","0.0441","5022815027200.0000"
"359.0050","0.0441","5023814860800.0000"
"359.0820","0.0441","5024814694400.0000"
"359.1582","0.0441","5025814937600.0000"
"359.2332","0.0441","5026814771200.0000"
"359.3074","0.0441","5027815014400.0000"
"359.3823","0.0442","5028814848000.0000"
"359.4590","0.0442","5029815091200.0000"
"359.5377","0.0442","5030814924800.0000"
"359.6177","0.0442","5031815168000.0000"
"359.6986","0.0442","5032815411200.0000"
"359.7802","0.0442","5033815244800.0000"
"359.8626","0.0442","5034815078400.0000"
"359.9461","0.0442","5035814912000.0000"
"360.0308","0.0442","5036814745600.0000"
"360.1162","0.0442","5037814988800.0000"
"360.2018","0.0443","5038814822400.0000"
"360.2867","0.0443","5039814656000.0000"
"360.3703","0.0443","5040814899200.0000"
"360.4522","0.0443","5041814323200.0000"
"360.5324","0.0443","5042814566400.0000"
"360.6114","0.0443","5043814400000.0000"
"360.6902","0.0443","5044814233600.0000"
"360.7698","0.0443","5045814476800.0000"
"360.8505","0.0443","5046814310400.0000"
"360.9319","0.0443","5047814144000.0000"
"361.0132","0.0444","5048813568000.0000"
"361.0942","0.0444","5049813811200.0000"
"361.1748","0.0444","5050813644800.0000"
"361.2543","0.0444","5051813478400.0000"
"361.3327","0.0444","5052813312000.0000"
"361.4099","0.0444","5053813964800.0000"
"361.4861","0.0444","5054813798400.0000"
"361.5614","0.0444","5055813632000.0000"
"361.6356","0.0444","5056813465600.0000"
"361.7088","0.0444","5057813708800.0000"
"361.7810","0.0444","5058813542400.0000"
"361.8529","0.0445","5059813376000.0000"
"361.9254","0.0445","5060813209600.0000"
"361.9992","0.0445","5061813452800.0000"
"362.0750","0.0445","5062812876800.0000"
"362.1528","0.0445","5063812710400.0000"
"362.2320","0.0445","5064812953600.0000"
"362.3121","0.0445","5065813196800.0000"
"362.3928","0.0445","5066813030400.0000"
"362.4736","0.0445","5067812864000.0000"
"362.5543","0.0445","5068812288000.0000"
"362.6349","0.0446","5069812121600.0000"
"362.7150","0.0446","5070812364800.0000"
"362.7944","0.0446","5071812198400.0000"
"362.8725","0.0446","5072812032000.0000"
"362.9488","0.0446","5073811865600.0000"
"363.0228","0.0446","5074812108800.0000"
"363.0950","0.0446","5075812352000.0000"
"363.1662","0.0446","5076812185600.0000"
"363.2372","0.0446","5077812019200.0000"
"363.3091","0.0446","5078812262400.0000"
"363.3826","0.0446","5079812096000.0000"
"363.4581","0.0447","5080811929600.0000"
"363.5354","0.0447","5081811763200.0000"
"363.6139","0.0447","5082812006400.0000"
"363.6921","0.0447","5083812249600.0000"
"363.7692","0.0447","5084812083200.0000"
"363.8449","0.0447","5085811916800.0000"
"363.9196","0.0447","5086812160000.0000"
"363.9940","0.0447","5087811993600.0000"
"364.0684","0.0447","5088811827200.0000"
"364.1427","0.0447","5089811660800.0000"
"364.2164","0.0447","5090811494400.0000"
"364.2898","0.0448","5091811328000.0000"
"364.3637","0.0448","5092811571200.0000"
"364.4385","0.0448","5093811404800.0000"
"364.5142","0.0448","5094811648000.0000"
"364.5907","0.0448","5095811481600.0000"
"364.6677","0.0448","5096811315200.0000"
"364.7454","0.0448","5097811558400.0000"
"364.8238","0.0448","5098811801600.0000"
"364.9026","0.0448","5099812044800.0000"
"364.9817","0.0448","5100811878400.0000"
"365.0609","0.0449","5101812531200.0000"
"365.1396","0.0449","5102812364800.0000"
"365.2177","0.0449","5103812608000.0000"
"365.2953","0.0449","5104812851200.0000"
"365.3725","0.0449","5105812684800.0000"
"365.4489","0.0449","5106812928000.0000"
"365.5244","0.0449","5107812761600.0000"
"365.5995","0.0449","5108813414400.0000"
"365.6755","0.0449","5109813248000.0000"
"365.7523","0.0449","5110813491200.0000"
"365.8295","0.0449","5111813324800.0000"
"365.9067","0.0450","5112813568000.0000"
"365.9834","0.0450","5113813811200.0000"
"366.0594","0.0450","5114814054400.0000"
"366.1351","0.0450","5115814297600.0000"
"366.2112","0.0450","5116814131200.0000"
"366.2881","0.0450","5117814374400.0000"
"366.3655","0.0450","5118814617600.0000"
"366.4433","0.0450","5119814451200.0000"
"366.5212","0.0450","5120814694400.0000"
"366.5995","0.0450","5121814937600.0000"
"366.6783","0.0451","5122815180800.0000"
"366.7575","0.0451","5123815833600.0000"
"366.8374","0.0451","5124815667200.0000"
"366.9180","0.0451","5125815910400.0000"
"366.9990","0.0451","5126815744000.0000"
"367.0802","0.0451","5127816396800.0000"
"367.1610","0.0451","5128816640000.0000"
"367.2411","0.0451","5129816473600.0000"
"367.3204","0.0451","5130817126400.0000"
"367.3986","0.0451","5131816960000.0000"
"367.4760","0.0451","5132817203200.0000"
"367.5529","0.0452","5133817446400.0000"
"367.6290","0.0452","5134817689600.0000"
"367.7040","0.0452","5135817523200.0000"
"367.7783","0.0452","5136818176000.0000"
"367.8519","0.0452","5137818009600.0000"
"367.9248","0.0452","5138818252800.0000"
"367.9970","0.0452","5139818496000.0000"
"368.0693","0.0452","5140818739200.0000"
"368.1430","0.0452","5141818572800.0000"
"368.2185","0.0452","5142818406400.0000"
"368.2961","0.0452","5143818649600.0000"
"368.3762","0.0453","5144818892800.0000"
"368.4588","0.0453","5145818726400.0000"
"368.5436","0.0453","5146819379200.0000"
"368.6297","0.0453","5147819212800.0000"
"368.7164","0.0453","5148819046400.0000"
"368.8029","0.0453","5149819699200.0000"
"368.8892","0.0453","5150819532800.0000"
"368.9751","0.0453","5151820185600.0000"
"369.0606","0.0453","5152820019200.0000"
"369.1455","0.0454","5153820262400.0000"
"369.2292","0.0454","5154820505600.0000"
"369.3113","0.0454","5155820339200.0000"
"369.3918","0.0454","5156820582400.0000"
"369.4715","0.0454","5157820416000.0000"
"369.5514","0.0454","5158820659200.0000"
"369.6322","0.0454","5159820492800.0000"
"369.7141","0.0454","5160820736000.0000"
"369.7963","0.0454","5161820569600.0000"
"369.8784","0.0454","5162820403200.0000"
"369.9601","0.0455","5163820236800.0000"
"370.0410","0.0455","5164820480000.0000"
"370.1207","0.0455","5165820313600.0000"
"370.1994","0.0455","5166820147200.0000"
"370.2775","0.0455","5167819980800.0000"
"370.3550","0.0455","5168820224000.0000"
"370.4322","0.0455","5169820057600.0000"
"370.5089","0.0455","5170819891200.0000"
"370.5851","0.0455","5171819724800.0000"
"370.6612","0.0455","5172819968000.0000"
"370.7378","0.0455","5173819801600.0000"
"370.8153","0.0456","5174819635200.0000"
"370.8933","0.0456","5175819878400.0000"
"370.9717","0.0456","5176820121600.0000"
"371.0500","0.0456","5177819955200.0000"
"371.1276","0.0456","5178819788800.0000"
"371.2042","0.0456","5179819212800.0000"
"371.2799","0.0456","5180819456000.0000"
"371.3549","0.0456","5181819289600.0000"
"371.4297","0.0456","5182819123200.0000"
"371.5051","0.0456","5183818547200.0000"
"371.5811","0.0457","5184818380800.0000"
"371.6579","0.0457","5185818624000.0000"
"371.7350","0.0457","5186818457600.0000"
"371.8120","0.0457","5187818291200.0000"
"371.8888","0.0457","5188818124800.0000"
"371.9661","0.0457","5189817548800.0000"
"372.0443","0.0457","5190817792000.0000"
"372.1235","0.0457","5191817625600.0000"
"372.2039","0.0457","5192817049600.0000"
"372.2849","0.0457","5193816883200.0000"
"372.3658","0.0457","5194816716800.0000"
"372.4457","0.0458","5195816960000.0000"
"372.5245","0.0458","5196816793600.0000"
"372.6023","0.0458","5197816627200.0000"
"372.6790","0.0458","5198816460800.0000"
"372.7547","0.0458","5199816704000.0000"
"372.8292","0.0458","5200816128000.0000"
"372.9023","0.0458","5201815961600.0000"
"372.9747","0.0458","5202815795200.0000"
"373.0471","0.0458","5203815219200.0000"
"373.1204","0.0458","5204815462400.0000"
"373.1945","0.0459","5205815296000.0000"
"373.2697","0.0459","5206815129600.0000"
"373.3458","0.0459","5207814963200.0000"
"373.4227","0.0459","5208814387200.0000"
"373.4996","0.0459","5209814630400.0000"
"373.5757","0.0459","5210814054400.0000"
"373.6514","0.0459","5211813888000.0000"
"373.7270","0.0459","5212813721600.0000"
"373.8024","0.0459","5213813145600.0000"
"373.8773","0.0459","5214813388800.0000"
"373.9515","0.0459","5215813222400.0000"
"374.0253","0.0460","5216813056000.0000"
"374.0989","0.0460","5217812889600.0000"
"374.1720","0.0460","5218813132800.0000"
"374.2440","0.0460","5219812966400.0000"
"374.3153","0.0460","5220812390400.0000"
"374.3874","0.0460","5221812224000.0000"
"374.4613","0.0460","5222812057600.0000"
"374.5375","0.0460","5223812300800.0000"
"374.6157","0.0460","5224812134400.0000"
"374.6953","0.0460","5225811968000.0000"
"374.7757","0.0460","5226811801600.0000"
"374.8564","0.0461","5227812044800.0000"
"374.9375","0.0461","5228811878400.0000"
"375.0184","0.0461","5229811712000.0000"
"375.0988","0.0461","5230811545600.0000"
"375.1787","0.0461","5231811379200.0000"
"375.2579","0.0461","5232811212800.0000"
"375.3364","0.0461","5233811046400.0000"
"375.4140","0.0461","5234810880000.0000"
"375.4904","0.0461","5235810713600.0000"
"375.5661","0.0461","5236810956800.0000"
"375.6421","0.0462","5237810380800.0000"
"375.7188","0.0462","5238810624000.0000"
"375.7966","0.0462","5239810457600.0000"
"375.8751","0.0462","5240810291200.0000"
"375.9539","0.0462","5241810534400.0000"
"376.0328","0.0462","5242810368000.0000"
"376.1114","0.0462","5243810201600.0000"
"376.1898","0.0462","5244810444800.0000"
"376.2681","0.0462","5245810278400.0000"
"376.3463","0.0462","5246810112000.0000"
"376.4244","0.0462","5247809945600.0000"
"376.5025","0.0463","5248809779200.0000"
"376.5807","0.0463","5249810022400.0000"
"376.6589","0.0463","5250809856000.0000"
"376.7371","0.0463","5251809689600.0000"
"376.8151","0.0463","5252809932800.0000"
"376.8931","0.0463","5253809766400.0000"
"376.9706","0.0463","5254809600000.0000"
"377.0473","0.0463","5255809433600.0000"
"377.1231","0.0463","5256809267200.0000"
"377.1985","0.0463","5257809510400.0000"
"377.2739","0.0464","5258809344000.0000"
"377.3495","0.0464","5259809587200.0000"
"377.4254","0.0464","5260809830400.0000"
"377.5015","0.0464","5261810073600.0000"
"377.5779","0.0464","5262809907200.0000"
"377.6543","0.0464","5263809740800.0000"
"377.7306","0.0464","5264810393600.0000"
"377.8061","0.0464","5265810227200.0000"
"377.8805","0.0464","5266810060800.0000"
"377.9535","0.0464","5267810713600.0000"
"378.0255","0.0464","5268810547200.0000"
"378.0977","0.0465","5269810790400.0000"
"378.1711","0.0465","5270810624000.0000"
"378.2451","0.0465","5271810867200.0000"
"378.3192","0.0465","5272811110400.0000"
"378.3926","0.0465","5273811353600.0000"
"378.4655","0.0465","5274812006400.0000"
"378.5381","0.0465","5275812249600.0000"
"378.6105","0.0465","5276812083200.0000"
"378.6825","0.0465","5277812736000.0000"
"378.7541","0.0465","5278812569600.0000"
"378.8254","0.0465","5279813222400.0000"
"378.8963","0.0466","5280813465600.0000"
"378.9665","0.0466","5281813299200.0000"
"379.0358","0.0466","5282813542400.0000"
"379.1039","0.0466","5283813785600.0000"
"379.1717","0.0466","5284814028800.0000"
"379.2399","0.0466","5285814272000.0000"
"379.3096","0.0466","5286814105600.0000"
"379.3811","0.0466","5287814348800.0000"
"379.4544","0.0466","5288815001600.0000"
"379.5294","0.0466","5289815244800.0000"
"379.6064","0.0466","5290815488000.0000"
"379.6847","0.0466","5291816140800.0000"
"379.7639","0.0467","5292816384000.0000"
"379.8435","0.0467","5293816627200.0000"
"379.9229","0.0467","5294816460800.0000"
"380.0018","0.0467","5295817113600.0000"
"380.0802","0.0467","5296817356800.0000"
"380.1582","0.0467","5297817600000.0000"
"380.2362","0.0467","5298817843200.0000"
"380.3142","0.0467","5299817676800.0000"
"380.3922","0.0467","5300818329600.0000"
"380.4707","0.0467","5301818572800.0000"
"380.5500","0.0468","5302818816000.0000"
"380.6301","0.0468","5303819468800.0000"
"380.7105","0.0468","5304819302400.0000"
"380.7907","0.0468","5305819545600.0000"
"380.8701","0.0468","5306819379200.0000"
"380.9483","0.0468","5307820032000.0000"
"381.0254","0.0468","5308819865600.0000"
"381.1015","0.0468","5309820518400.0000"
"381.1775","0.0468","5310820352000.0000"
"381.2535","0.0468","5311820185600.0000"
"381.3290","0.0469","5312820019200.0000"
"381.4036","0.0469","5313820262400.0000"
"381.4767","0.0469","5314820505600.0000"
"381.5483","0.0469","5315820339200.0000"
"381.6185","0.0469","5316821401600.0000"
"381.6880","0.0469","5317821235200.0000"
"381.7575","0.0469","5318821068800.0000"
"381.8282","0.0469","5319821312000.0000"
"381.9010","0.0469","5320821555200.0000"
"381.9759","0.0469","5321821388800.0000"
"382.0522","0.0469","5322821222400.0000"
"382.1298","0.0469","5323821465600.0000"
"382.2080","0.0470","5324821708800.0000"
"382.2861","0.0470","5325821542400.0000"
"382.3635","0.0470","5326821376000.0000"
"382.4398","0.0470","5327821619200.0000"
"382.5146","0.0470","5328821862400.0000"
"382.5873","0.0470","5329821286400.0000"
"382.6579","0.0470","5330821120000.0000"
"382.7263","0.0470","5331821363200.0000"
"382.7931","0.0470","5332821196800.0000"
"382.8590","0.0470","5333821030400.0000"
"382.9248","0.0470","5334820864000.0000"
"382.9904","0.0471","5335820288000.0000"
"383.0560","0.0471","5336820531200.0000"
"383.1217","0.0471","5337820364800.0000"
"383.1879","0.0471","5338820198400.0000"
"383.2551","0.0471","5339820441600.0000"
"383.3235","0.0471","5340820275200.0000"
"383.3929","0.0471","5341820108800.0000"
"383.4627","0.0471","5342819942400.0000"
"383.5321","0.0471","5343819776000.0000"
"383.6010","0.0471","5344820019200.0000"
"383.6688","0.0471","5345819852800.0000"
"383.7350","0.0471","5346819686400.0000"
"383.7997","0.0472","5347819110400.0000"
"383.8630","0.0472","5348819353600.0000"
"383.9266","0.0472","5349819187200.0000"
"383.9914","0.0472","5350819430400.0000"
"384.0582","0.0472","5351819264000.0000"
"384.1268","0.0472","5352818688000.0000"
"384.1968","0.0472","5353818931200.0000"
"384.2677","0.0472","5354818764800.0000"
"384.3391","0.0472","5355818598400.0000"
"384.4104","0.0472","5356818022400.0000"
"384.4812","0.0472","5357818265600.0000"
"384.5514","0.0472","5358818099200.0000"
"384.6212","0.0473","5359817932800.0000"
"384.6908","0.0473","5360817766400.0000"
"384.7596","0.0473","5361817600000.0000"
"384.8276","0.0473","5362817843200.0000"
"384.8948","0.0473","5363817676800.0000"
"384.9620","0.0473","5364817510400.0000"
"385.0299","0.0473","5365817344000.0000"
"385.0992","0.0473","5366817587200.0000"
"385.1703","0.0473","5367817420800.0000"
"385.2426","0.0473","5368817254400.0000"
"385.3152","0.0473","5369817088000.0000"
"385.3877","0.0473","5370817331200.0000"
"385.4599","0.0474","5371817164800.0000"
"385.5323","0.0474","5372816998400.0000"
"385.6052","0.0474","5373816832000.0000"
"385.6783","0.0474","5374817075200.0000"
"385.7514","0.0474","5375816908800.0000"
"385.8244","0.0474","5376816742400.0000"
"385.8977","0.0474","5377816576000.0000"
"385.9713","0.0474","5378816000000.0000"
"386.0445","0.0474","5379816243200.0000"
"386.1166","0.0474","5380816076800.0000"
"386.1879","0.0474","5381815910400.0000"
"386.2589","0.0475","5382816153600.0000"
"386.3306","0.0475","5383816396800.0000"
"386.4031","0.0475","5384815820800.0000"
"386.4766","0.0475","5385815654400.0000"
"386.5506","0.0475","5386815488000.0000"
"386.6243","0.0475","5387815321600.0000"
"386.6973","0.0475","5388815564800.0000"
"386.7697","0.0475","5389815398400.0000"
"386.8418","0.0475","5390815232000.0000"
"386.9142","0.0475","5391815475200.0000"
"386.9867","0.0475","5392815308800.0000"
"387.0591","0.0476","5393815142400.0000"
"387.1310","0.0476","5394815385600.0000"
"387.2025","0.0476","5395815219200.0000"
"387.2738","0.0476","5396815462400.0000"
"387.3450","0.0476","5397815296000.0000"
"387.4169","0.0476","5398815129600.0000"
"387.4898","0.0476","5399814963200.0000"
"387.5640","0.0476","5400814387200.0000"
"387.6398","0.0476","5401814220800.0000"
"387.7171","0.0476","5402814054400.0000"
"387.7954","0.0476","5403813888000.0000"
"387.8737","0.0477","5404813721600.0000"
"387.9512","0.0477","5405813964800.0000"
"388.0275","0.0477","5406813798400.0000"
"388.1024","0.0477","5407813222400.0000"
"388.1764","0.0477","5408813056000.0000"
"388.2495","0.0477","5409813299200.0000"
"388.3217","0.0477","5410813132800.0000"
"388.3924","0.0477","5411812556800.0000"
"388.4612","0.0477","5412812390400.0000"
"388.5286","0.0477","5413812224000.0000"
"388.5957","0.0477","5414812467200.0000"
"388.6633","0.0478","5415812710400.0000"
"388.7314","0.0478","5416812544000.0000"
"388.8004","0.0478","5417811968000.0000"
"388.8704","0.0478","5418812211200.0000"
"388.9413","0.0478","5419812044800.0000"
"389.0130","0.0478","5420811878400.0000"
"389.0853","0.0478","5421811712000.0000"
"389.1578","0.0478","5422811955200.0000"
"389.2298","0.0478","5423811379200.0000"
"389.3010","0.0478","5424811212800.0000"
"389.3714","0.0478","5425811046400.0000"
"389.4414","0.0478","5426811699200.0000"
"389.5108","0.0479","5427811123200.0000"
"389.5790","0.0479","5428810956800.0000"
"389.6462","0.0479","5429810790400.0000"
"389.7127","0.0479","5430810624000.0000"
"389.7792","0.0479","5431810867200.0000"
"389.8459","0.0479","5432810700800.0000"
"389.9127","0.0479","5433810534400.0000"
"389.9800","0.0479","5434810368000.0000"
"390.0478","0.0479","5435810611200.0000"
"390.1165","0.0479","5436810444800.0000"
"390.1861","0.0479","5437810688000.0000"
"390.2565","0.0479","5438810521600.0000"
"390.3274","0.0480","5439811174400.0000"
"390.3983","0.0480","5440811008000.0000"
"390.4685","0.0480","5441810841600.0000"
"390.5379","0.0480","5442811084800.0000"
"390.6062","0.0480","5443811328000.0000"
"390.6733","0.0480","5444811161600.0000"
"390.7393","0.0480","5445810995200.0000"
"390.8051","0.0480","5446811648000.0000"
"390.8718","0.0480","5447811481600.0000"
"390.9399","0.0480","5448811315200.0000"
"391.0099","0.0480","5449811558400.0000"
"391.0814","0.0480","5450811801600.0000"
"391.1541","0.0481","5451811635200.0000"
"391.2277","0.0481","5452811468800.0000"
"391.3017","0.0481","5453812121600.0000"
"391.3756","0.0481","5454811955200.0000"
"391.4490","0.0481","5455812198400.0000"
"391.5214","0.0481","5456812441600.0000"
"391.5926","0.0481","5457812684800.0000"
"391.6624","0.0481","5458812518400.0000"
"391.7308","0.0481","5459813171200.0000"
"391.7978","0.0481","5460813004800.0000"
"391.8641","0.0481","5461813248000.0000"
"391.9311","0.0482","5462813900800.0000"
"391.9995","0.0482","5463813734400.0000"
"392.0698","0.0482","5464813977600.0000"
"392.1418","0.0482","5465814630400.0000"
"392.2154","0.0482","5466814464000.0000"
"392.2904","0.0482","5467814707200.0000"
"392.3664","0.0482","5468814950400.0000"
"392.4426","0.0482","5469815193600.0000"
"392.5182","0.0482","5470815027200.0000"
"392.5926","0.0482","5471815270400.0000"
"392.6660","0.0482","5472815513600.0000"
"392.7383","0.0483","5473815347200.0000"
"392.8093","0.0483","5474815590400.0000"
"392.8789","0.0483","5475815833600.0000"
"392.9474","0.0483","5476816076800.0000"
"393.0154","0.0483","5477815910400.0000"
"393.0836","0.0483","5478816153600.0000"
"393.1526","0.0483","5479816396800.0000"
"393.2229","0.0483","5480816230400.0000"
"393.2941","0.0483","5481816064000.0000"
"393.3658","0.0483","5482815897600.0000"
"393.4378","0.0483","5483815731200.0000"
"393.5101","0.0483","5484815974400.0000"
"393.5828","0.0484","5485815808000.0000"
"393.6558","0.0484","5486816051200.0000"
"393.7286","0.0484","5487815884800.0000"
"393.8012","0.0484","5488816128000.0000"
"393.8735","0.0484","5489815961600.0000"
"393.9455","0.0484","5490816204800.0000"
"394.0165","0.0484","5491816038400.0000"
"394.0861","0.0484","5492815872000.0000"
"394.1545","0.0484","5493815705600.0000"
"394.2227","0.0484","5494815948800.0000"
"394.2916","0.0484","5495815372800.0000"
"394.3611","0.0485","5496815206400.0000"
"394.4307","0.0485","5497815040000.0000"
"394.4997","0.0485","5498814464000.0000"
"394.5681","0.0485","5499815116800.0000"
"394.6359","0.0485","5500814950400.0000"
"394.7036","0.0485","5501814374400.0000"
"394.7715","0.0485","5502814208000.0000"
"394.8398","0.0485","5503814041600.0000"
"394.9080","0.0485","5504813875200.0000"
"394.9760","0.0485","5505813708800.0000"
"395.0439","0.0485","5506813542400.0000"
"395.1113","0.0485","5507813376000.0000"
"395.1779","0.0486","5508813209600.0000"
"395.2435","0.0486","5509813452800.0000"
"395.3088","0.0486","5510813286400.0000"
"395.3746","0.0486","5511813120000.0000"
"395.4415","0.0486","5512812953600.0000"
"395.5096","0.0486","5513812787200.0000"
"395.5787","0.0486","5514812620800.0000"
"395.6482","0.0486","5515812454400.0000"
"395.7180","0.0486","5516812288000.0000"
"395.7887","0.0486","5517812531200.0000"
"395.8601","0.0486","5518812364800.0000"
"395.9315","0.0486","5519811788800.0000"
"396.0023","0.0487","5520812032000.0000"
"396.0724","0.0487","5521811865600.0000"
"396.1414","0.0487","5522811699200.0000"
"396.2092","0.0487","5523811532800.0000"
"396.2760","0.0487","5524811366400.0000"
"396.3430","0.0487","5525811200000.0000"
"396.4107","0.0487","5526811033600.0000"
"396.4798","0.0487","5527810867200.0000"
"396.5502","0.0487","5528810700800.0000"
"396.6218","0.0487","5529810534400.0000"
"396.6942","0.0487","5530810777600.0000"
"396.7675","0.0487","5531810611200.0000"
"396.8415","0.0488","5532810444800.0000"
"396.9161","0.0488","5533810278400.0000"
"396.9906","0.0488","5534810112000.0000"
"397.0638","0.0488","5535810355200.0000"
"397.1345","0.0488","5536810188800.0000"
"397.2027","0.0488","5537810022400.0000"
"397.2686","0.0488","5538809856000.0000"
"397.3326","0.0488","5539810099200.0000"
"397.3953","0.0488","5540809932800.0000"
"397.4576","0.0488","5541809766400.0000"
"397.5202","0.0488","5542810009600.0000"
"397.5838","0.0488","5543809843200.0000"
"397.6489","0.0489","5544809676800.0000"
"397.7155","0.0489","5545809510400.0000"
"397.7831","0.0489","5546809344000.0000"
"397.8511","0.0489","5547809587200.0000"
"397.9186","0.0489","5548809420800.0000"
"397.9857","0.0489","5549809664000.0000"
"398.0523","0.0489","5550809907200.0000"
"398.1189","0.0489","5551809740800.0000"
"398.1851","0.0489","5552809574400.0000"
"398.2502","0.0489","5553809817600.0000"
"398.3142","0.0489","5554809651200.0000"
"398.3770","0.0489","5555810304000.0000"
"398.4385","0.0490","5556810137600.0000"
"398.4993","0.0490","5557809971200.0000"
"398.5600","0.0490","5558810214400.0000"
"398.6213","0.0490","5559810457600.0000"
"398.6837","0.0490","5560810291200.0000"
"398.7475","0.0490","5561810944000.0000"
"398.8126","0.0490","5562810777600.0000"
"398.8787","0.0490","5563810611200.0000"
"398.9457","0.0490","5564811264000.0000"
"399.0132","0.0490","5565811097600.0000"
"399.0810","0.0490","5566811340800.0000"
"399.1486","0.0490","5567811174400.0000"
"399.2159","0.0490","5568811417600.0000"
"399.2829","0.0491","5569811251200.0000"
"399.3490","0.0491","5570811494400.0000"
"399.4138","0.0491","5571811737600.0000"
"399.4773","0.0491","5572811571200.0000"
"399.5400","0.0491","5573811404800.0000"
"399.6030","0.0491","5574811648000.0000"
"399.6674","0.0491","5575811891200.0000"
"399.7338","0.0491","5576811724800.0000"
"399.8020","0.0491","5577811968000.0000"
"399.8719","0.0491","5578812211200.0000"
"399.9428","0.0491","5579812864000.0000"
"400.0144","0.0491","5580812697600.0000"
"400.0863","0.0492","5581812531200.0000"
"400.1585","0.0492","5582813184000.0000"
"400.2311","0.0492","5583813017600.0000"
"400.3043","0.0492","5584813260800.0000"
"400.3782","0.0492","5585813504000.0000"
"400.4525","0.0492","5586813337600.0000"
"400.5266","0.0492","5587813580800.0000"
"400.5992","0.0492","5588813824000.0000"
"400.6697","0.0492","5589813657600.0000"
"400.7387","0.0492","5590813900800.0000"
"400.8075","0.0492","5591814144000.0000"
"400.8770","0.0493","5592814796800.0000"
"400.9474","0.0493","5593814630400.0000"
"401.0190","0.0493","5594814464000.0000"
"401.0913","0.0493","5595815116800.0000"
"401.1638","0.0493","5596814950400.0000"
"401.2357","0.0493","5597815193600.0000"
"401.3065","0.0493","5598815436800.0000"
"401.3765","0.0493","5599815270400.0000"
"401.4464","0.0493","5600815513600.0000"
"401.5166","0.0493","5601815347200.0000"
"401.5872","0.0493","5602815590400.0000"
"401.6584","0.0493","5603815424000.0000"
"401.7297","0.0494","5604816076800.0000"
"401.8008","0.0494","5605816729600.0000"
"401.8718","0.0494","5606816563200.0000"
"401.9428","0.0494","5607816806400.0000"
"402.0141","0.0494","5608817049600.0000"
"402.0857","0.0494","5609817292800.0000"
"402.1571","0.0494","5610817945600.0000"
"402.2281","0.0494","5611817779200.0000"
"402.2988","0.0494","5612818022400.0000"
"402.3694","0.0494","5613818265600.0000"
"402.4402","0.0494","5614818508800.0000"
"402.5110","0.0495","5615818752000.0000"
"402.5811","0.0495","5616818585600.0000"
"402.6500","0.0495","5617818828800.0000"
"402.7177","0.0495","5618818662400.0000"
"402.7841","0.0495","5619819315200.0000"
"402.8494","0.0495","5620819558400.0000"
"402.9133","0.0495","5621819801600.0000"
"402.9757","0.0495","5622819635200.0000"
"403.0368","0.0495","5623820288000.0000"
"403.0975","0.0495","5624820121600.0000"
"403.1585","0.0495","5625820364800.0000"
"403.2208","0.0495","5626820198400.0000"
"403.2844","0.0495","5627820851200.0000"
"403.3494","0.0496","5628820684800.0000"
"403.4151","0.0496","5629821337600.0000"
"403.4813","0.0496","5630821580800.0000"
"403.5480","0.0496","5631821414400.0000"
"403.6153","0.0496","5632821657600.0000"
"403.6827","0.0496","5633821900800.0000"
"403.7499","0.0496","5634822144000.0000"
"403.8169","0.0496","5635821977600.0000"
"403.8836","0.0496","5636822630400.0000"
"403.9507","0.0496","5637822464000.0000"
"404.0187","0.0496","5638822297600.0000"
"404.0885","0.0496","5639822950400.0000"
"404.1606","0.0497","5640822784000.0000"
"404.2348","0.0497","5641822617600.0000"
"404.3101","0.0497","5642822451200.0000"
"404.3856","0.0497","5643823104000.0000"
"404.4612","0.0497","5644822937600.0000"
"404.5370","0.0497","5645823180800.0000"
"404.6129","0.0497","5646823014400.0000"
"404.6886","0.0497","5647823257600.0000"
"404.7635","0.0497","5648823091200.0000"
"404.8373","0.0497","5649822924800.0000"
"404.9097","0.0497","5650823168000.0000"
"404.9807","0.0498","5651823001600.0000"
"405.0506","0.0498","5652822835200.0000"
"405.1196","0.0498","5653822668800.0000"
"405.1880","0.0498","5654822502400.0000"
"405.2561","0.0498","5655822336000.0000"
"405.3247","0.0498","5656822579200.0000"
"405.3940","0.0498","5657822412800.0000"
"405.4637","0.0498","5658822656000.0000"
"405.5334","0.0498","5659822489600.0000"
"405.6030","0.0498","5660822323200.0000"
"405.6730","0.0498","5661821747200.0000"
"405.7433","0.0499","5662821580800.0000"
"405.8138","0.0499","5663821824000.0000"
"405.8836","0.0499","5664821657600.0000"
"405.9525","0.0499","5665821081600.0000"
"406.0204","0.0499","5666820915200.0000"
"406.0875","0.0499","5667821568000.0000"
"406.1534","0.0499","5668820992000.0000"
"406.2181","0.0499","5669820825600.0000"
"406.2819","0.0499","5670820659200.0000"
"406.3451","0.0499","5671820083200.0000"
"406.4084","0.0499","5672819916800.0000"
"406.4721","0.0499","5673819750400.0000"
"406.5363","0.0499","5674819584000.0000"
"406.6004","0.0500","5675819417600.0000"
"406.6649","0.0500","5676818841600.0000"
"406.7297","0.0500","5677819084800.0000"
"406.7953","0.0500","5678819328000.0000"
"406.8611","0.0500","5679818752000.0000"
"406.9268","0.0500","5680818585600.0000"
"406.9920","0.0500","5681818419200.0000"
"407.0563","0.0500","5682817843200.0000"
"407.1192","0.0500","5683818086400.0000"
"407.1807","0.0500","5684817920000.0000"
"407.2409","0.0500","5685817344000.0000"
"407.3006","0.0500","5686817177600.0000"
"407.3607","0.0500","5687817011200.0000"
"407.4226","0.0501","5688817254400.0000"
"407.4866","0.0501","5689816678400.0000"
"407.5524","0.0501","5690816512000.0000"
"407.6190","0.0501","5691815936000.0000"
"407.6857","0.0501","5692815769600.0000"
"407.7522","0.0501","5693815603200.0000"
"407.8182","0.0501","5694815436800.0000"
"407.8837","0.0501","5695814860800.0000"
"407.9486","0.0501","5696814694400.0000"
"408.0133","0.0501","5697814528000.0000"
"408.0781","0.0501","5698814771200.0000"
"408.1428","0.0501","5699814195200.0000"
"408.2069","0.0502","5700814028800.0000"
"408.2709","0.0502","5701813862400.0000"
"408.3353","0.0502","5702813696000.0000"
"408.4012","0.0502","5703813529600.0000"
"408.4698","0.0502","5704813363200.0000"
"408.5412","0.0502","5705813196800.0000"
"408.6148","0.0502","5706813030400.0000"
"408.6896","0.0502","5707812864000.0000"
"408.7651","0.0502","5708812697600.0000"
"408.8412","0.0502","5709812531200.0000"
"408.9176","0.0502","5710812364800.0000"
"408.9941","0.0502","5711812198400.0000"
"409.0701","0.0503","5712811622400.0000"
"409.1451","0.0503","5713811865600.0000"
"409.2183","0.0503","5714811699200.0000"
"409.2896","0.0503","5715811123200.0000"
"409.3588","0.0503","5716810956800.0000"
"409.4261","0.0503","5717811200000.0000"
"409.4920","0.0503","5718811443200.0000"
"409.5575","0.0503","5719810867200.0000"
"409.6239","0.0503","5720810700800.0000"
"409.6914","0.0503","5721810534400.0000"
"409.7597","0.0503","5722810777600.0000"
"409.8280","0.0504","5723810611200.0000"
"409.8961","0.0504","5724810444800.0000"
"409.9639","0.0504","5725810688000.0000"
"410.0319","0.0504","5726810521600.0000"
"410.1003","0.0504","5727810355200.0000"
"410.1694","0.0504","5728810598400.0000"
"410.2386","0.0504","5729810841600.0000"
"410.3071","0.0504","5730811084800.0000"
"410.3742","0.0504","5731810918400.0000"
"410.4397","0.0504","5732810752000.0000"
"410.5036","0.0504","5733811404800.0000"
"410.5664","0.0504","5734811238400.0000"
"410.6293","0.0505","5735811072000.0000"
"410.6928","0.0505","5736810905600.0000"
"410.7571","0.0505","5737811148800.0000"
"410.8225","0.0505","5738811392000.0000"
"410.8888","0.0505","5739811225600.0000"
"410.9554","0.0505","5740811468800.0000"
"411.0217","0.0505","5741811302400.0000"
"411.0871","0.0505","5742811545600.0000"
"411.1513","0.0505","5743811379200.0000"
"411.2146","0.0505","5744811622400.0000"
"411.2775","0.0505","5745811456000.0000"
"411.3404","0.0505","5746811699200.0000"
"411.4031","0.0505","5747811942400.0000"
"411.4652","0.0506","5748811776000.0000"
"411.5265","0.0506","5749812019200.0000"
"411.5877","0.0506","5750811852800.0000"
"411.6499","0.0506","5751812505600.0000"
"411.7141","0.0506","5752812339200.0000"
"411.7803","0.0506","5753812992000.0000"
"411.8477","0.0506","5754812825600.0000"
"411.9156","0.0506","5755813478400.0000"
"411.9836","0.0506","5756813312000.0000"
"412.0521","0.0506","5757813555200.0000"
"412.1213","0.0506","5758813798400.0000"
"412.1909","0.0506","5759813632000.0000"
"412.2606","0.0507","5760813875200.0000"
"412.3292","0.0507","5761813708800.0000"
"412.3962","0.0507","5762813542400.0000"
"412.4617","0.0507","5763813376000.0000"
"412.5258","0.0507","5764813619200.0000"
"412.5887","0.0507","5765813862400.0000"
"412.6506","0.0507","5766813696000.0000"
"412.7119","0.0507","5767814348800.0000"
"412.7737","0.0507","5768814182400.0000"
"412.8365","0.0507","5769814425600.0000"
"412.9002","0.0507","5770814259200.0000"
"412.9642","0.0507","5771814502400.0000"
"413.0283","0.0507","5772814745600.0000"
"413.0924","0.0508","5773814579200.0000"
"413.1564","0.0508","5774814822400.0000"
"413.2205","0.0508","5775815065600.0000"
"413.2842","0.0508","5776814899200.0000"
"413.3478","0.0508","5777814732800.0000"
"413.4117","0.0508","5778815385600.0000"
"413.4756","0.0508","5779815219200.0000"
"413.5390","0.0508","5780815462400.0000"
"413.6013","0.0508","5781815705600.0000"
"413.6625","0.0508","5782815539200.0000"
"413.7224","0.0508","5783815372800.0000"
"413.7817","0.0508","5784815206400.0000"
"413.8406","0.0508","5785815859200.0000"
"413.8992","0.0509","5786815692800.0000"
"413.9579","0.0509","5787815526400.0000"
"414.0168","0.0509","5788815769600.0000"
"414.0759","0.0509","5789815603200.0000"
"414.1351","0.0509","5790815846400.0000"
"414.1942","0.0509","5791815680000.0000"
"414.2528","0.0509","5792816332800.0000"
"414.3106","0.0509","5793816166400.0000"
"414.3672","0.0509","5794816000000.0000"
"414.4221","0.0509","5795815833600.0000"
"414.4755","0.0509","5796816486400.0000"
"414.5276","0.0509","5797816320000.0000"
"414.5793","0.0509","5798816153600.0000"
"414.6317","0.0509","5799816806400.0000"
"414.6856","0.0509","5800816640000.0000"
"414.7410","0.0510","5801816473600.0000"
"414.7977","0.0510","5802816307200.0000"
"414.8551","0.0510","5803816960000.0000"
"414.9127","0.0510","5804816793600.0000"
"414.9702","0.0510","5805816627200.0000"
"415.0275","0.0510","5806816460800.0000"
"415.0852","0.0510","5807817113600.0000"
"415.1439","0.0510","5808816947200.0000"
"415.2032","0.0510","5809816780800.0000"
"415.2627","0.0510","5810817024000.0000"
"415.3221","0.0510","5811816857600.0000"
"415.3816","0.0510","5812816691200.0000"
"415.4407","0.0510","5813816524800.0000"
"415.4998","0.0510","5814816768000.0000"
"415.5599","0.0511","5815816601600.0000"
"415.6215","0.0511","5816816844800.0000"
"415.6844","0.0511","5817816678400.0000"
"415.7482","0.0511","5818816921600.0000"
"415.8128","0.0511","5819817164800.0000"
"415.8777","0.0511","5820816998400.0000"
"415.9426","0.0511","5821816832000.0000"
"416.0070","0.0511","5822817075200.0000"
"416.0711","0.0511","5823816908800.0000"
"416.1350","0.0511","5824816742400.0000"
"416.1991","0.0511","5825817395200.0000"
"416.2633","0.0511","5826817228800.0000"
"416.3272","0.0512","5827817062400.0000"
"416.3910","0.0512","5828817305600.0000"
"416.4547","0.0512","5829817548800.0000"
"416.5184","0.0512","5830817382400.0000"
"416.5820","0.0512","5831817216000.0000"
"416.6463","0.0512","5832817459200.0000"
"416.7114","0.0512","5833817292800.0000"
"416.7769","0.0512","5834817126400.0000"
"416.8423","0.0512","5835816960000.0000"
"416.9074","0.0512","5836816793600.0000"
"416.9724","0.0512","5837817036800.0000"
"417.0374","0.0512","5838816870400.0000"
"417.1019","0.0512","5839816704000.0000"
"417.1657","0.0513","5840817356800.0000"
"417.2289","0.0513","5841817190400.0000"
"417.2916","0.0513","5842817024000.0000"
"417.3535","0.0513","5843816857600.0000"
"417.4148","0.0513","5844816691200.0000"
"417.4753","0.0513","5845816934400.0000"
"417.5350","0.0513","5846816768000.0000"
"417.5947","0.0513","5847816601600.0000"
"417.6553","0.0513","5848816844800.0000"
"417.7178","0.0513","5849816678400.0000"
"417.7823","0.0513","5850816512000.0000"
"417.8484","0.0513","5851816755200.0000"
"417.9159","0.0513","5852816588800.0000"
"417.9845","0.0514","5853816832000.0000"
"418.0536","0.0514","5854816665600.0000"
"418.1227","0.0514","5855816089600.0000"
"418.1908","0.0514","5856815923200.0000"
"418.2574","0.0514","5857816166400.0000"
"418.3222","0.0514","5858816000000.0000"
"418.3856","0.0514","5859815833600.0000"
"418.4480","0.0514","5860815257600.0000"
"418.5094","0.0514","5861815091200.0000"
"418.5699","0.0514","5862815744000.0000"
"418.6302","0.0514","5863815577600.0000"
"418.6906","0.0514","5864815001600.0000"
"418.7508","0.0514","5865814835200.0000"
"418.8107","0.0515","5866815078400.0000"
"418.8707","0.0515","5867814912000.0000"
"418.9309","0.0515","5868814336000.0000"
"418.9911","0.0515","5869814169600.0000"
"419.0511","0.0515","5870814003200.0000"
"419.1106","0.0515","5871814246400.0000"
"419.1699","0.0515","5872814080000.0000"
"419.2294","0.0515","5873814323200.0000"
"419.2891","0.0515","5874814566400.0000"
"419.3491","0.0515","5875814400000.0000"
"419.4095","0.0515","5876814233600.0000"
"419.4703","0.0515","5877814067200.0000"
"419.5316","0.0515","5878813900800.0000"
"419.5937","0.0516","5879813734400.0000"
"419.6570","0.0516","5880813568000.0000"
"419.7218","0.0516","5881813401600.0000"
"419.7877","0.0516","5882813235200.0000"
"419.8539","0.0516","5883813068800.0000"
"419.9200","0.0516","5884813312000.0000"
"419.9864","0.0516","5885813145600.0000"
"420.0535","0.0516","5886812569600.0000"
"420.1214","0.0516","5887812403200.0000"
"420.1895","0.0516","5888812646400.0000"
"420.2575","0.0516","5889812480000.0000"
"420.3247","0.0516","5890812313600.0000"
"420.3902","0.0516","5891812556800.0000"
"420.4532","0.0517","5892812390400.0000"
"420.5138","0.0517","5893812224000.0000"
"420.5723","0.0517","5894812057600.0000"
"420.6297","0.0517","5895813120000.0000"
"420.6868","0.0517","5896812953600.0000"
"420.7441","0.0517","5897812787200.0000"
"420.8015","0.0517","5898812620800.0000"
"420.8589","0.0517","5899812864000.0000"
"420.9163","0.0517","5900813107200.0000"
"420.9737","0.0517","5901812940800.0000"
"421.0313","0.0517","5902812774400.0000"
"421.0894","0.0517","5903813017600.0000"
"421.1479","0.0517","5904813260800.0000"
"421.2064","0.0517","5905813094400.0000"
"421.2645","0.0518","5906813337600.0000"
"421.3220","0.0518","5907813580800.0000"
"421.3783","0.0518","5908813414400.0000"
"421.4336","0.0518","5909813657600.0000"
"421.4886","0.0518","5910813491200.0000"
"421.5439","0.0518","5911813324800.0000"
"421.6003","0.0518","5912813158400.0000"
"421.6578","0.0518","5913813811200.0000"
"421.7162","0.0518","5914813644800.0000"
"421.7751","0.0518","5915813478400.0000"
"421.8348","0.0518","5916813312000.0000"
"421.8957","0.0518","5917813964800.0000"
"421.9578","0.0518","5918813798400.0000"
"422.0205","0.0518","5919814451200.0000"
"422.0831","0.0519","5920814694400.0000"
"422.1450","0.0519","5921814937600.0000"
"422.2060","0.0519","5922814771200.0000"
"422.2662","0.0519","5923814604800.0000"
"422.3251","0.0519","5924815257600.0000"
"422.3824","0.0519","5925815091200.0000"
"422.4381","0.0519","5926814924800.0000"
"422.4932","0.0519","5927815577600.0000"
"422.5489","0.0519","5928815411200.0000"
"422.6057","0.0519","5929815244800.0000"
"422.6634","0.0519","5930815488000.0000"
"422.7219","0.0519","5931815321600.0000"
"422.7808","0.0519","5932815564800.0000"
"422.8395","0.0520","5933815398400.0000"
"422.8970","0.0520","5934815641600.0000"
"422.9534","0.0520","5935815475200.0000"
"423.0091","0.0520","5936815308800.0000"
"423.0644","0.0520","5937815142400.0000"
"423.1189","0.0520","5938815795200.0000"
"423.1729","0.0520","5939815628800.0000"
"423.2260","0.0520","5940815462400.0000"
"423.2777","0.0520","5941815705600.0000"
"423.3277","0.0520","5942815539200.0000"
"423.3769","0.0520","5943815372800.0000"
"423.4268","0.0520","5944815616000.0000"
"423.4787","0.0520","5945816268800.0000"
"423.5328","0.0520","5946816102400.0000"
"423.5886","0.0520","5947815936000.0000"
"423.6461","0.0520","5948815769600.0000"
"423.7047","0.0521","5949816012800.0000"
"423.7643","0.0521","5950815846400.0000"
"423.8245","0.0521","5951815680000.0000"
"423.8851","0.0521","5952815513600.0000"
"423.9460","0.0521","5953815756800.0000"
"424.0069","0.0521","5954815590400.0000"
"424.0675","0.0521","5955815424000.0000"
"424.1273","0.0521","5956815667200.0000"
"424.1857","0.0521","5957815500800.0000"
"424.2430","0.0521","5958815334400.0000"
"424.2999","0.0521","5959815168000.0000"
"424.3577","0.0521","5960815001600.0000"
"424.4175","0.0521","5961814835200.0000"
"424.4793","0.0522","5962815078400.0000"
"424.5429","0.0522","5963814912000.0000"
"424.6079","0.0522","5964814745600.0000"
"424.6739","0.0522","5965814579200.0000"
"424.7401","0.0522","5966814412800.0000"
"424.8059","0.0522","5967814656000.0000"
"424.8708","0.0522","5968814489600.0000"
"424.9344","0.0522","5969814323200.0000"
"424.9961","0.0522","5970814566400.0000"
"425.0560","0.0522","5971814400000.0000"
"425.1142","0.0522","5972814233600.0000"
"425.1715","0.0522","5973814476800.0000"
"425.2287","0.0522","5974814310400.0000"
"425.2867","0.0523","5975814144000.0000"
"425.3464","0.0523","5976813977600.0000"
"425.4078","0.0523","5977813811200.0000"
"425.4709","0.0523","5978814464000.0000"
"425.5345","0.0523","5979813888000.0000"
"425.5982","0.0523","5980813721600.0000"
"425.6613","0.0523","5981813555200.0000"
"425.7241","0.0523","5982813798400.0000"
"425.7870","0.0523","5983813632000.0000"
"425.8504","0.0523","5984813465600.0000"
"425.9142","0.0523","5985813299200.0000"
"425.9778","0.0523","5986813542400.0000"
"426.0404","0.0523","5987813376000.0000"
"426.1020","0.0524","5988813209600.0000"
"426.1630","0.0524","5989813452800.0000"
"426.2236","0.0524","5990813696000.0000"
"426.2845","0.0524","5991813529600.0000"
"426.3452","0.0524","5992813363200.0000"
"426.4055","0.0524","5993813606400.0000"
"426.4655","0.0524","5994813849600.0000"
"426.5257","0.0524","5995813683200.0000"
"426.5862","0.0524","5996813516800.0000"
"426.6470","0.0524","5997813760000.0000"
"426.7077","0.0524","5998813593600.0000"
"426.7682","0.0524","5999813427200.0000"
"426.8279","0.0524","6000813260800.0000"
"426.8864","0.0524","6001813913600.0000"
"426.9439","0.0525","6002813747200.0000"
"427.0005","0.0525","6003813580800.0000"
"427.0562","0.0525","6004813414400.0000"
"427.1108","0.0525","6005813657600.0000"
"427.1642","0.0525","6006813491200.0000"
"427.2164","0.0525","6007813324800.0000"
"427.2682","0.0525","6008813158400.0000"
"427.3199","0.0525","6009813401600.0000"
"427.3714","0.0525","6010813235200.0000"
"427.4223","0.0525","6011813478400.0000"
"427.4730","0.0525","6012813721600.0000"
"427.5239","0.0525","6013813964800.0000"
"427.5757","0.0525","6014813798400.0000"
"427.6286","0.0525","6015813632000.0000"
"427.6824","0.0525","6016813465600.0000"
"427.7366","0.0526","6017814118400.0000"
"427.7905","0.0526","6018813952000.0000"
"427.8438","0.0526","6019813785600.0000"
"427.8971","0.0526","6020814028800.0000"
"427.9510","0.0526","6021813862400.0000"
"428.0052","0.0526","6022814105600.0000"
"428.0596","0.0526","6023813939200.0000"
"428.1146","0.0526","6024814182400.0000"
"428.1707","0.0526","6025814425600.0000"
"428.2279","0.0526","6026814259200.0000"
"428.2859","0.0526","6027814092800.0000"
"428.3450","0.0526","6028813926400.0000"
"428.4055","0.0526","6029813760000.0000"
"428.4671","0.0526","6030813184000.0000"
"428.5295","0.0526","6031813017600.0000"
"428.5920","0.0527","6032813260800.0000"
"428.6540","0.0527","6033813094400.0000"
"428.7153","0.0527","6034812928000.0000"
"428.7761","0.0527","6035812761600.0000"
"428.8367","0.0527","6036813414400.0000"
"428.8972","0.0527","6037813248000.0000"
"428.9568","0.0527","6038813081600.0000"
"429.0152","0.0527","6039812915200.0000"
"429.0732","0.0527","6040813158400.0000"
"429.1318","0.0527","6041812992000.0000"
"429.1920","0.0527","6042812825600.0000"
"429.2538","0.0527","6043812659200.0000"
"429.3167","0.0527","6044812902400.0000"
"429.3802","0.0528","6045812736000.0000"
"429.4436","0.0528","6046812569600.0000"
"429.5069","0.0528","6047812403200.0000"
"429.5695","0.0528","6048812236800.0000"
"429.6317","0.0528","6049812480000.0000"
"429.6928","0.0528","6050812313600.0000"
"429.7523","0.0528","6051812147200.0000"
"429.8097","0.0528","6052812390400.0000"
"429.8647","0.0528","6053811814400.0000"
"429.9174","0.0528","6054811648000.0000"
"429.9687","0.0528","6055811481600.0000"
"430.0197","0.0528","6056811315200.0000"
"430.0711","0.0528","6057811558400.0000"
"430.1232","0.0528","6058811801600.0000"
"430.1762","0.0529","6059811635200.0000"
"430.2304","0.0529","6060811468800.0000"
"430.2858","0.0529","6061811712000.0000"
"430.3426","0.0529","6062811545600.0000"
"430.4003","0.0529","6063811379200.0000"
"430.4590","0.0529","6064811212800.0000"
"430.5184","0.0529","6065811456000.0000"
"430.5782","0.0529","6066811699200.0000"
"430.6382","0.0529","6067811532800.0000"
"430.6978","0.0529","6068811776000.0000"
"430.7567","0.0529","6069811609600.0000"
"430.8141","0.0529","6070811852800.0000"
"430.8705","0.0529","6071811686400.0000"
"430.9263","0.0529","6072811929600.0000"
"430.9827","0.0530","6073811763200.0000"
"431.0404","0.0530","6074812006400.0000"
"431.1000","0.0530","6075812249600.0000"
"431.1606","0.0530","6076812083200.0000"
"431.2214","0.0530","6077811916800.0000"
"431.2816","0.0530","6078812160000.0000"
"431.3407","0.0530","6079812403200.0000"
"431.3986","0.0530","6080812646400.0000"
"431.4556","0.0530","6081812480000.0000"
"431.5117","0.0530","6082813132800.0000"
"431.5670","0.0530","6083813376000.0000"
"431.6216","0.0530","6084813209600.0000"
"431.6752","0.0530","6085813452800.0000"
"431.7277","0.0530","6086814105600.0000"
"431.7794","0.0530","6087813939200.0000"
"431.8313","0.0531","6088814182400.0000"
"431.8837","0.0531","6089814425600.0000"
"431.9365","0.0531","6090814259200.0000"
"431.9897","0.0531","6091814502400.0000"
"432.0434","0.0531","6092815155200.0000"
"432.0978","0.0531","6093815398400.0000"
"432.1528","0.0531","6094815641600.0000"
"432.2084","0.0531","6095815884800.0000"
"432.2641","0.0531","6096816537600.0000"
"432.3195","0.0531","6097816371200.0000"
"432.3742","0.0531","6098817024000.0000"
"432.4282","0.0531","6099817267200.0000"
"432.4811","0.0531","6100817100800.0000"
"432.5332","0.0531","6101817344000.0000"
"432.5844","0.0531","6102817177600.0000"
"432.6355","0.0532","6103817420800.0000"
"432.6878","0.0532","6104817664000.0000"
"432.7418","0.0532","6105817907200.0000"
"432.7976","0.0532","6106817740800.0000"
"432.8547","0.0532","6107818393600.0000"
"432.9130","0.0532","6108818227200.0000"
"432.9725","0.0532","6109818470400.0000"
"433.0328","0.0532","6110819123200.0000"
"433.0940","0.0532","6111819366400.0000"
"433.1557","0.0532","6112819200000.0000"
"433.2180","0.0532","6113819852800.0000"
"433.2805","0.0532","6114819686400.0000"
"433.3428","0.0532","6115819520000.0000"
"433.4041","0.0532","6116819353600.0000"
"433.4644","0.0533","6117819596800.0000"
"433.5240","0.0533","6118819840000.0000"
"433.5831","0.0533","6119819673600.0000"
"433.6419","0.0533","6120819916800.0000"
"433.7006","0.0533","6121819750400.0000"
"433.7596","0.0533","6122819584000.0000"
"433.8188","0.0533","6123819827200.0000"
"433.8779","0.0533","6124820070400.0000"
"433.9367","0.0533","6125819904000.0000"
"433.9952","0.0533","6126819737600.0000"
"434.0536","0.0533","6127819571200.0000"
"434.1118","0.0533","6128819814400.0000"
"434.1699","0.0533","6129819648000.0000"
"434.2283","0.0533","6130819481600.0000"
"434.2874","0.0534","6131819315200.0000"
"434.3472","0.0534","6132819558400.0000"
"434.4070","0.0534","6133818982400.0000"
"434.4666","0.0534","6134819225600.0000"
"434.5257","0.0534","6135819059200.0000"
"434.5847","0.0534","6136819302400.0000"
"434.6433","0.0534","6137819136000.0000"
"434.7013","0.0534","6138818969600.0000"
"434.7584","0.0534","6139818803200.0000"
"434.8148","0.0534","6140818636800.0000"
"434.8710","0.0534","6141818880000.0000"
"434.9272","0.0534","6142818713600.0000"
"434.9833","0.0534","6143818547200.0000"
"435.0391","0.0534","6144818790400.0000"
"435.0944","0.0535","6145818624000.0000"
"435.1486","0.0535","6146818457600.0000"
"435.2015","0.0535","6147818291200.0000"
"435.2536","0.0535","6148818124800.0000"
"435.3055","0.0535","6149817548800.0000"
"435.3573","0.0535","6150817792000.0000"
"435.4093","0.0535","6151817625600.0000"
"435.4622","0.0535","6152817459200.0000"
"435.5164","0.0535","6153817702400.0000"
"435.5719","0.0535","6154817126400.0000"
"435.6282","0.0535","6155816960000.0000"
"435.6852","0.0535","6156817203200.0000"
"435.7426","0.0535","6157817036800.0000"
"435.7993","0.0535","6158817280000.0000"
"435.8547","0.0535","6159817113600.0000"
"435.9086","0.0536","6160816947200.0000"
"435.9611","0.0536","6161816780800.0000"
"436.0123","0.0536","6162816614400.0000"
"436.0621","0.0536","6163816448000.0000"
"436.1107","0.0536","6164816281600.0000"
"436.1586","0.0536","6165816115200.0000"
"436.2066","0.0536","6166816358400.0000"
"436.2552","0.0536","6167816601600.0000"
"436.3046","0.0536","6168816435200.0000"
"436.3549","0.0536","6169816268800.0000"
"436.4063","0.0536","6170816512000.0000"
"436.4587","0.0536","6171816345600.0000"
"436.5118","0.0536","6172816179200.0000"
"436.5650","0.0536","6173815603200.0000"
"436.6187","0.0536","6174815436800.0000"
"436.6727","0.0537","6175815680000.0000"
"436.7266","0.0537","6176815513600.0000"
"436.7798","0.0537","6177815347200.0000"
"436.8322","0.0537","6178816000000.0000"
"436.8842","0.0537","6179815833600.0000"
"436.9366","0.0537","6180815257600.0000"
"436.9894","0.0537","6181815091200.0000"
"437.0431","0.0537","6182814924800.0000"
"437.0973","0.0537","6183815168000.0000"
"437.1521","0.0537","6184815001600.0000"
"437.2076","0.0537","6185814835200.0000"
"437.2634","0.0537","6186814668800.0000"
"437.3192","0.0537","6187814912000.0000"
"437.3748","0.0537","6188814745600.0000"
"437.4308","0.0537","6189814988800.0000"
"437.4873","0.0538","6190814822400.0000"
"437.5446","0.0538","6191815065600.0000"
"437.6022","0.0538","6192814899200.0000"
"437.6597","0.0538","6193814732800.0000"
"437.7162","0.0538","6194814566400.0000"
"437.7714","0.0538","6195814809600.0000"
"437.8249","0.0538","6196814233600.0000"
"437.8765","0.0538","6197814067200.0000"
"437.9267","0.0538","6198813900800.0000"
"437.9760","0.0538","6199813734400.0000"
"438.0251","0.0538","6200813977600.0000"
"438.0745","0.0538","6201813811200.0000"
"438.1243","0.0538","6202813644800.0000"
"438.1744","0.0538","6203813478400.0000"
"438.2248","0.0538","6204813312000.0000"
"438.2753","0.0538","6205813145600.0000"
"438.3259","0.0539","6206812979200.0000"
"438.3766","0.0539","6207812812800.0000"
"438.4276","0.0539","6208812646400.0000"
"438.4792","0.0539","6209812480000.0000"
"438.5317","0.0539","6210812313600.0000"
"438.5857","0.0539","6211812556800.0000"
"438.6413","0.0539","6212812390400.0000"
"438.6979","0.0539","6213812633600.0000"
"438.7541","0.0539","6214812467200.0000"
"438.8091","0.0539","6215811891200.0000"
"438.8629","0.0539","6216811724800.0000"
"438.9165","0.0539","6217811558400.0000"
"438.9705","0.0539","6218811392000.0000"
"439.0259","0.0539","6219811225600.0000"
"439.0829","0.0539","6220811059200.0000"
"439.1414","0.0540","6221810892800.0000"
"439.2004","0.0540","6222810726400.0000"
"439.2592","0.0540","6223810560000.0000"
"439.3169","0.0540","6224810393600.0000"
"439.3730","0.0540","6225810227200.0000"
"439.4276","0.0540","6226810060800.0000"
"439.4810","0.0540","6227809894400.0000"
"439.5336","0.0540","6228809728000.0000"
"439.5855","0.0540","6229809561600.0000"
"439.6366","0.0540","6230809395200.0000"
"439.6872","0.0540","6231809638400.0000"
"439.7373","0.0540","6232809881600.0000"
"439.7870","0.0540","6233809715200.0000"
"439.8367","0.0540","6234809548800.0000"
"439.8870","0.0540","6235809792000.0000"
"439.9384","0.0541","6236809625600.0000"
"439.9908","0.0541","6237809459200.0000"
"440.0439","0.0541","6238809292800.0000"
"440.0974","0.0541","6239809536000.0000"
"440.1514","0.0541","6240809369600.0000"
"440.2058","0.0541","6241809612800.0000"
"440.2604","0.0541","6242809446400.0000"
"440.3149","0.0541","6243809689600.0000"
"440.3693","0.0541","6244809932800.0000"
"440.4234","0.0541","6245809766400.0000"
"440.4769","0.0541","6246810009600.0000"
"440.5296","0.0541","6247810252800.0000"
"440.5827","0.0541","6248810086400.0000"
"440.6370","0.0541","6249809920000.0000"
"440.6927","0.0541","6250810163200.0000"
"440.7497","0.0542","6251810816000.0000"
"440.8074","0.0542","6252810649600.0000"
"440.8653","0.0542","6253810483200.0000"
"440.9230","0.0542","6254810316800.0000"
"440.9801","0.0542","6255810560000.0000"
"441.0367","0.0542","6256811212800.0000"
"441.0933","0.0542","6257811456000.0000"
"441.1500","0.0542","6258812108800.0000"
"441.2067","0.0542","6259811942400.0000"
"441.2632","0.0542","6260812595200.0000"
"441.3195","0.0542","6261812428800.0000"
"441.3760","0.0542","6262813081600.0000"
"441.4325","0.0542","6263813734400.0000"
"441.4889","0.0542","6264813568000.0000"
"441.5451","0.0542","6265813401600.0000"
"441.6011","0.0543","6266813644800.0000"
"441.6567","0.0543","6267814297600.0000"
"441.7116","0.0543","6268814131200.0000"
"441.7658","0.0543","6269813964800.0000"
"441.8197","0.0543","6270814617600.0000"
"441.8739","0.0543","6271814860800.0000"
"441.9283","0.0543","6272815513600.0000"
"441.9822","0.0543","6273815347200.0000"
"442.0350","0.0543","6274816000000.0000"
"442.0868","0.0543","6275815833600.0000"
"442.1382","0.0543","6276816486400.0000"
"442.1889","0.0543","6277816320000.0000"
"442.2390","0.0543","6278816153600.0000"
"442.2882","0.0543","6279816806400.0000"
"442.3373","0.0543","6280817049600.0000"
"442.3867","0.0544","6281816883200.0000"
"442.4366","0.0544","6282817536000.0000"
"442.4873","0.0544","6283817369600.0000"
"442.5387","0.0544","6284817203200.0000"
"442.5906","0.0544","6285818265600.0000"
"442.6424","0.0544","6286818099200.0000"
"442.6940","0.0544","6287817932800.0000"
"442.7455","0.0544","6288818585600.0000"
"442.7971","0.0544","6289818419200.0000"
"442.8486","0.0544","6290818252800.0000"
"442.9000","0.0544","6291818086400.0000"
"442.9511","0.0544","6292818739200.0000"
"443.0018","0.0544","6293818572800.0000"
"443.0521","0.0544","6294818406400.0000"
"443.1020","0.0544","6295818240000.0000"
"443.1518","0.0544","6296818892800.0000"
"443.2016","0.0545","6297819136000.0000"
"443.2511","0.0545","6298818969600.0000"
"443.3001","0.0545","6299818803200.0000"
"443.3487","0.0545","6300818227200.0000"
"443.3971","0.0545","6301818880000.0000"
"443.4458","0.0545","6302818713600.0000"
"443.4945","0.0545","6303818547200.0000"
"443.5425","0.0545","6304818380800.0000"
"443.5898","0.0545","6305818214400.0000"
"443.6365","0.0545","6306818048000.0000"
"443.6830","0.0545","6307818700800.0000"
"443.7294","0.0545","6308818534400.0000"
"443.7755","0.0545","6309818777600.0000"
"443.8212","0.0545","6310819430400.0000"
"443.8660","0.0545","6311819264000.0000"
"443.9102","0.0545","6312819097600.0000"
"443.9543","0.0545","6313818931200.0000"
"443.9984","0.0546","6314818764800.0000"
"444.0425","0.0546","6315818598400.0000"
"444.0865","0.0546","6316818432000.0000"
"444.1303","0.0546","6317818265600.0000"
"444.1743","0.0546","6318818099200.0000"
"444.2188","0.0546","6319818752000.0000"
"444.2635","0.0546","6320818585600.0000"
"444.3082","0.0546","6321818828800.0000"
"444.3528","0.0546","6322818662400.0000"
"444.3976","0.0546","6323818496000.0000"
"444.4427","0.0546","6324818329600.0000"
"444.4879","0.0546","6325818163200.0000"
"444.5330","0.0546","6326818816000.0000"
"444.5778","0.0546","6327818649600.0000"
"444.6230","0.0546","6328818483200.0000"
"444.6694","0.0546","6329818316800.0000"
"444.7174","0.0546","6330818150400.0000"
"444.7666","0.0546","6331817984000.0000"
"444.8171","0.0547","6332817817600.0000"
"444.8686","0.0547","6333817651200.0000"
"444.9210","0.0547","6334818304000.0000"
"444.9738","0.0547","6335818137600.0000"
"445.0267","0.0547","6336817971200.0000"
"445.0797","0.0547","6337817804800.0000"
"445.1324","0.0547","6338818457600.0000"
"445.1847","0.0547","6339818291200.0000"
"445.2362","0.0547","6340818124800.0000"
"445.2869","0.0547","6341817958400.0000"
"445.3367","0.0547","6342817792000.0000"
"445.3857","0.0547","6343818035200.0000"
"445.4342","0.0547","6344817868800.0000"
"445.4831","0.0547","6345817702400.0000"
"445.5331","0.0547","6346818355200.0000"
"445.5841","0.0547","6347818188800.0000"
"445.6356","0.0548","6348818022400.0000"
"445.6872","0.0548","6349818675200.0000"
"445.7391","0.0548","6350818508800.0000"
"445.7914","0.0548","6351818342400.0000"
"445.8438","0.0548","6352818176000.0000"
"445.8961","0.0548","6353818009600.0000"
"445.9480","0.0548","6354818662400.0000"
"445.9998","0.0548","6355818496000.0000"
"446.0518","0.0548","6356818739200.0000"
"446.1040","0.0548","6357818982400.0000"
"446.1567","0.0548","6358818816000.0000"
"446.2101","0.0548","6359818649600.0000"
"446.2639","0.0548","6360818483200.0000"
"446.3182","0.0548","6361818316800.0000"
"446.3730","0.0548","6362818969600.0000"
"446.4281","0.0548","6363818803200.0000"
"446.4836","0.0549","6364818636800.0000"
"446.5388","0.0549","6365818470400.0000"
"446.5928","0.0549","6366818304000.0000"
"446.6452","0.0549","6367818547200.0000"
"446.6962","0.0549","6368819200000.0000"
"446.7465","0.0549","6369819033600.0000"
"446.7964","0.0549","6370818867200.0000"
"446.8460","0.0549","6371818700800.0000"
"446.8945","0.0549","6372818534400.0000"
"446.9412","0.0549","6373819187200.0000"
"446.9858","0.0549","6374819020800.0000"
"447.0290","0.0549","6375818854400.0000"
"447.0719","0.0549","6376818688000.0000"
"447.1153","0.0549","6377818521600.0000"
"447.1595","0.0549","6378818355200.0000"
"447.2046","0.0549","6379819008000.0000"
"447.2506","0.0549","6380819251200.0000"
"447.2975","0.0550","6381819084800.0000"
"447.3446","0.0550","6382818918400.0000"
"447.3914","0.0550","6383818752000.0000"
"447.4377","0.0550","6384818585600.0000"
"447.4839","0.0550","6385818419200.0000"
"447.5300","0.0550","6386818252800.0000"
"447.5760","0.0550","6387818086400.0000"
"447.6219","0.0550","6388818739200.0000"
"447.6680","0.0550","6389818572800.0000"
"447.7141","0.0550","6390817996800.0000"
"447.7597","0.0550","6391817830400.0000"
"447.8055","0.0550","6392818073600.0000"
"447.8524","0.0550","6393817907200.0000"
"447.9005","0.0550","6394817331200.0000"
"447.9496","0.0550","6395817164800.0000"
"447.9994","0.0550","6396816998400.0000"
"448.0498","0.0550","6397816832000.0000"
"448.1007","0.0551","6398816665600.0000"
"448.1519","0.0551","6399816499200.0000"
"448.2033","0.0551","6400816332800.0000"
"448.2548","0.0551","6401816576000.0000"
"448.3063","0.0551","6402816000000.0000"
"448.3579","0.0551","6403815833600.0000"
"448.4092","0.0551","6404815667200.0000"
"448.4597","0.0551","6405815500800.0000"
"448.5091","0.0551","6406816153600.0000"
"448.5568","0.0551","6407815577600.0000"
"448.6032","0.0551","6408815001600.0000"
"448.6491","0.0551","6409815244800.0000"
"448.6953","0.0551","6410815488000.0000"
"448.7414","0.0551","6411815731200.0000"
"448.7876","0.0551","6412814336000.0000"
"448.8337","0.0551","6413814579200.0000"
"448.8795","0.0551","6414814003200.0000"
"448.9250","0.0552","6415815065600.0000"
"448.9698","0.0552","6416813670400.0000"
"449.0136","0.0552","6417813913600.0000"
"449.0562","0.0552","6418814156800.0000"
"449.0975","0.0552","6419814400000.0000"
"449.1374","0.0552","6420814643200.0000"
"449.1757","0.0552","6421814067200.0000"
"449.2121","0.0552","6422814310400.0000"
"449.2465","0.0552","6423813734400.0000"
"449.2792","0.0552","6424813977600.0000"
"449.3119","0.0552","6425813401600.0000"
"449.3454","0.0552","6426813644800.0000"
"449.3802","0.0552","6427813888000.0000"
"449.4158","0.0552","6428814131200.0000"
"449.4521","0.0552","6429814374400.0000"
"449.4893","0.0552","6430813798400.0000"
"449.5277","0.0552","6431814860800.0000"
"449.5674","0.0552","6432814284800.0000"
"449.6075","0.0552","6433814528000.0000"
"449.6472","0.0552","6434814771200.0000"
"449.6865","0.0552","6435815014400.0000"
"449.7255","0.0553","6436814438400.0000"
"449.7644","0.0553","6437814681600.0000"
"449.8030","0.0553","6438814924800.0000"
"449.8409","0.0553","6439814758400.0000"
"449.8785","0.0553","6440814592000.0000"
"449.9167","0.0553","6441814425600.0000"
"449.9562","0.0553","6442814668800.0000"
"449.9972","0.0553","6443814912000.0000"
"450.0395","0.0553","6444815155200.0000"
"450.0828","0.0553","6445814579200.0000"
"450.1268","0.0553","6446814822400.0000"
"450.1715","0.0553","6447814246400.0000"
"450.2164","0.0553","6448815308800.0000"
"450.2607","0.0553","6449814732800.0000"
"450.3040","0.0553","6450814976000.0000"
"450.3467","0.0553","6451814400000.0000"
"450.3898","0.0553","6452815462400.0000"
"450.4333","0.0553","6453815705600.0000"
"450.4769","0.0553","6454815129600.0000"
"450.5207","0.0554","6455815372800.0000"
"450.5650","0.0554","6456815616000.0000"
"450.6105","0.0554","6457815859200.0000"
"450.6578","0.0554","6458815283200.0000"
"450.7066","0.0554","6459816345600.0000"
"450.7564","0.0554","6460815769600.0000"
"450.8068","0.0554","6461816012800.0000"
"450.8572","0.0554","6462815436800.0000"
"450.9073","0.0554","6463814860800.0000"
"450.9565","0.0554","6464815104000.0000"
"451.0043","0.0554","6465815347200.0000"
"451.0499","0.0554","6466815180800.0000"
"451.0932","0.0554","6467815014400.0000"
"451.1351","0.0554","6468814848000.0000"
"451.1762","0.0554","6469814681600.0000"
"451.2168","0.0554","6470814515200.0000"
"451.2570","0.0554","6471814348800.0000"
"451.2968","0.0554","6472814182400.0000"
"451.3370","0.0555","6473814016000.0000"
"451.3778","0.0555","6474813849600.0000"
"451.4195","0.0555","6475814092800.0000"
"451.4619","0.0555","6476813516800.0000"
"451.5048","0.0555","6477814579200.0000"
"451.5486","0.0555","6478814003200.0000"
"451.5933","0.0555","6479813427200.0000"
"451.6386","0.0555","6480812851200.0000"
"451.6845","0.0555","6481813913600.0000"
"451.7306","0.0555","6482813337600.0000"
"451.7767","0.0555","6483812761600.0000"
"451.8223","0.0555","6484812185600.0000"
"451.8669","0.0555","6485812428800.0000"
"451.9107","0.0555","6486812672000.0000"
"451.9538","0.0555","6487812096000.0000"
"451.9964","0.0555","6488812339200.0000"
"452.0385","0.0555","6489811763200.0000"
"452.0803","0.0555","6490811187200.0000"
"452.1220","0.0555","6491811430400.0000"
"452.1639","0.0556","6492811673600.0000"
"452.2064","0.0556","6493810278400.0000"
"452.2493","0.0556","6494810521600.0000"
"452.2926","0.0556","6495809945600.0000"
"452.3364","0.0556","6496810188800.0000"
"452.3807","0.0556","6497810432000.0000"
"452.4255","0.0556","6498809856000.0000"
"452.4709","0.0556","6499810099200.0000"
"452.5162","0.0556","6500809523200.0000"
"452.5606","0.0556","6501809766400.0000"
"452.6037","0.0556","6502809190400.0000"
"452.6455","0.0556","6503809433600.0000"
"452.6864","0.0556","6504809676800.0000"
"452.7274","0.0556","6505809100800.0000"
"452.7696","0.0556","6506808524800.0000"
"452.8135","0.0556","6507808768000.0000"
"452.8588","0.0556","6508809011200.0000"
"452.9046","0.0556","6509809254400.0000"
"452.9506","0.0557","6510808678400.0000"
"452.9965","0.0557","6511808102400.0000"
"453.0425","0.0557","6512808345600.0000"
"453.0884","0.0557","6513808588800.0000"
"453.1340","0.0557","6514808832000.0000"
"453.1787","0.0557","6515808256000.0000"
"453.2220","0.0557","6516808499200.0000"
"453.2637","0.0557","6517807923200.0000"
"453.3038","0.0557","6518808166400.0000"
"453.3423","0.0557","6519808409600.0000"
"453.3793","0.0557","6520807833600.0000"
"453.4159","0.0557","6521808076800.0000"
"453.4528","0.0557","6522808320000.0000"
"453.4905","0.0557","6523808563200.0000"
"453.5294","0.0557","6524807987200.0000"
"453.5697","0.0557","6525809049600.0000"
"453.6114","0.0557","6526808473600.0000"
"453.6543","0.0557","6527808716800.0000"
"453.6981","0.0557","6528808140800.0000"
"453.7426","0.0557","6529808793600.0000"
"453.7875","0.0558","6530809036800.0000"
"453.8323","0.0558","6531808460800.0000"
"453.8762","0.0558","6532809523200.0000"
"453.9184","0.0558","6533808947200.0000"
"453.9590","0.0558","6534809190400.0000"
"453.9986","0.0558","6535808614400.0000"
"454.0379","0.0558","6536808857600.0000"
"454.0775","0.0558","6537809100800.0000"
"454.1182","0.0558","6538809344000.0000"
"454.1603","0.0558","6539808768000.0000"
"454.2037","0.0558","6540809830400.0000"
"454.2476","0.0558","6541809254400.0000"
"454.2914","0.0558","6542809497600.0000"
"454.3346","0.0558","6543810560000.0000"
"454.3773","0.0558","6544809984000.0000"
"454.4200","0.0558","6545810227200.0000"
"454.4630","0.0558","6546810470400.0000"
"454.5067","0.0558","6547810713600.0000"
"454.5506","0.0558","6548810137600.0000"
"454.5947","0.0559","6549810790400.0000"
"454.6389","0.0559","6550811033600.0000"
"454.6828","0.0559","6551811276800.0000"
"454.7257","0.0559","6552811520000.0000"
"454.7675","0.0559","6553811763200.0000"
"454.8092","0.0559","6554811187200.0000"
"454.8518","0.0559","6555812249600.0000"
"454.8963","0.0559","6556812492800.0000"
"454.9424","0.0559","6557811916800.0000"
"454.9899","0.0559","6558812160000.0000"
"455.0380","0.0559","6559812403200.0000"
"455.0866","0.0559","6560812646400.0000"
"455.1353","0.0559","6561812070400.0000"
"455.1834","0.0559","6562813132800.0000"
"455.2309","0.0559","6563812556800.0000"
"455.2773","0.0559","6564813619200.0000"
"455.3220","0.0559","6565813043200.0000"
"455.3647","0.0559","6566813286400.0000"
"455.4053","0.0560","6567813120000.0000"
"455.4442","0.0560","6568813363200.0000"
"455.4820","0.0560","6569814425600.0000"
"455.5200","0.0560","6570813849600.0000"
"455.5591","0.0560","6571814092800.0000"
"455.5999","0.0560","6572814336000.0000"
"455.6418","0.0560","6573814579200.0000"
"455.6842","0.0560","6574814003200.0000"
"455.7272","0.0560","6575815065600.0000"
"455.7703","0.0560","6576814489600.0000"
"455.8132","0.0560","6577814732800.0000"
"455.8556","0.0560","6578814976000.0000"
"455.8971","0.0560","6579815219200.0000"
"455.9371","0.0560","6580815462400.0000"
"455.9760","0.0560","6581815705600.0000"
"456.0139","0.0560","6582815539200.0000"
"456.0511","0.0560","6583815782400.0000"
"456.0880","0.0560","6584816025600.0000"
"456.1254","0.0560","6585815449600.0000"
"456.1640","0.0560","6586816512000.0000"
"456.2046","0.0560","6587815936000.0000"
"456.2474","0.0561","6588816179200.0000"
"456.2922","0.0561","6589816422400.0000"
"456.3383","0.0561","6590816665600.0000"
"456.3850","0.0561","6591816089600.0000"
"456.4313","0.0561","6592817152000.0000"
"456.4765","0.0561","6593816576000.0000"
"456.5207","0.0561","6594816819200.0000"
"456.5645","0.0561","6595817881600.0000"
"456.6086","0.0561","6596817305600.0000"
"456.6532","0.0561","6597818368000.0000"
"456.6982","0.0561","6598817792000.0000"
"456.7431","0.0561","6599818444800.0000"
"456.7876","0.0561","6600817868800.0000"
"456.8316","0.0561","6601818112000.0000"
"456.8756","0.0561","6602818355200.0000"
"456.9203","0.0561","6603818598400.0000"
"456.9659","0.0561","6604818022400.0000"
"457.0124","0.0561","6605819084800.0000"
"457.0593","0.0562","6606818508800.0000"
"457.1064","0.0562","6607818752000.0000"
"457.1537","0.0562","6608818995200.0000"
"457.2003","0.0562","6609819238400.0000"
"457.2456","0.0562","6610819481600.0000"
"457.2896","0.0562","6611818905600.0000"
"457.3329","0.0562","6612819968000.0000"
"457.3756","0.0562","6613819392000.0000"
"457.4178","0.0562","6614819635200.0000"
"457.4591","0.0562","6615819059200.0000"
"457.4991","0.0562","6616820121600.0000"
"457.5381","0.0562","6617819545600.0000"
"457.5768","0.0562","6618819788800.0000"
"457.6160","0.0562","6619820032000.0000"
"457.6558","0.0562","6620819865600.0000"
"457.6964","0.0562","6621820928000.0000"
"457.7375","0.0562","6622820352000.0000"
"457.7792","0.0562","6623820595200.0000"
"457.8209","0.0562","6624820838400.0000"
"457.8622","0.0563","6625821081600.0000"
"457.9029","0.0563","6626820505600.0000"
"457.9429","0.0563","6627820748800.0000"
"457.9820","0.0563","6628820172800.0000"
"458.0203","0.0563","6629821235200.0000"
"458.0577","0.0563","6630820659200.0000"
"458.0947","0.0563","6631820902400.0000"
"458.1311","0.0563","6632821145600.0000"
"458.1670","0.0563","6633821388800.0000"
"458.2027","0.0563","6634821632000.0000"
"458.2384","0.0563","6635821056000.0000"
"458.2739","0.0563","6636821299200.0000"
"458.3089","0.0563","6637820723200.0000"
"458.3437","0.0563","6638820966400.0000"
"458.3786","0.0563","6639820390400.0000"
"458.4137","0.0563","6640820633600.0000"
"458.4491","0.0563","6641820876800.0000"
"458.4850","0.0563","6642821120000.0000"
"458.5215","0.0563","6643820544000.0000"
"458.5582","0.0563","6644821196800.0000"
"458.5949","0.0563","6645821440000.0000"
"458.6313","0.0563","6646820864000.0000"
"458.6673","0.0564","6647821107200.0000"
"458.7026","0.0564","6648820531200.0000"
"458.7374","0.0564","6649820774400.0000"
"458.7728","0.0564","6650820198400.0000"
"458.8104","0.0564","6651820441600.0000"
"458.8510","0.0564","6652819865600.0000"
"458.8942","0.0564","6653820928000.0000"
"458.9387","0.0564","6654819532800.0000"
"458.9834","0.0564","6655819776000.0000"
"459.0281","0.0564","6656820019200.0000"
"459.0730","0.0564","6657820262400.0000"
"459.1182","0.0564","6658820505600.0000"
"459.1635","0.0564","6659819110400.0000"
"459.2089","0.0564","6660819353600.0000"
"459.2540","0.0564","6661818777600.0000"
"459.2987","0.0564","6662819840000.0000"
"459.3427","0.0564","6663819264000.0000"
"459.3857","0.0564","6664818688000.0000"
"459.4273","0.0564","6665818112000.0000"
"459.4677","0.0565","6666819174400.0000"
"459.5072","0.0565","6667819417600.0000"
"459.5468","0.0565","6668818841600.0000"
"459.5868","0.0565","6669819084800.0000"
"459.6276","0.0565","6670818508800.0000"
"459.6690","0.0565","6671818752000.0000"
"459.7109","0.0565","6672818176000.0000"
"459.7532","0.0565","6673818419200.0000"
"459.7957","0.0565","6674818662400.0000"
"459.8379","0.0565","6675818086400.0000"
"459.8790","0.0565","6676817510400.0000"
"459.9189","0.0565","6677817753600.0000"
"459.9577","0.0565","6678818816000.0000"
"459.9954","0.0565","6679818240000.0000"
"460.0316","0.0565","6680817664000.0000"
"460.0664","0.0565","6681817088000.0000"
"460.1007","0.0565","6682817331200.0000"
"460.1354","0.0565","6683817574400.0000"
"460.1710","0.0565","6684816998400.0000"
"460.2076","0.0565","6685816422400.0000"
"460.2452","0.0565","6686816665600.0000"
"460.2831","0.0566","6687816908800.0000"
"460.3210","0.0566","6688817152000.0000"
"460.3588","0.0566","6689817395200.0000"
"460.3966","0.0566","6690816819200.0000"
"460.4343","0.0566","6691817062400.0000"
"460.4721","0.0566","6692816486400.0000"
"460.5100","0.0566","6693816729600.0000"
"460.5481","0.0566","6694816153600.0000"
"460.5859","0.0566","6695816396800.0000"
"460.6225","0.0566","6696815820800.0000"
"460.6575","0.0566","6697816064000.0000"
"460.6916","0.0566","6698815488000.0000"
"460.7254","0.0566","6699815731200.0000"
"460.7598","0.0566","6700816384000.0000"
"460.7955","0.0566","6701815808000.0000"
"460.8322","0.0566","6702816051200.0000"
"460.8694","0.0566","6703815475200.0000"
"460.9067","0.0566","6704815718400.0000"
"460.9442","0.0566","6705815142400.0000"
"460.9818","0.0566","6706815385600.0000"
"461.0196","0.0566","6707814809600.0000"
"461.0570","0.0566","6708815052800.0000"
"461.0936","0.0567","6709814476800.0000"
"461.1291","0.0567","6710814720000.0000"
"461.1638","0.0567","6711814963200.0000"
"461.1984","0.0567","6712815206400.0000"
"461.2328","0.0567","6713815449600.0000"
"461.2673","0.0567","6714814873600.0000"
"461.3023","0.0567","6715815116800.0000"
"461.3385","0.0567","6716815360000.0000"
"461.3765","0.0567","6717815603200.0000"
"461.4162","0.0567","6718815027200.0000"
"461.4568","0.0567","6719816089600.0000"
"461.4978","0.0567","6720815513600.0000"
"461.5389","0.0567","6721815756800.0000"
"461.5802","0.0567","6722816000000.0000"
"461.6216","0.0567","6723816243200.0000"
"461.6633","0.0567","6724816486400.0000"
"461.7049","0.0567","6725815910400.0000"
"461.7460","0.0567","6726816563200.0000"
"461.7858","0.0567","6727816396800.0000"
"461.8245","0.0567","6728816230400.0000"
"461.8628","0.0567","6729816064000.0000"
"461.9014","0.0567","6730815897600.0000"
"461.9411","0.0568","6731815731200.0000"
"461.9816","0.0568","6732816384000.0000"
"462.0229","0.0568","6733815808000.0000"
"462.0644","0.0568","6734816051200.0000"
"462.1060","0.0568","6735816294400.0000"
"462.1478","0.0568","6736816537600.0000"
"462.1891","0.0568","6737816780800.0000"
"462.2297","0.0568","6738816204800.0000"
"462.2697","0.0568","6739817267200.0000"
"462.3092","0.0568","6740816691200.0000"
"462.3491","0.0568","6741816934400.0000"
"462.3895","0.0568","6742817177600.0000"
"462.4302","0.0568","6743817420800.0000"
"462.4707","0.0568","6744816844800.0000"
"462.5103","0.0568","6745817907200.0000"
"462.5483","0.0568","6746817331200.0000"
"462.5850","0.0568","6747817574400.0000"
"462.6212","0.0568","6748817817600.0000"
"462.6578","0.0568","6749817651200.0000"
"462.6955","0.0568","6750817894400.0000"
"462.7346","0.0569","6751817318400.0000"
"462.7750","0.0569","6752817561600.0000"
"462.8167","0.0569","6753816985600.0000"
"462.8589","0.0569","6754817228800.0000"
"462.9006","0.0569","6755816652800.0000"
"462.9412","0.0569","6756817715200.0000"
"462.9808","0.0569","6757817139200.0000"
"463.0195","0.0569","6758817382400.0000"
"463.0569","0.0569","6759817625600.0000"
"463.0923","0.0569","6760817049600.0000"
"463.1259","0.0569","6761817292800.0000"
"463.1577","0.0569","6762817536000.0000"
"463.1885","0.0569","6763817779200.0000"
"463.2189","0.0569","6764817203200.0000"
"463.2499","0.0569","6765817446400.0000"
"463.2821","0.0569","6766816870400.0000"
"463.3153","0.0569","6767817932800.0000"
"463.3488","0.0569","6768817356800.0000"
"463.3824","0.0569","6769817600000.0000"
"463.4164","0.0569","6770817843200.0000"
"463.4508","0.0569","6771817267200.0000"
"463.4854","0.0569","6772817510400.0000"
"463.5193","0.0569","6773816934400.0000"
"463.5519","0.0570","6774817177600.0000"
"463.5830","0.0570","6775816601600.0000"
"463.6129","0.0570","6776816844800.0000"
"463.6422","0.0570","6777816268800.0000"
"463.6721","0.0570","6778816512000.0000"
"463.7037","0.0570","6779815936000.0000"
"463.7378","0.0570","6780816179200.0000"
"463.7738","0.0570","6781816422400.0000"
"463.8108","0.0570","6782815846400.0000"
"463.8477","0.0570","6783816089600.0000"
"463.8845","0.0570","6784815513600.0000"
"463.9213","0.0570","6785815756800.0000"
"463.9581","0.0570","6786815180800.0000"
"463.9950","0.0570","6787815424000.0000"
"464.0316","0.0570","6788815667200.0000"
"464.0677","0.0570","6789815910400.0000"
"464.1034","0.0570","6790815334400.0000"
"464.1390","0.0570","6791815577600.0000"
"464.1747","0.0570","6792815411200.0000"
"464.2100","0.0570","6793815244800.0000"
"464.2447","0.0570","6794815078400.0000"
"464.2790","0.0570","6795814502400.0000"
"464.3130","0.0570","6796814745600.0000"
"464.3470","0.0571","6797814988800.0000"
"464.3810","0.0571","6798815232000.0000"
"464.4154","0.0571","6799813836800.0000"
"464.4507","0.0571","6800814080000.0000"
"464.4872","0.0571","6801814323200.0000"
"464.5246","0.0571","6802814566400.0000"
"464.5627","0.0571","6803814809600.0000"
"464.6012","0.0571","6804814233600.0000"
"464.6398","0.0571","6805814476800.0000"
"464.6779","0.0571","6806813900800.0000"
"464.7150","0.0571","6807814144000.0000"
"464.7510","0.0571","6808813568000.0000"
"464.7860","0.0571","6809814630400.0000"
"464.8202","0.0571","6810814054400.0000"
"464.8542","0.0571","6811814297600.0000"
"464.8887","0.0571","6812813721600.0000"
"464.9240","0.0571","6813813964800.0000"
"464.9605","0.0571","6814813388800.0000"
"464.9982","0.0571","6815813632000.0000"
"465.0367","0.0571","6816813875200.0000"
"465.0751","0.0571","6817814118400.0000"
"465.1130","0.0571","6818814361600.0000"
"465.1503","0.0571","6819813785600.0000"
"465.1868","0.0572","6820814028800.0000"
"465.2226","0.0572","6821813452800.0000"
"465.2577","0.0572","6822813696000.0000"
"465.2913","0.0572","6823813120000.0000"
"465.3232","0.0572","6824813363200.0000"
"465.3535","0.0572","6825813606400.0000"
"465.3831","0.0572","6826813849600.0000"
"465.4122","0.0572","6827814092800.0000"
"465.4409","0.0572","6828813516800.0000"
"465.4691","0.0572","6829813760000.0000"
"465.4975","0.0572","6830813184000.0000"
"465.5261","0.0572","6831813427200.0000"
"465.5552","0.0572","6832812851200.0000"
"465.5849","0.0572","6833813504000.0000"
"465.6151","0.0572","6834812928000.0000"
"465.6456","0.0572","6835813171200.0000"
"465.6760","0.0572","6836813414400.0000"
"465.7065","0.0572","6837813657600.0000"
"465.7370","0.0572","6838813900800.0000"
"465.7665","0.0572","6839813324800.0000"
"465.7947","0.0572","6840813568000.0000"
"465.8218","0.0572","6841813811200.0000"
"465.8485","0.0572","6842814054400.0000"
"465.8754","0.0572","6843813478400.0000"
"465.9032","0.0572","6844813721600.0000"
"465.9325","0.0572","6845813145600.0000"
"465.9631","0.0572","6846813388800.0000"
"465.9945","0.0573","6847812812800.0000"
"466.0260","0.0573","6848813875200.0000"
"466.0573","0.0573","6849814118400.0000"
"466.0889","0.0573","6850813542400.0000"
"466.1209","0.0573","6851813785600.0000"
"466.1536","0.0573","6852813209600.0000"
"466.1863","0.0573","6853813452800.0000"
"466.2184","0.0573","6854812876800.0000"
"466.2491","0.0573","6855813120000.0000"
"466.2777","0.0573","6856813363200.0000"
"466.3047","0.0573","6857813606400.0000"
"466.3308","0.0573","6858813030400.0000"
"466.3565","0.0573","6859813273600.0000"
"466.3824","0.0573","6860813516800.0000"
"466.4092","0.0573","6861813350400.0000"
"466.4378","0.0573","6862813593600.0000"
"466.4682","0.0573","6863813017600.0000"
"466.5000","0.0573","6864813260800.0000"
"466.5323","0.0573","6865812684800.0000"
"466.5641","0.0573","6866812928000.0000"
"466.5948","0.0573","6867813171200.0000"
"466.6243","0.0573","6868813414400.0000"
"466.6525","0.0573","6869812838400.0000"
"466.6792","0.0573","6870813081600.0000"
"466.7044","0.0573","6871813324800.0000"
"466.7287","0.0573","6872813568000.0000"
"466.7529","0.0573","6873813811200.0000"
"466.7773","0.0573","6874813235200.0000"
"466.8024","0.0574","6875813478400.0000"
"466.8286","0.0574","6876812902400.0000"
"466.8564","0.0574","6877813145600.0000"
"466.8861","0.0574","6878812569600.0000"
"466.9174","0.0574","6879813632000.0000"
"466.9495","0.0574","6880813056000.0000"
"466.9814","0.0574","6881813299200.0000"
"467.0128","0.0574","6882813542400.0000"
"467.0436","0.0574","6883813785600.0000"
"467.0739","0.0574","6884813209600.0000"
"467.1039","0.0574","6885813452800.0000"
"467.1337","0.0574","6886814515200.0000"
"467.1631","0.0574","6887813939200.0000"
"467.1915","0.0574","6888815001600.0000"
"467.2191","0.0574","6889814425600.0000"
"467.2466","0.0574","6890814668800.0000"
"467.2752","0.0574","6891814912000.0000"
"467.3060","0.0574","6892815155200.0000"
"467.3387","0.0574","6893814579200.0000"
"467.3722","0.0574","6894814822400.0000"
"467.4055","0.0574","6895815065600.0000"
"467.4379","0.0574","6896815308800.0000"
"467.4694","0.0574","6897814732800.0000"
"467.4998","0.0574","6898814976000.0000"
"467.5293","0.0574","6899815219200.0000"
"467.5584","0.0574","6900814643200.0000"
"467.5872","0.0574","6901814886400.0000"
"467.6154","0.0575","6902814310400.0000"
"467.6430","0.0575","6903815372800.0000"
"467.6697","0.0575","6904814796800.0000"
"467.6950","0.0575","6905815040000.0000"
"467.7194","0.0575","6906815283200.0000"
"467.7434","0.0575","6907815526400.0000"
"467.7678","0.0575","6908814950400.0000"
"467.7928","0.0575","6909816012800.0000"
"467.8189","0.0575","6910816256000.0000"
"467.8463","0.0575","6911816499200.0000"
"467.8755","0.0575","6912816742400.0000"
"467.9061","0.0575","6913816166400.0000"
"467.9375","0.0575","6914816409600.0000"
"467.9689","0.0575","6915816652800.0000"
"467.9998","0.0575","6916816896000.0000"
"468.0297","0.0575","6917816320000.0000"
"468.0585","0.0575","6918816563200.0000"
"468.0860","0.0575","6919815987200.0000"
"468.1123","0.0575","6920816230400.0000"
"468.1379","0.0575","6921816473600.0000"
"468.1633","0.0575","6922816716800.0000"
"468.1896","0.0575","6923816960000.0000"
"468.2173","0.0575","6924816384000.0000"
"468.2462","0.0575","6925816627200.0000"
"468.2760","0.0575","6926816051200.0000"
"468.3058","0.0575","6927816294400.0000"
"468.3348","0.0575","6928815718400.0000"
"468.3625","0.0575","6929815961600.0000"
"468.3889","0.0575","6930815385600.0000"
"468.4138","0.0575","6931815628800.0000"
"468.4377","0.0576","6932815052800.0000"
"468.4604","0.0576","6933815296000.0000"
"468.4824","0.0576","6934815539200.0000"
"468.5038","0.0576","6935814963200.0000"
"468.5250","0.0576","6936815206400.0000"
"468.5459","0.0576","6937814630400.0000"
"468.5672","0.0576","6938814873600.0000"
"468.5894","0.0576","6939814297600.0000"
"468.6127","0.0576","6940814540800.0000"
"468.6372","0.0576","6941813964800.0000"
"468.6626","0.0576","6942814208000.0000"
"468.6888","0.0576","6943814451200.0000"
"468.7160","0.0576","6944813875200.0000"
"468.7441","0.0576","6945814118400.0000"
"468.7729","0.0576","6946812723200.0000"
"468.8018","0.0576","6947812966400.0000"
"468.8302","0.0576","6948813209600.0000"
"468.8580","0.0576","6949812633600.0000"
"468.8854","0.0576","6950812057600.0000"
"468.9130","0.0576","6951812300800.0000"
"468.9406","0.0576","6952811724800.0000"
"468.9680","0.0576","6953811968000.0000"
"468.9949","0.0576","6954812211200.0000"
"469.0214","0.0576","6955811635200.0000"
"469.0479","0.0576","6956811878400.0000"
"469.0753","0.0576","6957811302400.0000"
"469.1037","0.0576","6958811545600.0000"
"469.1329","0.0576","6959810969600.0000"
"469.1628","0.0576","6960811212800.0000"
"469.1933","0.0576","6961810636800.0000"
"469.2243","0.0576","6962811699200.0000"
"469.2552","0.0577","6963811123200.0000"
"469.2857","0.0577","6964811366400.0000"
"469.3154","0.0577","6965811609600.0000"
"469.3440","0.0577","6966811033600.0000"
"469.3710","0.0577","6967811276800.0000"
"469.3962","0.0577","6968810700800.0000"
"469.4196","0.0577","6969810944000.0000"
"469.4417","0.0577","6970810368000.0000"
"469.4633","0.0577","6971810611200.0000"
"469.4858","0.0577","6972810035200.0000"
"469.5103","0.0577","6973810278400.0000"
"469.5367","0.0577","6974810521600.0000"
"469.5647","0.0577","6975809945600.0000"
"469.5939","0.0577","6976810188800.0000"
"469.6241","0.0577","6977809612800.0000"
"469.6548","0.0577","6978810675200.0000"
"469.6857","0.0577","6979810099200.0000"
"469.7165","0.0577","6980810342400.0000"
"469.7467","0.0577","6981809766400.0000"
"469.7762","0.0577","6982810009600.0000"
"469.8048","0.0577","6983810252800.0000"
"469.8326","0.0577","6984809676800.0000"
"469.8595","0.0577","6985809920000.0000"
"469.8854","0.0577","6986810163200.0000"
"469.9111","0.0577","6987809587200.0000"
"469.9373","0.0577","6988809830400.0000"
"469.9645","0.0577","6989810073600.0000"
"469.9928","0.0577","6990809497600.0000"
"470.0219","0.0577","6991809740800.0000"
"470.0514","0.0578","6992809164800.0000"
"470.0804","0.0578","6993809408000.0000"
"470.1087","0.0578","6994809651200.0000"
"470.1364","0.0578","6995809894400.0000"
"470.1635","0.0578","6996809318400.0000"
"470.1899","0.0578","6997809561600.0000"
"470.2156","0.0578","6998808985600.0000"
"470.2402","0.0578","6999810048000.0000"
"470.2635","0.0578","7000810291200.0000"
"470.2853","0.0578","7001809715200.0000"
"470.3057","0.0578","7002809958400.0000"
"470.3250","0.0578","7003809382400.0000"
"470.3439","0.0578","7004810444800.0000"
"470.3628","0.0578","7005809868800.0000"
"470.3824","0.0578","7006810112000.0000"
"470.4032","0.0578","7007809536000.0000"
"470.4252","0.0578","7008810598400.0000"
"470.4489","0.0578","7009810022400.0000"
"470.4736","0.0578","7010810265600.0000"
"470.4986","0.0578","7011810508800.0000"
"470.5230","0.0578","7012810752000.0000"
"470.5463","0.0578","7013810995200.0000"
"470.5682","0.0578","7014810419200.0000"
"470.5890","0.0578","7015811481600.0000"
"470.6087","0.0578","7016810905600.0000"
"470.6275","0.0578","7017811148800.0000"
"470.6453","0.0578","7018810572800.0000"
"470.6621","0.0578","7019810816000.0000"
"470.6784","0.0578","7020810240000.0000"
"470.6947","0.0578","7021810483200.0000"
"470.7116","0.0578","7022810726400.0000"
"470.7294","0.0578","7023810150400.0000"
"470.7482","0.0578","7024811212800.0000"
"470.7683","0.0578","7025810636800.0000"
"470.7899","0.0578","7026810880000.0000"
"470.8131","0.0578","7027811123200.0000"
"470.8376","0.0578","7028811366400.0000"
"470.8629","0.0579","7029810790400.0000"
"470.8886","0.0579","7030811033600.0000"
"470.9146","0.0579","7031811276800.0000"
"470.9403","0.0579","7032811520000.0000"
"470.9651","0.0579","7033810944000.0000"
"470.9885","0.0579","7034811187200.0000"
"471.0105","0.0579","7035811430400.0000"
"471.0322","0.0579","7036810854400.0000"
"471.0546","0.0579","7037811097600.0000"
"471.0777","0.0579","7038811340800.0000"
"471.1012","0.0579","7039811584000.0000"
"471.1248","0.0579","7040811008000.0000"
"471.1483","0.0579","7041811251200.0000"
"471.1718","0.0579","7042810675200.0000"
"471.1960","0.0579","7043810918400.0000"
"471.2210","0.0579","7044810342400.0000"
"471.2468","0.0579","7045811404800.0000"
"471.2729","0.0579","7046810828800.0000"
"471.2990","0.0579","7047811072000.0000"
"471.3249","0.0579","7048812134400.0000"
"471.3500","0.0579","7049811558400.0000"
"471.3742","0.0579","7050811801600.0000"
"471.3976","0.0579","7051811225600.0000"
"471.4205","0.0579","7052813107200.0000"
"471.4440","0.0579","7053812531200.0000"
"471.4684","0.0579","7054812774400.0000"
"471.4937","0.0579","7055812198400.0000"
"471.5197","0.0579","7056813260800.0000"
"471.5460","0.0579","7057812684800.0000"
"471.5724","0.0579","7058812928000.0000"
"471.5990","0.0579","7059813990400.0000"
"471.6254","0.0579","7060814233600.0000"
"471.6511","0.0579","7061814476800.0000"
"471.6763","0.0580","7062814720000.0000"
"471.7011","0.0580","7063814963200.0000"
"471.7261","0.0580","7064815206400.0000"
"471.7519","0.0580","7065815449600.0000"
"471.7782","0.0580","7066815692800.0000"
"471.8045","0.0580","7067815936000.0000"
"471.8307","0.0580","7068815360000.0000"
"471.8567","0.0580","7069816422400.0000"
"471.8825","0.0580","7070815846400.0000"
"471.9082","0.0580","7071816089600.0000"
"471.9337","0.0580","7072816332800.0000"
"471.9595","0.0580","7073816576000.0000"
"471.9857","0.0580","7074816819200.0000"
"472.0120","0.0580","7075817062400.0000"
"472.0377","0.0580","7076818124800.0000"
"472.0621","0.0580","7077818368000.0000"
"472.0850","0.0580","7078818611200.0000"
"472.1068","0.0580","7079818854400.0000"
"472.1278","0.0580","7080819097600.0000"
"472.1479","0.0580","7081818521600.0000"
"472.1673","0.0580","7082820403200.0000"
"472.1861","0.0580","7083819827200.0000"
"472.2048","0.0580","7084820070400.0000"
"472.2236","0.0580","7085820313600.0000"
"472.2430","0.0580","7086820556800.0000"
"472.2632","0.0580","7087819980800.0000"
"472.2841","0.0580","7088821862400.0000"
"472.3051","0.0580","7089822105600.0000"
"472.3257","0.0580","7090821529600.0000"
"472.3455","0.0580","7091821772800.0000"
"472.3645","0.0580","7092821196800.0000"
"472.3827","0.0580","7093821440000.0000"
"472.4001","0.0580","7094820864000.0000"
"472.4165","0.0580","7095822745600.0000"
"472.4319","0.0580","7096822169600.0000"
"472.4462","0.0580","7097822412800.0000"
"472.4600","0.0580","7098821836800.0000"
"472.4744","0.0580","7099822080000.0000"
"472.4904","0.0581","7100821504000.0000"
"472.5083","0.0581","7101820928000.0000"
"472.5281","0.0581","7102821990400.0000"
"472.5495","0.0581","7103821414400.0000"
"472.5727","0.0581","7104822476800.0000"
"472.5970","0.0581","7105821900800.0000"
"472.6218","0.0581","7106822144000.0000"
"472.6465","0.0581","7107821568000.0000"
"472.6711","0.0581","7108821811200.0000"
"472.6956","0.0581","7109822054400.0000"
"472.7195","0.0581","7110820659200.0000"
"472.7423","0.0581","7111820902400.0000"
"472.7635","0.0581","7112821145600.0000"
"472.7822","0.0581","7113821388800.0000"
"472.7980","0.0581","7114820812800.0000"
"472.8114","0.0581","7115821056000.0000"
"472.8232","0.0581","7116820480000.0000"
"472.8347","0.0581","7117820723200.0000"
"472.8466","0.0581","7118819328000.0000"
"472.8596","0.0581","7119819571200.0000"
"472.8740","0.0581","7120819814400.0000"
"472.8897","0.0581","7121820057600.0000"
"472.9065","0.0581","7122819481600.0000"
"472.9239","0.0581","7123819724800.0000"
"472.9413","0.0581","7124819968000.0000"
"472.9587","0.0581","7125819392000.0000"
"472.9764","0.0581","7126819635200.0000"
"472.9938","0.0581","7127819878400.0000"
"473.0101","0.0581","7128820121600.0000"
"473.0246","0.0581","7129818726400.0000"
"473.0377","0.0581","7130818969600.0000"
"473.0501","0.0581","7131818393600.0000"
"473.0630","0.0581","7132818636800.0000"
"473.0772","0.0581","7133818060800.0000"
"473.0928","0.0581","7134818304000.0000"
"473.1096","0.0581","7135818547200.0000"
"473.1275","0.0581","7136818790400.0000"
"473.1463","0.0581","7137819033600.0000"
"473.1659","0.0581","7138818457600.0000"
"473.1863","0.0581","7139817881600.0000"
"473.2073","0.0581","7140817305600.0000"
"473.2290","0.0581","7141817548800.0000"
"473.2507","0.0581","7142816972800.0000"
"473.2722","0.0581","7143817216000.0000"
"473.2937","0.0581","7144816640000.0000"
"473.3156","0.0582","7145817702400.0000"
"473.3384","0.0582","7146817945600.0000"
"473.3611","0.0582","7147817369600.0000"
"473.3831","0.0582","7148817612800.0000"
"473.4048","0.0582","7149817036800.0000"
"473.4272","0.0582","7150817280000.0000"
"473.4511","0.0582","7151816704000.0000"
"473.4764","0.0582","7152816947200.0000"
"473.5030","0.0582","7153816371200.0000"
"473.5304","0.0582","7154817433600.0000"
"473.5579","0.0582","7155816857600.0000"
"473.5850","0.0582","7156817100800.0000"
"473.6115","0.0582","7157817344000.0000"
"473.6375","0.0582","7158816768000.0000"
"473.6629","0.0582","7159817011200.0000"
"473.6873","0.0582","7160816435200.0000"
"473.7104","0.0582","7161818316800.0000"
"473.7318","0.0582","7162817740800.0000"
"473.7516","0.0582","7163817984000.0000"
"473.7702","0.0582","7164817408000.0000"
"473.7880","0.0582","7165817651200.0000"
"473.8054","0.0582","7166817075200.0000"
"473.8223","0.0582","7167817318400.0000"
"473.8391","0.0582","7168817561600.0000"
"473.8560","0.0582","7169817804800.0000"
"473.8735","0.0582","7170818048000.0000"
"473.8918","0.0582","7171817472000.0000"
"473.9109","0.0582","7172817715200.0000"
"473.9302","0.0582","7173817139200.0000"
"473.9496","0.0582","7174817382400.0000"
"473.9687","0.0582","7175816806400.0000"
"473.9869","0.0582","7176818688000.0000"
"474.0039","0.0582","7177818112000.0000"
"474.0199","0.0582","7178818355200.0000"
"474.0356","0.0582","7179817779200.0000"
"474.0520","0.0582","7180818022400.0000"
"474.0692","0.0582","7181817446400.0000"
"474.0871","0.0582","7182817689600.0000"
"474.1053","0.0582","7183817113600.0000"
"474.1240","0.0583","7184817356800.0000"
"474.1430","0.0583","7185817600000.0000"
"474.1624","0.0583","7186817024000.0000"
"474.1816","0.0583","7187817267200.0000"
"474.2000","0.0583","7188816691200.0000"
"474.2173","0.0583","7189816934400.0000"
"474.2331","0.0583","7190816358400.0000"
"474.2473","0.0583","7191817420800.0000"
"474.2593","0.0583","7192817664000.0000"
"474.2696","0.0583","7193817088000.0000"
"474.2785","0.0583","7194817331200.0000"
"474.2869","0.0583","7195816755200.0000"
"474.2954","0.0583","7196816998400.0000"
"474.3045","0.0583","7197816422400.0000"
"474.3147","0.0583","7198816665600.0000"
"474.3261","0.0583","7199816089600.0000"
"474.3386","0.0583","7200817152000.0000"
"474.3521","0.0583","7201816576000.0000"
"474.3674","0.0583","7202816819200.0000"
"474.3845","0.0583","7203817062400.0000"
"474.4030","0.0583","7204816486400.0000"
"474.4218","0.0583","7205816729600.0000"
"474.4403","0.0583","7206816153600.0000"
"474.4585","0.0583","7207817216000.0000"
"474.4765","0.0583","7208816640000.0000"
"474.4943","0.0583","7209816883200.0000"
"474.5116","0.0583","7210816307200.0000"
"474.5278","0.0583","7211816550400.0000"
"474.5431","0.0583","7212815974400.0000"
"474.5583","0.0583","7213816217600.0000"
"474.5740","0.0583","7214815641600.0000"
"474.5908","0.0583","7215815065600.0000"
"474.6085","0.0583","7216816128000.0000"
"474.6267","0.0583","7217815552000.0000"
"474.6452","0.0583","7218816614400.0000"
"474.6645","0.0583","7219816038400.0000"
"474.6846","0.0583","7220816281600.0000"
"474.7057","0.0583","7221815705600.0000"
"474.7273","0.0583","7222815948800.0000"
"474.7487","0.0583","7223816192000.0000"
"474.7693","0.0583","7224816435200.0000"
"474.7883","0.0583","7225815859200.0000"
"474.8052","0.0583","7226816102400.0000"
"474.8203","0.0583","7227816345600.0000"
"474.8339","0.0583","7228815769600.0000"
"474.8472","0.0583","7229816012800.0000"
"474.8609","0.0583","7230815436800.0000"
"474.8755","0.0583","7231817318400.0000"
"474.8913","0.0583","7232816742400.0000"
"474.9078","0.0583","7233816985600.0000"
"474.9250","0.0583","7234816409600.0000"
"474.9427","0.0584","7235816652800.0000"
"474.9611","0.0584","7236816076800.0000"
"474.9794","0.0584","7237816320000.0000"
"474.9969","0.0584","7238816563200.0000"
"475.0130","0.0584","7239816806400.0000"
"475.0273","0.0584","7240817049600.0000"
"475.0400","0.0584","7241816473600.0000"
"475.0517","0.0584","7242816716800.0000"
"475.0628","0.0584","7243816140800.0000"
"475.0738","0.0584","7244816384000.0000"
"475.0847","0.0584","7245815808000.0000"
"475.0962","0.0584","7246816051200.0000"
"475.1087","0.0584","7247816294400.0000"
"475.1223","0.0584","7248815718400.0000"
"475.1371","0.0584","7249815961600.0000"
"475.1532","0.0584","7250815385600.0000"
"475.1707","0.0584","7251816448000.0000"
"475.1893","0.0584","7252815872000.0000"
"475.2084","0.0584","7253816934400.0000"
"475.2274","0.0584","7254816358400.0000"
"475.2456","0.0584","7255816601600.0000"
"475.2624","0.0584","7256815206400.0000"
"475.2776","0.0584","7257815449600.0000"
"475.2907","0.0584","7258814873600.0000"
"475.3016","0.0584","7259815116800.0000"
"475.3106","0.0584","7260815360000.0000"
"475.3187","0.0584","7261814784000.0000"
"475.3273","0.0584","7262815846400.0000"
"475.3366","0.0584","7263815270400.0000"
"475.3464","0.0584","7264815513600.0000"
"475.3570","0.0584","7265814937600.0000"
"475.3685","0.0584","7266815180800.0000"
"475.3807","0.0584","7267814604800.0000"
"475.3931","0.0584","7268814848000.0000"
"475.4054","0.0584","7269814272000.0000"
"475.4174","0.0584","7270814515200.0000"
"475.4286","0.0584","7271814758400.0000"
"475.4390","0.0584","7272815001600.0000"
"475.4485","0.0584","7273815244800.0000"
"475.4573","0.0584","7274814668800.0000"
"475.4653","0.0584","7275814092800.0000"
"475.4729","0.0584","7276813516800.0000"
"475.4808","0.0584","7277813760000.0000"
"475.4900","0.0584","7278813184000.0000"
"475.5009","0.0584","7279813427200.0000"
"475.5128","0.0584","7280813670400.0000"
"475.5255","0.0584","7281813913600.0000"
"475.5387","0.0584","7282813337600.0000"
"475.5523","0.0584","7283813580800.0000"
"475.5661","0.0584","7284813824000.0000"
"475.5797","0.0584","7285813248000.0000"
"475.5923","0.0584","7286812672000.0000"
"475.6037","0.0584","7287812096000.0000"
"475.6133","0.0584","7288812339200.0000"
"475.6210","0.0584","7289812582400.0000"
"475.6269","0.0584","7290812825600.0000"
"475.6316","0.0584","7291812249600.0000"
"475.6357","0.0584","7292812492800.0000"
"475.6398","0.0584","7293812736000.0000"
"475.6448","0.0584","7294812160000.0000"
"475.6510","0.0584","7295812403200.0000"
"475.6585","0.0584","7296812646400.0000"
"475.6668","0.0584","7297812889600.0000"
"475.6753","0.0584","7298812313600.0000"
"475.6835","0.0584","7299812556800.0000"
"475.6909","0.0584","7300811980800.0000"
"475.6975","0.0584","7301813043200.0000"
"475.7033","0.0584","7302812467200.0000"
"475.7083","0.0584","7303813529600.0000"
"475.7125","0.0584","7304812953600.0000"
"475.7163","0.0584","7305813196800.0000"
"475.7200","0.0584","7306813440000.0000"
"475.7236","0.0584","7307812864000.0000"
"475.7271","0.0584","7308813107200.0000"
"475.7306","0.0584","7309812531200.0000"
"475.7344","0.0584","7310812774400.0000"
"475.7389","0.0584","7311812198400.0000"
"475.7444","0.0585","7312813260800.0000"
"475.7512","0.0585","7313812684800.0000"
"475.7590","0.0585","7314812928000.0000"
"475.7676","0.0585","7315812352000.0000"
"475.7774","0.0585","7316812595200.0000"
"475.7883","0.0585","7317813657600.0000"
"475.7998","0.0585","7318813081600.0000"
"475.8113","0.0585","7319814144000.0000"
"475.8228","0.0585","7320813568000.0000"
"475.8339","0.0585","7321813811200.0000"
"475.8446","0.0585","7322813235200.0000"
"475.8543","0.0585","7323813478400.0000"
"475.8627","0.0585","7324812902400.0000"
"475.8697","0.0585","7325813145600.0000"
"475.8758","0.0585","7326813388800.0000"
"475.8818","0.0585","7327813632000.0000"
"475.8884","0.0585","7328813875200.0000"
"475.8961","0.0585","7329814118400.0000"
"475.9041","0.0585","7330814361600.0000"
"475.9119","0.0585","7331813785600.0000"
"475.9193","0.0585","7332814028800.0000"
"475.9268","0.0585","7333814272000.0000"
"475.9346","0.0585","7334814515200.0000"
"475.9424","0.0585","7335814758400.0000"
"475.9499","0.0585","7336815001600.0000"
"475.9566","0.0585","7337814425600.0000"
"475.9622","0.0585","7338814668800.0000"
"475.9666","0.0585","7339814092800.0000"
"475.9699","0.0585","7340815974400.0000"
"475.9720","0.0585","7341815398400.0000"
"475.9740","0.0585","7342815641600.0000"
"475.9763","0.0585","7343815884800.0000"
"475.9799","0.0585","7344816128000.0000"
"475.9850","0.0585","7345817190400.0000"
"475.9915","0.0585","7346816614400.0000"
"475.9985","0.0585","7347816857600.0000"
"476.0056","0.0585","7348816281600.0000"
"476.0123","0.0585","7349817344000.0000"
"476.0184","0.0585","7350816768000.0000"
"476.0238","0.0585","7351817011200.0000"
"476.0282","0.0585","7352817254400.0000"
"476.0312","0.0585","7353817497600.0000"
"476.0327","0.0585","7354817740800.0000"
"476.0327","0.0585","7355817984000.0000"
"476.0313","0.0585","7356818227200.0000"
"476.0292","0.0585","7357817651200.0000"
"476.0266","0.0585","7358817894400.0000"
"476.0243","0.0585","7359817318400.0000"
"476.0226","0.0585","7360818380800.0000"
"476.0219","0.0585","7361817804800.0000"
"476.0221","0.0585","7362818048000.0000"
"476.0229","0.0585","7363817472000.0000"
"476.0237","0.0585","7364817715200.0000"
"476.0239","0.0585","7365817958400.0000"
"476.0238","0.0585","7366819020800.0000"
"476.0234","0.0585","7367818444800.0000"
"476.0228","0.0585","7368818688000.0000"
"476.0218","0.0585","7369819750400.0000"
"476.0209","0.0585","7370819174400.0000"
"476.0201","0.0585","7371819417600.0000"
"476.0197","0.0585","7372818841600.0000"
"476.0198","0.0585","7373819904000.0000"
"476.0203","0.0585","7374819328000.0000"
"476.0211","0.0585","7375820390400.0000"
"476.0226","0.0585","7376819814400.0000"
"476.0246","0.0585","7377820057600.0000"
"476.0270","0.0585","7378819481600.0000"
"476.0293","0.0585","7379819724800.0000"
"476.0314","0.0585","7380819968000.0000"
"476.0333","0.0585","7381820211200.0000"
"476.0350","0.0585","7382820454400.0000"
"476.0359","0.0585","7383819878400.0000"
"476.0366","0.0585","7384820121600.0000"
"476.0378","0.0585","7385819545600.0000"
"476.0400","0.0585","7386819788800.0000"
"476.0433","0.0585","7387820851200.0000"
"476.0473","0.0585","7388821094400.0000"
"476.0517","0.0585","7389820518400.0000"
"476.0569","0.0585","7390820761600.0000"
"476.0637","0.0585","7391820185600.0000"
"476.0719","0.0585","7392820428800.0000"
"476.0818","0.0585","7393820672000.0000"
"476.0933","0.0585","7394820915200.0000"
"476.1060","0.0585","7395821158400.0000"
"476.1195","0.0585","7396820582400.0000"
"476.1331","0.0585","7397820825600.0000"
"476.1461","0.0585","7398820249600.0000"
"476.1584","0.0585","7399820492800.0000"
"476.1699","0.0585","7400819916800.0000"
"476.1807","0.0585","7401820160000.0000"
"476.1905","0.0585","7402819584000.0000"
"476.1991","0.0585","7403820646400.0000"
"476.2066","0.0585","7404820070400.0000"
"476.2135","0.0585","7405820313600.0000"
"476.2207","0.0585","7406819737600.0000"
"476.2289","0.0585","7407819980800.0000"
"476.2388","0.0585","7408819404800.0000"
"476.2502","0.0585","7409819648000.0000"
"476.2624","0.0585","7410819891200.0000"
"476.2748","0.0585","7411819315200.0000"
"476.2865","0.0585","7412819558400.0000"
"476.2971","0.0585","7413818982400.0000"
"476.3067","0.0585","7414819225600.0000"
"476.3152","0.0585","7415818649600.0000"
"476.3225","0.0585","7416818892800.0000"
"476.3284","0.0585","7417819136000.0000"
"476.3328","0.0585","7418818560000.0000"
"476.3354","0.0585","7419819622400.0000"
"476.3359","0.0585","7420819046400.0000"
"476.3339","0.0585","7421818470400.0000"
"476.3300","0.0585","7422817894400.0000"
"476.3258","0.0585","7423818137600.0000"
"476.3221","0.0585","7424817561600.0000"
"476.3192","0.0585","7425817804800.0000"
"476.3174","0.0585","7426818048000.0000"
"476.3161","0.0585","7427817472000.0000"
"476.3149","0.0585","7428818534400.0000"
"476.3131","0.0585","7429817958400.0000"
"476.3112","0.0585","7430817382400.0000"
"476.3092","0.0585","7431816806400.0000"
"476.3069","0.0585","7432817049600.0000"
"476.3038","0.0585","7433816473600.0000"
"476.3002","0.0585","7434816716800.0000"
"476.2963","0.0585","7435816140800.0000"
"476.2923","0.0585","7436816384000.0000"
"476.2881","0.0585","7437817446400.0000"
"476.2837","0.0585","7438816870400.0000"
"476.2797","0.0585","7439817113600.0000"
"476.2764","0.0585","7440815718400.0000"
"476.2741","0.0585","7441815961600.0000"
"476.2727","0.0585","7442815385600.0000"
"476.2724","0.0585","7443815628800.0000"
"476.2733","0.0585","7444815052800.0000"
"476.2750","0.0585","7445815296000.0000"
"476.2773","0.0585","7446815539200.0000"
"476.2794","0.0585","7447815782400.0000"
"476.2810","0.0585","7448815206400.0000"
"476.2819","0.0585","7449814630400.0000"
"476.2820","0.0585","7450814873600.0000"
"476.2806","0.0585","7451814297600.0000"
"476.2779","0.0585","7452814540800.0000"
"476.2743","0.0585","7453813145600.0000"
"476.2712","0.0585","7454813388800.0000"
"476.2692","0.0585","7455813632000.0000"
"476.2685","0.0585","7456813875200.0000"
"476.2691","0.0585","7457812480000.0000"
"476.2704","0.0585","7458812723200.0000"
"476.2718","0.0585","7459812966400.0000"
"476.2729","0.0585","7460812390400.0000"
"476.2735","0.0585","7461812633600.0000"
"476.2732","0.0585","7462812057600.0000"
"476.2715","0.0585","7463811481600.0000"
"476.2691","0.0585","7464810905600.0000"
"476.2665","0.0585","7465811148800.0000"
"476.2641","0.0585","7466811392000.0000"
"476.2621","0.0585","7467811635200.0000"
"476.2604","0.0585","7468811878400.0000"
"476.2590","0.0585","7469810483200.0000"
"476.2582","0.0585","7470810726400.0000"
"476.2584","0.0585","7471810150400.0000"
"476.2596","0.0585","7472810393600.0000"
"476.2611","0.0585","7473809817600.0000"
"476.2626","0.0585","7474810060800.0000"
"476.2642","0.0585","7475809484800.0000"
"476.2660","0.0585","7476809728000.0000"
"476.2680","0.0585","7477809152000.0000"
"476.2697","0.0585","7478809395200.0000"
"476.2709","0.0585","7479809638400.0000"
"476.2713","0.0585","7480808243200.0000"
"476.2705","0.0585","7481808486400.0000"
"476.2677","0.0585","7482807910400.0000"
"476.2624","0.0585","7483808153600.0000"
"476.2549","0.0585","7484808396800.0000"
"476.2465","0.0585","7485808640000.0000"
"476.2389","0.0585","7486808064000.0000"
"476.2335","0.0585","7487808307200.0000"
"476.2306","0.0585","7488807731200.0000"
"476.2294","0.0585","7489807974400.0000"
"476.2290","0.0585","7490808217600.0000"
"476.2289","0.0585","7491807641600.0000"
"476.2292","0.0585","7492807884800.0000"
"476.2297","0.0585","7493808128000.0000"
"476.2304","0.0585","7494808371200.0000"
"476.2312","0.0585","7495807795200.0000"
"476.2319","0.0585","7496808038400.0000"
"476.2325","0.0585","7497807462400.0000"
"476.2330","0.0585","7498807705600.0000"
"476.2328","0.0585","7499807129600.0000"
"476.2315","0.0585","7500808192000.0000"
"476.2292","0.0585","7501808435200.0000"
"476.2268","0.0585","7502807859200.0000"
"476.2247","0.0585","7503808102400.0000"
"476.2235","0.0585","7504807526400.0000"
"476.2234","0.0585","7505807769600.0000"
"476.2245","0.0585","7506807193600.0000"
"476.2265","0.0585","7507809075200.0000"
"476.2288","0.0585","7508808499200.0000"
"476.2310","0.0585","7509808742400.0000"
"476.2334","0.0585","7510808166400.0000"
"476.2358","0.0585","7511808409600.0000"
"476.2382","0.0585","7512808652800.0000"
"476.2403","0.0585","7513808896000.0000"
"476.2413","0.0585","7514809958400.0000"
"476.2404","0.0585","7515809382400.0000"
"476.2374","0.0585","7516809625600.0000"
"476.2329","0.0585","7517809868800.0000"
"476.2279","0.0585","7518810112000.0000"
"476.2231","0.0585","7519809536000.0000"
"476.2187","0.0585","7520809779200.0000"
"476.2154","0.0585","7521810022400.0000"
"476.2135","0.0585","7522810265600.0000"
"476.2129","0.0585","7523809689600.0000"
"476.2124","0.0585","7524809932800.0000"
"476.2109","0.0585","7525809356800.0000"
"476.2078","0.0585","7526810419200.0000"
"476.2029","0.0585","7527810662400.0000"
"476.1967","0.0585","7528810905600.0000"
"476.1894","0.0585","7529811148800.0000"
"476.1811","0.0585","7530811392000.0000"
"476.1718","0.0585","7531811635200.0000"
"476.1614","0.0585","7532811059200.0000"
"476.1505","0.0585","7533812940800.0000"
"476.1395","0.0585","7534812364800.0000"
"476.1291","0.0585","7535812608000.0000"
"476.1199","0.0585","7536812851200.0000"
"476.1121","0.0585","7537813094400.0000"
"476.1060","0.0585","7538812518400.0000"
"476.1017","0.0585","7539813580800.0000"
"476.0985","0.0585","7540814643200.0000"
"476.0957","0.0585","7541814067200.0000"
"476.0933","0.0585","7542814310400.0000"
"476.0909","0.0585","7543814553600.0000"
"476.0884","0.0585","7544814796800.0000"
"476.0851","0.0585","7545814220800.0000"
"476.0808","0.0585","7546814464000.0000"
"476.0757","0.0585","7547814707200.0000"
"476.0700","0.0585","7548815769600.0000"
"476.0641","0.0585","7549815193600.0000"
"476.0585","0.0585","7550815436800.0000"
"476.0542","0.0585","7551814860800.0000"
"476.0515","0.0585","7552815104000.0000"
"476.0504","0.0585","7553814528000.0000"
"476.0507","0.0585","7554815590400.0000"
"476.0523","0.0585","7555815833600.0000"
"476.0552","0.0585","7556815257600.0000"
"476.0591","0.0585","7557815500800.0000"
"476.0630","0.0585","7558814924800.0000"
"476.0664","0.0585","7559815168000.0000"
"476.0687","0.0585","7560814592000.0000"
"476.0699","0.0585","7561816473600.0000"
"476.0695","0.0585","7562815897600.0000"
"476.0678","0.0585","7563816140800.0000"
"476.0644","0.0585","7564815564800.0000"
"476.0593","0.0585","7565815808000.0000"
"476.0531","0.0585","7566816051200.0000"
"476.0467","0.0585","7567815475200.0000"
"476.0407","0.0585","7568816537600.0000"
"476.0356","0.0585","7569815961600.0000"
"476.0314","0.0585","7570816204800.0000"
"476.0279","0.0585","7571815628800.0000"
"476.0253","0.0585","7572815872000.0000"
"476.0236","0.0585","7573815296000.0000"
"476.0226","0.0585","7574815539200.0000"
"476.0216","0.0585","7575815782400.0000"
"476.0201","0.0585","7576816844800.0000"
"476.0179","0.0585","7577817088000.0000"
"476.0149","0.0585","7578816512000.0000"
"476.0108","0.0585","7579816755200.0000"
"476.0054","0.0585","7580816179200.0000"
"475.9991","0.0585","7581816422400.0000"
"475.9922","0.0585","7582816665600.0000"
"475.9851","0.0585","7583816908800.0000"
"475.9780","0.0585","7584816332800.0000"
"475.9714","0.0585","7585817395200.0000"
"475.9659","0.0585","7586816819200.0000"
"475.9613","0.0585","7587817062400.0000"
"475.9571","0.0585","7588816486400.0000"
"475.9527","0.0585","7589817548800.0000"
"475.9478","0.0585","7590817792000.0000"
"475.9424","0.0585","7591817216000.0000"
"475.9363","0.0585","7592818278400.0000"
"475.9295","0.0585","7593817702400.0000"
"475.9224","0.0585","7594817945600.0000"
"475.9149","0.0585","7595817369600.0000"
"475.9073","0.0585","7596817612800.0000"
"475.8995","0.0585","7597817036800.0000"
"475.8922","0.0585","7598817280000.0000"
"475.8860","0.0585","7599816704000.0000"
"475.8820","0.0585","7600817766400.0000"
"475.8796","0.0585","7601817190400.0000"
"475.8782","0.0585","7602817433600.0000"
"475.8774","0.0585","7603818496000.0000"
"475.8765","0.0585","7604817920000.0000"
"475.8752","0.0585","7605818982400.0000"
"475.8734","0.0585","7606818406400.0000"
"475.8715","0.0585","7607818649600.0000"
"475.8696","0.0585","7608818073600.0000"
"475.8679","0.0585","7609818316800.0000"
"475.8658","0.0585","7610819379200.0000"
"475.8624","0.0585","7611819622400.0000"
"475.8575","0.0585","7612819046400.0000"
"475.8511","0.0585","7613819289600.0000"
"475.8442","0.0585","7614819532800.0000"
"475.8377","0.0585","7615818956800.0000"
"475.8325","0.0585","7616819200000.0000"
"475.8287","0.0585","7617820262400.0000"
"475.8260","0.0585","7618820505600.0000"
"475.8238","0.0585","7619819929600.0000"
"475.8217","0.0585","7620820172800.0000"
"475.8198","0.0585","7621819596800.0000"
"475.8183","0.0585","7622819840000.0000"
"475.8173","0.0585","7623819264000.0000"
"475.8158","0.0585","7624820326400.0000"
"475.8132","0.0585","7625819750400.0000"
"475.8095","0.0585","7626819993600.0000"
"475.8051","0.0585","7627820236800.0000"
"475.8004","0.0585","7628819660800.0000"
"475.7956","0.0585","7629819904000.0000"
"475.7903","0.0585","7630819328000.0000"
"475.7845","0.0585","7631819571200.0000"
"475.7780","0.0585","7632818995200.0000"
"475.7714","0.0585","7633820057600.0000"
"475.7646","0.0585","7634819481600.0000"
"475.7574","0.0585","7635819724800.0000"
"475.7497","0.0585","7636819148800.0000"
"475.7410","0.0585","7637819392000.0000"
"475.7317","0.0584","7638819635200.0000"
"475.7222","0.0584","7639819059200.0000"
"475.7128","0.0584","7640820121600.0000"
"475.7036","0.0584","7641819545600.0000"
"475.6940","0.0584","7642818969600.0000"
"475.6832","0.0584","7643818393600.0000"
"475.6705","0.0584","7644818636800.0000"
"475.6561","0.0584","7645818060800.0000"
"475.6405","0.0584","7646818304000.0000"
"475.6251","0.0584","7647817728000.0000"
"475.6110","0.0584","7648817971200.0000"
"475.5986","0.0584","7649819033600.0000"
"475.5874","0.0584","7650818457600.0000"
"475.5769","0.0584","7651817881600.0000"
"475.5668","0.0584","7652817305600.0000"
"475.5572","0.0584","7653817548800.0000"
"475.5479","0.0584","7654816972800.0000"
"475.5388","0.0584","7655817216000.0000"
"475.5295","0.0584","7656816640000.0000"
"475.5197","0.0584","7657816883200.0000"
"475.5092","0.0584","7658817126400.0000"
"475.4989","0.0584","7659816550400.0000"
"475.4896","0.0584","7660816793600.0000"
"475.4821","0.0584","7661816217600.0000"
"475.4768","0.0584","7662816460800.0000"
"475.4738","0.0584","7663815884800.0000"
"475.4726","0.0584","7664816128000.0000"
"475.4725","0.0584","7665815552000.0000"
"475.4729","0.0584","7666815795200.0000"
"475.4734","0.0584","7667816038400.0000"
"475.4743","0.0584","7668816281600.0000"
"475.4753","0.0584","7669815705600.0000"
"475.4762","0.0584","7670815948800.0000"
"475.4772","0.0584","7671816192000.0000"
"475.4780","0.0584","7672815616000.0000"
"475.4783","0.0584","7673815859200.0000"
"475.4773","0.0584","7674816102400.0000"
"475.4748","0.0584","7675816345600.0000"
"475.4703","0.0584","7676815769600.0000"
"475.4642","0.0584","7677816012800.0000"
"475.4574","0.0584","7678815436800.0000"
"475.4506","0.0584","7679815680000.0000"
"475.4440","0.0584","7680815104000.0000"
"475.4375","0.0584","7681816985600.0000"
"475.4302","0.0584","7682816409600.0000"
"475.4217","0.0584","7683816652800.0000"
"475.4122","0.0584","7684816896000.0000"
"475.4022","0.0584","7685816320000.0000"
"475.3919","0.0584","7686816563200.0000"
"475.3816","0.0584","7687816806400.0000"
"475.3706","0.0584","7688817868800.0000"
"475.3591","0.0584","7689817292800.0000"
"475.3466","0.0584","7690817536000.0000"
"475.3333","0.0584","7691816960000.0000"
"475.3192","0.0584","7692817203200.0000"
"475.3046","0.0584","7693816627200.0000"
"475.2904","0.0584","7694816870400.0000"
"475.2776","0.0584","7695817932800.0000"
"475.2668","0.0584","7696818176000.0000"
"475.2576","0.0584","7697818419200.0000"
"475.2497","0.0584","7698817843200.0000"
"475.2424","0.0584","7699818086400.0000"
"475.2348","0.0584","7700818329600.0000"
"475.2266","0.0584","7701818572800.0000"
"475.2172","0.0584","7702818816000.0000"
"475.2062","0.0584","7703819059200.0000"
"475.1935","0.0584","7704819302400.0000"
"475.1790","0.0584","7705819545600.0000"
"475.1628","0.0584","7706818969600.0000"
"475.1450","0.0584","7707819212800.0000"
"475.1259","0.0584","7708819456000.0000"
"475.1065","0.0584","7709819699200.0000"
"475.0874","0.0584","7710819942400.0000"
"475.0697","0.0584","7711819366400.0000"
"475.0542","0.0584","7712819609600.0000"
"475.0412","0.0584","7713819033600.0000"
"475.0307","0.0584","7714820096000.0000"
"475.0221","0.0584","7715819520000.0000"
"475.0147","0.0584","7716820582400.0000"
"475.0076","0.0584","7717820006400.0000"
"475.0002","0.0584","7718820249600.0000"
"474.9927","0.0584","7719819673600.0000"
"474.9849","0.0584","7720819916800.0000"
"474.9765","0.0584","7721820160000.0000"
"474.9675","0.0584","7722819584000.0000"
"474.9579","0.0584","7723820646400.0000"
"474.9474","0.0584","7724820070400.0000"
"474.9360","0.0584","7725820313600.0000"
"474.9247","0.0583","7726819737600.0000"
"474.9147","0.0583","7727819980800.0000"
"474.9072","0.0583","7728819404800.0000"
"474.9026","0.0583","7729819648000.0000"
"474.9006","0.0583","7730819072000.0000"
"474.9005","0.0583","7731819315200.0000"
"474.9016","0.0583","7732820377600.0000"
"474.9031","0.0583","7733819801600.0000"
"474.9048","0.0583","7734820044800.0000"
"474.9058","0.0583","7735819468800.0000"
"474.9051","0.0583","7736819712000.0000"
"474.9024","0.0583","7737818316800.0000"
"474.8976","0.0583","7738818560000.0000"
"474.8912","0.0583","7739817984000.0000"
"474.8831","0.0583","7740818227200.0000"
"474.8734","0.0583","7741818470400.0000"
"474.8621","0.0583","7742817894400.0000"
"474.8498","0.0583","7743818137600.0000"
"474.8369","0.0583","7744817561600.0000"
"474.8243","0.0583","7745817804800.0000"
"474.8127","0.0583","7746817228800.0000"
"474.8026","0.0583","7747816652800.0000"
"474.7939","0.0583","7748816076800.0000"
"474.7861","0.0583","7749816320000.0000"
"474.7787","0.0583","7750816563200.0000"
"474.7715","0.0583","7751816806400.0000"
"474.7640","0.0583","7752816230400.0000"
"474.7562","0.0583","7753816473600.0000"
"474.7480","0.0583","7754816716800.0000"
"474.7392","0.0583","7755815321600.0000"
"474.7297","0.0583","7756815564800.0000"
"474.7198","0.0583","7757814988800.0000"
"474.7102","0.0583","7758815232000.0000"
"474.7018","0.0583","7759815475200.0000"
"474.6952","0.0583","7760815718400.0000"
"474.6904","0.0583","7761815142400.0000"
"474.6866","0.0583","7762815385600.0000"
"474.6827","0.0583","7763815628800.0000"
"474.6780","0.0583","7764815052800.0000"
"474.6718","0.0583","7765815296000.0000"
"474.6639","0.0583","7766813900800.0000"
"474.6542","0.0583","7767814144000.0000"
"474.6425","0.0583","7768814387200.0000"
"474.6288","0.0583","7769814630400.0000"
"474.6133","0.0583","7770814054400.0000"
"474.5961","0.0583","7771814297600.0000"
"474.5772","0.0583","7772813721600.0000"
"474.5565","0.0583","7773813964800.0000"
"474.5347","0.0583","7774814208000.0000"
"474.5131","0.0583","7775813632000.0000"
"474.4929","0.0583","7776813875200.0000"
"474.4741","0.0583","7777814937600.0000"
"474.4568","0.0583","7778815180800.0000"
"474.4405","0.0583","7779814604800.0000"
"474.4248","0.0583","7780814848000.0000"
"474.4096","0.0583","7781814272000.0000"
"474.3949","0.0583","7782814515200.0000"
"474.3803","0.0583","7783813939200.0000"
"474.3657","0.0583","7784815001600.0000"
"474.3506","0.0583","7785814425600.0000"
"474.3350","0.0583","7786814668800.0000"
"474.3183","0.0583","7787814912000.0000"
"474.3002","0.0583","7788814336000.0000"
"474.2814","0.0583","7789814579200.0000"
"474.2627","0.0583","7790814003200.0000"
"474.2450","0.0583","7791814246400.0000"
"474.2282","0.0583","7792814489600.0000"
"474.2122","0.0583","7793813913600.0000"
"474.1963","0.0583","7794814156800.0000"
"474.1801","0.0583","7795814400000.0000"
"474.1637","0.0583","7796813824000.0000"
"474.1472","0.0583","7797814067200.0000"
"474.1312","0.0583","7798814310400.0000"
"474.1157","0.0583","7799814553600.0000"
"474.1005","0.0582","7800814796800.0000"
"474.0859","0.0582","7801814220800.0000"
"474.0722","0.0582","7802814464000.0000"
"474.0593","0.0582","7803813888000.0000"
"474.0466","0.0582","7804814131200.0000"
"474.0339","0.0582","7805813555200.0000"
"474.0208","0.0582","7806813798400.0000"
"474.0080","0.0582","7807814860800.0000"
"473.9961","0.0582","7808815104000.0000"
"473.9858","0.0582","7809814528000.0000"
"473.9772","0.0582","7810814771200.0000"
"473.9704","0.0582","7811815014400.0000"
"473.9650","0.0582","7812814438400.0000"
"473.9603","0.0582","7813813862400.0000"
"473.9558","0.0582","7814814105600.0000"
"473.9511","0.0582","7815814348800.0000"
"473.9460","0.0582","7816813772800.0000"
"473.9407","0.0582","7817814016000.0000"
"473.9347","0.0582","7818813440000.0000"
"473.9272","0.0582","7819813683200.0000"
"473.9182","0.0582","7820813107200.0000"
"473.9079","0.0582","7821813350400.0000"
"473.8967","0.0582","7822813593600.0000"
"473.8853","0.0582","7823813836800.0000"
"473.8742","0.0582","7824814080000.0000"
"473.8639","0.0582","7825813504000.0000"
"473.8544","0.0582","7826814566400.0000"
"473.8458","0.0582","7827813990400.0000"
"473.8382","0.0582","7828814233600.0000"
"473.8309","0.0582","7829813657600.0000"
"473.8236","0.0582","7830814720000.0000"
"473.8152","0.0582","7831814144000.0000"
"473.8053","0.0582","7832814387200.0000"
"473.7935","0.0582","7833814630400.0000"
"473.7802","0.0582","7834814054400.0000"
"473.7655","0.0582","7835814297600.0000"
"473.7495","0.0582","7836813721600.0000"
"473.7324","0.0582","7837814784000.0000"
"473.7144","0.0582","7838814208000.0000"
"473.6958","0.0582","7839814451200.0000"
"473.6771","0.0582","7840813875200.0000"
"473.6590","0.0582","7841814118400.0000"
"473.6418","0.0582","7842813542400.0000"
"473.6256","0.0582","7843813785600.0000"
"473.6103","0.0582","7844814028800.0000"
"473.5955","0.0582","7845813452800.0000"
"473.5811","0.0582","7846815334400.0000"
"473.5667","0.0582","7847814758400.0000"
"473.5518","0.0582","7848815001600.0000"
"473.5359","0.0582","7849814425600.0000"
"473.5192","0.0582","7850814668800.0000"
"473.5019","0.0582","7851814092800.0000"
"473.4842","0.0582","7852815155200.0000"
"473.4659","0.0582","7853814579200.0000"
"473.4471","0.0582","7854814822400.0000"
"473.4285","0.0582","7855814246400.0000"
"473.4105","0.0582","7856814489600.0000"
"473.3936","0.0582","7857815552000.0000"
"473.3780","0.0582","7858815795200.0000"
"473.3633","0.0582","7859816038400.0000"
"473.3491","0.0582","7860815462400.0000"
"473.3351","0.0582","7861815705600.0000"
"473.3214","0.0582","7862815948800.0000"
"473.3082","0.0582","7863816192000.0000"
"473.2954","0.0581","7864815616000.0000"
"473.2824","0.0581","7865816678400.0000"
"473.2685","0.0581","7866816102400.0000"
"473.2531","0.0581","7867817164800.0000"
"473.2362","0.0581","7868816588800.0000"
"473.2179","0.0581","7869816832000.0000"
"473.1985","0.0581","7870817075200.0000"
"473.1787","0.0581","7871817318400.0000"
"473.1592","0.0581","7872818380800.0000"
"473.1401","0.0581","7873817804800.0000"
"473.1216","0.0581","7874818867200.0000"
"473.1036","0.0581","7875818291200.0000"
"473.0862","0.0581","7876818534400.0000"
"473.0689","0.0581","7877817958400.0000"
"473.0518","0.0581","7878819840000.0000"
"473.0348","0.0581","7879819264000.0000"
"473.0176","0.0581","7880819507200.0000"
"473.0001","0.0581","7881818931200.0000"
"472.9822","0.0581","7882819174400.0000"
"472.9636","0.0581","7883819417600.0000"
"472.9436","0.0581","7884819660800.0000"
"472.9218","0.0581","7885819904000.0000"
"472.8980","0.0581","7886819328000.0000"
"472.8727","0.0581","7887819571200.0000"
"472.8467","0.0581","7888818995200.0000"
"472.8212","0.0581","7889819238400.0000"
"472.7964","0.0581","7890818662400.0000"
"472.7724","0.0581","7891818905600.0000"
"472.7492","0.0581","7892818329600.0000"
"472.7268","0.0581","7893819392000.0000"
"472.7050","0.0581","7894818816000.0000"
"472.6840","0.0581","7895819059200.0000"
"472.6635","0.0581","7896819302400.0000"
"472.6436","0.0581","7897818726400.0000"
"472.6240","0.0581","7898818969600.0000"
"472.6047","0.0581","7899818393600.0000"
"472.5856","0.0581","7900819456000.0000"
"472.5665","0.0581","7901818880000.0000"
"472.5474","0.0581","7902818304000.0000"
"472.5287","0.0581","7903817728000.0000"
"472.5114","0.0581","7904817971200.0000"
"472.4956","0.0581","7905817395200.0000"
"472.4812","0.0580","7906817638400.0000"
"472.4684","0.0580","7907817062400.0000"
"472.4572","0.0580","7908816486400.0000"
"472.4470","0.0580","7909816729600.0000"
"472.4366","0.0580","7910816153600.0000"
"472.4253","0.0580","7911816396800.0000"
"472.4124","0.0580","7912815820800.0000"
"472.3983","0.0580","7913816064000.0000"
"472.3828","0.0580","7914814668800.0000"
"472.3662","0.0580","7915814912000.0000"
"472.3484","0.0580","7916815155200.0000"
"472.3289","0.0580","7917814579200.0000"
"472.3077","0.0580","7918814003200.0000"
"472.2856","0.0580","7919813427200.0000"
"472.2639","0.0580","7920813670400.0000"
"472.2440","0.0580","7921813094400.0000"
"472.2262","0.0580","7922813337600.0000"
"472.2108","0.0580","7923812761600.0000"
"472.1970","0.0580","7924813004800.0000"
"472.1843","0.0580","7925812428800.0000"
"472.1723","0.0580","7926812672000.0000"
"472.1604","0.0580","7927812096000.0000"
"472.1483","0.0580","7928811520000.0000"
"472.1358","0.0580","7929811763200.0000"
"472.1225","0.0580","7930811187200.0000"
"472.1083","0.0580","7931810611200.0000"
"472.0929","0.0580","7932810035200.0000"
"472.0767","0.0580","7933811097600.0000"
"472.0596","0.0580","7934810521600.0000"
"472.0421","0.0580","7935809945600.0000"
"472.0250","0.0580","7936810188800.0000"
"472.0089","0.0580","7937809612800.0000"
"471.9935","0.0580","7938809856000.0000"
"471.9785","0.0580","7939809280000.0000"
"471.9637","0.0580","7940809523200.0000"
"471.9492","0.0580","7941808947200.0000"
"471.9344","0.0580","7942809190400.0000"
"471.9192","0.0580","7943808614400.0000"
"471.9035","0.0580","7944808857600.0000"
"471.8876","0.0580","7945808281600.0000"
"471.8717","0.0580","7946808524800.0000"
"471.8558","0.0580","7947808768000.0000"
"471.8399","0.0580","7948808192000.0000"
"471.8238","0.0580","7949808435200.0000"
"471.8073","0.0580","7950807859200.0000"
"471.7903","0.0580","7951808921600.0000"
"471.7731","0.0580","7952808345600.0000"
"471.7565","0.0580","7953808588800.0000"
"471.7408","0.0580","7954808012800.0000"
"471.7263","0.0580","7955808256000.0000"
"471.7128","0.0580","7956807680000.0000"
"471.6997","0.0580","7957807923200.0000"
"471.6866","0.0580","7958808985600.0000"
"471.6739","0.0580","7959808409600.0000"
"471.6617","0.0579","7960808652800.0000"
"471.6497","0.0579","7961808076800.0000"
"471.6377","0.0579","7962808320000.0000"
"471.6250","0.0579","7963808563200.0000"
"471.6111","0.0579","7964808806400.0000"
"471.5958","0.0579","7965809049600.0000"
"471.5791","0.0579","7966809292800.0000"
"471.5614","0.0579","7967808716800.0000"
"471.5435","0.0579","7968808960000.0000"
"471.5259","0.0579","7969809203200.0000"
"471.5088","0.0579","7970808627200.0000"
"471.4925","0.0579","7971809689600.0000"
"471.4770","0.0579","7972809932800.0000"
"471.4623","0.0579","7973810176000.0000"
"471.4486","0.0579","7974809600000.0000"
"471.4360","0.0579","7975809843200.0000"
"471.4241","0.0579","7976809267200.0000"
"471.4123","0.0579","7977809510400.0000"
"471.3999","0.0579","7978809753600.0000"
"471.3866","0.0579","7979810816000.0000"
"471.3718","0.0579","7980810240000.0000"
"471.3552","0.0579","7981810483200.0000"
"471.3371","0.0579","7982810726400.0000"
"471.3188","0.0579","7983810150400.0000"
"471.3007","0.0579","7984810393600.0000"
"471.2833","0.0579","7985809817600.0000"
"471.2669","0.0579","7986810060800.0000"
"471.2523","0.0579","7987809484800.0000"
"471.2393","0.0579","7988810547200.0000"
"471.2273","0.0579","7989810790400.0000"
"471.2152","0.0579","7990810214400.0000"
"471.2024","0.0579","7991810457600.0000"
"471.1884","0.0579","7992809881600.0000"
"471.1733","0.0579","7993810124800.0000"
"471.1571","0.0579","7994809548800.0000"
"471.1395","0.0579","7995811430400.0000"
"471.1207","0.0579","7996810854400.0000"
"471.1009","0.0579","7997811097600.0000"
"471.0807","0.0579","7998810521600.0000"
"471.0610","0.0579","7999810764800.0000"
"471.0420","0.0579","8000810188800.0000"
