ISO-10303-21;
HEADER;
/* Generated by software containing ST-Developer
 * from STEP Tools, Inc. (www.steptools.com) 
 */

FILE_DESCRIPTION(
/* description */ ('id2'),
/* implementation_level */ '2;1');

FILE_NAME(
/* name */ 'id2.step',
/* time_stamp */ '2026-04-10T12:46:37-06:00',
/* author */ (''),
/* organization */ (''),
/* preprocessor_version */ 'ST-DEVELOPER v20.1',
/* originating_system */ 'Autodesk Translation Framework v14.24.0.0',
/* authorisation */ '');

FILE_SCHEMA (('AUTOMOTIVE_DESIGN { 1 0 10303 214 3 1 1 }'));
ENDSEC;

DATA;
#10=MECHANICAL_DESIGN_GEOMETRIC_PRESENTATION_REPRESENTATION('',(#13),#1533);
#11=SHAPE_REPRESENTATION_RELATIONSHIP('SRR','None',#1540,#12);
#12=ADVANCED_BREP_SHAPE_REPRESENTATION('',(#14),#1532);
#13=STYLED_ITEM('',(#1550),#14);
#14=MANIFOLD_SOLID_BREP('QuarterSurround',#532);
#15=(
BOUNDED_SURFACE()
B_SPLINE_SURFACE(3,3,((#951,#952,#953,#954,#955,#956,#957,#958,#959,#960,
#961,#962,#963),(#964,#965,#966,#967,#968,#969,#970,#971,#972,#973,#974,
#975,#976),(#977,#978,#979,#980,#981,#982,#983,#984,#985,#986,#987,#988,
#989),(#990,#991,#992,#993,#994,#995,#996,#997,#998,#999,#1000,#1001,#1002)),
 .UNSPECIFIED.,.F.,.F.,.F.)
B_SPLINE_SURFACE_WITH_KNOTS((4,4),(4,1,1,1,1,1,1,1,1,1,4),(0.000543048700172417,
0.999456953269088),(0.0142163133552983,0.0967519692311434,0.197928751257486,
0.299105533283808,0.400282315310131,0.501459097336454,0.602635879362876,
0.703812661389099,0.804989443415421,0.906166225441844,1.),.UNSPECIFIED.)
GEOMETRIC_REPRESENTATION_ITEM()
RATIONAL_B_SPLINE_SURFACE(((1.18685618225677,1.18685618225677,1.18685618225677,
1.18685618225677,1.18685618225677,1.18685618225677,1.18685618225677,1.18685618225677,
1.18685618225677,1.18685618225677,1.18685618225677,1.18685618225677,1.18685618225677),
(0.937714605423252,0.937714605423252,0.937714605423252,0.937714605423252,
0.937714605423252,0.937714605423252,0.937714605423252,0.937714605423252,
0.937714605423252,0.937714605423252,0.937714605423252,0.937714605423252,
0.937714605423252),(0.937714605914411,0.937714605914411,0.937714605914411,
0.93771460591441,0.93771460591441,0.93771460591441,0.93771460591441,0.93771460591441,
0.93771460591441,0.93771460591441,0.93771460591441,0.93771460591441,0.93771460591441),
(1.18685618373024,1.18685618373024,1.18685618373024,1.18685618373024,1.18685618373024,
1.18685618373024,1.18685618373024,1.18685618373024,1.18685618373024,1.18685618373024,
1.18685618373024,1.18685618373024,1.18685618373024)))
REPRESENTATION_ITEM('')
SURFACE()
);
#16=(
BOUNDED_SURFACE()
B_SPLINE_SURFACE(3,3,((#1314,#1315,#1316,#1317,#1318,#1319,#1320,#1321,
#1322,#1323,#1324),(#1325,#1326,#1327,#1328,#1329,#1330,#1331,#1332,#1333,
#1334,#1335),(#1336,#1337,#1338,#1339,#1340,#1341,#1342,#1343,#1344,#1345,
#1346),(#1347,#1348,#1349,#1350,#1351,#1352,#1353,#1354,#1355,#1356,#1357)),
 .UNSPECIFIED.,.F.,.F.,.F.)
B_SPLINE_SURFACE_WITH_KNOTS((4,4),(4,1,1,1,1,1,1,1,4),(0.000515571722600059,
0.999484428277171),(0.,0.0838656883600621,0.221066119668288,0.358266550976562,
0.495466982284835,0.63266741359299,0.769867844901381,0.907068276209654,
1.),.UNSPECIFIED.)
GEOMETRIC_REPRESENTATION_ITEM()
RATIONAL_B_SPLINE_SURFACE(((1.18687674211466,1.18687674211466,1.18687674211466,
1.18687674211466,1.18687674211466,1.18687674211466,1.18687674211466,1.18687674211466,
1.18687674211466,1.18687674211466,1.18687674211466),(0.937707752628503,
0.937707752628503,0.937707752628503,0.937707752628503,0.937707752628503,
0.937707752628503,0.937707752628503,0.937707752628503,0.937707752628503,
0.937707752628503,0.937707752628503),(0.937707752628446,0.937707752628446,
0.937707752628446,0.937707752628446,0.937707752628446,0.937707752628446,
0.937707752628446,0.937707752628446,0.937707752628446,0.937707752628446,
0.937707752628446),(1.18687674211449,1.18687674211449,1.18687674211449,
1.18687674211449,1.18687674211449,1.18687674211449,1.18687674211449,1.18687674211449,
1.18687674211449,1.18687674211449,1.18687674211449)))
REPRESENTATION_ITEM('')
SURFACE()
);
#17=B_SPLINE_SURFACE_WITH_KNOTS('',3,1,((#912,#913),(#914,#915),(#916,#917),
(#918,#919),(#920,#921),(#922,#923),(#924,#925),(#926,#927),(#928,#929),
(#930,#931),(#932,#933),(#934,#935),(#936,#937)),.UNSPECIFIED.,.F.,.F.,
 .F.,(4,1,1,1,1,1,1,1,1,1,4),(2,2),(-0.00321025406760223,0.0849105117248645,
0.189113522588243,0.293316533451683,0.39751954431502,0.50172255517846,0.6059255660419,
0.710128576905237,0.814331587768677,0.918534598632117,1.00320282665688),
(0.,20.3457998322763),.UNSPECIFIED.);
#18=B_SPLINE_SURFACE_WITH_KNOTS('',3,1,((#1190,#1191),(#1192,#1193),(#1194,
#1195),(#1196,#1197),(#1198,#1199),(#1200,#1201),(#1202,#1203),(#1204,#1205),
(#1206,#1207),(#1208,#1209),(#1210,#1211),(#1212,#1213),(#1214,#1215)),
 .UNSPECIFIED.,.F.,.F.,.F.,(4,1,1,1,1,1,1,1,1,1,4),(2,2),(-0.000117052597611198,
0.084909306375915,0.18911082952096,0.293312352666129,0.397513875811195,
0.501715398956261,0.605916922101326,0.710118445246392,0.814319968391458,
0.918521491536524,1.00009554684648),(0.,39.5339690327103),.UNSPECIFIED.);
#19=B_SPLINE_SURFACE_WITH_KNOTS('',3,1,((#1279,#1280),(#1281,#1282),(#1283,
#1284),(#1285,#1286),(#1287,#1288),(#1289,#1290),(#1291,#1292),(#1293,#1294),
(#1295,#1296),(#1297,#1298),(#1299,#1300)),.UNSPECIFIED.,.F.,.F.,.F.,(4,
1,1,1,1,1,1,1,4),(2,2),(-0.000959228118695282,0.065960790742726,0.188486322641967,
0.311011854541165,0.433537386440469,0.556062918339878,0.678588450239076,
0.80111398213838,0.867799943803923),(0.,20.3456437597028),.UNSPECIFIED.);
#20=B_SPLINE_SURFACE_WITH_KNOTS('',3,1,((#1501,#1502),(#1503,#1504),(#1505,
#1506),(#1507,#1508),(#1509,#1510),(#1511,#1512),(#1513,#1514),(#1515,#1516),
(#1517,#1518),(#1519,#1520),(#1521,#1522)),.UNSPECIFIED.,.F.,.F.,.F.,(4,
1,1,1,1,1,1,1,4),(2,2),(-0.000534385015311096,0.0659609382204406,0.188486450773845,
0.31101196332725,0.433537475880654,0.556062988434164,0.678588500987569,
0.801114013541078,0.867772210403325),(0.,39.534183210072),.UNSPECIFIED.);
#21=TOROIDAL_SURFACE('',#566,202.3371225323,1.000168482144);
#22=TOROIDAL_SURFACE('',#572,235.1785144339,1.000170485349);
#23=TOROIDAL_SURFACE('',#588,194.0877967539,8.003978314279);
#24=TOROIDAL_SURFACE('',#593,243.491376318961,8.);
#25=CYLINDRICAL_SURFACE('',#551,8.);
#26=CYLINDRICAL_SURFACE('',#553,8.004043995774);
#27=CYLINDRICAL_SURFACE('',#560,1.000167862494);
#28=CYLINDRICAL_SURFACE('',#562,1.00016707525);
#29=CYLINDRICAL_SURFACE('',#571,1.00016707525);
#30=CYLINDRICAL_SURFACE('',#574,1.000167862495);
#31=CYLINDRICAL_SURFACE('',#578,258.0882843611);
#32=CYLINDRICAL_SURFACE('',#581,179.2);
#33=CYLINDRICAL_SURFACE('',#586,8.004043996671);
#34=CYLINDRICAL_SURFACE('',#591,8.);
#35=FACE_OUTER_BOUND('',#65,.T.);
#36=FACE_OUTER_BOUND('',#66,.T.);
#37=FACE_OUTER_BOUND('',#67,.T.);
#38=FACE_OUTER_BOUND('',#68,.T.);
#39=FACE_OUTER_BOUND('',#69,.T.);
#40=FACE_OUTER_BOUND('',#70,.T.);
#41=FACE_OUTER_BOUND('',#71,.T.);
#42=FACE_OUTER_BOUND('',#72,.T.);
#43=FACE_OUTER_BOUND('',#73,.T.);
#44=FACE_OUTER_BOUND('',#74,.T.);
#45=FACE_OUTER_BOUND('',#75,.T.);
#46=FACE_OUTER_BOUND('',#76,.T.);
#47=FACE_OUTER_BOUND('',#77,.T.);
#48=FACE_OUTER_BOUND('',#78,.T.);
#49=FACE_OUTER_BOUND('',#79,.T.);
#50=FACE_OUTER_BOUND('',#80,.T.);
#51=FACE_OUTER_BOUND('',#81,.T.);
#52=FACE_OUTER_BOUND('',#82,.T.);
#53=FACE_OUTER_BOUND('',#83,.T.);
#54=FACE_OUTER_BOUND('',#84,.T.);
#55=FACE_OUTER_BOUND('',#85,.T.);
#56=FACE_OUTER_BOUND('',#86,.T.);
#57=FACE_OUTER_BOUND('',#87,.T.);
#58=FACE_OUTER_BOUND('',#88,.T.);
#59=FACE_OUTER_BOUND('',#89,.T.);
#60=FACE_OUTER_BOUND('',#90,.T.);
#61=FACE_OUTER_BOUND('',#91,.T.);
#62=FACE_OUTER_BOUND('',#92,.T.);
#63=FACE_OUTER_BOUND('',#93,.T.);
#64=FACE_OUTER_BOUND('',#94,.T.);
#65=EDGE_LOOP('',(#338,#339,#340,#341,#342,#343,#344,#345,#346,#347,#348,
#349));
#66=EDGE_LOOP('',(#350,#351,#352,#353));
#67=EDGE_LOOP('',(#354,#355,#356,#357));
#68=EDGE_LOOP('',(#358,#359,#360,#361,#362,#363,#364,#365,#366,#367,#368,
#369));
#69=EDGE_LOOP('',(#370,#371,#372,#373));
#70=EDGE_LOOP('',(#374,#375,#376,#377));
#71=EDGE_LOOP('',(#378,#379,#380,#381,#382,#383,#384,#385));
#72=EDGE_LOOP('',(#386,#387,#388,#389));
#73=EDGE_LOOP('',(#390,#391,#392,#393));
#74=EDGE_LOOP('',(#394,#395,#396,#397,#398));
#75=EDGE_LOOP('',(#399,#400,#401,#402));
#76=EDGE_LOOP('',(#403,#404,#405,#406));
#77=EDGE_LOOP('',(#407,#408,#409,#410,#411));
#78=EDGE_LOOP('',(#412,#413,#414,#415));
#79=EDGE_LOOP('',(#416,#417,#418,#419,#420,#421,#422,#423));
#80=EDGE_LOOP('',(#424,#425,#426,#427));
#81=EDGE_LOOP('',(#428,#429,#430,#431));
#82=EDGE_LOOP('',(#432,#433,#434,#435));
#83=EDGE_LOOP('',(#436,#437,#438,#439));
#84=EDGE_LOOP('',(#440,#441,#442,#443,#444,#445,#446,#447));
#85=EDGE_LOOP('',(#448,#449,#450,#451));
#86=EDGE_LOOP('',(#452,#453,#454,#455));
#87=EDGE_LOOP('',(#456,#457,#458,#459));
#88=EDGE_LOOP('',(#460,#461,#462,#463));
#89=EDGE_LOOP('',(#464,#465,#466,#467));
#90=EDGE_LOOP('',(#468,#469,#470,#471));
#91=EDGE_LOOP('',(#472,#473,#474,#475));
#92=EDGE_LOOP('',(#476,#477,#478,#479));
#93=EDGE_LOOP('',(#480,#481,#482,#483));
#94=EDGE_LOOP('',(#484,#485,#486,#487,#488,#489,#490,#491));
#95=B_SPLINE_CURVE_WITH_KNOTS('',3,(#746,#747,#748,#749,#750,#751,#752,
#753,#754,#755,#756),.UNSPECIFIED.,.F.,.F.,(4,1,1,1,1,1,1,1,4),(-0.866772210403262,
-0.801114013541078,-0.678588500987569,-0.556062988434164,-0.433537475880654,
-0.31101196332725,-0.188486450773845,-0.0659609382204406,6.11107929368514E-5),
 .UNSPECIFIED.);
#96=B_SPLINE_CURVE_WITH_KNOTS('',3,(#768,#769,#770,#771,#772,#773,#774,
#775,#776,#777,#778,#779,#780),.UNSPECIFIED.,.F.,.F.,(4,1,1,1,1,1,1,1,1,
1,4),(-0.999988113359458,-0.918521491536524,-0.814319968391458,-0.710118445246392,
-0.605916922101326,-0.501715398956261,-0.397513875811195,-0.293312352666129,
-0.18911082952096,-0.084909306375915,9.62723206240028E-6),.UNSPECIFIED.);
#97=B_SPLINE_CURVE_WITH_KNOTS('',3,(#809,#810,#811,#812,#813,#814,#815,
#816,#817,#818,#819,#820,#821,#822,#823,#824,#825,#826,#827,#828,#829,#830,
#831,#832,#833,#834,#835,#836,#837,#838,#839),.UNSPECIFIED.,.F.,.F.,(4,
3,3,3,3,3,3,3,3,3,4),(0.,0.0849179465010759,0.189118425846961,0.293318905192907,
0.39751938453875,0.501719863884696,0.605920343230642,0.710120822576485,
0.814321301922432,0.918521781268378,0.999999999999998),.UNSPECIFIED.);
#98=B_SPLINE_CURVE_WITH_KNOTS('',3,(#851,#852,#853,#854,#855,#856,#857,
#858,#859,#860,#861,#862,#863,#864,#865,#866,#867,#868,#869,#870,#871,#872,
#873,#874,#875),.UNSPECIFIED.,.F.,.F.,(4,3,3,3,3,3,3,3,4),(0.,0.0761643649012596,
0.21751281819792,0.358861271494531,0.500209724791264,0.641558178088118,
0.782906631384728,0.924255084681462,1.),.UNSPECIFIED.);
#99=B_SPLINE_CURVE_WITH_KNOTS('',3,(#896,#897,#898,#899,#900,#901,#902,
#903,#904,#905,#906),.UNSPECIFIED.,.F.,.F.,(4,1,1,1,1,1,1,1,4),(0.,0.125,
0.25,0.375,0.5,0.625,0.75,0.875,0.999999996037176),.UNSPECIFIED.);
#100=B_SPLINE_CURVE_WITH_KNOTS('',3,(#938,#939,#940,#941,#942,#943,#944,
#945,#946,#947,#948,#949,#950),.UNSPECIFIED.,.F.,.F.,(4,1,1,1,1,1,1,1,1,
1,4),(-0.9999789551746,-0.918534598632117,-0.814331587768677,-0.710128576905237,
-0.6059255660419,-0.50172255517846,-0.39751954431502,-0.293316533451683,
-0.189113522588243,-0.0849105117248645,-1.57562517481764E-5),
 .UNSPECIFIED.);
#101=B_SPLINE_CURVE_WITH_KNOTS('',3,(#1004,#1005,#1006,#1007,#1008,#1009,
#1010,#1011,#1012,#1013,#1014,#1015,#1016,#1017,#1018,#1019,#1020,#1021,
#1022,#1023,#1024,#1025,#1026,#1027,#1028,#1029,#1030,#1031,#1032,#1033,
#1034,#1035,#1036,#1037,#1038,#1039,#1040,#1041,#1042,#1043,#1044,#1045,
#1046,#1047,#1048,#1049,#1050,#1051,#1052,#1053,#1054,#1055,#1056,#1057,
#1058,#1059,#1060,#1061,#1062,#1063,#1064,#1065,#1066,#1067,#1068,#1069,
#1070,#1071,#1072,#1073,#1074,#1075,#1076,#1077,#1078,#1079,#1080,#1081,
#1082,#1083,#1084,#1085,#1086,#1087,#1088,#1089,#1090,#1091,#1092,#1093,
#1094,#1095,#1096,#1097,#1098,#1099,#1100,#1101,#1102,#1103,#1104,#1105,
#1106,#1107,#1108,#1109,#1110,#1111,#1112,#1113,#1114,#1115,#1116,#1117,
#1118,#1119,#1120,#1121,#1122,#1123,#1124,#1125,#1126,#1127,#1128,#1129,
#1130,#1131,#1132,#1133,#1134,#1135,#1136,#1137,#1138,#1139,#1140,#1141,
#1142,#1143,#1144,#1145,#1146,#1147,#1148,#1149,#1150,#1151,#1152,#1153,
#1154,#1155,#1156,#1157,#1158,#1159,#1160,#1161,#1162,#1163,#1164,#1165,
#1166,#1167,#1168,#1169,#1170,#1171,#1172,#1173,#1174,#1175,#1176,#1177,
#1178,#1179,#1180,#1181,#1182,#1183,#1184),.UNSPECIFIED.,.F.,.F.,(4,3,3,
3,3,3,3,3,3,3,3,3,3,3,3,3,3,3,3,3,3,3,3,3,3,3,3,3,3,3,3,3,3,3,3,3,3,3,3,
3,3,3,3,3,3,3,3,3,3,3,3,3,3,3,3,3,3,3,3,3,4),(3.1514781725498E-6,0.0185843293354836,
0.0379064762726004,0.0577296754563304,0.0621098958403383,0.064456017673837,
0.0814400899295181,0.10066815236061,0.121908404527855,0.129654959906255,
0.157527516855961,0.185629161029592,0.212723546157131,0.232015600278567,
0.246484640869645,0.249804724213573,0.2524439151193,0.281590669333483,0.289891762642877,
0.315937826551982,0.338507955286616,0.360005223417426,0.368522922132893,
0.374440677340722,0.377918784401689,0.394076018279295,0.418258981996334,
0.435981519121821,0.443711248672385,0.46552924476856,0.486953262004661,
0.498276515249553,0.502972405802937,0.529482016560812,0.556722780635426,
0.585156279106076,0.602483973489467,0.615507381345884,0.623473850564105,
0.628293409823432,0.65387181662984,0.68221949247603,0.706671236340804,0.732732758830235,
0.742505829763772,0.747530881485256,0.752244257183179,0.780568652488079,
0.810917326298529,0.844869810251727,0.864719056437861,0.872371042520743,
0.878890893251011,0.900923638145213,0.915112863124914,0.92832580967074,
0.936327519444938,0.939309765165458,0.961145048622634,0.982161342679879,
0.999999999966557),.UNSPECIFIED.);
#102=B_SPLINE_CURVE_WITH_KNOTS('',3,(#1219,#1220,#1221,#1222,#1223,#1224,
#1225,#1226,#1227,#1228,#1229),.UNSPECIFIED.,.F.,.F.,(4,1,1,1,1,1,1,1,4),
(0.,0.125,0.25,0.375,0.5,0.625,0.75,0.875,1.),.UNSPECIFIED.);
#103=B_SPLINE_CURVE_WITH_KNOTS('',3,(#1258,#1259,#1260,#1261,#1262,#1263,
#1264,#1265,#1266,#1267,#1268),.UNSPECIFIED.,.F.,.F.,(4,1,1,1,1,1,1,1,4),
(1.47593384214224E-8,0.125,0.25,0.375,0.5,0.625,0.75,0.875,0.999999980568518),
 .UNSPECIFIED.);
#104=B_SPLINE_CURVE_WITH_KNOTS('',3,(#1302,#1303,#1304,#1305,#1306,#1307,
#1308,#1309,#1310,#1311,#1312),.UNSPECIFIED.,.F.,.F.,(4,1,1,1,1,1,1,1,4),
(-0.866772189367486,-0.80111398213838,-0.678588450239076,-0.556062918339878,
-0.433537386440469,-0.311011854541165,-0.188486322641967,-0.065960790742726,
-7.67539268315077E-5),.UNSPECIFIED.);
#105=B_SPLINE_CURVE_WITH_KNOTS('',3,(#1358,#1359,#1360,#1361,#1362,#1363,
#1364,#1365,#1366,#1367,#1368,#1369,#1370,#1371,#1372,#1373,#1374,#1375,
#1376,#1377,#1378,#1379,#1380,#1381,#1382,#1383,#1384,#1385,#1386,#1387,
#1388,#1389,#1390,#1391,#1392,#1393,#1394,#1395,#1396,#1397,#1398,#1399,
#1400,#1401,#1402,#1403,#1404,#1405,#1406,#1407,#1408,#1409,#1410,#1411,
#1412,#1413,#1414,#1415,#1416,#1417,#1418,#1419,#1420,#1421,#1422,#1423,
#1424,#1425,#1426,#1427,#1428,#1429,#1430,#1431,#1432,#1433,#1434,#1435,
#1436,#1437,#1438,#1439,#1440,#1441,#1442,#1443,#1444,#1445,#1446,#1447,
#1448,#1449,#1450,#1451,#1452,#1453,#1454,#1455,#1456,#1457,#1458,#1459,
#1460,#1461,#1462,#1463,#1464,#1465,#1466,#1467,#1468,#1469,#1470,#1471,
#1472,#1473,#1474,#1475,#1476,#1477,#1478,#1479,#1480,#1481,#1482,#1483,
#1484,#1485,#1486,#1487,#1488,#1489,#1490,#1491,#1492,#1493,#1494,#1495,
#1496,#1497,#1498,#1499),.UNSPECIFIED.,.F.,.F.,(4,3,3,3,3,3,3,3,3,3,3,3,
3,3,3,3,3,3,3,3,3,3,3,3,3,3,3,3,3,3,3,3,3,3,3,3,3,3,3,3,3,3,3,3,3,3,3,4),
(3.93802043684476E-14,0.0313414100579334,0.0661269460193134,0.0757362398370177,
0.111086242721643,0.120034364201829,0.12474165734011,0.12844692456801,0.16374377756025,
0.201710485464606,0.217136251375518,0.238981402842308,0.248552688168736,
0.255468259242635,0.291353446286714,0.324919338975311,0.356342990985254,
0.358485231663908,0.372652228773532,0.379352698505972,0.411649371371063,
0.443182488423054,0.473465285733796,0.499865125329141,0.504403523548789,
0.538713824909529,0.573920844441266,0.607584457926441,0.618584254315781,
0.62397295131148,0.62842671507047,0.641248071411616,0.66973311746138,0.700459604960166,
0.732875628246424,0.748036747871642,0.754383892802669,0.782593972754835,
0.821315550510329,0.858527360162512,0.871132486295687,0.874913860874124,
0.878556491992599,0.912932162088328,0.923993300572043,0.961991891400375,
0.99468100166668,0.999990482228708),.UNSPECIFIED.);
#106=CIRCLE('',#547,8.004043995774);
#107=CIRCLE('',#548,8.);
#108=CIRCLE('',#549,1.000167862495);
#109=CIRCLE('',#550,1.00016707525);
#110=CIRCLE('',#552,8.);
#111=CIRCLE('',#554,8.00397831406969);
#112=CIRCLE('',#556,1.00016707525);
#113=CIRCLE('',#557,1.000167862494);
#114=CIRCLE('',#558,8.);
#115=CIRCLE('',#559,8.004043996671);
#116=CIRCLE('',#561,1.00016786249459);
#117=CIRCLE('',#563,1.0001670752505);
#118=CIRCLE('',#565,179.2);
#119=CIRCLE('',#567,203.337038211598);
#120=CIRCLE('',#568,1.0001684821153);
#121=CIRCLE('',#569,234.182395300841);
#122=CIRCLE('',#570,234.182395300813);
#123=CIRCLE('',#573,1.00017048531773);
#124=CIRCLE('',#576,258.0882843611);
#125=CIRCLE('',#579,258.0882843611);
#126=CIRCLE('',#582,179.2);
#127=CIRCLE('',#587,8.00404399668385);
#128=CIRCLE('',#589,202.032391044609);
#129=CIRCLE('',#590,235.630522454703);
#130=CIRCLE('',#592,8.);
#131=CIRCLE('',#594,243.491376318961);
#132=LINE('',#742,#172);
#133=LINE('',#760,#173);
#134=LINE('',#762,#174);
#135=LINE('',#764,#175);
#136=LINE('',#784,#176);
#137=LINE('',#785,#177);
#138=LINE('',#788,#178);
#139=LINE('',#791,#179);
#140=LINE('',#794,#180);
#141=LINE('',#797,#181);
#142=LINE('',#801,#182);
#143=LINE('',#803,#183);
#144=LINE('',#805,#184);
#145=LINE('',#843,#185);
#146=LINE('',#845,#186);
#147=LINE('',#847,#187);
#148=LINE('',#879,#188);
#149=LINE('',#882,#189);
#150=LINE('',#885,#190);
#151=LINE('',#888,#191);
#152=LINE('',#893,#192);
#153=LINE('',#895,#193);
#154=LINE('',#907,#194);
#155=LINE('',#1189,#195);
#156=LINE('',#1216,#196);
#157=LINE('',#1232,#197);
#158=LINE('',#1235,#198);
#159=LINE('',#1238,#199);
#160=LINE('',#1241,#200);
#161=LINE('',#1242,#201);
#162=LINE('',#1246,#202);
#163=LINE('',#1248,#203);
#164=LINE('',#1253,#204);
#165=LINE('',#1254,#205);
#166=LINE('',#1257,#206);
#167=LINE('',#1269,#207);
#168=LINE('',#1270,#208);
#169=LINE('',#1275,#209);
#170=LINE('',#1313,#210);
#171=LINE('',#1525,#211);
#172=VECTOR('',#600,10.);
#173=VECTOR('',#605,1000.);
#174=VECTOR('',#606,1000.);
#175=VECTOR('',#607,1000.);
#176=VECTOR('',#612,1000.);
#177=VECTOR('',#613,1000.);
#178=VECTOR('',#616,1000.);
#179=VECTOR('',#619,1000.);
#180=VECTOR('',#622,10.);
#181=VECTOR('',#625,10.);
#182=VECTOR('',#628,10.);
#183=VECTOR('',#629,1000.);
#184=VECTOR('',#630,1000.);
#185=VECTOR('',#635,1000.);
#186=VECTOR('',#636,1000.);
#187=VECTOR('',#637,1000.);
#188=VECTOR('',#644,10.);
#189=VECTOR('',#647,10.);
#190=VECTOR('',#650,10.);
#191=VECTOR('',#653,10.);
#192=VECTOR('',#658,1000.);
#193=VECTOR('',#659,10.);
#194=VECTOR('',#660,1000.);
#195=VECTOR('',#673,10.);
#196=VECTOR('',#674,10.);
#197=VECTOR('',#681,10.);
#198=VECTOR('',#684,1000.);
#199=VECTOR('',#687,1000.);
#200=VECTOR('',#690,1000.);
#201=VECTOR('',#691,1000.);
#202=VECTOR('',#696,1000.);
#203=VECTOR('',#699,1000.);
#204=VECTOR('',#704,1000.);
#205=VECTOR('',#705,1000.);
#206=VECTOR('',#708,10.);
#207=VECTOR('',#709,1000.);
#208=VECTOR('',#710,1000.);
#209=VECTOR('',#717,10.);
#210=VECTOR('',#724,1000.);
#211=VECTOR('',#729,1000.);
#212=VERTEX_POINT('',#740);
#213=VERTEX_POINT('',#741);
#214=VERTEX_POINT('',#743);
#215=VERTEX_POINT('',#745);
#216=VERTEX_POINT('',#757);
#217=VERTEX_POINT('',#759);
#218=VERTEX_POINT('',#761);
#219=VERTEX_POINT('',#763);
#220=VERTEX_POINT('',#765);
#221=VERTEX_POINT('',#767);
#222=VERTEX_POINT('',#781);
#223=VERTEX_POINT('',#783);
#224=VERTEX_POINT('',#787);
#225=VERTEX_POINT('',#789);
#226=VERTEX_POINT('',#793);
#227=VERTEX_POINT('',#795);
#228=VERTEX_POINT('',#799);
#229=VERTEX_POINT('',#800);
#230=VERTEX_POINT('',#802);
#231=VERTEX_POINT('',#804);
#232=VERTEX_POINT('',#806);
#233=VERTEX_POINT('',#808);
#234=VERTEX_POINT('',#840);
#235=VERTEX_POINT('',#842);
#236=VERTEX_POINT('',#844);
#237=VERTEX_POINT('',#846);
#238=VERTEX_POINT('',#848);
#239=VERTEX_POINT('',#850);
#240=VERTEX_POINT('',#878);
#241=VERTEX_POINT('',#880);
#242=VERTEX_POINT('',#884);
#243=VERTEX_POINT('',#886);
#244=VERTEX_POINT('',#890);
#245=VERTEX_POINT('',#891);
#246=VERTEX_POINT('',#894);
#247=VERTEX_POINT('',#909);
#248=VERTEX_POINT('',#1003);
#249=VERTEX_POINT('',#1185);
#250=VERTEX_POINT('',#1218);
#251=VERTEX_POINT('',#1234);
#252=VERTEX_POINT('',#1236);
#253=VERTEX_POINT('',#1240);
#254=VERTEX_POINT('',#1244);
#255=VERTEX_POINT('',#1250);
#256=VERTEX_POINT('',#1251);
#257=VERTEX_POINT('',#1256);
#258=VERTEX_POINT('',#1274);
#259=VERTEX_POINT('',#1301);
#260=VERTEX_POINT('',#1524);
#261=EDGE_CURVE('',#212,#213,#132,.T.);
#262=EDGE_CURVE('',#214,#212,#106,.T.);
#263=EDGE_CURVE('',#214,#215,#95,.F.);
#264=EDGE_CURVE('',#216,#215,#107,.T.);
#265=EDGE_CURVE('',#217,#216,#133,.T.);
#266=EDGE_CURVE('',#217,#218,#134,.T.);
#267=EDGE_CURVE('',#218,#219,#135,.F.);
#268=EDGE_CURVE('',#220,#219,#108,.T.);
#269=EDGE_CURVE('',#220,#221,#96,.F.);
#270=EDGE_CURVE('',#222,#221,#109,.T.);
#271=EDGE_CURVE('',#222,#223,#136,.T.);
#272=EDGE_CURVE('',#223,#213,#137,.F.);
#273=EDGE_CURVE('',#215,#224,#138,.T.);
#274=EDGE_CURVE('',#224,#225,#110,.T.);
#275=EDGE_CURVE('',#216,#225,#139,.T.);
#276=EDGE_CURVE('',#212,#226,#140,.F.);
#277=EDGE_CURVE('',#226,#227,#111,.T.);
#278=EDGE_CURVE('',#227,#214,#141,.T.);
#279=EDGE_CURVE('',#228,#229,#142,.F.);
#280=EDGE_CURVE('',#230,#229,#143,.F.);
#281=EDGE_CURVE('',#231,#230,#144,.T.);
#282=EDGE_CURVE('',#232,#231,#112,.T.);
#283=EDGE_CURVE('',#232,#233,#97,.F.);
#284=EDGE_CURVE('',#234,#233,#113,.T.);
#285=EDGE_CURVE('',#235,#234,#145,.F.);
#286=EDGE_CURVE('',#236,#235,#146,.T.);
#287=EDGE_CURVE('',#236,#237,#147,.T.);
#288=EDGE_CURVE('',#238,#237,#114,.T.);
#289=EDGE_CURVE('',#238,#239,#98,.F.);
#290=EDGE_CURVE('',#228,#239,#115,.T.);
#291=EDGE_CURVE('',#233,#240,#148,.T.);
#292=EDGE_CURVE('',#240,#241,#116,.T.);
#293=EDGE_CURVE('',#241,#234,#149,.F.);
#294=EDGE_CURVE('',#242,#231,#150,.T.);
#295=EDGE_CURVE('',#242,#243,#117,.T.);
#296=EDGE_CURVE('',#243,#232,#151,.T.);
#297=EDGE_CURVE('',#244,#245,#118,.T.);
#298=EDGE_CURVE('',#223,#245,#152,.T.);
#299=EDGE_CURVE('',#222,#246,#153,.T.);
#300=EDGE_CURVE('',#246,#242,#99,.T.);
#301=EDGE_CURVE('',#244,#230,#154,.T.);
#302=EDGE_CURVE('',#247,#243,#119,.T.);
#303=EDGE_CURVE('',#247,#246,#120,.T.);
#304=EDGE_CURVE('',#243,#240,#100,.T.);
#305=EDGE_CURVE('',#248,#247,#101,.F.);
#306=EDGE_CURVE('',#249,#248,#121,.T.);
#307=EDGE_CURVE('',#240,#249,#122,.T.);
#308=EDGE_CURVE('',#221,#247,#155,.T.);
#309=EDGE_CURVE('',#248,#220,#156,.T.);
#310=EDGE_CURVE('',#250,#241,#102,.F.);
#311=EDGE_CURVE('',#250,#248,#123,.T.);
#312=EDGE_CURVE('',#219,#250,#157,.F.);
#313=EDGE_CURVE('',#218,#251,#158,.T.);
#314=EDGE_CURVE('',#252,#251,#124,.T.);
#315=EDGE_CURVE('',#252,#235,#159,.T.);
#316=EDGE_CURVE('',#217,#253,#160,.T.);
#317=EDGE_CURVE('',#253,#251,#161,.T.);
#318=EDGE_CURVE('',#253,#254,#125,.T.);
#319=EDGE_CURVE('',#252,#254,#162,.T.);
#320=EDGE_CURVE('',#254,#236,#163,.T.);
#321=EDGE_CURVE('',#255,#256,#126,.T.);
#322=EDGE_CURVE('',#245,#256,#164,.T.);
#323=EDGE_CURVE('',#255,#244,#165,.T.);
#324=EDGE_CURVE('',#257,#228,#166,.F.);
#325=EDGE_CURVE('',#226,#257,#103,.F.);
#326=EDGE_CURVE('',#213,#256,#167,.T.);
#327=EDGE_CURVE('',#255,#229,#168,.T.);
#328=EDGE_CURVE('',#239,#258,#169,.T.);
#329=EDGE_CURVE('',#258,#257,#127,.T.);
#330=EDGE_CURVE('',#258,#227,#128,.T.);
#331=EDGE_CURVE('',#259,#258,#104,.T.);
#332=EDGE_CURVE('',#259,#238,#170,.T.);
#333=EDGE_CURVE('',#224,#227,#105,.T.);
#334=EDGE_CURVE('',#224,#259,#129,.T.);
#335=EDGE_CURVE('',#260,#237,#171,.T.);
#336=EDGE_CURVE('',#259,#260,#130,.T.);
#337=EDGE_CURVE('',#225,#260,#131,.T.);
#338=ORIENTED_EDGE('',*,*,#261,.F.);
#339=ORIENTED_EDGE('',*,*,#262,.F.);
#340=ORIENTED_EDGE('',*,*,#263,.T.);
#341=ORIENTED_EDGE('',*,*,#264,.F.);
#342=ORIENTED_EDGE('',*,*,#265,.F.);
#343=ORIENTED_EDGE('',*,*,#266,.T.);
#344=ORIENTED_EDGE('',*,*,#267,.T.);
#345=ORIENTED_EDGE('',*,*,#268,.F.);
#346=ORIENTED_EDGE('',*,*,#269,.T.);
#347=ORIENTED_EDGE('',*,*,#270,.F.);
#348=ORIENTED_EDGE('',*,*,#271,.T.);
#349=ORIENTED_EDGE('',*,*,#272,.T.);
#350=ORIENTED_EDGE('',*,*,#264,.T.);
#351=ORIENTED_EDGE('',*,*,#273,.T.);
#352=ORIENTED_EDGE('',*,*,#274,.T.);
#353=ORIENTED_EDGE('',*,*,#275,.F.);
#354=ORIENTED_EDGE('',*,*,#262,.T.);
#355=ORIENTED_EDGE('',*,*,#276,.T.);
#356=ORIENTED_EDGE('',*,*,#277,.T.);
#357=ORIENTED_EDGE('',*,*,#278,.T.);
#358=ORIENTED_EDGE('',*,*,#279,.T.);
#359=ORIENTED_EDGE('',*,*,#280,.F.);
#360=ORIENTED_EDGE('',*,*,#281,.F.);
#361=ORIENTED_EDGE('',*,*,#282,.F.);
#362=ORIENTED_EDGE('',*,*,#283,.T.);
#363=ORIENTED_EDGE('',*,*,#284,.F.);
#364=ORIENTED_EDGE('',*,*,#285,.F.);
#365=ORIENTED_EDGE('',*,*,#286,.F.);
#366=ORIENTED_EDGE('',*,*,#287,.T.);
#367=ORIENTED_EDGE('',*,*,#288,.F.);
#368=ORIENTED_EDGE('',*,*,#289,.T.);
#369=ORIENTED_EDGE('',*,*,#290,.F.);
#370=ORIENTED_EDGE('',*,*,#284,.T.);
#371=ORIENTED_EDGE('',*,*,#291,.T.);
#372=ORIENTED_EDGE('',*,*,#292,.T.);
#373=ORIENTED_EDGE('',*,*,#293,.T.);
#374=ORIENTED_EDGE('',*,*,#282,.T.);
#375=ORIENTED_EDGE('',*,*,#294,.F.);
#376=ORIENTED_EDGE('',*,*,#295,.T.);
#377=ORIENTED_EDGE('',*,*,#296,.T.);
#378=ORIENTED_EDGE('',*,*,#297,.T.);
#379=ORIENTED_EDGE('',*,*,#298,.F.);
#380=ORIENTED_EDGE('',*,*,#271,.F.);
#381=ORIENTED_EDGE('',*,*,#299,.T.);
#382=ORIENTED_EDGE('',*,*,#300,.T.);
#383=ORIENTED_EDGE('',*,*,#294,.T.);
#384=ORIENTED_EDGE('',*,*,#281,.T.);
#385=ORIENTED_EDGE('',*,*,#301,.F.);
#386=ORIENTED_EDGE('',*,*,#302,.T.);
#387=ORIENTED_EDGE('',*,*,#295,.F.);
#388=ORIENTED_EDGE('',*,*,#300,.F.);
#389=ORIENTED_EDGE('',*,*,#303,.F.);
#390=ORIENTED_EDGE('',*,*,#296,.F.);
#391=ORIENTED_EDGE('',*,*,#304,.T.);
#392=ORIENTED_EDGE('',*,*,#291,.F.);
#393=ORIENTED_EDGE('',*,*,#283,.F.);
#394=ORIENTED_EDGE('',*,*,#304,.F.);
#395=ORIENTED_EDGE('',*,*,#302,.F.);
#396=ORIENTED_EDGE('',*,*,#305,.F.);
#397=ORIENTED_EDGE('',*,*,#306,.F.);
#398=ORIENTED_EDGE('',*,*,#307,.F.);
#399=ORIENTED_EDGE('',*,*,#270,.T.);
#400=ORIENTED_EDGE('',*,*,#308,.T.);
#401=ORIENTED_EDGE('',*,*,#303,.T.);
#402=ORIENTED_EDGE('',*,*,#299,.F.);
#403=ORIENTED_EDGE('',*,*,#309,.F.);
#404=ORIENTED_EDGE('',*,*,#305,.T.);
#405=ORIENTED_EDGE('',*,*,#308,.F.);
#406=ORIENTED_EDGE('',*,*,#269,.F.);
#407=ORIENTED_EDGE('',*,*,#310,.T.);
#408=ORIENTED_EDGE('',*,*,#292,.F.);
#409=ORIENTED_EDGE('',*,*,#307,.T.);
#410=ORIENTED_EDGE('',*,*,#306,.T.);
#411=ORIENTED_EDGE('',*,*,#311,.F.);
#412=ORIENTED_EDGE('',*,*,#268,.T.);
#413=ORIENTED_EDGE('',*,*,#312,.T.);
#414=ORIENTED_EDGE('',*,*,#311,.T.);
#415=ORIENTED_EDGE('',*,*,#309,.T.);
#416=ORIENTED_EDGE('',*,*,#293,.F.);
#417=ORIENTED_EDGE('',*,*,#310,.F.);
#418=ORIENTED_EDGE('',*,*,#312,.F.);
#419=ORIENTED_EDGE('',*,*,#267,.F.);
#420=ORIENTED_EDGE('',*,*,#313,.T.);
#421=ORIENTED_EDGE('',*,*,#314,.F.);
#422=ORIENTED_EDGE('',*,*,#315,.T.);
#423=ORIENTED_EDGE('',*,*,#285,.T.);
#424=ORIENTED_EDGE('',*,*,#316,.T.);
#425=ORIENTED_EDGE('',*,*,#317,.T.);
#426=ORIENTED_EDGE('',*,*,#313,.F.);
#427=ORIENTED_EDGE('',*,*,#266,.F.);
#428=ORIENTED_EDGE('',*,*,#314,.T.);
#429=ORIENTED_EDGE('',*,*,#317,.F.);
#430=ORIENTED_EDGE('',*,*,#318,.T.);
#431=ORIENTED_EDGE('',*,*,#319,.F.);
#432=ORIENTED_EDGE('',*,*,#315,.F.);
#433=ORIENTED_EDGE('',*,*,#319,.T.);
#434=ORIENTED_EDGE('',*,*,#320,.T.);
#435=ORIENTED_EDGE('',*,*,#286,.T.);
#436=ORIENTED_EDGE('',*,*,#321,.T.);
#437=ORIENTED_EDGE('',*,*,#322,.F.);
#438=ORIENTED_EDGE('',*,*,#297,.F.);
#439=ORIENTED_EDGE('',*,*,#323,.F.);
#440=ORIENTED_EDGE('',*,*,#324,.F.);
#441=ORIENTED_EDGE('',*,*,#325,.F.);
#442=ORIENTED_EDGE('',*,*,#276,.F.);
#443=ORIENTED_EDGE('',*,*,#261,.T.);
#444=ORIENTED_EDGE('',*,*,#326,.T.);
#445=ORIENTED_EDGE('',*,*,#321,.F.);
#446=ORIENTED_EDGE('',*,*,#327,.T.);
#447=ORIENTED_EDGE('',*,*,#279,.F.);
#448=ORIENTED_EDGE('',*,*,#298,.T.);
#449=ORIENTED_EDGE('',*,*,#322,.T.);
#450=ORIENTED_EDGE('',*,*,#326,.F.);
#451=ORIENTED_EDGE('',*,*,#272,.F.);
#452=ORIENTED_EDGE('',*,*,#327,.F.);
#453=ORIENTED_EDGE('',*,*,#323,.T.);
#454=ORIENTED_EDGE('',*,*,#301,.T.);
#455=ORIENTED_EDGE('',*,*,#280,.T.);
#456=ORIENTED_EDGE('',*,*,#290,.T.);
#457=ORIENTED_EDGE('',*,*,#328,.T.);
#458=ORIENTED_EDGE('',*,*,#329,.T.);
#459=ORIENTED_EDGE('',*,*,#324,.T.);
#460=ORIENTED_EDGE('',*,*,#325,.T.);
#461=ORIENTED_EDGE('',*,*,#329,.F.);
#462=ORIENTED_EDGE('',*,*,#330,.T.);
#463=ORIENTED_EDGE('',*,*,#277,.F.);
#464=ORIENTED_EDGE('',*,*,#331,.T.);
#465=ORIENTED_EDGE('',*,*,#328,.F.);
#466=ORIENTED_EDGE('',*,*,#289,.F.);
#467=ORIENTED_EDGE('',*,*,#332,.F.);
#468=ORIENTED_EDGE('',*,*,#333,.T.);
#469=ORIENTED_EDGE('',*,*,#330,.F.);
#470=ORIENTED_EDGE('',*,*,#331,.F.);
#471=ORIENTED_EDGE('',*,*,#334,.F.);
#472=ORIENTED_EDGE('',*,*,#263,.F.);
#473=ORIENTED_EDGE('',*,*,#278,.F.);
#474=ORIENTED_EDGE('',*,*,#333,.F.);
#475=ORIENTED_EDGE('',*,*,#273,.F.);
#476=ORIENTED_EDGE('',*,*,#288,.T.);
#477=ORIENTED_EDGE('',*,*,#335,.F.);
#478=ORIENTED_EDGE('',*,*,#336,.F.);
#479=ORIENTED_EDGE('',*,*,#332,.T.);
#480=ORIENTED_EDGE('',*,*,#336,.T.);
#481=ORIENTED_EDGE('',*,*,#337,.F.);
#482=ORIENTED_EDGE('',*,*,#274,.F.);
#483=ORIENTED_EDGE('',*,*,#334,.T.);
#484=ORIENTED_EDGE('',*,*,#287,.F.);
#485=ORIENTED_EDGE('',*,*,#320,.F.);
#486=ORIENTED_EDGE('',*,*,#318,.F.);
#487=ORIENTED_EDGE('',*,*,#316,.F.);
#488=ORIENTED_EDGE('',*,*,#265,.T.);
#489=ORIENTED_EDGE('',*,*,#275,.T.);
#490=ORIENTED_EDGE('',*,*,#337,.T.);
#491=ORIENTED_EDGE('',*,*,#335,.T.);
#492=PLANE('',#546);
#493=PLANE('',#555);
#494=PLANE('',#564);
#495=PLANE('',#575);
#496=PLANE('',#577);
#497=PLANE('',#580);
#498=PLANE('',#583);
#499=PLANE('',#584);
#500=PLANE('',#585);
#501=PLANE('',#595);
#502=ADVANCED_FACE('',(#35),#492,.F.);
#503=ADVANCED_FACE('',(#36),#25,.F.);
#504=ADVANCED_FACE('',(#37),#26,.F.);
#505=ADVANCED_FACE('',(#38),#493,.F.);
#506=ADVANCED_FACE('',(#39),#27,.T.);
#507=ADVANCED_FACE('',(#40),#28,.T.);
#508=ADVANCED_FACE('',(#41),#494,.F.);
#509=ADVANCED_FACE('',(#42),#21,.T.);
#510=ADVANCED_FACE('',(#43),#17,.T.);
#511=ADVANCED_FACE('',(#44),#15,.F.);
#512=ADVANCED_FACE('',(#45),#29,.T.);
#513=ADVANCED_FACE('',(#46),#18,.T.);
#514=ADVANCED_FACE('',(#47),#22,.T.);
#515=ADVANCED_FACE('',(#48),#30,.T.);
#516=ADVANCED_FACE('',(#49),#495,.T.);
#517=ADVANCED_FACE('',(#50),#496,.T.);
#518=ADVANCED_FACE('',(#51),#31,.T.);
#519=ADVANCED_FACE('',(#52),#497,.T.);
#520=ADVANCED_FACE('',(#53),#32,.F.);
#521=ADVANCED_FACE('',(#54),#498,.T.);
#522=ADVANCED_FACE('',(#55),#499,.T.);
#523=ADVANCED_FACE('',(#56),#500,.T.);
#524=ADVANCED_FACE('',(#57),#33,.F.);
#525=ADVANCED_FACE('',(#58),#23,.F.);
#526=ADVANCED_FACE('',(#59),#19,.T.);
#527=ADVANCED_FACE('',(#60),#16,.F.);
#528=ADVANCED_FACE('',(#61),#20,.T.);
#529=ADVANCED_FACE('',(#62),#34,.F.);
#530=ADVANCED_FACE('',(#63),#24,.F.);
#531=ADVANCED_FACE('',(#64),#501,.T.);
#532=CLOSED_SHELL('',(#502,#503,#504,#505,#506,#507,#508,#509,#510,#511,
#512,#513,#514,#515,#516,#517,#518,#519,#520,#521,#522,#523,#524,#525,#526,
#527,#528,#529,#530,#531));
#533=DERIVED_UNIT_ELEMENT(#535,1.);
#534=DERIVED_UNIT_ELEMENT(#1535,-3.);
#535=(
MASS_UNIT()
NAMED_UNIT(*)
SI_UNIT(.KILO.,.GRAM.)
);
#536=DERIVED_UNIT((#533,#534));
#537=MEASURE_REPRESENTATION_ITEM('density measure',
POSITIVE_RATIO_MEASURE(7850.),#536);
#538=PROPERTY_DEFINITION_REPRESENTATION(#543,#540);
#539=PROPERTY_DEFINITION_REPRESENTATION(#544,#541);
#540=REPRESENTATION('material name',(#542),#1532);
#541=REPRESENTATION('density',(#537),#1532);
#542=DESCRIPTIVE_REPRESENTATION_ITEM('Steel','Steel');
#543=PROPERTY_DEFINITION('material property','material name',#1542);
#544=PROPERTY_DEFINITION('material property','density of part',#1542);
#545=AXIS2_PLACEMENT_3D('',#738,#596,#597);
#546=AXIS2_PLACEMENT_3D('',#739,#598,#599);
#547=AXIS2_PLACEMENT_3D('',#744,#601,#602);
#548=AXIS2_PLACEMENT_3D('',#758,#603,#604);
#549=AXIS2_PLACEMENT_3D('',#766,#608,#609);
#550=AXIS2_PLACEMENT_3D('',#782,#610,#611);
#551=AXIS2_PLACEMENT_3D('',#786,#614,#615);
#552=AXIS2_PLACEMENT_3D('',#790,#617,#618);
#553=AXIS2_PLACEMENT_3D('',#792,#620,#621);
#554=AXIS2_PLACEMENT_3D('',#796,#623,#624);
#555=AXIS2_PLACEMENT_3D('',#798,#626,#627);
#556=AXIS2_PLACEMENT_3D('',#807,#631,#632);
#557=AXIS2_PLACEMENT_3D('',#841,#633,#634);
#558=AXIS2_PLACEMENT_3D('',#849,#638,#639);
#559=AXIS2_PLACEMENT_3D('',#876,#640,#641);
#560=AXIS2_PLACEMENT_3D('',#877,#642,#643);
#561=AXIS2_PLACEMENT_3D('',#881,#645,#646);
#562=AXIS2_PLACEMENT_3D('',#883,#648,#649);
#563=AXIS2_PLACEMENT_3D('',#887,#651,#652);
#564=AXIS2_PLACEMENT_3D('',#889,#654,#655);
#565=AXIS2_PLACEMENT_3D('',#892,#656,#657);
#566=AXIS2_PLACEMENT_3D('',#908,#661,#662);
#567=AXIS2_PLACEMENT_3D('',#910,#663,#664);
#568=AXIS2_PLACEMENT_3D('',#911,#665,#666);
#569=AXIS2_PLACEMENT_3D('',#1186,#667,#668);
#570=AXIS2_PLACEMENT_3D('',#1187,#669,#670);
#571=AXIS2_PLACEMENT_3D('',#1188,#671,#672);
#572=AXIS2_PLACEMENT_3D('',#1217,#675,#676);
#573=AXIS2_PLACEMENT_3D('',#1230,#677,#678);
#574=AXIS2_PLACEMENT_3D('',#1231,#679,#680);
#575=AXIS2_PLACEMENT_3D('',#1233,#682,#683);
#576=AXIS2_PLACEMENT_3D('',#1237,#685,#686);
#577=AXIS2_PLACEMENT_3D('',#1239,#688,#689);
#578=AXIS2_PLACEMENT_3D('',#1243,#692,#693);
#579=AXIS2_PLACEMENT_3D('',#1245,#694,#695);
#580=AXIS2_PLACEMENT_3D('',#1247,#697,#698);
#581=AXIS2_PLACEMENT_3D('',#1249,#700,#701);
#582=AXIS2_PLACEMENT_3D('',#1252,#702,#703);
#583=AXIS2_PLACEMENT_3D('',#1255,#706,#707);
#584=AXIS2_PLACEMENT_3D('',#1271,#711,#712);
#585=AXIS2_PLACEMENT_3D('',#1272,#713,#714);
#586=AXIS2_PLACEMENT_3D('',#1273,#715,#716);
#587=AXIS2_PLACEMENT_3D('',#1276,#718,#719);
#588=AXIS2_PLACEMENT_3D('',#1277,#720,#721);
#589=AXIS2_PLACEMENT_3D('',#1278,#722,#723);
#590=AXIS2_PLACEMENT_3D('',#1500,#725,#726);
#591=AXIS2_PLACEMENT_3D('',#1523,#727,#728);
#592=AXIS2_PLACEMENT_3D('',#1526,#730,#731);
#593=AXIS2_PLACEMENT_3D('',#1527,#732,#733);
#594=AXIS2_PLACEMENT_3D('',#1528,#734,#735);
#595=AXIS2_PLACEMENT_3D('',#1529,#736,#737);
#596=DIRECTION('axis',(0.,0.,1.));
#597=DIRECTION('refdir',(1.,0.,0.));
#598=DIRECTION('center_axis',(0.,1.,0.));
#599=DIRECTION('ref_axis',(0.,0.,1.));
#600=DIRECTION('',(-1.,-1.34064316698475E-13,0.));
#601=DIRECTION('center_axis',(0.,-1.,0.));
#602=DIRECTION('ref_axis',(0.000433581696253279,-3.52742935154211E-13,0.999999906003452));
#603=DIRECTION('center_axis',(0.,-1.,0.));
#604=DIRECTION('ref_axis',(-0.982606733032228,8.62223207551971E-17,0.185698702741114));
#605=DIRECTION('',(-1.,-1.22464679914735E-16,0.));
#606=DIRECTION('',(-2.24963967399279E-32,1.83697019872103E-16,1.));
#607=DIRECTION('',(1.,1.22464679869107E-16,-2.48387829197738E-10));
#608=DIRECTION('center_axis',(0.,1.,0.));
#609=DIRECTION('ref_axis',(-0.99839040380232,1.11849167954895E-16,0.0567150914258311));
#610=DIRECTION('center_axis',(0.,1.,0.));
#611=DIRECTION('ref_axis',(0.000158198260617393,-1.83716391272788E-16,0.999999987486655));
#612=DIRECTION('',(-1.,-1.22464679914735E-16,0.));
#613=DIRECTION('',(-2.24963967399279E-32,1.83697019872103E-16,1.));
#614=DIRECTION('center_axis',(-1.22464679914735E-16,-1.,-1.83697019872103E-16));
#615=DIRECTION('ref_axis',(-0.982606733032228,8.62223207551971E-17,0.185698702741114));
#616=DIRECTION('',(3.40073607100692E-15,1.,1.28654310854129E-14));
#617=DIRECTION('center_axis',(1.22464679914735E-16,1.,1.83697019872103E-16));
#618=DIRECTION('ref_axis',(-0.982606733032233,8.62223207552027E-17,0.185698702741087));
#619=DIRECTION('',(-1.60294131539905E-15,1.,1.83697019872103E-16));
#620=DIRECTION('center_axis',(1.20514601183591E-12,1.,3.52220439009672E-13));
#621=DIRECTION('ref_axis',(0.000433581696253279,-3.52742935154211E-13,0.999999906003452));
#622=DIRECTION('',(-3.85158106182531E-6,-0.999999999992583,-1.81976409422213E-16));
#623=DIRECTION('center_axis',(1.03017950386776E-6,0.999999999999053,-9.1217936738388E-7));
#624=DIRECTION('ref_axis',(0.992468273732828,-9.10676728680092E-7,0.122501941343604));
#625=DIRECTION('',(-3.37412481200887E-6,-0.999999999615192,2.75359820339065E-5));
#626=DIRECTION('center_axis',(1.,0.,0.));
#627=DIRECTION('ref_axis',(0.,0.,-1.));
#628=DIRECTION('',(0.,1.,7.08345153518005E-16));
#629=DIRECTION('',(2.24963967399279E-32,-1.83697019872103E-16,1.));
#630=DIRECTION('',(1.22464679914735E-16,-1.,-1.83697019872103E-16));
#631=DIRECTION('center_axis',(1.,0.,0.));
#632=DIRECTION('ref_axis',(1.9373699419151E-20,0.000158198261185509,0.999999987486655));
#633=DIRECTION('center_axis',(1.,0.,0.));
#634=DIRECTION('ref_axis',(-1.22267561231585E-16,-0.998390403802249,0.0567150914270826));
#635=DIRECTION('',(-1.22464679914735E-16,1.,-2.48297054646364E-10));
#636=DIRECTION('',(2.24963967399279E-32,-1.83697019872103E-16,1.));
#637=DIRECTION('',(1.22464679914735E-16,-1.,-1.83697019872103E-16));
#638=DIRECTION('center_axis',(-1.,0.,0.));
#639=DIRECTION('ref_axis',(3.30816331751379E-17,-0.982606733032232,0.185698702741093));
#640=DIRECTION('center_axis',(-1.,0.,0.));
#641=DIRECTION('ref_axis',(3.23741727580953E-13,0.000433581789649421,0.999999906003412));
#642=DIRECTION('center_axis',(-1.,1.22464679914735E-16,0.));
#643=DIRECTION('ref_axis',(-1.22267561231585E-16,-0.998390403802249,0.0567150914270826));
#644=DIRECTION('',(0.999999999975385,-3.93167792668865E-7,-7.00543529880613E-6));
#645=DIRECTION('center_axis',(-0.999999999999706,-5.57052292014202E-7,-5.26247705583027E-7));
#646=DIRECTION('ref_axis',(-5.26309741895805E-7,0.000111402105715134,0.999999993794647));
#647=DIRECTION('',(0.999999999999763,6.89072908019001E-7,0.));
#648=DIRECTION('center_axis',(-1.,1.22464679914735E-16,0.));
#649=DIRECTION('ref_axis',(1.9373699419151E-20,0.000158198261185509,0.999999987486655));
#650=DIRECTION('',(-0.999999999999424,-1.07365629907259E-6,0.));
#651=DIRECTION('center_axis',(-0.999999999999745,-5.18984644013002E-7,4.91491306404856E-7));
#652=DIRECTION('ref_axis',(-4.91331718054251E-7,0.998503746967783,0.0546833365026076));
#653=DIRECTION('',(-0.999999999953746,-5.13515283147157E-7,9.60439430519396E-6));
#654=DIRECTION('center_axis',(2.24963967399279E-32,1.83697019872103E-16,
-1.));
#655=DIRECTION('ref_axis',(-1.,1.22464679914735E-16,-9.30549761465699E-47));
#656=DIRECTION('center_axis',(2.24963967399279E-32,1.83697019872103E-16,
-1.));
#657=DIRECTION('ref_axis',(0.,1.,1.83697019872103E-16));
#658=DIRECTION('',(1.22464679914735E-16,1.,6.43355960822185E-16));
#659=DIRECTION('',(7.1870203030678E-7,0.999999999999742,1.83661380147526E-16));
#660=DIRECTION('',(-1.,1.22464679914735E-16,-8.9318128260268E-16));
#661=DIRECTION('center_axis',(5.95780885642203E-6,5.95780491066373E-6,-0.999999999964505));
#662=DIRECTION('ref_axis',(-6.62803589104763E-6,0.999999999960287,5.95776542206459E-6));
#663=DIRECTION('center_axis',(-5.58690533444483E-6,-5.58690532173999E-6,
0.999999999968787));
#664=DIRECTION('ref_axis',(3.0834995747129E-7,0.999999999984346,5.58690704454864E-6));
#665=DIRECTION('center_axis',(-5.15584499324706E-7,-0.999999999999743,4.97525354700063E-7));
#666=DIRECTION('ref_axis',(0.000783669451224211,4.97121152332947E-7,0.999999692930925));
#667=DIRECTION('center_axis',(-7.01499877173378E-6,-2.90741623387386E-6,
-0.999999999971168));
#668=DIRECTION('ref_axis',(0.999999999975383,1.57355946329909E-7,-7.01499922926299E-6));
#669=DIRECTION('center_axis',(-2.9074180038305E-6,-7.01499698908335E-6,
-0.999999999971168));
#670=DIRECTION('ref_axis',(0.707106882743325,0.707106679594946,-7.01620651004136E-6));
#671=DIRECTION('center_axis',(1.22464679914735E-16,1.,1.83697019872103E-16));
#672=DIRECTION('ref_axis',(0.000158198260617393,-1.83716391272788E-16,0.999999987486655));
#673=DIRECTION('',(1.46338893864861E-7,0.999999999996244,-2.73670197963451E-6));
#674=DIRECTION('',(2.03484880624777E-7,-0.999999999993406,3.625686314804E-6));
#675=DIRECTION('center_axis',(6.21866875091918E-6,6.21866493508848E-6,0.999999999961328));
#676=DIRECTION('ref_axis',(-6.92747851636901E-6,0.999999999956669,-6.21862185536568E-6));
#677=DIRECTION('center_axis',(-5.61769430068547E-7,-0.999999999999707,-5.19320410158423E-7));
#678=DIRECTION('ref_axis',(-0.998402782159268,5.31532269485887E-7,0.0564967660698414));
#679=DIRECTION('center_axis',(1.22464679914735E-16,1.,1.83697019872103E-16));
#680=DIRECTION('ref_axis',(-0.99839040380232,1.11849167954895E-16,0.0567150914258311));
#681=DIRECTION('',(-3.54620147991406E-7,-0.999999999999937,-1.83661381722948E-16));
#682=DIRECTION('center_axis',(-2.24963967399279E-32,-1.83697019872103E-16,
1.));
#683=DIRECTION('ref_axis',(-1.22464679914735E-16,-1.,-1.83697019872103E-16));
#684=DIRECTION('',(1.22464679914735E-16,1.,-2.80745602988811E-15));
#685=DIRECTION('center_axis',(2.24963967399279E-32,1.83697019872103E-16,
-1.));
#686=DIRECTION('ref_axis',(1.22464679914735E-16,1.,1.83697019872103E-16));
#687=DIRECTION('',(-1.,1.22464679914735E-16,0.));
#688=DIRECTION('center_axis',(1.,-1.22464679914735E-16,0.));
#689=DIRECTION('ref_axis',(-2.24963967399278E-32,-1.83697019872103E-16,
1.));
#690=DIRECTION('',(1.22464679914735E-16,1.,1.83697019872103E-16));
#691=DIRECTION('',(-2.24963967399279E-32,-1.83697019872103E-16,1.));
#692=DIRECTION('center_axis',(-2.24963967399279E-32,-1.83697019872103E-16,
1.));
#693=DIRECTION('ref_axis',(1.22464679914735E-16,1.,1.83697019872103E-16));
#694=DIRECTION('center_axis',(-2.24963967399279E-32,-1.83697019872103E-16,
1.));
#695=DIRECTION('ref_axis',(1.,-1.22464679914735E-16,9.30549761465699E-47));
#696=DIRECTION('',(1.4210854715202E-14,1.83697019872101E-16,-1.));
#697=DIRECTION('center_axis',(1.22464679914735E-16,1.,1.83697019872103E-16));
#698=DIRECTION('ref_axis',(-2.24963967399279E-32,-1.83697019872103E-16,
1.));
#699=DIRECTION('',(-1.,1.22464679914735E-16,0.));
#700=DIRECTION('center_axis',(-2.24963967399279E-32,-1.83697019872103E-16,
1.));
#701=DIRECTION('ref_axis',(1.22464679914735E-16,1.,1.83697019872103E-16));
#702=DIRECTION('center_axis',(2.24963967399279E-32,1.83697019872103E-16,
-1.));
#703=DIRECTION('ref_axis',(1.22464679914735E-16,1.,1.83697019872103E-16));
#704=DIRECTION('',(2.24963967399279E-32,1.83697019872103E-16,-1.));
#705=DIRECTION('',(-2.24963967399279E-32,-1.83697019872103E-16,1.));
#706=DIRECTION('center_axis',(2.24963967399279E-32,1.83697019872103E-16,
-1.));
#707=DIRECTION('ref_axis',(1.22464679914735E-16,1.,1.83697019872103E-16));
#708=DIRECTION('',(0.999999999876145,1.57388315537899E-5,0.));
#709=DIRECTION('',(1.22464679914735E-16,1.,2.96926788317284E-16));
#710=DIRECTION('',(-1.,1.22464679914735E-16,-6.70540786939255E-16));
#711=DIRECTION('center_axis',(-1.,1.22464679914735E-16,0.));
#712=DIRECTION('ref_axis',(2.24963967399278E-32,1.83697019872103E-16,-1.));
#713=DIRECTION('center_axis',(-1.22464679914735E-16,-1.,-1.83697019872103E-16));
#714=DIRECTION('ref_axis',(2.24963967399279E-32,1.83697019872103E-16,-1.));
#715=DIRECTION('center_axis',(-1.,-3.27340338801053E-14,3.237559508939E-13));
#716=DIRECTION('ref_axis',(3.23741727580953E-13,0.000433581789649421,0.999999906003412));
#717=DIRECTION('',(0.999999998550977,6.54752849496743E-6,-5.3433843974867E-5));
#718=DIRECTION('center_axis',(0.999999999999078,1.01740851294652E-6,-8.99901622269433E-7));
#719=DIRECTION('ref_axis',(8.99523574214911E-7,0.000371518721063565,0.999999930986513));
#720=DIRECTION('center_axis',(5.366518411651E-6,5.3665146497107E-6,-0.999999999971201));
#721=DIRECTION('ref_axis',(-6.56037518658704E-6,0.999999999964081,5.36647944330195E-6));
#722=DIRECTION('center_axis',(4.48902363896886E-6,4.48902359717933E-6,-0.999999999979849));
#723=DIRECTION('ref_axis',(0.99999999998977,5.56276559640374E-7,4.48902613615036E-6));
#724=DIRECTION('',(-1.,7.93005466817564E-16,3.77179192632842E-15));
#725=DIRECTION('center_axis',(1.378176594342E-14,-1.83697019872105E-16,
1.));
#726=DIRECTION('ref_axis',(1.,3.61057297204712E-11,-1.37817659434134E-14));
#727=DIRECTION('center_axis',(1.,3.36672160519917E-17,2.8680963996069E-32));
#728=DIRECTION('ref_axis',(3.30816331751379E-17,-0.982606733032232,0.185698702741093));
#729=DIRECTION('',(-1.,1.46354625379324E-15,-6.59539727153531E-15));
#730=DIRECTION('center_axis',(-1.,-3.36672160519917E-17,-2.8680963996069E-32));
#731=DIRECTION('ref_axis',(3.30816331751392E-17,-0.982606733032271,0.185698702740882));
#732=DIRECTION('center_axis',(-1.378176594342E-14,1.83697019872105E-16,
-1.));
#733=DIRECTION('ref_axis',(0.999988276410038,-0.00484221462573218,-1.37804812411319E-14));
#734=DIRECTION('center_axis',(1.378176594342E-14,-1.83697019872105E-16,
1.));
#735=DIRECTION('ref_axis',(1.,3.24323559583421E-11,-1.3781765943414E-14));
#736=DIRECTION('center_axis',(2.24963967399279E-32,1.83697019872103E-16,
-1.));
#737=DIRECTION('ref_axis',(1.22464679914735E-16,1.,1.83697019872103E-16));
#738=CARTESIAN_POINT('',(0.,0.,0.));
#739=CARTESIAN_POINT('Origin',(213.81603492466,0.,-20.6151027234626));
#740=CARTESIAN_POINT('',(363.63620104448,6.44302158014786E-13,-5.));
#741=CARTESIAN_POINT('',(348.745,-4.17904596975039E-14,-5.));
#742=CARTESIAN_POINT('',(363.637091317978,1.93302582780299E-12,-5.));
#743=CARTESIAN_POINT('',(371.575955884988,-3.7895612573872E-13,-12.0148138455597));
#744=CARTESIAN_POINT('Origin',(363.6344963166,-1.83233865959898E-10,-13.00411705339));
#745=CARTESIAN_POINT('',(405.175522454702,-4.75045277946647E-14,-11.5144103780711));
#746=CARTESIAN_POINT('Ctrl Pts',(405.175522454702,-4.2632564145606E-13,
-11.5144103780711));
#747=CARTESIAN_POINT('Ctrl Pts',(404.895564753487,-4.2632564145606E-13,
-12.995779488991));
#748=CARTESIAN_POINT('Ctrl Pts',(403.893860959145,-4.2632564145606E-13,
-17.6855934756615));
#749=CARTESIAN_POINT('Ctrl Pts',(401.0331831704,-4.2632564145606E-13,-26.48315135257));
#750=CARTESIAN_POINT('Ctrl Pts',(395.2921557316,-4.2632564145606E-13,-34.89384209545));
#751=CARTESIAN_POINT('Ctrl Pts',(387.5014123597,-4.2632564145606E-13,-38.23911942276));
#752=CARTESIAN_POINT('Ctrl Pts',(379.9054360997,-4.2632564145606E-13,-35.19429302814));
#753=CARTESIAN_POINT('Ctrl Pts',(374.7263743,-4.2632564145606E-13,-27.05748054998));
#754=CARTESIAN_POINT('Ctrl Pts',(372.462673253175,-4.2632564145606E-13,
-18.3364046523407));
#755=CARTESIAN_POINT('Ctrl Pts',(371.764422247382,-4.2632564145606E-13,
-13.5535053269506));
#756=CARTESIAN_POINT('Ctrl Pts',(371.575955884988,-4.2632564145606E-13,
-12.01481384556));
#757=CARTESIAN_POINT('',(413.03637631896,-4.96638825196831E-14,-5.));
#758=CARTESIAN_POINT('Origin',(413.03637631896,0.,-13.));
#759=CARTESIAN_POINT('',(427.6332843611,-5.14514881908086E-14,-5.));
#760=CARTESIAN_POINT('',(413.03637631896,4.96638825196831E-14,-5.));
#761=CARTESIAN_POINT('',(427.6332843611,-5.1818882230553E-14,-2.99999999999902));
#762=CARTESIAN_POINT('',(427.6332843611,5.1818882230553E-14,-2.99999999999902));
#763=CARTESIAN_POINT('',(404.725575685202,6.37073480576814E-14,-2.99999999810301));
#764=CARTESIAN_POINT('',(404.725575685202,4.90134970210243E-14,-2.99999999430902));
#765=CARTESIAN_POINT('',(403.727382171475,-9.473903143468E-14,-3.94200599283182));
#766=CARTESIAN_POINT('Origin',(404.7255810824,-2.64317904845151E-14,-4.000167849913));
#767=CARTESIAN_POINT('',(372.881906219605,-9.47390314345077E-14,-3.94444081586776));
#768=CARTESIAN_POINT('Ctrl Pts',(372.881906245666,-1.4210854715202E-13,
-3.94444130337126));
#769=CARTESIAN_POINT('Ctrl Pts',(372.94784013721,-1.4210854715202E-13,-5.17779058265356));
#770=CARTESIAN_POINT('Ctrl Pts',(373.299106778678,-1.4210854715202E-13,
-8.83097373091279));
#771=CARTESIAN_POINT('Ctrl Pts',(374.6779002314,-1.4210854715202E-13,-16.86605798113));
#772=CARTESIAN_POINT('Ctrl Pts',(377.5027709791,-1.4210854715202E-13,-26.00268242791));
#773=CARTESIAN_POINT('Ctrl Pts',(381.8471728881,-1.4210854715202E-13,-32.8996805814));
#774=CARTESIAN_POINT('Ctrl Pts',(387.4898741066,-1.4210854715202E-13,-35.33195709467));
#775=CARTESIAN_POINT('Ctrl Pts',(393.2768850137,-1.4210854715202E-13,-32.61520500309));
#776=CARTESIAN_POINT('Ctrl Pts',(398.0268060055,-1.4210854715202E-13,-25.90533928891));
#777=CARTESIAN_POINT('Ctrl Pts',(401.369608266,-1.4210854715202E-13,-17.21716179068));
#778=CARTESIAN_POINT('Ctrl Pts',(403.174016375145,-1.4210854715202E-13,
-9.31900836519587));
#779=CARTESIAN_POINT('Ctrl Pts',(403.645814302539,-1.4210854715202E-13,
-5.39593078561338));
#780=CARTESIAN_POINT('Ctrl Pts',(403.727382171475,-1.4210854715202E-13,
-3.94200599283183));
#781=CARTESIAN_POINT('',(371.883921745311,-1.46117321198815E-14,-3.));
#782=CARTESIAN_POINT('Origin',(371.8838603675,-2.2409839813918E-14,-4.000167062735));
#783=CARTESIAN_POINT('',(348.745,4.21578537372481E-14,-3.));
#784=CARTESIAN_POINT('',(346.745,4.19129243774186E-14,-3.));
#785=CARTESIAN_POINT('',(348.745,4.17904596975039E-14,-5.));
#786=CARTESIAN_POINT('Origin',(413.03637631896,-765.91429055446,-13.0000000000001));
#787=CARTESIAN_POINT('',(405.175522454703,329.449526947053,-11.5144103780691));
#788=CARTESIAN_POINT('',(405.175522454702,-4.75045277946647E-14,-11.5144103780711));
#789=CARTESIAN_POINT('',(413.03637631896,329.44952674386,-4.99999999999993));
#790=CARTESIAN_POINT('Origin',(413.036376318961,329.4495267423,-12.9999999999999));
#791=CARTESIAN_POINT('',(413.03637631896,-4.96638825196831E-14,-5.));
#792=CARTESIAN_POINT('Origin',(363.6344963166,-7.05652740789927E-14,-13.00411705339));
#793=CARTESIAN_POINT('',(363.638277546734,329.449539871809,-4.99999999999994));
#794=CARTESIAN_POINT('',(363.637469945508,329.449534259459,-4.99999999999994));
#795=CARTESIAN_POINT('',(371.576664238981,329.449525995236,-12.0248881583916));
#796=CARTESIAN_POINT('Origin',(363.634137002392,329.44953881989,-13.0042951432258));
#797=CARTESIAN_POINT('',(371.577067488856,329.449527933575,-12.0238855621803));
#798=CARTESIAN_POINT('Origin',(0.,0.,-20.6151027234626));
#799=CARTESIAN_POINT('',(1.56228458177401E-13,523.53932824875,-4.9999999999999));
#800=CARTESIAN_POINT('',(-6.22916014812774E-14,508.6495267423,-5.00000000000002));
#801=CARTESIAN_POINT('',(5.55111512312578E-14,508.6495267423,-4.99999999999991));
#802=CARTESIAN_POINT('',(-6.22916014812774E-14,508.6495267423,-2.99999999999991));
#803=CARTESIAN_POINT('',(-6.22916014812774E-14,508.6495267423,-5.00000000000002));
#804=CARTESIAN_POINT('',(-1.02645546731703E-13,531.78851018209,-2.9999999999999));
#805=CARTESIAN_POINT('',(-6.20466721214479E-14,506.6495267423,-2.99999999999991));
#806=CARTESIAN_POINT('',(1.73479445733779E-13,532.786402820654,-3.94387690789919));
#807=CARTESIAN_POINT('Origin',(6.51252946097749E-14,531.7883871098,-4.0001670627349));
#808=CARTESIAN_POINT('',(1.72158356253898E-13,563.631908536025,-3.94201272619236));
#809=CARTESIAN_POINT('Ctrl Pts',(2.39506839870133E-13,563.631908520539,
-3.94201300222613));
#810=CARTESIAN_POINT('Ctrl Pts',(2.39085969797982E-13,563.550340363948,
-5.39593644722494));
#811=CARTESIAN_POINT('Ctrl Pts',(2.3887372860503E-13,563.338493610013,-7.15747566156755));
#812=CARTESIAN_POINT('Ctrl Pts',(2.38899392016271E-13,562.987207206303,
-9.15476486137997));
#813=CARTESIAN_POINT('Ctrl Pts',(2.38930884338275E-13,562.556153310601,
-11.6055835703578));
#814=CARTESIAN_POINT('Ctrl Pts',(2.39320603991524E-13,561.915144159451,
-14.411372680518));
#815=CARTESIAN_POINT('Ctrl Pts',(2.39447135524986E-13,561.037505873792,
-17.2622968186364));
#816=CARTESIAN_POINT('Ctrl Pts',(2.39573663710446E-13,560.159867588133,
-20.1132209567564));
#817=CARTESIAN_POINT('Ctrl Pts',(2.39436986546246E-13,559.045600167966,
-23.0092801228346));
#818=CARTESIAN_POINT('Ctrl Pts',(2.39197837208809E-13,557.696812959249,
-25.5756206582372));
#819=CARTESIAN_POINT('Ctrl Pts',(2.38958650221202E-13,556.348025750533,
-28.1419611936373));
#820=CARTESIAN_POINT('Ctrl Pts',(2.38616974251352E-13,554.764718753267,
-30.3785830983625));
#821=CARTESIAN_POINT('Ctrl Pts',(2.38327983703003E-13,553.008563436785,
-31.9496860659885));
#822=CARTESIAN_POINT('Ctrl Pts',(2.38038958814048E-13,551.252408120301,
-33.520789033616));
#823=CARTESIAN_POINT('Ctrl Pts',(2.37802636746549E-13,549.323404484601,
-34.4263730641429));
#824=CARTESIAN_POINT('Ctrl Pts',(2.37717306692499E-13,547.418452463667,
-34.473785660528));
#825=CARTESIAN_POINT('Ctrl Pts',(2.37631993256664E-13,545.513500442733,
-34.521198256913));
#826=CARTESIAN_POINT('Ctrl Pts',(2.37697655216063E-13,543.632600036565,
-33.710439419156));
#827=CARTESIAN_POINT('Ctrl Pts',(2.37419828556064E-13,541.968082848648,
-32.1555603080285));
#828=CARTESIAN_POINT('Ctrl Pts',(2.37141984798329E-13,540.303565660733,
-30.6006811969025));
#829=CARTESIAN_POINT('Ctrl Pts',(2.3652065257828E-13,538.855431691067,-28.3016818124073));
#830=CARTESIAN_POINT('Ctrl Pts',(2.36226325725181E-13,537.660552914951,
-25.6294113790309));
#831=CARTESIAN_POINT('Ctrl Pts',(2.35931964360571E-13,536.465674138834,
-22.9571409456519));
#832=CARTESIAN_POINT('Ctrl Pts',(2.35964642874421E-13,535.524050556267,
-19.9115994633909));
#833=CARTESIAN_POINT('Ctrl Pts',(2.36029508623271E-13,534.80541639224,-16.9446141155341));
#834=CARTESIAN_POINT('Ctrl Pts',(2.36094374268205E-13,534.086782228214,
-13.9776287676774));
#835=CARTESIAN_POINT('Ctrl Pts',(2.36191427252055E-13,533.591137482728,
-11.0891995542249));
#836=CARTESIAN_POINT('Ctrl Pts',(2.36222157591155E-13,533.263021231303,
-8.67117367360679));
#837=CARTESIAN_POINT('Ctrl Pts',(2.36246187991043E-13,533.006454967205,
-6.78042957303866));
#838=CARTESIAN_POINT('Ctrl Pts',(2.36229662409194E-13,532.852319913063,
-5.17730211236814));
#839=CARTESIAN_POINT('Ctrl Pts',(2.36221257512095E-13,532.78640285506,-3.94387755169867));
#840=CARTESIAN_POINT('',(-7.68302719602155E-15,564.63010242741,-2.99999999810393));
#841=CARTESIAN_POINT('Origin',(6.91472454249742E-14,564.6301078247,-4.0001678499179));
#842=CARTESIAN_POINT('',(7.19526299745821E-14,587.5378111034,-2.99999999999989));
#843=CARTESIAN_POINT('',(-6.9147244763997E-14,564.63010242741,-2.99999999431198));
#844=CARTESIAN_POINT('',(7.19526299745821E-14,587.5378111034,-4.99999999999989));
#845=CARTESIAN_POINT('',(-7.19526299745821E-14,587.5378111034,-2.99999999999989));
#846=CARTESIAN_POINT('',(7.01650243034566E-14,572.94090306126,-4.9999999999999));
#847=CARTESIAN_POINT('',(-7.01650243034566E-14,572.94090306126,-4.9999999999999));
#848=CARTESIAN_POINT('',(6.92023473511137E-14,565.080049197002,-11.5144103780711));
#849=CARTESIAN_POINT('Origin',(-3.5527136788005E-14,572.94090306126,-12.9999999999999));
#850=CARTESIAN_POINT('',(-1.00362028262123E-7,531.480484711121,-12.0148308587758));
#851=CARTESIAN_POINT('Ctrl Pts',(3.69062996889994E-14,531.480484848582,
-12.0148319810418));
#852=CARTESIAN_POINT('Ctrl Pts',(3.73535866349624E-14,531.668950910807,
-13.5535184866354));
#853=CARTESIAN_POINT('Ctrl Pts',(3.73819331726512E-14,531.913450716767,
-15.2282981345196));
#854=CARTESIAN_POINT('Ctrl Pts',(3.73224379241404E-14,532.240569277491,
-16.9647660282278));
#855=CARTESIAN_POINT('Ctrl Pts',(3.72121299434033E-14,532.847647176229,
-20.1873629906415));
#856=CARTESIAN_POINT('Ctrl Pts',(3.67989003491041E-14,533.739274109265,
-23.6224217703113));
#857=CARTESIAN_POINT('Ctrl Pts',(3.68830692895127E-14,535.048264542399,
-26.6960865731727));
#858=CARTESIAN_POINT('Ctrl Pts',(3.6967371596316E-14,536.357254975533,-29.7697513760331));
#859=CARTESIAN_POINT('Ctrl Pts',(3.75491705677363E-14,538.083608908766,
-32.4820222020853));
#860=CARTESIAN_POINT('Ctrl Pts',(3.79580483023677E-14,540.212781918714,
-34.3456286808814));
#861=CARTESIAN_POINT('Ctrl Pts',(3.83667957933488E-14,542.341954928664,
-36.209235159679));
#862=CARTESIAN_POINT('Ctrl Pts',(3.86026086061592E-14,544.873947015331,
-37.224177291219));
#863=CARTESIAN_POINT('Ctrl Pts',(3.88796208996913E-14,547.438400287315,
-37.1741021357711));
#864=CARTESIAN_POINT('Ctrl Pts',(3.9156598631501E-14,550.0028535593,-37.1240269803232));
#865=CARTESIAN_POINT('Ctrl Pts',(3.94746748804833E-14,552.599768016602,
-36.0089345378856));
#866=CARTESIAN_POINT('Ctrl Pts',(3.96029202505345E-14,554.855063151721,
-34.0496065261849));
#867=CARTESIAN_POINT('Ctrl Pts',(3.97310336503669E-14,557.110358286835,
-32.0902785144875));
#868=CARTESIAN_POINT('Ctrl Pts',(3.96694973241059E-14,559.024034099767,
-29.2867149335299));
#869=CARTESIAN_POINT('Ctrl Pts',(4.00567957092267E-14,560.544913861983,
-26.1503124561351));
#870=CARTESIAN_POINT('Ctrl Pts',(4.04442709430693E-14,562.0657936242,-23.0139099787375));
#871=CARTESIAN_POINT('Ctrl Pts',(4.12807137430987E-14,563.193877335701,
-19.5446686049022));
#872=CARTESIAN_POINT('Ctrl Pts',(4.10679470212784E-14,564.012118400324,
-16.346104396093));
#873=CARTESIAN_POINT('Ctrl Pts',(4.09540014172353E-14,564.450592247787,
-14.6320780343856));
#874=CARTESIAN_POINT('Ctrl Pts',(4.05389183766664E-14,564.800091495787,
-12.9957794889911));
#875=CARTESIAN_POINT('Ctrl Pts',(4.05595281779284E-14,565.080049197002,
-11.5144103780711));
#876=CARTESIAN_POINT('Origin',(-1.46734422156941E-11,523.5390230581,-13.0041170540299));
#877=CARTESIAN_POINT('Origin',(6.91472454249744E-14,564.6301078247,-4.0001678499179));
#878=CARTESIAN_POINT('',(169.545000045865,563.631777609112,-3.94345885300311));
#879=CARTESIAN_POINT('',(9.73983098451807E-14,563.631908543768,-3.94201258817547));
#880=CARTESIAN_POINT('',(169.544998402328,564.63030801961,-2.9999999999999));
#881=CARTESIAN_POINT('Origin',(169.544997469996,564.6301078247,-4.00016784991835));
#882=CARTESIAN_POINT('',(8.32667268468867E-14,564.63010242741,-2.9999999999999));
#883=CARTESIAN_POINT('Origin',(9.3547004040175E-14,531.7883871098,-4.0001670627349));
#884=CARTESIAN_POINT('',(169.54500290432,531.788783047969,-2.9999999999999));
#885=CARTESIAN_POINT('',(169.545001643371,531.788692215496,-2.9999999999999));
#886=CARTESIAN_POINT('',(169.545001937921,532.786648885252,-3.94569476913465));
#887=CARTESIAN_POINT('Origin',(169.545002428232,531.7883871098,-4.00016706273526));
#888=CARTESIAN_POINT('',(169.545000632982,532.7864898674,-3.94550496303807));
#889=CARTESIAN_POINT('Origin',(2.84217094304E-13,2.84768185363616E-13,-3.));
#890=CARTESIAN_POINT('',(169.545,508.6495267423,-2.99999999999991));
#891=CARTESIAN_POINT('',(348.745,329.4495267423,-2.99999999999994));
#892=CARTESIAN_POINT('Origin',(169.545,329.4495267423,-2.99999999999994));
#893=CARTESIAN_POINT('',(348.745,-4.2157853737248E-14,-3.00000000000015));
#894=CARTESIAN_POINT('',(371.884256306548,329.449527132161,-2.99999999999994));
#895=CARTESIAN_POINT('',(371.883921745831,-6.63059195981835E-14,-3.));
#896=CARTESIAN_POINT('Ctrl Pts',(371.884256306548,329.449527132161,-2.99999999999994));
#897=CARTESIAN_POINT('Ctrl Pts',(371.884344313107,342.702537406535,-2.99999999999994));
#898=CARTESIAN_POINT('Ctrl Pts',(369.275854961837,369.173855184544,-2.99999999999993));
#899=CARTESIAN_POINT('Ctrl Pts',(357.687511283123,407.382005020178,-2.99999999999993));
#900=CARTESIAN_POINT('Ctrl Pts',(338.868842183857,442.587824140117,-2.99999999999992));
#901=CARTESIAN_POINT('Ctrl Pts',(313.543258295895,473.447771333151,-2.99999999999991));
#902=CARTESIAN_POINT('Ctrl Pts',(282.683250631366,498.773371658642,-2.99999999999991));
#903=CARTESIAN_POINT('Ctrl Pts',(247.477657894815,517.592036618512,-2.9999999999999));
#904=CARTESIAN_POINT('Ctrl Pts',(209.268664095621,529.180381594556,-2.9999999999999));
#905=CARTESIAN_POINT('Ctrl Pts',(182.79944776215,531.788870899275,-2.9999999999999));
#906=CARTESIAN_POINT('Ctrl Pts',(169.54500290432,531.788783047969,-2.9999999999999));
#907=CARTESIAN_POINT('',(169.545,508.6495267423,-2.99999999999991));
#908=CARTESIAN_POINT('Origin',(169.5463499808,329.4508767222,-4.00161312352494));
#909=CARTESIAN_POINT('',(372.881875494343,329.449527205616,-3.94566733256889));
#910=CARTESIAN_POINT('Origin',(169.544939239344,329.449465981644,-3.94690872751758));
#911=CARTESIAN_POINT('Origin',(371.883472505065,329.449528576879,-4.00040764560679));
#912=CARTESIAN_POINT('Ctrl Pts',(-0.000107431170748992,563.640577033079,
-3.77892654463279));
#913=CARTESIAN_POINT('Ctrl Pts',(203.457890891592,563.640577033079,-3.77892654463279));
#914=CARTESIAN_POINT('Ctrl Pts',(-0.000107431170749445,563.566111882308,
-5.2634815148365));
#915=CARTESIAN_POINT('Ctrl Pts',(203.457890891592,563.566111882308,-5.2634815148365));
#916=CARTESIAN_POINT('Ctrl Pts',(-0.000107431170749946,563.098231862951,
-9.23282789860801));
#917=CARTESIAN_POINT('Ctrl Pts',(203.457890891592,563.098231862951,-9.23282789860801));
#918=CARTESIAN_POINT('Ctrl Pts',(-0.000107431170748837,561.2741350083,-17.2171617906799));
#919=CARTESIAN_POINT('Ctrl Pts',(203.457890891592,561.2741350083,-17.2171617906799));
#920=CARTESIAN_POINT('Ctrl Pts',(-0.000107431170749247,557.9313327478,-25.9053392889099));
#921=CARTESIAN_POINT('Ctrl Pts',(203.457890891592,557.9313327478,-25.9053392889099));
#922=CARTESIAN_POINT('Ctrl Pts',(-0.000107431170750272,553.181411756,-32.6152050030899));
#923=CARTESIAN_POINT('Ctrl Pts',(203.457890891592,553.181411756,-32.6152050030899));
#924=CARTESIAN_POINT('Ctrl Pts',(-0.000107431170750981,547.3944008489,-35.3319570946699));
#925=CARTESIAN_POINT('Ctrl Pts',(203.457890891592,547.3944008489,-35.3319570946699));
#926=CARTESIAN_POINT('Ctrl Pts',(-0.000107431170750784,541.7516996304,-32.8996805813999));
#927=CARTESIAN_POINT('Ctrl Pts',(203.457890891592,541.7516996304,-32.8996805813999));
#928=CARTESIAN_POINT('Ctrl Pts',(-0.000107431170752648,537.4072977214,-26.0026824279099));
#929=CARTESIAN_POINT('Ctrl Pts',(203.457890891592,537.4072977214,-26.0026824279099));
#930=CARTESIAN_POINT('Ctrl Pts',(-0.00010743117075255,534.5824269737,-16.8660579811299));
#931=CARTESIAN_POINT('Ctrl Pts',(203.457890891592,534.5824269737,-16.8660579811299));
#932=CARTESIAN_POINT('Ctrl Pts',(-0.000107431170752277,533.188410517524,
-8.74225985208437));
#933=CARTESIAN_POINT('Ctrl Pts',(203.457890891592,533.188410517524,-8.74225985208437));
#934=CARTESIAN_POINT('Ctrl Pts',(-0.000107431170752319,532.84041521192,
-5.05229308862061));
#935=CARTESIAN_POINT('Ctrl Pts',(203.457890891592,532.84041521192,-5.05229308862061));
#936=CARTESIAN_POINT('Ctrl Pts',(-0.000107431170752327,532.779069857936,
-3.80080185519621));
#937=CARTESIAN_POINT('Ctrl Pts',(203.457890891592,532.779069857936,-3.80080185519621));
#938=CARTESIAN_POINT('Ctrl Pts',(169.544999995789,532.786489893463,-3.94550545026884));
#939=CARTESIAN_POINT('Ctrl Pts',(169.544999995789,532.852455535369,-5.17871254200504));
#940=CARTESIAN_POINT('Ctrl Pts',(169.544999995789,533.203744958891,-8.83162314871731));
#941=CARTESIAN_POINT('Ctrl Pts',(169.544999995789,534.5824269737,-16.8660579811299));
#942=CARTESIAN_POINT('Ctrl Pts',(169.544999995789,537.4072977214,-26.0026824279099));
#943=CARTESIAN_POINT('Ctrl Pts',(169.544999995789,541.7516996304,-32.8996805813999));
#944=CARTESIAN_POINT('Ctrl Pts',(169.544999995789,547.3944008489,-35.3319570946699));
#945=CARTESIAN_POINT('Ctrl Pts',(169.544999995789,553.181411756,-32.6152050030899));
#946=CARTESIAN_POINT('Ctrl Pts',(169.544999995789,557.9313327478,-25.9053392889099));
#947=CARTESIAN_POINT('Ctrl Pts',(169.544999995789,561.2741350083,-17.2171617906799));
#948=CARTESIAN_POINT('Ctrl Pts',(169.544999995789,563.078386926425,-9.31969203572172));
#949=CARTESIAN_POINT('Ctrl Pts',(169.544999995789,563.550214350797,-5.39698418478558));
#950=CARTESIAN_POINT('Ctrl Pts',(169.544999995789,563.631835714116,-3.94331021637966));
#951=CARTESIAN_POINT('Ctrl Pts',(162.374498173866,563.522347570849,-3.93768330375901));
#952=CARTESIAN_POINT('Ctrl Pts',(162.376990282616,563.440995534532,-5.39243877135646));
#953=CARTESIAN_POINT('Ctrl Pts',(162.391433392649,562.969516746995,-9.31674180430852));
#954=CARTESIAN_POINT('Ctrl Pts',(162.446698913256,561.165437113958,-17.2171617906799));
#955=CARTESIAN_POINT('Ctrl Pts',(162.549053089959,557.824202226178,-25.9053392889099));
#956=CARTESIAN_POINT('Ctrl Pts',(162.694492219956,553.076508376759,-32.6152050030899));
#957=CARTESIAN_POINT('Ctrl Pts',(162.871686289723,547.292210882636,-35.3319570946699));
#958=CARTESIAN_POINT('Ctrl Pts',(163.044461701665,541.652155413202,-32.8996805813999));
#959=CARTESIAN_POINT('Ctrl Pts',(163.177484131952,537.309790506844,-26.0026824279099));
#960=CARTESIAN_POINT('Ctrl Pts',(163.263979622005,534.486244284199,-16.8660579811299));
#961=CARTESIAN_POINT('Ctrl Pts',(163.308407034038,533.035962294336,-8.41040101749955));
#962=CARTESIAN_POINT('Ctrl Pts',(163.318601885788,532.703163033579,-4.59070434966878));
#963=CARTESIAN_POINT('Ctrl Pts',(163.319821440425,532.663352069045,-3.29433013186021));
#964=CARTESIAN_POINT('Ctrl Pts',(306.245338937234,567.929634682482,-3.93768330375901));
#965=CARTESIAN_POINT('Ctrl Pts',(306.197828718412,567.846750893012,-5.39243877135646));
#966=CARTESIAN_POINT('Ctrl Pts',(305.922481457548,567.366394772446,-9.31674180430852));
#967=CARTESIAN_POINT('Ctrl Pts',(304.868884989437,565.528346663758,-17.2171617906799));
#968=CARTESIAN_POINT('Ctrl Pts',(302.91757795596,562.124200663933,-25.9053392889099));
#969=CARTESIAN_POINT('Ctrl Pts',(300.144888003797,557.287113907476,-32.6152050030899));
#970=CARTESIAN_POINT('Ctrl Pts',(296.76681350048,551.393905606426,-35.33195709467));
#971=CARTESIAN_POINT('Ctrl Pts',(293.472977455922,545.647655219995,-32.8996805813999));
#972=CARTESIAN_POINT('Ctrl Pts',(290.937002743492,541.223529223998,-26.0026824279099));
#973=CARTESIAN_POINT('Ctrl Pts',(289.288029897033,538.346819294298,-16.8660579811299));
#974=CARTESIAN_POINT('Ctrl Pts',(288.4410539907,536.869230378754,-8.41040101749955));
#975=CARTESIAN_POINT('Ctrl Pts',(288.246696646766,536.530164940285,-4.59070434966877));
#976=CARTESIAN_POINT('Ctrl Pts',(288.223446735367,536.489604387011,-3.29433013186021));
#977=CARTESIAN_POINT('Ctrl Pts',(408.025108330468,466.149864919276,-3.93768330375903));
#978=CARTESIAN_POINT('Ctrl Pts',(407.942224540864,466.102354700719,-5.39243877135648));
#979=CARTESIAN_POINT('Ctrl Pts',(407.461868419511,465.827007441385,-9.31674180430854));
#980=CARTESIAN_POINT('Ctrl Pts',(405.623820307815,464.773410979134,-17.2171617906799));
#981=CARTESIAN_POINT('Ctrl Pts',(402.219674302419,462.82210395651,-25.9053392889099));
#982=CARTESIAN_POINT('Ctrl Pts',(397.382587538046,460.049414019767,-32.6152050030899));
#983=CARTESIAN_POINT('Ctrl Pts',(391.489379227352,456.671339535236,-35.33195709467));
#984=CARTESIAN_POINT('Ctrl Pts',(385.743128831517,453.377503508997,-32.8996805813999));
#985=CARTESIAN_POINT('Ctrl Pts',(381.31900282828,450.841528810672,-26.0026824279099));
#986=CARTESIAN_POINT('Ctrl Pts',(378.442292893871,449.192555973383,-16.86605798113));
#987=CARTESIAN_POINT('Ctrl Pts',(376.964703975909,448.345580071761,-8.41040101749957));
#988=CARTESIAN_POINT('Ctrl Pts',(376.625638536886,448.151222728908,-4.59070434966879));
#989=CARTESIAN_POINT('Ctrl Pts',(376.585077983545,448.127972817638,-3.29433013186023));
#990=CARTESIAN_POINT('Ctrl Pts',(403.617820807956,322.279024243922,-3.93768330375906));
#991=CARTESIAN_POINT('Ctrl Pts',(403.536468771645,322.281516352905,-5.39243877135651));
#992=CARTESIAN_POINT('Ctrl Pts',(403.06498998415,322.295959464293,-9.31674180430856));
#993=CARTESIAN_POINT('Ctrl Pts',(401.260910351273,322.351224990082,-17.2171617906799));
#994=CARTESIAN_POINT('Ctrl Pts',(397.919675463786,322.45357917638,-25.90533928891));
#995=CARTESIAN_POINT('Ctrl Pts',(393.171981614785,322.599018320012,-32.6152050030899));
#996=CARTESIAN_POINT('Ctrl Pts',(387.387684121171,322.776212406391,-35.33195709467));
#997=CARTESIAN_POINT('Ctrl Pts',(381.747628652233,322.948987834531,-32.8996805813999));
#998=CARTESIAN_POINT('Ctrl Pts',(377.405263746257,323.082010277289,-26.00268242791));
#999=CARTESIAN_POINT('Ctrl Pts',(374.581717523861,323.168505775451,-16.8660579811299));
#1000=CARTESIAN_POINT('Ctrl Pts',(373.131435534125,323.21293319165,-8.41040101749959));
#1001=CARTESIAN_POINT('Ctrl Pts',(372.798636273397,323.223128044355,-4.59070434966881));
#1002=CARTESIAN_POINT('Ctrl Pts',(372.758825308867,323.224347599106,-3.29433013186025));
#1003=CARTESIAN_POINT('',(403.727048244733,329.449525360452,-3.9434013820672));
#1004=CARTESIAN_POINT('Ctrl Pts',(372.881962104132,329.449526661184,-3.94548587796044));
#1005=CARTESIAN_POINT('Ctrl Pts',(372.897011134647,329.449526661178,-4.22682589357688));
#1006=CARTESIAN_POINT('Ctrl Pts',(372.91664145546,329.44952666117,-4.52728213158169));
#1007=CARTESIAN_POINT('Ctrl Pts',(372.941022232414,329.449526661161,-4.84595680476248));
#1008=CARTESIAN_POINT('Ctrl Pts',(372.966375251385,329.44952666115,-5.17733939566288));
#1009=CARTESIAN_POINT('Ctrl Pts',(372.996864978637,329.449526661138,-5.52842253432223));
#1010=CARTESIAN_POINT('Ctrl Pts',(373.032695741359,329.449526661124,-5.8982515468859));
#1011=CARTESIAN_POINT('Ctrl Pts',(373.069455649493,329.449526661109,-6.27767078036088));
#1012=CARTESIAN_POINT('Ctrl Pts',(373.111837015349,329.449526661093,-6.67682104365217));
#1013=CARTESIAN_POINT('Ctrl Pts',(373.160077671731,329.449526661073,-7.09472428512184));
#1014=CARTESIAN_POINT('Ctrl Pts',(373.170737137162,329.449526661069,-7.18706600453163));
#1015=CARTESIAN_POINT('Ctrl Pts',(373.181682754688,329.449526661065,-7.28032353080412));
#1016=CARTESIAN_POINT('Ctrl Pts',(373.192917212669,329.44952666106,-7.37448662135124));
#1017=CARTESIAN_POINT('Ctrl Pts',(373.198934582765,329.449526661058,-7.42492200205694));
#1018=CARTESIAN_POINT('Ctrl Pts',(373.205034350731,329.449526661055,-7.47561321630726));
#1019=CARTESIAN_POINT('Ctrl Pts',(373.211215900985,329.449526661053,-7.52655051839837));
#1020=CARTESIAN_POINT('Ctrl Pts',(373.255965450937,329.449526661035,-7.89529642360773));
#1021=CARTESIAN_POINT('Ctrl Pts',(373.305014943339,329.449526661015,-8.27706053577793));
#1022=CARTESIAN_POINT('Ctrl Pts',(373.358494488971,329.449526660994,-8.67117367360193));
#1023=CARTESIAN_POINT('Ctrl Pts',(373.419039923937,329.44952666097,-9.11735830499731));
#1024=CARTESIAN_POINT('Ctrl Pts',(373.485263009776,329.449526660943,-9.57936997047504));
#1025=CARTESIAN_POINT('Ctrl Pts',(373.557529841339,329.449526660914,-10.054907885942));
#1026=CARTESIAN_POINT('Ctrl Pts',(373.637359295359,329.449526660882,-10.5802101765811));
#1027=CARTESIAN_POINT('Ctrl Pts',(373.724562945773,329.449526660848,-11.1220187162799));
#1028=CARTESIAN_POINT('Ctrl Pts',(373.819660841399,329.44952666081,-11.6772920949187));
#1029=CARTESIAN_POINT('Ctrl Pts',(373.854344097937,329.449526660796,-11.8798064503937));
#1030=CARTESIAN_POINT('Ctrl Pts',(373.890078630463,329.449526660782,-12.084117182459));
#1031=CARTESIAN_POINT('Ctrl Pts',(373.926883372445,329.449526660767,-12.2900380600488));
#1032=CARTESIAN_POINT('Ctrl Pts',(374.059308975415,329.449526660714,-13.0309533581903));
#1033=CARTESIAN_POINT('Ctrl Pts',(374.205601522173,329.449526660655,-13.7927778211007));
#1034=CARTESIAN_POINT('Ctrl Pts',(374.36680321103,329.449526660591,-14.5678408910409));
#1035=CARTESIAN_POINT('Ctrl Pts',(374.529329832059,329.449526660526,-15.349274278831));
#1036=CARTESIAN_POINT('Ctrl Pts',(374.707012065092,329.449526660455,-16.1441623943432));
#1037=CARTESIAN_POINT('Ctrl Pts',(374.900889649936,329.449526660378,-16.9446141155365));
#1038=CARTESIAN_POINT('Ctrl Pts',(375.087817998999,329.449526660304,-17.7163749091759));
#1039=CARTESIAN_POINT('Ctrl Pts',(375.289801486324,329.449526660223,-18.4933051325737));
#1040=CARTESIAN_POINT('Ctrl Pts',(375.507299772242,329.449526660136,-19.267284104498));
#1041=CARTESIAN_POINT('Ctrl Pts',(375.662165390469,329.449526660075,-19.8183814682112));
#1042=CARTESIAN_POINT('Ctrl Pts',(375.824896256365,329.44952666001,-20.3679826776254));
#1043=CARTESIAN_POINT('Ctrl Pts',(375.995648954718,329.449526659942,-20.9131687989422));
#1044=CARTESIAN_POINT('Ctrl Pts',(376.123713478483,329.449526659891,-21.3220583899298));
#1045=CARTESIAN_POINT('Ctrl Pts',(376.256290124988,329.449526659838,-21.7284646849517));
#1046=CARTESIAN_POINT('Ctrl Pts',(376.393441920225,329.449526659783,-22.1311626132679));
#1047=CARTESIAN_POINT('Ctrl Pts',(376.424912935051,329.449526659771,-22.2235661611065));
#1048=CARTESIAN_POINT('Ctrl Pts',(376.456624831537,329.449526659758,-22.3157744813029));
#1049=CARTESIAN_POINT('Ctrl Pts',(376.488578351198,329.449526659745,-22.4077728232382));
#1050=CARTESIAN_POINT('Ctrl Pts',(376.513978749249,329.449526659735,-22.4809038751503));
#1051=CARTESIAN_POINT('Ctrl Pts',(376.539534627963,329.449526659725,-22.5539103324801));
#1052=CARTESIAN_POINT('Ctrl Pts',(376.565248077447,329.449526659715,-22.6267892211501));
#1053=CARTESIAN_POINT('Ctrl Pts',(376.849222832932,329.449526659601,-23.431650684888));
#1054=CARTESIAN_POINT('Ctrl Pts',(377.152357492347,329.44952665948,-24.2207755074105));
#1055=CARTESIAN_POINT('Ctrl Pts',(377.475284704903,329.449526659352,-24.9839256931017));
#1056=CARTESIAN_POINT('Ctrl Pts',(377.567255457594,329.449526659315,-25.2012734243088));
#1057=CARTESIAN_POINT('Ctrl Pts',(377.660831329907,329.449526659277,-25.416514164051));
#1058=CARTESIAN_POINT('Ctrl Pts',(377.756026172651,329.449526659239,-25.6294113790311));
#1059=CARTESIAN_POINT('Ctrl Pts',(378.054715859119,329.44952665912,-26.297411877371));
#1060=CARTESIAN_POINT('Ctrl Pts',(378.369347099317,329.449526658995,-26.9423372129197));
#1061=CARTESIAN_POINT('Ctrl Pts',(378.69927449927,329.449526658863,-27.5581673882639));
#1062=CARTESIAN_POINT('Ctrl Pts',(378.985171973683,329.449526658749,-28.091812947328));
#1063=CARTESIAN_POINT('Ctrl Pts',(379.282554684914,329.449526658631,-28.6036104286008));
#1064=CARTESIAN_POINT('Ctrl Pts',(379.590980807821,329.449526658507,-29.0896789493249));
#1065=CARTESIAN_POINT('Ctrl Pts',(379.88474603799,329.44952665839,-29.5526424283021));
#1066=CARTESIAN_POINT('Ctrl Pts',(380.188529522894,329.449526658269,-29.9922642754842));
#1067=CARTESIAN_POINT('Ctrl Pts',(380.501933783452,329.449526658144,-30.4052338085398));
#1068=CARTESIAN_POINT('Ctrl Pts',(380.626111565081,329.449526658094,-30.5688615792793));
#1069=CARTESIAN_POINT('Ctrl Pts',(380.751799571375,329.449526658044,-30.7283056764906));
#1070=CARTESIAN_POINT('Ctrl Pts',(380.878972458644,329.449526657993,-30.8833624333815));
#1071=CARTESIAN_POINT('Ctrl Pts',(380.967327076608,329.449526657958,-30.991089644833));
#1072=CARTESIAN_POINT('Ctrl Pts',(381.056398426457,329.449526657923,-31.0966991533304));
#1073=CARTESIAN_POINT('Ctrl Pts',(381.146177914158,329.449526657887,-31.2001230726832));
#1074=CARTESIAN_POINT('Ctrl Pts',(381.198944995448,329.449526657866,-31.2609095451784));
#1075=CARTESIAN_POINT('Ctrl Pts',(381.251959477393,329.449526657845,-31.3209443132887));
#1076=CARTESIAN_POINT('Ctrl Pts',(381.305225115761,329.449526657823,-31.3802192459687));
#1077=CARTESIAN_POINT('Ctrl Pts',(381.552665853399,329.449526657725,-31.6555756204569));
#1078=CARTESIAN_POINT('Ctrl Pts',(381.8054927576,329.449526657624,-31.9144950230135));
#1079=CARTESIAN_POINT('Ctrl Pts',(382.063556106347,329.449526657521,-32.1555603080269));
#1080=CARTESIAN_POINT('Ctrl Pts',(382.449806416687,329.449526657367,-32.5163691621337));
#1081=CARTESIAN_POINT('Ctrl Pts',(382.847788219874,329.449526657208,-32.8371786281036));
#1082=CARTESIAN_POINT('Ctrl Pts',(383.255042500057,329.449526657045,-33.1164821179788));
#1083=CARTESIAN_POINT('Ctrl Pts',(383.553499677784,329.449526656926,-33.3211702830238));
#1084=CARTESIAN_POINT('Ctrl Pts',(383.856936388154,329.449526656805,-33.503567694064));
#1085=CARTESIAN_POINT('Ctrl Pts',(384.164380144264,329.449526656683,-33.6630988194793));
#1086=CARTESIAN_POINT('Ctrl Pts',(384.298472518844,329.449526656629,-33.7326787247505));
#1087=CARTESIAN_POINT('Ctrl Pts',(384.433330226747,329.449526656575,-33.7979107987339));
#1088=CARTESIAN_POINT('Ctrl Pts',(384.568880618042,329.449526656521,-33.8587506782792));
#1089=CARTESIAN_POINT('Ctrl Pts',(384.951486230406,329.449526656369,-34.0304778060821));
#1090=CARTESIAN_POINT('Ctrl Pts',(385.339590534717,329.449526656214,-34.1671972582976));
#1091=CARTESIAN_POINT('Ctrl Pts',(385.731356986158,329.449526656058,-34.2678413296121));
#1092=CARTESIAN_POINT('Ctrl Pts',(386.116049107799,329.449526655904,-34.3666680187841));
#1093=CARTESIAN_POINT('Ctrl Pts',(386.504271905948,329.449526655749,-34.4307103467727));
#1094=CARTESIAN_POINT('Ctrl Pts',(386.894283689739,329.449526655594,-34.4590073555133));
#1095=CARTESIAN_POINT('Ctrl Pts',(387.100416934857,329.449526655512,-34.473963196545));
#1096=CARTESIAN_POINT('Ctrl Pts',(387.30704991234,329.449526655429,-34.4789346192039));
#1097=CARTESIAN_POINT('Ctrl Pts',(387.513925721369,329.449526655347,-34.473785660528));
#1098=CARTESIAN_POINT('Ctrl Pts',(387.599719630269,329.449526655312,-34.4716503248711));
#1099=CARTESIAN_POINT('Ctrl Pts',(387.685554479215,329.449526655278,-34.4677747225329));
#1100=CARTESIAN_POINT('Ctrl Pts',(387.771428449752,329.449526655244,-34.4621756937551));
#1101=CARTESIAN_POINT('Ctrl Pts',(388.256210943569,329.449526655051,-34.4305676160469));
#1102=CARTESIAN_POINT('Ctrl Pts',(388.742117124706,329.449526654857,-34.3440319194962));
#1103=CARTESIAN_POINT('Ctrl Pts',(389.225855544103,329.449526654664,-34.2056702997032));
#1104=CARTESIAN_POINT('Ctrl Pts',(389.722935802164,329.449526654466,-34.0634925711735));
#1105=CARTESIAN_POINT('Ctrl Pts',(390.217726588986,329.449526654268,-33.8665909488675));
#1106=CARTESIAN_POINT('Ctrl Pts',(390.706650843767,329.449526654073,-33.6183873979687));
#1107=CARTESIAN_POINT('Ctrl Pts',(391.21698260291,329.44952665387,-33.3593162769988));
#1108=CARTESIAN_POINT('Ctrl Pts',(391.720922216543,329.449526653669,-33.044352575632));
#1109=CARTESIAN_POINT('Ctrl Pts',(392.21440448227,329.449526653472,-32.6774451947824));
#1110=CARTESIAN_POINT('Ctrl Pts',(392.515138136025,329.449526653352,-32.4538477022355));
#1111=CARTESIAN_POINT('Ctrl Pts',(392.811988209363,329.449526653233,-32.2109603606707));
#1112=CARTESIAN_POINT('Ctrl Pts',(393.104036694483,329.449526653117,-31.9496860659898));
#1113=CARTESIAN_POINT('Ctrl Pts',(393.323538865483,329.449526653029,-31.7533136215814));
#1114=CARTESIAN_POINT('Ctrl Pts',(393.540328692054,329.449526652943,-31.5465546435971));
#1115=CARTESIAN_POINT('Ctrl Pts',(393.754281283561,329.449526652857,-31.3300741256967));
#1116=CARTESIAN_POINT('Ctrl Pts',(393.885156915591,329.449526652805,-31.1976521512633));
#1117=CARTESIAN_POINT('Ctrl Pts',(394.014970919032,329.449526652753,-31.061592587208));
#1118=CARTESIAN_POINT('Ctrl Pts',(394.143694835555,329.449526652702,-30.9220479051853));
#1119=CARTESIAN_POINT('Ctrl Pts',(394.221570306706,329.449526652671,-30.8376260809228));
#1120=CARTESIAN_POINT('Ctrl Pts',(394.299047112699,329.44952665264,-30.7519285032428));
#1121=CARTESIAN_POINT('Ctrl Pts',(394.376128056891,329.449526652609,-30.6649782718233));
#1122=CARTESIAN_POINT('Ctrl Pts',(394.785212714113,329.449526652446,-30.203515247615));
#1123=CARTESIAN_POINT('Ctrl Pts',(395.183077776841,329.449526652287,-29.7068382824099));
#1124=CARTESIAN_POINT('Ctrl Pts',(395.568731705313,329.449526652133,-29.1799582159088));
#1125=CARTESIAN_POINT('Ctrl Pts',(395.996138800519,329.449526651963,-28.5960350088054));
#1126=CARTESIAN_POINT('Ctrl Pts',(396.408546893158,329.449526651798,-27.9750152340918));
#1127=CARTESIAN_POINT('Ctrl Pts',(396.804627685736,329.44952665164,-27.3237855813222));
#1128=CARTESIAN_POINT('Ctrl Pts',(397.14627354561,329.449526651504,-26.7620569671999));
#1129=CARTESIAN_POINT('Ctrl Pts',(397.475771794515,329.449526651372,-26.1778533804048));
#1130=CARTESIAN_POINT('Ctrl Pts',(397.79228621695,329.449526651246,-25.575620658235));
#1131=CARTESIAN_POINT('Ctrl Pts',(398.129638341368,329.449526651112,-24.9337399924021));
#1132=CARTESIAN_POINT('Ctrl Pts',(398.452240680397,329.449526650983,-24.2713793180268));
#1133=CARTESIAN_POINT('Ctrl Pts',(398.760032931882,329.44952665086,-23.594544468055));
#1134=CARTESIAN_POINT('Ctrl Pts',(398.875455026189,329.449526650814,-23.3407313993156));
#1135=CARTESIAN_POINT('Ctrl Pts',(398.988794654555,329.449526650769,-23.0848829179124));
#1136=CARTESIAN_POINT('Ctrl Pts',(399.100049367245,329.449526650724,-22.8273155846277));
#1137=CARTESIAN_POINT('Ctrl Pts',(399.157253565325,329.449526650702,-22.6948813497468));
#1138=CARTESIAN_POINT('Ctrl Pts',(399.21390657208,329.449526650679,-22.5619926914103));
#1139=CARTESIAN_POINT('Ctrl Pts',(399.270008095578,329.449526650657,-22.4286926118256));
#1140=CARTESIAN_POINT('Ctrl Pts',(399.322629953446,329.449526650636,-22.3036603951501));
#1141=CARTESIAN_POINT('Ctrl Pts',(399.37476417351,329.449526650615,-22.1782722804535));
#1142=CARTESIAN_POINT('Ctrl Pts',(399.426424063571,329.449526650594,-22.0525304478088));
#1143=CARTESIAN_POINT('Ctrl Pts',(399.73686720269,329.44952665047,-21.2969018702354));
#1144=CARTESIAN_POINT('Ctrl Pts',(400.030102757958,329.449526650353,-20.5286721857755));
#1145=CARTESIAN_POINT('Ctrl Pts',(400.305998039567,329.449526650243,-19.7554590887571));
#1146=CARTESIAN_POINT('Ctrl Pts',(400.601610913814,329.449526650126,-18.926986254129));
#1147=CARTESIAN_POINT('Ctrl Pts',(400.877316073465,329.449526650016,-18.0927938414599));
#1148=CARTESIAN_POINT('Ctrl Pts',(401.132979131491,329.449526649914,-17.2622968186386));
#1149=CARTESIAN_POINT('Ctrl Pts',(401.419001378437,329.4495266498,-16.3331808705535));
#1150=CARTESIAN_POINT('Ctrl Pts',(401.679938207335,329.449526649696,-15.4086932704883));
#1151=CARTESIAN_POINT('Ctrl Pts',(401.916642713726,329.449526649601,-14.4997816106819));
#1152=CARTESIAN_POINT('Ctrl Pts',(402.055024518933,329.449526649546,-13.9684151480156));
#1153=CARTESIAN_POINT('Ctrl Pts',(402.185125134706,329.449526649494,-13.4423722152573));
#1154=CARTESIAN_POINT('Ctrl Pts',(402.307122211277,329.449526649446,-12.9238354781571));
#1155=CARTESIAN_POINT('Ctrl Pts',(402.354152709228,329.449526649427,-12.723936909791));
#1156=CARTESIAN_POINT('Ctrl Pts',(402.399978959905,329.449526649409,-12.5251538055407));
#1157=CARTESIAN_POINT('Ctrl Pts',(402.44461133966,329.449526649391,-12.3276109333593));
#1158=CARTESIAN_POINT('Ctrl Pts',(402.482640218776,329.449526649376,-12.1592951489994));
#1159=CARTESIAN_POINT('Ctrl Pts',(402.519802419198,329.449526649361,-11.9918793920609));
#1160=CARTESIAN_POINT('Ctrl Pts',(402.556101927783,329.449526649346,-11.8254525391068));
#1161=CARTESIAN_POINT('Ctrl Pts',(402.678770044819,329.449526649297,-11.2630408296397));
#1162=CARTESIAN_POINT('Ctrl Pts',(402.791600301562,329.449526649252,-10.7118691400577));
#1163=CARTESIAN_POINT('Ctrl Pts',(402.894897353648,329.449526649211,-10.1746356652596));
#1164=CARTESIAN_POINT('Ctrl Pts',(402.96142129875,329.449526649184,-9.82865396043151));
#1165=CARTESIAN_POINT('Ctrl Pts',(403.023990760969,329.449526649159,-9.48845358018242));
#1166=CARTESIAN_POINT('Ctrl Pts',(403.082680463989,329.449526649136,-9.15476486138042));
#1167=CARTESIAN_POINT('Ctrl Pts',(403.137332068282,329.449526649114,-8.84403533169974));
#1168=CARTESIAN_POINT('Ctrl Pts',(403.18861938085,329.449526649094,-8.53895229970658));
#1169=CARTESIAN_POINT('Ctrl Pts',(403.236578974421,329.449526649075,-8.239752270576));
#1170=CARTESIAN_POINT('Ctrl Pts',(403.265623120426,329.449526649063,-8.05855787996592));
#1171=CARTESIAN_POINT('Ctrl Pts',(403.293446763872,329.449526649052,-7.87952120260694));
#1172=CARTESIAN_POINT('Ctrl Pts',(403.320057370033,329.449526649041,-7.70269615925039));
#1173=CARTESIAN_POINT('Ctrl Pts',(403.329975171176,329.449526649037,-7.63679327802726));
#1174=CARTESIAN_POINT('Ctrl Pts',(403.339724644783,329.449526649033,-7.57119630339681));
#1175=CARTESIAN_POINT('Ctrl Pts',(403.349303618218,329.44952664903,-7.50592573733706));
#1176=CARTESIAN_POINT('Ctrl Pts',(403.419438550003,329.449526649002,-7.02803040446154));
#1177=CARTESIAN_POINT('Ctrl Pts',(403.480468603581,329.449526648977,-6.56741210609079));
#1178=CARTESIAN_POINT('Ctrl Pts',(403.532596994097,329.449526648956,-6.12507934378598));
#1179=CARTESIAN_POINT('Ctrl Pts',(403.582770173025,329.449526648937,-5.69933742832226));
#1180=CARTESIAN_POINT('Ctrl Pts',(403.62469671119,329.44952664892,-5.29053484436656));
#1181=CARTESIAN_POINT('Ctrl Pts',(403.658535060256,329.449526648906,-4.89961240320574));
#1182=CARTESIAN_POINT('Ctrl Pts',(403.687257094241,329.449526648895,-4.56779693495313));
#1183=CARTESIAN_POINT('Ctrl Pts',(403.710151488272,329.449526648886,-4.24886398623649));
#1184=CARTESIAN_POINT('Ctrl Pts',(403.727303039045,329.449526648879,-3.94341587529785));
#1185=CARTESIAN_POINT('',(335.136945305819,495.041370465107,-3.9434158367715));
#1186=CARTESIAN_POINT('Origin',(169.544907762031,329.449488513616,-3.94177276430568));
#1187=CARTESIAN_POINT('Origin',(169.544961771296,329.449434504358,-3.94177276472506));
#1188=CARTESIAN_POINT('Origin',(371.8838603675,-4.4807819156947E-14,-4.000167062735));
#1189=CARTESIAN_POINT('',(372.881906206574,-1.72107639574341E-9,-3.94444057211601));
#1190=CARTESIAN_POINT('Ctrl Pts',(403.727691104494,329.449634505765,-3.93648967553532));
#1191=CARTESIAN_POINT('Ctrl Pts',(403.727691104494,-65.8900558213376,-3.93648967553539));
#1192=CARTESIAN_POINT('Ctrl Pts',(403.646350066515,329.449634505765,-5.39147434155522));
#1193=CARTESIAN_POINT('Ctrl Pts',(403.646350066515,-65.8900558213376,-5.39147434155529));
#1194=CARTESIAN_POINT('Ctrl Pts',(403.17467721618,329.449634505765,-9.31611576908287));
#1195=CARTESIAN_POINT('Ctrl Pts',(403.17467721618,-65.8900558213376,-9.31611576908294));
#1196=CARTESIAN_POINT('Ctrl Pts',(401.369608266,329.449634505765,-17.2171617906799));
#1197=CARTESIAN_POINT('Ctrl Pts',(401.369608266,-65.8900558213376,-17.21716179068));
#1198=CARTESIAN_POINT('Ctrl Pts',(398.0268060055,329.449634505765,-25.9053392889099));
#1199=CARTESIAN_POINT('Ctrl Pts',(398.0268060055,-65.8900558213376,-25.90533928891));
#1200=CARTESIAN_POINT('Ctrl Pts',(393.2768850137,329.449634505765,-32.6152050030899));
#1201=CARTESIAN_POINT('Ctrl Pts',(393.2768850137,-65.8900558213376,-32.61520500309));
#1202=CARTESIAN_POINT('Ctrl Pts',(387.4898741066,329.449634505765,-35.3319570946699));
#1203=CARTESIAN_POINT('Ctrl Pts',(387.4898741066,-65.8900558213376,-35.33195709467));
#1204=CARTESIAN_POINT('Ctrl Pts',(381.8471728881,329.449634505765,-32.8996805813999));
#1205=CARTESIAN_POINT('Ctrl Pts',(381.8471728881,-65.8900558213376,-32.8996805814));
#1206=CARTESIAN_POINT('Ctrl Pts',(377.5027709791,329.449634505765,-26.0026824279099));
#1207=CARTESIAN_POINT('Ctrl Pts',(377.5027709791,-65.8900558213376,-26.00268242791));
#1208=CARTESIAN_POINT('Ctrl Pts',(374.6779002314,329.449634505765,-16.8660579811299));
#1209=CARTESIAN_POINT('Ctrl Pts',(374.6779002314,-65.8900558213376,-16.86605798113));
#1210=CARTESIAN_POINT('Ctrl Pts',(373.29859576078,329.449634505765,-8.82799571280846));
#1211=CARTESIAN_POINT('Ctrl Pts',(373.29859576078,-65.8900558213376,-8.82799571280853));
#1212=CARTESIAN_POINT('Ctrl Pts',(372.947433807216,329.449634505765,-5.17356338704056));
#1213=CARTESIAN_POINT('Ctrl Pts',(372.947433807216,-65.8900558213376,-5.17356338704063));
#1214=CARTESIAN_POINT('Ctrl Pts',(372.881645856308,329.449634505765,-3.93956382183286));
#1215=CARTESIAN_POINT('Ctrl Pts',(372.881645856308,-65.8900558213376,-3.93956382183293));
#1216=CARTESIAN_POINT('',(403.727315133512,329.449525358866,-3.94320047286478));
#1217=CARTESIAN_POINT('Origin',(169.5466199218,329.4511466631,-3.99841781604894));
#1218=CARTESIAN_POINT('',(404.725781278308,329.449524304986,-2.99999999999994));
#1219=CARTESIAN_POINT('Ctrl Pts',(169.544998402328,564.63030801961,-2.9999999999999));
#1220=CARTESIAN_POINT('Ctrl Pts',(184.949614956696,564.630414638575,-2.9999999999999));
#1221=CARTESIAN_POINT('Ctrl Pts',(215.716714889415,561.598550773084,-2.9999999999999));
#1222=CARTESIAN_POINT('Ctrl Pts',(260.126711475042,548.129318213479,-2.9999999999999));
#1223=CARTESIAN_POINT('Ctrl Pts',(301.046683564891,526.256209347819,-2.9999999999999));
#1224=CARTESIAN_POINT('Ctrl Pts',(336.915510684745,496.820042795777,-2.99999999999991));
#1225=CARTESIAN_POINT('Ctrl Pts',(366.351684674589,460.951187337272,-2.99999999999992));
#1226=CARTESIAN_POINT('Ctrl Pts',(388.224791365183,420.031320538448,-2.99999999999992));
#1227=CARTESIAN_POINT('Ctrl Pts',(401.694024317303,375.620930662384,-2.99999999999993));
#1228=CARTESIAN_POINT('Ctrl Pts',(404.725887956833,344.854809119254,-2.99999999999994));
#1229=CARTESIAN_POINT('Ctrl Pts',(404.725781278308,329.449524304986,-2.99999999999994));
#1230=CARTESIAN_POINT('Origin',(404.72513434551,329.44952482777,-3.99988030318793));
#1231=CARTESIAN_POINT('Origin',(404.7255810824,-4.88297698275442E-14,-4.000167849913));
#1232=CARTESIAN_POINT('',(404.725692514641,329.449524306322,-2.99999999999994));
#1233=CARTESIAN_POINT('Origin',(-169.545,587.5378111034,-2.99999999999989));
#1234=CARTESIAN_POINT('',(427.6332843611,329.4495267423,-2.99999999999994));
#1235=CARTESIAN_POINT('',(427.6332843611,-5.1818882230553E-14,-2.99999999999902));
#1236=CARTESIAN_POINT('',(169.545,587.5378111034,-2.99999999999989));
#1237=CARTESIAN_POINT('Origin',(169.545,329.4495267423,-2.99999999999994));
#1238=CARTESIAN_POINT('',(169.545,587.5378111034,-2.99999999999989));
#1239=CARTESIAN_POINT('Origin',(427.6332843611,329.4495267423,-4.99999999999994));
#1240=CARTESIAN_POINT('',(427.6332843611,329.4495267423,-4.99999999999994));
#1241=CARTESIAN_POINT('',(427.6332843611,-5.14514881908086E-14,-5.));
#1242=CARTESIAN_POINT('',(427.6332843611,329.4495267423,-4.99999999999994));
#1243=CARTESIAN_POINT('Origin',(169.545,329.4495267423,-3.99999999999994));
#1244=CARTESIAN_POINT('',(169.545,587.5378111034,-4.99999999999989));
#1245=CARTESIAN_POINT('Origin',(169.545,329.4495267423,-4.99999999999994));
#1246=CARTESIAN_POINT('',(169.545,587.5378111034,-2.99999999999989));
#1247=CARTESIAN_POINT('Origin',(-169.545,587.5378111034,-4.99999999999989));
#1248=CARTESIAN_POINT('',(169.545,587.5378111034,-4.99999999999989));
#1249=CARTESIAN_POINT('Origin',(169.545,329.4495267423,-3.99999999999994));
#1250=CARTESIAN_POINT('',(169.545,508.6495267423,-4.99999999999991));
#1251=CARTESIAN_POINT('',(348.745,329.4495267423,-4.99999999999994));
#1252=CARTESIAN_POINT('Origin',(169.545,329.4495267423,-4.99999999999994));
#1253=CARTESIAN_POINT('',(348.745,329.4495267423,-2.99999999999994));
#1254=CARTESIAN_POINT('',(169.545,508.6495267423,-4.99999999999991));
#1255=CARTESIAN_POINT('Origin',(-169.545,508.6495267423,-4.99999999999991));
#1256=CARTESIAN_POINT('',(169.545019246454,523.542804293247,-4.9999999999999));
#1257=CARTESIAN_POINT('',(4.68685374429856E-13,523.53932824875,-4.9999999999999));
#1258=CARTESIAN_POINT('Ctrl Pts',(169.545019483511,523.542849216807,-4.9999999999999));
#1259=CARTESIAN_POINT('Ctrl Pts',(182.258264190175,523.54293291449,-4.9999999999999));
#1260=CARTESIAN_POINT('Ctrl Pts',(207.650300027633,521.040746587635,-4.9999999999999));
#1261=CARTESIAN_POINT('Ctrl Pts',(244.301547046984,509.924662531001,-4.99999999999991));
#1262=CARTESIAN_POINT('Ctrl Pts',(278.07256758167,491.872911891214,-4.99999999999991));
#1263=CARTESIAN_POINT('Ctrl Pts',(307.674891009461,467.579419000325,-4.99999999999991));
#1264=CARTESIAN_POINT('Ctrl Pts',(331.968391083921,437.977063580537,-4.99999999999992));
#1265=CARTESIAN_POINT('Ctrl Pts',(350.0201381924,404.206158258669,-4.99999999999993));
#1266=CARTESIAN_POINT('Ctrl Pts',(361.136221306645,367.554478696651,-4.99999999999993));
#1267=CARTESIAN_POINT('Ctrl Pts',(363.638406573456,342.16351950817,-4.99999999999994));
#1268=CARTESIAN_POINT('Ctrl Pts',(363.638322475337,329.449540184036,-4.99999999999994));
#1269=CARTESIAN_POINT('',(348.745,-4.17904596975039E-14,-5.));
#1270=CARTESIAN_POINT('',(169.545,508.6495267423,-4.99999999999991));
#1271=CARTESIAN_POINT('Origin',(348.745,329.4495267423,-2.99999999999994));
#1272=CARTESIAN_POINT('Origin',(-169.545,508.6495267423,-2.99999999999991));
#1273=CARTESIAN_POINT('Origin',(6.41150388816834E-14,523.5390230581,-13.0041170540299));
#1274=CARTESIAN_POINT('',(169.545006527437,531.481641817315,-12.0248434541827));
#1275=CARTESIAN_POINT('',(-5.85624084734296E-7,531.480484642386,-12.0148302976091));
#1276=CARTESIAN_POINT('Origin',(169.545016791269,523.539023058097,-13.0041170540944));
#1277=CARTESIAN_POINT('Origin',(169.5463402555,329.4508669969,-13.0053367121999));
#1278=CARTESIAN_POINT('Origin',(169.544888813279,329.449415555579,-12.0265247548172));
#1279=CARTESIAN_POINT('Ctrl Pts',(-0.000999999999939465,531.472823720271,
-11.9521067922871));
#1280=CARTESIAN_POINT('Ctrl Pts',(203.455437597028,531.472823720271,-11.9521067922871));
#1281=CARTESIAN_POINT('Ctrl Pts',(-0.000999999999939,531.662313420855,-13.5079595452241));
#1282=CARTESIAN_POINT('Ctrl Pts',(203.455437597028,531.662313420855,-13.5079595452241));
#1283=CARTESIAN_POINT('Ctrl Pts',(-0.000999999999938915,532.360665481466,
-18.3112299532054));
#1284=CARTESIAN_POINT('Ctrl Pts',(203.455437597028,532.360665481466,-18.3112299532054));
#1285=CARTESIAN_POINT('Ctrl Pts',(-0.000999999999939967,534.6309010423,
-27.0574805499799));
#1286=CARTESIAN_POINT('Ctrl Pts',(203.455437597028,534.6309010423,-27.0574805499799));
#1287=CARTESIAN_POINT('Ctrl Pts',(-0.000999999999938222,539.809962842,-35.1942930281399));
#1288=CARTESIAN_POINT('Ctrl Pts',(203.455437597028,539.809962842,-35.1942930281399));
#1289=CARTESIAN_POINT('Ctrl Pts',(-0.000999999999937514,547.405939102,-38.2391194227599));
#1290=CARTESIAN_POINT('Ctrl Pts',(203.455437597028,547.405939102,-38.2391194227599));
#1291=CARTESIAN_POINT('Ctrl Pts',(-0.00099999999993656,555.1966824739,-34.8938420954499));
#1292=CARTESIAN_POINT('Ctrl Pts',(203.455437597028,555.1966824739,-34.8938420954499));
#1293=CARTESIAN_POINT('Ctrl Pts',(-0.000999999999936745,560.9377099127,
-26.4831513525699));
#1294=CARTESIAN_POINT('Ctrl Pts',(203.455437597028,560.9377099127,-26.4831513525699));
#1295=CARTESIAN_POINT('Ctrl Pts',(-0.000999999999934617,563.807850162217,
-17.65649318809));
#1296=CARTESIAN_POINT('Ctrl Pts',(203.455437597028,563.807850162217,-17.65649318809));
#1297=CARTESIAN_POINT('Ctrl Pts',(-0.000999999999935827,564.811011188129,
-12.9445722466513));
#1298=CARTESIAN_POINT('Ctrl Pts',(203.455437597028,564.811011188129,-12.9445722466513));
#1299=CARTESIAN_POINT('Ctrl Pts',(-0.000999999999935792,565.093144771501,
-11.4449605030702));
#1300=CARTESIAN_POINT('Ctrl Pts',(203.455437597028,565.093144771501,-11.4449605030702));
#1301=CARTESIAN_POINT('',(169.545000514865,565.080049197002,-11.5144103780705));
#1302=CARTESIAN_POINT('Ctrl Pts',(169.545001031703,565.080049197002,-11.5144103780717));
#1303=CARTESIAN_POINT('Ctrl Pts',(169.545001031703,564.800091495787,-12.9957794889915));
#1304=CARTESIAN_POINT('Ctrl Pts',(169.545001031703,563.798387701445,-17.6855934756608));
#1305=CARTESIAN_POINT('Ctrl Pts',(169.545001031703,560.9377099127,-26.4831513525699));
#1306=CARTESIAN_POINT('Ctrl Pts',(169.545001031703,555.1966824739,-34.8938420954499));
#1307=CARTESIAN_POINT('Ctrl Pts',(169.545001031703,547.405939102,-38.2391194227599));
#1308=CARTESIAN_POINT('Ctrl Pts',(169.545001031703,539.809962842,-35.1942930281399));
#1309=CARTESIAN_POINT('Ctrl Pts',(169.545001031703,534.6309010423,-27.0574805499799));
#1310=CARTESIAN_POINT('Ctrl Pts',(169.545001031703,532.368204395843,-18.340274179057));
#1311=CARTESIAN_POINT('Ctrl Pts',(169.545001031703,531.669971633037,-13.5605080546674));
#1312=CARTESIAN_POINT('Ctrl Pts',(169.545001031703,531.481665358999,-12.0244657780479));
#1313=CARTESIAN_POINT('',(169.54500000921,565.080049197002,-11.5144103780718));
#1314=CARTESIAN_POINT('Ctrl Pts',(163.353105381502,531.312522754374,-11.4019672751678));
#1315=CARTESIAN_POINT('Ctrl Pts',(163.347057683867,531.509684760284,-13.1044358471398));
#1316=CARTESIAN_POINT('Ctrl Pts',(163.325660286556,532.207264902416,-18.0876351226888));
#1317=CARTESIAN_POINT('Ctrl Pts',(163.254276991156,534.534443700283,-27.0574805499798));
#1318=CARTESIAN_POINT('Ctrl Pts',(163.09549043785,539.711070783201,-35.1942930281398));
#1319=CARTESIAN_POINT('Ctrl Pts',(162.862602911892,547.303476116344,-38.2391194227598));
#1320=CARTESIAN_POINT('Ctrl Pts',(162.623743957209,555.09055699987,-34.8938420954498));
#1321=CARTESIAN_POINT('Ctrl Pts',(162.447727915174,560.828885537519,-26.4831513525598));
#1322=CARTESIAN_POINT('Ctrl Pts',(162.355128565416,563.847732485432,-17.1948029518479));
#1323=CARTESIAN_POINT('Ctrl Pts',(162.32384233559,564.867700116621,-12.1372404056092));
#1324=CARTESIAN_POINT('Ctrl Pts',(162.314363489391,565.176721572961,-10.3749923649949));
#1325=CARTESIAN_POINT('Ctrl Pts',(287.434187355565,535.118554562635,-11.4019672751678));
#1326=CARTESIAN_POINT('Ctrl Pts',(287.549331136809,535.319433965396,-13.1044358471399));
#1327=CARTESIAN_POINT('Ctrl Pts',(287.956722078665,536.030166652879,-18.0876351226888));
#1328=CARTESIAN_POINT('Ctrl Pts',(289.315808304133,538.401223311985,-27.0574805499798));
#1329=CARTESIAN_POINT('Ctrl Pts',(292.338989234289,543.675453262819,-35.1942930281398));
#1330=CARTESIAN_POINT('Ctrl Pts',(296.772998995765,551.411009826104,-38.2391194227598));
#1331=CARTESIAN_POINT('Ctrl Pts',(301.320700433705,559.344912455674,-34.8938420954498));
#1332=CARTESIAN_POINT('Ctrl Pts',(304.671918346087,565.191434477874,-26.4831513525598));
#1333=CARTESIAN_POINT('Ctrl Pts',(306.434942874956,568.267200364548,-17.1948029518479));
#1334=CARTESIAN_POINT('Ctrl Pts',(307.030610023197,569.306399005503,-12.1372404056092));
#1335=CARTESIAN_POINT('Ctrl Pts',(307.211080387172,569.621246916,-10.3749923649949));
#1336=CARTESIAN_POINT('Ctrl Pts',(375.214027816062,447.338714105327,-11.4019672751678));
#1337=CARTESIAN_POINT('Ctrl Pts',(375.414907218819,447.453857886578,-13.1044358471399));
#1338=CARTESIAN_POINT('Ctrl Pts',(376.125639906288,447.861248828461,-18.0876351226888));
#1339=CARTESIAN_POINT('Ctrl Pts',(378.496696565344,449.220335054014,-27.0574805499798));
#1340=CARTESIAN_POINT('Ctrl Pts',(383.770926516069,452.243515984363,-35.1942930281398));
#1341=CARTESIAN_POINT('Ctrl Pts',(391.506483079192,456.677525746119,-38.2391194227599));
#1342=CARTESIAN_POINT('Ctrl Pts',(399.440385708597,461.225227184346,-34.8938420954498));
#1343=CARTESIAN_POINT('Ctrl Pts',(405.286907730677,464.576445096941,-26.4831513525598));
#1344=CARTESIAN_POINT('Ctrl Pts',(408.362673617287,466.339469625922,-17.1948029518479));
#1345=CARTESIAN_POINT('Ctrl Pts',(409.40187225822,466.9351367742,-12.1372404056093));
#1346=CARTESIAN_POINT('Ctrl Pts',(409.716720168711,467.115607138186,-10.3749923649949));
#1347=CARTESIAN_POINT('Ctrl Pts',(371.407996012299,323.257632131119,-11.4019672751678));
#1348=CARTESIAN_POINT('Ctrl Pts',(371.605158018209,323.251584433492,-13.1044358471399));
#1349=CARTESIAN_POINT('Ctrl Pts',(372.302738160342,323.230187036206,-18.0876351226889));
#1350=CARTESIAN_POINT('Ctrl Pts',(374.629916958212,323.15880374089,-27.0574805499799));
#1351=CARTESIAN_POINT('Ctrl Pts',(379.806544041135,323.000017187771,-35.1942930281399));
#1352=CARTESIAN_POINT('Ctrl Pts',(387.398949374286,322.767129662089,-38.2391194227599));
#1353=CARTESIAN_POINT('Ctrl Pts',(395.18603025782,322.528270707688,-34.8938420954499));
#1354=CARTESIAN_POINT('Ctrl Pts',(400.924358795477,322.352254665861,-26.4831513525599));
#1355=CARTESIAN_POINT('Ctrl Pts',(403.943205743394,322.259655316213,-17.194802951848));
#1356=CARTESIAN_POINT('Ctrl Pts',(404.963173374583,322.228369086424,-12.1372404056093));
#1357=CARTESIAN_POINT('Ctrl Pts',(405.272194830923,322.218890240236,-10.3749923649949));
#1358=CARTESIAN_POINT('Ctrl Pts',(405.175522454703,329.449527153345,-11.514410378069));
#1359=CARTESIAN_POINT('Ctrl Pts',(405.059700046121,329.449527153143,-12.1272734558869));
#1360=CARTESIAN_POINT('Ctrl Pts',(404.931941394383,329.44952715292,-12.766828438161));
#1361=CARTESIAN_POINT('Ctrl Pts',(404.790883274499,329.449527152674,-13.4274971516724));
#1362=CARTESIAN_POINT('Ctrl Pts',(404.634324195224,329.449527152401,-14.1607671369716));
#1363=CARTESIAN_POINT('Ctrl Pts',(404.461381012643,329.449527152099,-14.9200449496563));
#1364=CARTESIAN_POINT('Ctrl Pts',(404.270220477163,329.449527151765,-15.6976478971534));
#1365=CARTESIAN_POINT('Ctrl Pts',(404.217413535972,329.449527151673,-15.9124560060268));
#1366=CARTESIAN_POINT('Ctrl Pts',(404.163216634517,329.449527151579,-16.1286622917804));
#1367=CARTESIAN_POINT('Ctrl Pts',(404.107591658025,329.449527151482,-16.3461043960905));
#1368=CARTESIAN_POINT('Ctrl Pts',(403.90296235677,329.449527151125,-17.1460153115463));
#1369=CARTESIAN_POINT('Ctrl Pts',(403.679003132794,329.449527150734,-17.9626494424348));
#1370=CARTESIAN_POINT('Ctrl Pts',(403.434524064402,329.449527150308,-18.7863332488717));
#1371=CARTESIAN_POINT('Ctrl Pts',(403.372639248989,329.4495271502,-18.9948317541));
#1372=CARTESIAN_POINT('Ctrl Pts',(403.309439880462,329.449527150089,-19.2037820700547));
#1373=CARTESIAN_POINT('Ctrl Pts',(403.244907170924,329.449527149977,-19.4130276241116));
#1374=CARTESIAN_POINT('Ctrl Pts',(403.21095877388,329.449527149918,-19.5231043774289));
#1375=CARTESIAN_POINT('Ctrl Pts',(403.176641385855,329.449527149858,-19.6332628394836));
#1376=CARTESIAN_POINT('Ctrl Pts',(403.141952295918,329.449527149797,-19.7434802401361));
#1377=CARTESIAN_POINT('Ctrl Pts',(403.114647357743,329.44952714975,-19.8302360275038));
#1378=CARTESIAN_POINT('Ctrl Pts',(403.087109608077,329.449527149702,-19.9170363422239));
#1379=CARTESIAN_POINT('Ctrl Pts',(403.059336209261,329.449527149653,-20.0038743937621));
#1380=CARTESIAN_POINT('Ctrl Pts',(402.794763233871,329.449527149192,-20.8311048607569));
#1381=CARTESIAN_POINT('Ctrl Pts',(402.508842038488,329.449527148693,-21.6616405861113));
#1382=CARTESIAN_POINT('Ctrl Pts',(402.200288499351,329.449527148155,-22.4859171240702));
#1383=CARTESIAN_POINT('Ctrl Pts',(401.868395962192,329.449527147576,-23.3725419615871));
#1384=CARTESIAN_POINT('Ctrl Pts',(401.510316757695,329.449527146951,-24.2519217482285));
#1385=CARTESIAN_POINT('Ctrl Pts',(401.124497207894,329.449527146278,-25.1121212734805));
#1386=CARTESIAN_POINT('Ctrl Pts',(400.967739817338,329.449527146004,-25.4616179047565));
#1387=CARTESIAN_POINT('Ctrl Pts',(400.806403696078,329.449527145723,-25.8079482440263));
#1388=CARTESIAN_POINT('Ctrl Pts',(400.640387119685,329.449527145433,-26.1503124561237));
#1389=CARTESIAN_POINT('Ctrl Pts',(400.405283250079,329.449527145023,-26.6351504935522));
#1390=CARTESIAN_POINT('Ctrl Pts',(400.16079259974,329.449527144597,-27.1120342009947));
#1391=CARTESIAN_POINT('Ctrl Pts',(399.907127019501,329.449527144154,-27.5790370475331));
#1392=CARTESIAN_POINT('Ctrl Pts',(399.79598539388,329.44952714396,-27.7836507577776));
#1393=CARTESIAN_POINT('Ctrl Pts',(399.683082548344,329.449527143763,-27.9863677400122));
#1394=CARTESIAN_POINT('Ctrl Pts',(399.568436665872,329.449527143563,-28.1870264362695));
#1395=CARTESIAN_POINT('Ctrl Pts',(399.485601213629,329.449527143419,-28.3320089990327));
#1396=CARTESIAN_POINT('Ctrl Pts',(399.401854357461,329.449527143273,-28.4759196848249));
#1397=CARTESIAN_POINT('Ctrl Pts',(399.317197351238,329.449527143125,-28.6187066124788));
#1398=CARTESIAN_POINT('Ctrl Pts',(398.877908611319,329.449527142359,-29.3596339417704));
#1399=CARTESIAN_POINT('Ctrl Pts',(398.41415029947,329.44952714155,-30.0702302012083));
#1400=CARTESIAN_POINT('Ctrl Pts',(397.926825379234,329.449527140699,-30.7420162646246));
#1401=CARTESIAN_POINT('Ctrl Pts',(397.470996740051,329.449527139904,-31.3703841448484));
#1402=CARTESIAN_POINT('Ctrl Pts',(396.99454969544,329.449527139073,-31.9647955539627));
#1403=CARTESIAN_POINT('Ctrl Pts',(396.498244785772,329.449527138207,-32.5183514336737));
#1404=CARTESIAN_POINT('Ctrl Pts',(396.033615022549,329.449527137397,-33.0365782984698));
#1405=CARTESIAN_POINT('Ctrl Pts',(395.551581510271,329.449527136556,-33.518997755158));
#1406=CARTESIAN_POINT('Ctrl Pts',(395.052783427594,329.449527135686,-33.9599938695903));
#1407=CARTESIAN_POINT('Ctrl Pts',(395.018778928601,329.449527135626,-33.9900578422681));
#1408=CARTESIAN_POINT('Ctrl Pts',(394.984696520929,329.449527135567,-34.0199293179462));
#1409=CARTESIAN_POINT('Ctrl Pts',(394.950536409413,329.449527135507,-34.0496065261899));
#1410=CARTESIAN_POINT('Ctrl Pts',(394.724629859354,329.449527135113,-34.2458668846083));
#1411=CARTESIAN_POINT('Ctrl Pts',(394.495325013541,329.449527134713,-34.4336309962282));
#1412=CARTESIAN_POINT('Ctrl Pts',(394.263005677231,329.449527134308,-34.6126800316254));
#1413=CARTESIAN_POINT('Ctrl Pts',(394.153127156811,329.449527134116,-34.6973636546274));
#1414=CARTESIAN_POINT('Ctrl Pts',(394.042574838264,329.449527133923,-34.7800975873214));
#1415=CARTESIAN_POINT('Ctrl Pts',(393.931375615373,329.449527133729,-34.860868256001));
#1416=CARTESIAN_POINT('Ctrl Pts',(393.395388577454,329.449527132795,-35.2501878063623));
#1417=CARTESIAN_POINT('Ctrl Pts',(392.844441306819,329.449527131834,-35.5938445971602));
#1418=CARTESIAN_POINT('Ctrl Pts',(392.282909511028,329.449527130854,-35.8892177601786));
#1419=CARTESIAN_POINT('Ctrl Pts',(391.734653412976,329.449527129898,-36.1776077303276));
#1420=CARTESIAN_POINT('Ctrl Pts',(391.176306689912,329.449527128924,-36.4199703191407));
#1421=CARTESIAN_POINT('Ctrl Pts',(390.611941653891,329.449527127939,-36.6138178974757));
#1422=CARTESIAN_POINT('Ctrl Pts',(390.069954258007,329.449527126994,-36.7999792247628));
#1423=CARTESIAN_POINT('Ctrl Pts',(389.522415852407,329.449527126039,-36.9413966160158));
#1424=CARTESIAN_POINT('Ctrl Pts',(388.97294126752,329.44952712508,-37.0358204336524));
#1425=CARTESIAN_POINT('Ctrl Pts',(388.49392208201,329.449527124245,-37.1181369255539));
#1426=CARTESIAN_POINT('Ctrl Pts',(388.013431319329,329.449527123406,-37.1647379838266));
#1427=CARTESIAN_POINT('Ctrl Pts',(387.533873545018,329.44952712257,-37.1741021357718));
#1428=CARTESIAN_POINT('Ctrl Pts',(387.451432735434,329.449527122426,-37.1757119277694));
#1429=CARTESIAN_POINT('Ctrl Pts',(387.369029281852,329.449527122282,-37.1762209738555));
#1430=CARTESIAN_POINT('Ctrl Pts',(387.286677280044,329.449527122139,-37.1756368257236));
#1431=CARTESIAN_POINT('Ctrl Pts',(386.664095950038,329.449527121053,-37.1712206644532));
#1432=CARTESIAN_POINT('Ctrl Pts',(386.044421463983,329.449527119972,-37.1043293455722));
#1433=CARTESIAN_POINT('Ctrl Pts',(385.432904615019,329.449527118905,-36.9782131779917));
#1434=CARTESIAN_POINT('Ctrl Pts',(384.805405444461,329.44952711781,-36.8488008965724));
#1435=CARTESIAN_POINT('Ctrl Pts',(384.186495434301,329.449527116731,-36.6570274618365));
#1436=CARTESIAN_POINT('Ctrl Pts',(383.581825960936,329.449527115676,-36.406352176895));
#1437=CARTESIAN_POINT('Ctrl Pts',(383.003664000383,329.449527114667,-36.1666660002519));
#1438=CARTESIAN_POINT('Ctrl Pts',(382.438520811669,329.449527113681,-35.8731284545778));
#1439=CARTESIAN_POINT('Ctrl Pts',(381.891324788501,329.449527112727,-35.5287222708256));
#1440=CARTESIAN_POINT('Ctrl Pts',(381.712525063315,329.449527112415,-35.4161853948252));
#1441=CARTESIAN_POINT('Ctrl Pts',(381.535641488534,329.449527112106,-35.2982169889812));
#1442=CARTESIAN_POINT('Ctrl Pts',(381.360845864291,329.449527111801,-35.1749202556666));
#1443=CARTESIAN_POINT('Ctrl Pts',(381.275215128786,329.449527111652,-35.1145183434062));
#1444=CARTESIAN_POINT('Ctrl Pts',(381.190085485754,329.449527111504,-35.0528376646594));
#1445=CARTESIAN_POINT('Ctrl Pts',(381.105477130992,329.449527111356,-34.989890317855));
#1446=CARTESIAN_POINT('Ctrl Pts',(381.03554823641,329.449527111234,-34.9378642692303));
#1447=CARTESIAN_POINT('Ctrl Pts',(380.965973754007,329.449527111113,-34.8849717781035));
#1448=CARTESIAN_POINT('Ctrl Pts',(380.896758316134,329.449527110992,-34.831214015216));
#1449=CARTESIAN_POINT('Ctrl Pts',(380.697503070168,329.449527110644,-34.6764578423738));
#1450=CARTESIAN_POINT('Ctrl Pts',(380.501240496662,329.449527110302,-34.5145434151207));
#1451=CARTESIAN_POINT('Ctrl Pts',(380.308255176417,329.449527109965,-34.3456286808832));
#1452=CARTESIAN_POINT('Ctrl Pts',(379.879502118797,329.449527109217,-33.9703529413114));
#1453=CARTESIAN_POINT('Ctrl Pts',(379.466926662919,329.449527108498,-33.5605209287068));
#1454=CARTESIAN_POINT('Ctrl Pts',(379.070734433014,329.449527107806,-33.120113655949));
#1455=CARTESIAN_POINT('Ctrl Pts',(378.643366487811,329.449527107061,-32.6450514588536));
#1456=CARTESIAN_POINT('Ctrl Pts',(378.235061864748,329.449527106349,-32.1344131024961));
#1457=CARTESIAN_POINT('Ctrl Pts',(377.84605522382,329.44952710567,-31.5932533842928));
#1458=CARTESIAN_POINT('Ctrl Pts',(377.435658547946,329.449527104954,-31.0223372967459));
#1459=CARTESIAN_POINT('Ctrl Pts',(377.046740750404,329.449527104276,-30.4174518884313));
#1460=CARTESIAN_POINT('Ctrl Pts',(376.679547433866,329.449527103635,-29.7845859109841));
#1461=CARTESIAN_POINT('Ctrl Pts',(376.507809471178,329.449527103336,-29.4885916520314));
#1462=CARTESIAN_POINT('Ctrl Pts',(376.340823242603,329.449527103044,-29.1864773688762));
#1463=CARTESIAN_POINT('Ctrl Pts',(376.178611528727,329.449527102761,-28.8788585768797));
#1464=CARTESIAN_POINT('Ctrl Pts',(376.110702213128,329.449527102643,-28.7500751423725));
#1465=CARTESIAN_POINT('Ctrl Pts',(376.043629386588,329.449527102526,-28.6203265716953));
#1466=CARTESIAN_POINT('Ctrl Pts',(375.977388687939,329.44952710241,-28.4896458141927));
#1467=CARTESIAN_POINT('Ctrl Pts',(375.682979874957,329.449527101897,-27.9088311869207));
#1468=CARTESIAN_POINT('Ctrl Pts',(375.405042579078,329.449527101412,-27.3096611888547));
#1469=CARTESIAN_POINT('Ctrl Pts',(375.143737800109,329.449527100956,-26.6960865731725));
#1470=CARTESIAN_POINT('Ctrl Pts',(374.785066951466,329.44952710033,-25.8538848768206));
#1471=CARTESIAN_POINT('Ctrl Pts',(374.457735057477,329.44952709976,-24.9845443326258));
#1472=CARTESIAN_POINT('Ctrl Pts',(374.159073050057,329.449527099239,-24.1001072302632));
#1473=CARTESIAN_POINT('Ctrl Pts',(373.872055980643,329.449527098738,-23.2501546454211));
#1474=CARTESIAN_POINT('Ctrl Pts',(373.61151555949,329.449527098283,-22.3862633189421));
#1475=CARTESIAN_POINT('Ctrl Pts',(373.375038482585,329.449527097871,-21.5191179262902));
#1476=CARTESIAN_POINT('Ctrl Pts',(373.294934251969,329.449527097731,-21.2253811488438));
#1477=CARTESIAN_POINT('Ctrl Pts',(373.217590848666,329.449527097596,-20.9312707274863));
#1478=CARTESIAN_POINT('Ctrl Pts',(373.142913584857,329.449527097466,-20.6372008188348));
#1479=CARTESIAN_POINT('Ctrl Pts',(373.120511372934,329.449527097427,-20.5489836550309));
#1480=CARTESIAN_POINT('Ctrl Pts',(373.09834909019,329.449527097388,-20.4607701313875));
#1481=CARTESIAN_POINT('Ctrl Pts',(373.076424173772,329.44952709735,-20.3725714131683));
#1482=CARTESIAN_POINT('Ctrl Pts',(373.055303710523,329.449527097313,-20.2876088185006));
#1483=CARTESIAN_POINT('Ctrl Pts',(373.0344011897,329.449527097277,-20.2026506174666));
#1484=CARTESIAN_POINT('Ctrl Pts',(373.0137141303,329.449527097241,-20.1177054101693));
#1485=CARTESIAN_POINT('Ctrl Pts',(372.81848944077,329.4495270969,-19.3160737523676));
#1486=CARTESIAN_POINT('Ctrl Pts',(372.642467574491,329.449527096593,-18.5156381021022));
#1487=CARTESIAN_POINT('Ctrl Pts',(372.483834724164,329.449527096316,-17.7248490248442));
#1488=CARTESIAN_POINT('Ctrl Pts',(372.432791066815,329.449527096227,-17.4703950034214));
#1489=CARTESIAN_POINT('Ctrl Pts',(372.383547466918,329.449527096141,-17.216940006004));
#1490=CARTESIAN_POINT('Ctrl Pts',(372.336042535235,329.449527096058,-16.9647660282301));
#1491=CARTESIAN_POINT('Ctrl Pts',(372.172847719075,329.449527095773,-16.0984667939253));
#1492=CARTESIAN_POINT('Ctrl Pts',(372.030175643903,329.449527095525,-15.2472879180493));
#1493=CARTESIAN_POINT('Ctrl Pts',(371.904780825207,329.449527095306,-14.4207418329634));
#1494=CARTESIAN_POINT('Ctrl Pts',(371.796907218165,329.449527095118,-13.7096876720967));
#1495=CARTESIAN_POINT('Ctrl Pts',(371.701818494166,329.449527094952,-13.016864678344));
#1496=CARTESIAN_POINT('Ctrl Pts',(371.617423974128,329.449527094804,-12.3482934569028));
#1497=CARTESIAN_POINT('Ctrl Pts',(371.60371631858,329.44952709478,-12.2397017615139));
#1498=CARTESIAN_POINT('Ctrl Pts',(371.590290755548,329.449527094757,-12.1317497558151));
#1499=CARTESIAN_POINT('Ctrl Pts',(371.577138288923,329.449527094734,-12.0244631039529));
#1500=CARTESIAN_POINT('Origin',(169.545,329.4495267423,-11.5144103780681));
#1501=CARTESIAN_POINT('Ctrl Pts',(371.571911491412,329.4505267506,-11.981744861629));
#1502=CARTESIAN_POINT('Ctrl Pts',(371.571911491412,-65.89130535012,-11.9817448616291));
#1503=CARTESIAN_POINT('Ctrl Pts',(371.760921125873,329.4505267506,-13.5294973355857));
#1504=CARTESIAN_POINT('Ctrl Pts',(371.760921125873,-65.89130535012,-13.5294973355858));
#1505=CARTESIAN_POINT('Ctrl Pts',(372.459229202752,329.4505267506,-18.3231361930714));
#1506=CARTESIAN_POINT('Ctrl Pts',(372.459229202752,-65.89130535012,-18.3231361930715));
#1507=CARTESIAN_POINT('Ctrl Pts',(374.7263743,329.4505267506,-27.0574805499799));
#1508=CARTESIAN_POINT('Ctrl Pts',(374.7263743,-65.89130535012,-27.05748054998));
#1509=CARTESIAN_POINT('Ctrl Pts',(379.9054360997,329.4505267506,-35.1942930281399));
#1510=CARTESIAN_POINT('Ctrl Pts',(379.9054360997,-65.89130535012,-35.19429302814));
#1511=CARTESIAN_POINT('Ctrl Pts',(387.5014123597,329.4505267506,-38.2391194227599));
#1512=CARTESIAN_POINT('Ctrl Pts',(387.5014123597,-65.89130535012,-38.23911942276));
#1513=CARTESIAN_POINT('Ctrl Pts',(395.2921557316,329.4505267506,-34.8938420954499));
#1514=CARTESIAN_POINT('Ctrl Pts',(395.2921557316,-65.89130535012,-34.89384209545));
#1515=CARTESIAN_POINT('Ctrl Pts',(401.0331831704,329.4505267506,-26.4831513525699));
#1516=CARTESIAN_POINT('Ctrl Pts',(401.0331831704,-65.89130535012,-26.48315135257));
#1517=CARTESIAN_POINT('Ctrl Pts',(403.903067888282,329.4505267506,-17.6572790348421));
#1518=CARTESIAN_POINT('Ctrl Pts',(403.903067888282,-65.89130535012,-17.6572790348422));
#1519=CARTESIAN_POINT('Ctrl Pts',(404.906190134802,329.4505267506,-12.945954586354));
#1520=CARTESIAN_POINT('Ctrl Pts',(404.906190134802,-65.89130535012,-12.9459545863541));
#1521=CARTESIAN_POINT('Ctrl Pts',(405.188265725408,329.4505267506,-11.446832973733));
#1522=CARTESIAN_POINT('Ctrl Pts',(405.188265725408,-65.89130535012,-11.4468329737331));
#1523=CARTESIAN_POINT('Origin',(170.683392700788,572.94090306126,-12.9999999999999));
#1524=CARTESIAN_POINT('',(169.545,572.94090306126,-4.99999999999878));
#1525=CARTESIAN_POINT('',(169.545,572.94090306126,-4.99999999999878));
#1526=CARTESIAN_POINT('Origin',(169.545000000006,572.94090306126,-12.9999999999999));
#1527=CARTESIAN_POINT('Origin',(169.545,329.4495267423,-12.9999999999966));
#1528=CARTESIAN_POINT('Origin',(169.545,329.4495267423,-4.99999999999658));
#1529=CARTESIAN_POINT('Origin',(-169.545,566.0773453074,-4.9999999999999));
#1530=UNCERTAINTY_MEASURE_WITH_UNIT(LENGTH_MEASURE(0.01),#1534,
'DISTANCE_ACCURACY_VALUE',
'Maximum model space distance between geometric entities at asserted c
onnectivities');
#1531=UNCERTAINTY_MEASURE_WITH_UNIT(LENGTH_MEASURE(0.01),#1534,
'DISTANCE_ACCURACY_VALUE',
'Maximum model space distance between geometric entities at asserted c
onnectivities');
#1532=(
GEOMETRIC_REPRESENTATION_CONTEXT(3)
GLOBAL_UNCERTAINTY_ASSIGNED_CONTEXT((#1530))
GLOBAL_UNIT_ASSIGNED_CONTEXT((#1534,#1536,#1537))
REPRESENTATION_CONTEXT('','3D')
);
#1533=(
GEOMETRIC_REPRESENTATION_CONTEXT(3)
GLOBAL_UNCERTAINTY_ASSIGNED_CONTEXT((#1531))
GLOBAL_UNIT_ASSIGNED_CONTEXT((#1534,#1536,#1537))
REPRESENTATION_CONTEXT('','3D')
);
#1534=(
LENGTH_UNIT()
NAMED_UNIT(*)
SI_UNIT(.MILLI.,.METRE.)
);
#1535=(
LENGTH_UNIT()
NAMED_UNIT(*)
SI_UNIT($,.METRE.)
);
#1536=(
NAMED_UNIT(*)
PLANE_ANGLE_UNIT()
SI_UNIT($,.RADIAN.)
);
#1537=(
NAMED_UNIT(*)
SI_UNIT($,.STERADIAN.)
SOLID_ANGLE_UNIT()
);
#1538=SHAPE_DEFINITION_REPRESENTATION(#1539,#1540);
#1539=PRODUCT_DEFINITION_SHAPE('',$,#1542);
#1540=SHAPE_REPRESENTATION('',(#545),#1532);
#1541=PRODUCT_DEFINITION_CONTEXT('part definition',#1546,'design');
#1542=PRODUCT_DEFINITION('id2','id2',#1543,#1541);
#1543=PRODUCT_DEFINITION_FORMATION('',$,#1548);
#1544=PRODUCT_RELATED_PRODUCT_CATEGORY('id2','id2',(#1548));
#1545=APPLICATION_PROTOCOL_DEFINITION('international standard',
'automotive_design',2009,#1546);
#1546=APPLICATION_CONTEXT(
'Core Data for Automotive Mechanical Design Process');
#1547=PRODUCT_CONTEXT('part definition',#1546,'mechanical');
#1548=PRODUCT('id2','id2','id2',(#1547));
#1549=PRESENTATION_STYLE_ASSIGNMENT((#1551));
#1550=PRESENTATION_STYLE_ASSIGNMENT((#1552));
#1551=SURFACE_STYLE_USAGE(.BOTH.,#1553);
#1552=SURFACE_STYLE_USAGE(.BOTH.,#1554);
#1553=SURFACE_SIDE_STYLE('',(#1555));
#1554=SURFACE_SIDE_STYLE('',(#1556));
#1555=SURFACE_STYLE_FILL_AREA(#1557);
#1556=SURFACE_STYLE_FILL_AREA(#1558);
#1557=FILL_AREA_STYLE('Steel - Satin',(#1559));
#1558=FILL_AREA_STYLE('Opaque(160,160,160)',(#1560));
#1559=FILL_AREA_STYLE_COLOUR('Steel - Satin',#1561);
#1560=FILL_AREA_STYLE_COLOUR('Opaque(160,160,160)',#1562);
#1561=COLOUR_RGB('Steel - Satin',0.627450980392157,0.627450980392157,0.627450980392157);
#1562=COLOUR_RGB('Opaque(160,160,160)',0.627450980392157,0.627450980392157,
0.627450980392157);
ENDSEC;
END-ISO-10303-21;
