ISO-10303-21;
HEADER;
FILE_DESCRIPTION(('FreeCAD Model'),'2;1');
FILE_NAME('Open CASCADE Shape Model','2026-01-13T22:25:12',('FreeCAD'),(
    'FreeCAD'),'Open CASCADE STEP processor 7.8','FreeCAD','Unknown');
FILE_SCHEMA(('AUTOMOTIVE_DESIGN { 1 0 10303 214 1 1 1 1 }'));
ENDSEC;
DATA;
#1 = APPLICATION_PROTOCOL_DEFINITION('international standard',
  'automotive_design',2000,#2);
#2 = APPLICATION_CONTEXT(
  'core data for automotive mechanical design processes');
#3 = SHAPE_DEFINITION_REPRESENTATION(#4,#10);
#4 = PRODUCT_DEFINITION_SHAPE('','',#5);
#5 = PRODUCT_DEFINITION('design','',#6,#9);
#6 = PRODUCT_DEFINITION_FORMATION('','',#7);
#7 = PRODUCT('Open CASCADE STEP translator 7.8 1',
  'Open CASCADE STEP translator 7.8 1','',(#8));
#8 = PRODUCT_CONTEXT('',#2,'mechanical');
#9 = PRODUCT_DEFINITION_CONTEXT('part definition',#2,'design');
#10 = ADVANCED_BREP_SHAPE_REPRESENTATION('',(#11,#15),#2109);
#11 = AXIS2_PLACEMENT_3D('',#12,#13,#14);
#12 = CARTESIAN_POINT('',(0.,0.,0.));
#13 = DIRECTION('',(0.,0.,1.));
#14 = DIRECTION('',(1.,0.,-0.));
#15 = MANIFOLD_SOLID_BREP('',#16);
#16 = CLOSED_SHELL('',(#17,#199,#311,#408,#432,#477,#582,#679,#776,#866,
    #911,#935,#1032,#1115,#1261,#1366,#1383,#1453,#1465,#1506,#1611,
    #1681,#1739,#1845,#1862,#1874,#1915,#1973,#2079,#2094));
#17 = ADVANCED_FACE('',(#18),#194,.T.);
#18 = FACE_BOUND('',#19,.T.);
#19 = EDGE_LOOP('',(#20,#30,#57,#66,#93,#101,#109,#117,#144,#153,#180,
    #188));
#20 = ORIENTED_EDGE('',*,*,#21,.T.);
#21 = EDGE_CURVE('',#22,#24,#26,.T.);
#22 = VERTEX_POINT('',#23);
#23 = CARTESIAN_POINT('',(428.1470932376,4.440892098501E-16,2.));
#24 = VERTEX_POINT('',#25);
#25 = CARTESIAN_POINT('',(412.06661861387,-4.440892098501E-16,2.));
#26 = LINE('',#27,#28);
#27 = CARTESIAN_POINT('',(428.1470932376,4.440892098501E-16,2.));
#28 = VECTOR('',#29,1.);
#29 = DIRECTION('',(-1.,0.,0.));
#30 = ORIENTED_EDGE('',*,*,#31,.F.);
#31 = EDGE_CURVE('',#32,#24,#34,.T.);
#32 = VERTEX_POINT('',#33);
#33 = CARTESIAN_POINT('',(411.06695629247,2.163355201295E-16,
    0.974288567842));
#34 = B_SPLINE_CURVE_WITH_KNOTS('',6,(#35,#36,#37,#38,#39,#40,#41,#42,
    #43,#44,#45,#46,#47,#48,#49,#50,#51,#52,#53,#54,#55,#56),
  .UNSPECIFIED.,.F.,.F.,(7,5,5,5,7),(0.,0.24999975524,0.5,0.75000024476,
    1.),.UNSPECIFIED.);
#35 = CARTESIAN_POINT('',(411.06695629247,2.163355201295E-16,
    0.974288567842));
#36 = CARTESIAN_POINT('',(411.065421887,2.295823992799E-16,
    1.033947207848));
#37 = CARTESIAN_POINT('',(411.0681136555,2.432537890938E-16,
    1.095517673919));
#38 = CARTESIAN_POINT('',(411.07552659593,2.572476839365E-16,
    1.158540573518));
#39 = CARTESIAN_POINT('',(411.0881005864,2.714257588635E-16,
    1.222392946476));
#40 = CARTESIAN_POINT('',(411.10611828067,2.856112392282E-16,
    1.286278670561));
#41 = CARTESIAN_POINT('',(411.15313990503,3.136159406711E-16,
    1.412400633544));
#42 = CARTESIAN_POINT('',(411.1821440508,3.274351136954E-16,
    1.474636656027));
#43 = CARTESIAN_POINT('',(411.21669176831,3.408808702425E-16,
    1.535190960202));
#44 = CARTESIAN_POINT('',(411.25660659812,3.537476977105E-16,
    1.593137999592));
#45 = CARTESIAN_POINT('',(411.30142224574,3.658444166086E-16,
    1.647616778314));
#46 = CARTESIAN_POINT('',(411.39954622751,3.882000645248E-16,
    1.748297665939));
#47 = CARTESIAN_POINT('',(411.45285433544,3.984589420027E-16,
    1.794499542726));
#48 = CARTESIAN_POINT('',(411.50975553993,4.07649771963E-16,
    1.83589136111));
#49 = CARTESIAN_POINT('',(411.56940112492,4.156641342275E-16,
    1.871984840018));
#50 = CARTESIAN_POINT('',(411.6308703935,4.224575755787E-16,
    1.902579779956));
#51 = CARTESIAN_POINT('',(411.75574077447,4.336151368398E-16,
    1.952828968694));
#52 = CARTESIAN_POINT('',(411.81914166497,4.379793033904E-16,
    1.972483427545));
#53 = CARTESIAN_POINT('',(411.88264918103,4.411349255151E-16,
    1.98669508617));
#54 = CARTESIAN_POINT('',(411.9454602018,4.431401995253E-16,
    1.995726037455));
#55 = CARTESIAN_POINT('',(412.00694066758,4.440892098501E-16,2.));
#56 = CARTESIAN_POINT('',(412.06661861387,4.440892098501E-16,2.));
#57 = ORIENTED_EDGE('',*,*,#58,.F.);
#58 = EDGE_CURVE('',#59,#32,#61,.T.);
#59 = VERTEX_POINT('',#60);
#60 = CARTESIAN_POINT('',(367.02788019111,3.371705116647E-17,
    0.151848099069));
#61 = ( BOUNDED_CURVE() B_SPLINE_CURVE(3,(#62,#63,#64,#65),
.UNSPECIFIED.,.F.,.F.) B_SPLINE_CURVE_WITH_KNOTS((4,4),(0.,
267.88504348397),.PIECEWISE_BEZIER_KNOTS.) CURVE() 
GEOMETRIC_REPRESENTATION_ITEM() RATIONAL_B_SPLINE_CURVE((1.,1.,1.,
1.087403030057)) REPRESENTATION_ITEM('') );
#62 = CARTESIAN_POINT('',(366.9,2.220446049403E-16,1.000000000069));
#63 = CARTESIAN_POINT('',(375.93511909295,-1.333880979331E-14,
    -60.07265881471));
#64 = CARTESIAN_POINT('',(413.08304063375,-1.333880979331E-14,
    -60.07265881471));
#65 = CARTESIAN_POINT('',(411.03684667418,4.440892098501E-16,2.));
#66 = ORIENTED_EDGE('',*,*,#67,.T.);
#67 = EDGE_CURVE('',#59,#68,#70,.T.);
#68 = VERTEX_POINT('',#69);
#69 = CARTESIAN_POINT('',(366.03948162844,-2.220446049403E-16,
    1.000000000069));
#70 = B_SPLINE_CURVE_WITH_KNOTS('',6,(#71,#72,#73,#74,#75,#76,#77,#78,
    #79,#80,#81,#82,#83,#84,#85,#86,#87,#88,#89,#90,#91,#92),
  .UNSPECIFIED.,.F.,.F.,(7,5,5,5,7),(0.,0.249999848556,0.499999999999,
    0.750000151442,1.),.UNSPECIFIED.);
#71 = CARTESIAN_POINT('',(367.02788019111,3.371705116647E-17,
    0.151848099069));
#72 = CARTESIAN_POINT('',(367.01963979673,4.5627156647E-17,
    0.205486445673));
#73 = CARTESIAN_POINT('',(367.0077076865,5.770525629634E-17,
    0.259881370754));
#74 = CARTESIAN_POINT('',(366.99182505311,6.985887486361E-17,
    0.314616402804));
#75 = CARTESIAN_POINT('',(366.97180062379,8.197553810412E-17,
    0.369185002859));
#76 = CARTESIAN_POINT('',(366.94756563468,9.392622200485E-17,
    0.423006098421));
#77 = CARTESIAN_POINT('',(366.89082850964,1.172345646752E-16,
    0.527977541786));
#78 = CARTESIAN_POINT('',(366.85832630165,1.285921976207E-16,
    0.579127773287));
#79 = CARTESIAN_POINT('',(366.8217669927,1.395228412812E-16,
    0.628355016004));
#80 = CARTESIAN_POINT('',(366.78137080992,1.498937297738E-16,
    0.675061345555));
#81 = CARTESIAN_POINT('',(366.73751781352,1.595862795747E-16,
    0.718712709226));
#82 = CARTESIAN_POINT('',(366.64386076955,1.77431511907E-16,
    0.799080490908));
#83 = CARTESIAN_POINT('',(366.5940568303,1.855841737985E-16,
    0.835796815965));
#84 = CARTESIAN_POINT('',(366.54175827774,1.928751612097E-16,
    0.868632504153));
#85 = CARTESIAN_POINT('',(366.48755068023,1.992390686603E-16,
    0.897292995376));
#86 = CARTESIAN_POINT('',(366.43205846643,2.046477229471E-16,
    0.921651408807));
#87 = CARTESIAN_POINT('',(366.31968941808,2.13560544053E-16,
    0.961791186618));
#88 = CARTESIAN_POINT('',(366.26281268755,2.170647306043E-16,
    0.977572639865));
#89 = CARTESIAN_POINT('',(366.20583649014,2.196196181095E-16,
    0.989078830281));
#90 = CARTESIAN_POINT('',(366.14932471542,2.21259890285E-16,
    0.99646595944));
#91 = CARTESIAN_POINT('',(366.09374898137,2.220446049403E-16,
    1.000000000069));
#92 = CARTESIAN_POINT('',(366.03948162844,2.220446049403E-16,
    1.000000000069));
#93 = ORIENTED_EDGE('',*,*,#94,.T.);
#94 = EDGE_CURVE('',#68,#95,#97,.T.);
#95 = VERTEX_POINT('',#96);
#96 = CARTESIAN_POINT('',(349.27542911429,2.220446049403E-16,
    1.000000000069));
#97 = LINE('',#98,#99);
#98 = CARTESIAN_POINT('',(366.9,2.220446049403E-16,1.000000000069));
#99 = VECTOR('',#100,1.);
#100 = DIRECTION('',(-1.,0.,0.));
#101 = ORIENTED_EDGE('',*,*,#102,.T.);
#102 = EDGE_CURVE('',#95,#103,#105,.T.);
#103 = VERTEX_POINT('',#104);
#104 = CARTESIAN_POINT('',(349.27542911429,-2.220446049098E-16,
    -0.999999999931));
#105 = LINE('',#106,#107);
#106 = CARTESIAN_POINT('',(349.27542911429,2.220446049403E-16,
    1.000000000069));
#107 = VECTOR('',#108,1.);
#108 = DIRECTION('',(0.,-2.22044604925E-16,-1.));
#109 = ORIENTED_EDGE('',*,*,#110,.T.);
#110 = EDGE_CURVE('',#103,#111,#113,.T.);
#111 = VERTEX_POINT('',#112);
#112 = CARTESIAN_POINT('',(363.4152459329,2.220446049098E-16,
    -0.999999999931));
#113 = LINE('',#114,#115);
#114 = CARTESIAN_POINT('',(349.27542911429,-2.220446049098E-16,
    -0.999999999931));
#115 = VECTOR('',#116,1.);
#116 = DIRECTION('',(1.,0.,0.));
#117 = ORIENTED_EDGE('',*,*,#118,.F.);
#118 = EDGE_CURVE('',#119,#111,#121,.T.);
#119 = VERTEX_POINT('',#120);
#120 = CARTESIAN_POINT('',(364.40352747741,-4.102033225574E-16,
    -1.847391530616));
#121 = B_SPLINE_CURVE_WITH_KNOTS('',6,(#122,#123,#124,#125,#126,#127,
    #128,#129,#130,#131,#132,#133,#134,#135,#136,#137,#138,#139,#140,
    #141,#142,#143),.UNSPECIFIED.,.F.,.F.,(7,5,5,5,7),(0.,0.249999848889
    ,0.5,0.750000151111,1.),.UNSPECIFIED.);
#122 = CARTESIAN_POINT('',(364.40352747741,-4.102033225574E-16,
    -1.847391530616));
#123 = CARTESIAN_POINT('',(364.39524953206,-3.982999675967E-16,
    -1.79378358565));
#124 = CARTESIAN_POINT('',(364.38328271772,-3.86229568643E-16,
    -1.73942334142));
#125 = CARTESIAN_POINT('',(364.36736909079,-3.740845296222E-16,
    -1.684726948211));
#126 = CARTESIAN_POINT('',(364.34731823139,-3.619771931976E-16,
    -1.630200352401));
#127 = CARTESIAN_POINT('',(364.3230620455,-3.500363814818E-16,
    -1.576423717208));
#128 = CARTESIAN_POINT('',(364.26629367852,-3.267484043758E-16,
    -1.471543992191));
#129 = CARTESIAN_POINT('',(364.23378142576,-3.154012647304E-16,
    -1.420441018312));
#130 = CARTESIAN_POINT('',(364.19721799225,-3.044811906326E-16,
    -1.371261376674));
#131 = CARTESIAN_POINT('',(364.15682363344,-2.941206783177E-16,
    -1.324601777274));
#132 = CARTESIAN_POINT('',(364.11297800099,-2.844380522132E-16,
    -1.280995105957));
#133 = CARTESIAN_POINT('',(364.01934537726,-2.666113564584E-16,
    -1.200710805599));
#134 = CARTESIAN_POINT('',(363.96955849393,-2.584673073609E-16,
    -1.164033269118));
#135 = CARTESIAN_POINT('',(363.9172811517,-2.51184073792E-16,
    -1.131232501131));
#136 = CARTESIAN_POINT('',(363.86309792988,-2.448269110595E-16,
    -1.102602385418));
#137 = CARTESIAN_POINT('',(363.80763215879,-2.394239330477E-16,
    -1.078269535657));
#138 = CARTESIAN_POINT('',(363.69531812855,-2.305203477231E-16,
    -1.038171352107));
#139 = CARTESIAN_POINT('',(363.63846997305,-2.270197207562E-16,
    -1.022405929803));
#140 = CARTESIAN_POINT('',(363.58152241375,-2.244673442634E-16,
    -1.010911047981));
#141 = CARTESIAN_POINT('',(363.52503842352,-2.228286160196E-16,
    -1.003530872073));
#142 = CARTESIAN_POINT('',(363.46948896015,-2.220446049098E-16,
    -0.999999999931));
#143 = CARTESIAN_POINT('',(363.4152459329,-2.220446049098E-16,
    -0.999999999931));
#144 = ORIENTED_EDGE('',*,*,#145,.T.);
#145 = EDGE_CURVE('',#119,#146,#148,.T.);
#146 = VERTEX_POINT('',#147);
#147 = CARTESIAN_POINT('',(413.17701322886,-2.276752148151E-16,
    -1.025358012603));
#148 = B_SPLINE_CURVE_WITH_KNOTS('',3,(#149,#150,#151,#152),
  .UNSPECIFIED.,.F.,.F.,(4,4),(0.,426.92048624656),
  .PIECEWISE_BEZIER_KNOTS.);
#149 = CARTESIAN_POINT('',(364.27542911429,-2.220446049098E-16,
    -0.999999999931));
#150 = CARTESIAN_POINT('',(373.26537402023,-1.371509684512E-14,
    -61.76730504103));
#151 = CARTESIAN_POINT('',(415.18322136368,-1.371509684512E-14,
    -61.76730504103));
#152 = CARTESIAN_POINT('',(413.1470932376,0.,0.));
#153 = ORIENTED_EDGE('',*,*,#154,.T.);
#154 = EDGE_CURVE('',#146,#155,#157,.T.);
#155 = VERTEX_POINT('',#156);
#156 = CARTESIAN_POINT('',(414.1766844894,-1.1250057279E-31,
    5.066575376961E-16));
#157 = B_SPLINE_CURVE_WITH_KNOTS('',6,(#158,#159,#160,#161,#162,#163,
    #164,#165,#166,#167,#168,#169,#170,#171,#172,#173,#174,#175,#176,
    #177,#178,#179),.UNSPECIFIED.,.F.,.F.,(7,5,5,5,7),(0.,0.249999755461
    ,0.5,0.75000024454,1.),.UNSPECIFIED.);
#158 = CARTESIAN_POINT('',(413.17701322886,-2.276752148151E-16,
    -1.025358012603));
#159 = CARTESIAN_POINT('',(413.17550017562,-2.144304984472E-16,
    -0.965709112904));
#160 = CARTESIAN_POINT('',(413.17821252629,-2.007618480979E-16,
    -0.904150984284));
#161 = CARTESIAN_POINT('',(413.18564474349,-1.867712672298E-16,
    -0.8411430095));
#162 = CARTESIAN_POINT('',(413.1982361099,-1.725970422734E-16,
    -0.777307975268));
#163 = CARTESIAN_POINT('',(413.21626872837,-1.584158540327E-16,
    -0.713441581191));
#164 = CARTESIAN_POINT('',(413.26331458547,-1.304203631197E-16,
    -0.587361098747));
#165 = CARTESIAN_POINT('',(413.29232803937,-1.166061084503E-16,
    -0.525147226566));
#166 = CARTESIAN_POINT('',(413.3268819,-1.031654550023E-16,
    -0.464615904706));
#167 = CARTESIAN_POINT('',(413.36679953273,-9.03037502544E-17,
    -0.406691935996));
#168 = CARTESIAN_POINT('',(413.41161478936,-7.821200264344E-17,
    -0.352235545961));
#169 = CARTESIAN_POINT('',(413.50973233414,-5.586572345943E-17,
    -0.251596851355));
#170 = CARTESIAN_POINT('',(413.56303439638,-4.561124333907E-17,
    -0.205414778506));
#171 = CARTESIAN_POINT('',(413.61992709137,-3.642438770115E-17,
    -0.164040858878));
#172 = CARTESIAN_POINT('',(413.67956229697,-2.84134732903E-17,
    -0.127962907722));
#173 = CARTESIAN_POINT('',(413.74101999346,-2.162291574717E-17,
    -9.738095530163E-02));
#174 = CARTESIAN_POINT('',(413.86586603882,-1.047001122207E-17,
    -4.715273863826E-02));
#175 = CARTESIAN_POINT('',(413.92925416611,-6.107617673919E-18,
    -2.750626468038E-02));
#176 = CARTESIAN_POINT('',(413.9927489232,-2.953221512911E-18,
    -1.330012730509E-02));
#177 = CARTESIAN_POINT('',(414.05554771849,-9.486832929077E-19,
    -4.272489724432E-03));
#178 = CARTESIAN_POINT('',(414.11701683067,0.,0.));
#179 = CARTESIAN_POINT('',(414.1766844894,0.,0.));
#180 = ORIENTED_EDGE('',*,*,#181,.T.);
#181 = EDGE_CURVE('',#155,#182,#184,.T.);
#182 = VERTEX_POINT('',#183);
#183 = CARTESIAN_POINT('',(428.1470932376,0.,0.));
#184 = LINE('',#185,#186);
#185 = CARTESIAN_POINT('',(413.1470932376,0.,0.));
#186 = VECTOR('',#187,1.);
#187 = DIRECTION('',(1.,0.,0.));
#188 = ORIENTED_EDGE('',*,*,#189,.T.);
#189 = EDGE_CURVE('',#182,#22,#190,.T.);
#190 = LINE('',#191,#192);
#191 = CARTESIAN_POINT('',(428.1470932376,0.,0.));
#192 = VECTOR('',#193,1.);
#193 = DIRECTION('',(0.,2.22044604925E-16,1.));
#194 = PLANE('',#195);
#195 = AXIS2_PLACEMENT_3D('',#196,#197,#198);
#196 = CARTESIAN_POINT('',(390.23232990303,-3.972538868282E-15,
    -17.89072456691));
#197 = DIRECTION('',(0.,-1.,2.22044604925E-16));
#198 = DIRECTION('',(0.,2.22044604925E-16,1.));
#199 = ADVANCED_FACE('',(#200),#306,.T.);
#200 = FACE_BOUND('',#201,.T.);
#201 = EDGE_LOOP('',(#202,#212,#239,#259,#282,#283,#291,#300));
#202 = ORIENTED_EDGE('',*,*,#203,.T.);
#203 = EDGE_CURVE('',#204,#206,#208,.T.);
#204 = VERTEX_POINT('',#205);
#205 = CARTESIAN_POINT('',(-3.946619067374E-15,588.0470932376,2.));
#206 = VERTEX_POINT('',#207);
#207 = CARTESIAN_POINT('',(0.,571.96662420319,2.));
#208 = LINE('',#209,#210);
#209 = CARTESIAN_POINT('',(-3.946619067374E-15,588.0470932376,2.));
#210 = VECTOR('',#211,1.);
#211 = DIRECTION('',(6.081226496766E-17,-1.,0.));
#212 = ORIENTED_EDGE('',*,*,#213,.F.);
#213 = EDGE_CURVE('',#214,#206,#216,.T.);
#214 = VERTEX_POINT('',#215);
#215 = CARTESIAN_POINT('',(167.43909083855,571.96586110648,2.));
#216 = B_SPLINE_CURVE_WITH_KNOTS('',11,(#217,#218,#219,#220,#221,#222,
    #223,#224,#225,#226,#227,#228,#229,#230,#231,#232,#233,#234,#235,
    #236,#237,#238),.UNSPECIFIED.,.F.,.F.,(12,10,12),(709.98936004615,
    877.40418609657,931.10098892752),.UNSPECIFIED.);
#217 = CARTESIAN_POINT('',(167.43909083855,571.96586110648,2.));
#218 = CARTESIAN_POINT('',(152.17056839757,571.96744313879,2.));
#219 = CARTESIAN_POINT('',(137.00107372674,571.96603730251,2.));
#220 = CARTESIAN_POINT('',(121.73038396257,571.96692293792,
    2.000000000001));
#221 = CARTESIAN_POINT('',(106.54955907439,571.96632575524,
    1.999999999998));
#222 = CARTESIAN_POINT('',(91.298554179833,571.96678424637,
    2.000000000002));
#223 = CARTESIAN_POINT('',(76.101793218439,571.96650805022,
    1.999999999998));
#224 = CARTESIAN_POINT('',(60.870528791959,571.9666613679,2.000000000001
    ));
#225 = CARTESIAN_POINT('',(45.656653096008,571.96660705869,
    1.999999999999));
#226 = CARTESIAN_POINT('',(30.436296740773,571.96662401439,2.));
#227 = CARTESIAN_POINT('',(15.217411707288,571.96662337307,2.));
#228 = CARTESIAN_POINT('',(-4.883132129334,571.96662446957,2.));
#229 = CARTESIAN_POINT('',(-9.764566606294,571.96662473585,2.));
#230 = CARTESIAN_POINT('',(-14.64603269302,571.96662500214,2.));
#231 = CARTESIAN_POINT('',(-19.52753038953,571.96662526842,2.));
#232 = CARTESIAN_POINT('',(-24.4090596958,571.96662553471,2.));
#233 = CARTESIAN_POINT('',(-29.29062061186,571.966625801,2.));
#234 = CARTESIAN_POINT('',(-34.17221313768,571.96662606729,2.));
#235 = CARTESIAN_POINT('',(-39.05383727327,571.96662633358,2.));
#236 = CARTESIAN_POINT('',(-43.93549301864,571.96662659987,2.));
#237 = CARTESIAN_POINT('',(-48.81718037378,571.96662686616,2.));
#238 = CARTESIAN_POINT('',(-53.6988993387,571.96662713246,2.));
#239 = ORIENTED_EDGE('',*,*,#240,.F.);
#240 = EDGE_CURVE('',#241,#214,#243,.T.);
#241 = VERTEX_POINT('',#242);
#242 = CARTESIAN_POINT('',(412.06449052637,327.3653021092,2.));
#243 = ( BOUNDED_CURVE() B_SPLINE_CURVE(14,(#244,#245,#246,#247,#248,
    #249,#250,#251,#252,#253,#254,#255,#256,#257,#258),.UNSPECIFIED.,.F.
,.F.) B_SPLINE_CURVE_WITH_KNOTS((15,15),(327.29869078125,709.98936004615
),.PIECEWISE_BEZIER_KNOTS.) CURVE() GEOMETRIC_REPRESENTATION_ITEM() 
RATIONAL_B_SPLINE_CURVE((1.,0.999999999999,1.000000000003,0.999999999993
    ,1.000000000014,0.999999999979,1.000000000026,0.999999999974,
    1.000000000021,0.999999999986,1.000000000008,0.999999999996,
1.000000000001,1.,1.)) REPRESENTATION_ITEM('') );
#244 = CARTESIAN_POINT('',(412.06449052637,327.3653021092,2.));
#245 = CARTESIAN_POINT('',(412.06206009461,354.85580027433,2.));
#246 = CARTESIAN_POINT('',(408.72321818355,382.40887502198,
    1.999999999999));
#247 = CARTESIAN_POINT('',(402.04092408773,409.76002548698,
    2.000000000002));
#248 = CARTESIAN_POINT('',(391.94599045162,435.48040483151,
    1.999999999996));
#249 = CARTESIAN_POINT('',(379.23865572642,460.23732152861,
    2.000000000006));
#250 = CARTESIAN_POINT('',(363.17059673412,483.39341118437,
    1.999999999992));
#251 = CARTESIAN_POINT('',(344.61186126536,504.45092039401,
    2.000000000009));
#252 = CARTESIAN_POINT('',(323.47518351731,523.12896258729,
    1.999999999992));
#253 = CARTESIAN_POINT('',(300.34705834904,539.08723636764,
    2.000000000006));
#254 = CARTESIAN_POINT('',(275.54303791539,552.01929660803,
    1.999999999996));
#255 = CARTESIAN_POINT('',(249.54299253772,561.96696251969,
    2.000000000002));
#256 = CARTESIAN_POINT('',(222.42729832568,568.64725574624,
    1.999999999999));
#257 = CARTESIAN_POINT('',(194.86213219897,571.96301969624,2.));
#258 = CARTESIAN_POINT('',(167.43909083855,571.96586110648,2.));
#259 = ORIENTED_EDGE('',*,*,#260,.F.);
#260 = EDGE_CURVE('',#24,#241,#261,.T.);
#261 = B_SPLINE_CURVE_WITH_KNOTS('',10,(#262,#263,#264,#265,#266,#267,
    #268,#269,#270,#271,#272,#273,#274,#275,#276,#277,#278,#279,#280,
    #281),.UNSPECIFIED.,.F.,.F.,(11,9,11),(-53.69721503439,
    -2.149412710714E-03,327.29869078125),.UNSPECIFIED.);
#262 = CARTESIAN_POINT('',(412.06662761281,-53.70093360849,2.));
#263 = CARTESIAN_POINT('',(412.06662671293,-48.33097090742,2.));
#264 = CARTESIAN_POINT('',(412.06662581307,-42.9610628049,2.));
#265 = CARTESIAN_POINT('',(412.06662491322,-37.5912093009,2.));
#266 = CARTESIAN_POINT('',(412.06662401337,-32.22141039544,2.));
#267 = CARTESIAN_POINT('',(412.06662311354,-26.85166608852,2.));
#268 = CARTESIAN_POINT('',(412.06662221371,-21.48197638013,2.));
#269 = CARTESIAN_POINT('',(412.0666213139,-16.11234127028,2.));
#270 = CARTESIAN_POINT('',(412.06662041409,-10.74276075896,2.));
#271 = CARTESIAN_POINT('',(412.06661951429,-5.373234846185,2.));
#272 = CARTESIAN_POINT('',(412.06661312979,32.726105632067,2.));
#273 = CARTESIAN_POINT('',(412.06660433462,65.456500322257,2.));
#274 = CARTESIAN_POINT('',(412.06658605833,98.187113095824,2.));
#275 = CARTESIAN_POINT('',(412.06657294277,130.92254176208,2.));
#276 = CARTESIAN_POINT('',(412.06652713734,163.65333913124,2.));
#277 = CARTESIAN_POINT('',(412.06652085648,196.40312330093,2.));
#278 = CARTESIAN_POINT('',(412.06655345963,229.12737442579,2.));
#279 = CARTESIAN_POINT('',(412.06667623906,261.87748994207,2.));
#280 = CARTESIAN_POINT('',(412.06740064517,294.44908695887,2.));
#281 = CARTESIAN_POINT('',(412.06449052637,327.3653021092,2.));
#282 = ORIENTED_EDGE('',*,*,#21,.F.);
#283 = ORIENTED_EDGE('',*,*,#284,.T.);
#284 = EDGE_CURVE('',#22,#285,#287,.T.);
#285 = VERTEX_POINT('',#286);
#286 = CARTESIAN_POINT('',(428.1470932376,327.3,2.));
#287 = LINE('',#288,#289);
#288 = CARTESIAN_POINT('',(428.1470932376,4.440892098501E-16,2.));
#289 = VECTOR('',#290,1.);
#290 = DIRECTION('',(0.,1.,-2.22044604925E-16));
#291 = ORIENTED_EDGE('',*,*,#292,.T.);
#292 = EDGE_CURVE('',#285,#293,#295,.T.);
#293 = VERTEX_POINT('',#294);
#294 = CARTESIAN_POINT('',(167.4,588.0470932376,2.));
#295 = CIRCLE('',#296,260.7470932376);
#296 = AXIS2_PLACEMENT_3D('',#297,#298,#299);
#297 = CARTESIAN_POINT('',(167.4,327.3,2.));
#298 = DIRECTION('',(-0.,9.279379077392E-19,1.));
#299 = DIRECTION('',(1.,0.,0.));
#300 = ORIENTED_EDGE('',*,*,#301,.T.);
#301 = EDGE_CURVE('',#293,#204,#302,.T.);
#302 = LINE('',#303,#304);
#303 = CARTESIAN_POINT('',(-3.946619067374E-15,588.0470932376,2.));
#304 = VECTOR('',#305,1.);
#305 = DIRECTION('',(-1.,5.473822126269E-48,-2.22044604925E-16));
#306 = PLANE('',#307);
#307 = AXIS2_PLACEMENT_3D('',#308,#309,#310);
#308 = CARTESIAN_POINT('',(312.13612002606,382.10820295408,2.));
#309 = DIRECTION('',(0.,1.442419120286E-17,1.));
#310 = DIRECTION('',(0.,-1.,1.442419120286E-17));
#311 = ADVANCED_FACE('',(#312),#347,.T.);
#312 = FACE_BOUND('',#313,.T.);
#313 = EDGE_LOOP('',(#314,#315,#316,#324));
#314 = ORIENTED_EDGE('',*,*,#31,.T.);
#315 = ORIENTED_EDGE('',*,*,#260,.T.);
#316 = ORIENTED_EDGE('',*,*,#317,.F.);
#317 = EDGE_CURVE('',#318,#241,#320,.T.);
#318 = VERTEX_POINT('',#319);
#319 = CARTESIAN_POINT('',(411.06695769229,327.3,0.974234141692));
#320 = ( BOUNDED_CURVE() B_SPLINE_CURVE(2,(#321,#322,#323),
.UNSPECIFIED.,.F.,.F.) B_SPLINE_CURVE_WITH_KNOTS((3,3),(0.,
327.30084019396),.PIECEWISE_BEZIER_KNOTS.) CURVE() 
GEOMETRIC_REPRESENTATION_ITEM() RATIONAL_B_SPLINE_CURVE((1.,
0.697937727055,1.)) REPRESENTATION_ITEM('') );
#321 = CARTESIAN_POINT('',(411.06695769229,327.3,0.974234141692));
#322 = CARTESIAN_POINT('',(411.04057564658,327.29827293581,2.));
#323 = CARTESIAN_POINT('',(412.06449052637,327.3653021092,2.));
#324 = ORIENTED_EDGE('',*,*,#325,.F.);
#325 = EDGE_CURVE('',#32,#318,#326,.T.);
#326 = B_SPLINE_CURVE_WITH_KNOTS('',10,(#327,#328,#329,#330,#331,#332,
    #333,#334,#335,#336,#337,#338,#339,#340,#341,#342,#343,#344,#345,
    #346),.UNSPECIFIED.,.F.,.F.,(11,9,11),(-53.69721503439,
    -2.149412710714E-03,327.29869078125),.UNSPECIFIED.);
#327 = CARTESIAN_POINT('',(411.06695628656,-53.69717007655,
    0.974288797479));
#328 = CARTESIAN_POINT('',(411.06695628716,-48.32744637586,
    0.974288774515));
#329 = CARTESIAN_POINT('',(411.06695628775,-42.95772416251,
    0.974288751551));
#330 = CARTESIAN_POINT('',(411.06695628834,-37.58800343651,
    0.974288728588));
#331 = CARTESIAN_POINT('',(411.06695628893,-32.21828419784,
    0.974288705624));
#332 = CARTESIAN_POINT('',(411.06695628952,-26.84856644651,0.97428868266
    ));
#333 = CARTESIAN_POINT('',(411.06695629011,-21.47885018253,
    0.974288659697));
#334 = CARTESIAN_POINT('',(411.0669562907,-16.10913540589,0.974288636733
    ));
#335 = CARTESIAN_POINT('',(411.06695629129,-10.73942211658,0.97428861377
    ));
#336 = CARTESIAN_POINT('',(411.06695629188,-5.369710314623,
    0.974288590806));
#337 = CARTESIAN_POINT('',(411.06695629607,32.731326002221,
    0.974288427866));
#338 = CARTESIAN_POINT('',(411.06695630221,65.463566920983,
    0.974288189569));
#339 = CARTESIAN_POINT('',(411.06695631185,98.196357076798,
    0.974287813969));
#340 = CARTESIAN_POINT('',(411.06695632798,130.93417598226,
    0.974287187638));
#341 = CARTESIAN_POINT('',(411.06695634269,163.66685870819,
    0.974286615422));
#342 = CARTESIAN_POINT('',(411.06695636892,196.41740534296,
    0.974285594294));
#343 = CARTESIAN_POINT('',(411.06695632384,229.13865123256,
    0.974287349719));
#344 = CARTESIAN_POINT('',(411.06695626295,261.87936649686,
    0.974289714652));
#345 = CARTESIAN_POINT('',(411.06695577403,294.42823871006,
    0.974308725933));
#346 = CARTESIAN_POINT('',(411.06695769229,327.3,0.974234141692));
#347 = ( BOUNDED_SURFACE() B_SPLINE_SURFACE(2,10,(
    (#348,#349,#350,#351,#352,#353,#354,#355,#356,#357,#358,#359,#360
      ,#361,#362,#363,#364,#365,#366,#367)
    ,(#368,#369,#370,#371,#372,#373,#374,#375,#376,#377,#378,#379,#380
      ,#381,#382,#383,#384,#385,#386,#387)
    ,(#388,#389,#390,#391,#392,#393,#394,#395,#396,#397,#398,#399,#400
      ,#401,#402,#403,#404,#405,#406,#407
)),.UNSPECIFIED.,.F.,.F.,.F.) B_SPLINE_SURFACE_WITH_KNOTS((3,3),(11,9,11
    ),(0.,327.30084019396),(-53.69721503439,-2.149412710714E-03,
327.29869078125),.UNSPECIFIED.) GEOMETRIC_REPRESENTATION_ITEM() 
RATIONAL_B_SPLINE_SURFACE((
    (1.,1.,1.,1.,1.,1.,1.,1.,1.,1.,1.,1.,1.,1.,1.,1.,1.,1.,1.,1.)
    ,(0.697957222128,0.697957230354,0.697957236751,0.697957241321
      ,0.697957244063,0.697957244976,0.697957244063,0.697957241321
      ,0.697957236751,0.697957230354,0.697957171991,0.697957086602
      ,0.697956952284,0.697956727244,0.697956523706,0.697956155898
      ,0.69795678687,0.697957632132,0.697964442991,0.697937727055)
    ,(1.,1.,1.,1.,1.,1.,1.,1.,1.,1.,1.,1.,1.,1.,1.,1.,1.,1.,1.,1.
))) REPRESENTATION_ITEM('') SURFACE() );
#348 = CARTESIAN_POINT('',(411.06695628656,-53.69717007655,
    0.974288797479));
#349 = CARTESIAN_POINT('',(411.06695628716,-48.32744637586,
    0.974288774515));
#350 = CARTESIAN_POINT('',(411.06695628775,-42.95772416251,
    0.974288751551));
#351 = CARTESIAN_POINT('',(411.06695628834,-37.58800343651,
    0.974288728588));
#352 = CARTESIAN_POINT('',(411.06695628893,-32.21828419784,
    0.974288705624));
#353 = CARTESIAN_POINT('',(411.06695628952,-26.84856644651,0.97428868266
    ));
#354 = CARTESIAN_POINT('',(411.06695629011,-21.47885018253,
    0.974288659697));
#355 = CARTESIAN_POINT('',(411.0669562907,-16.10913540589,0.974288636733
    ));
#356 = CARTESIAN_POINT('',(411.06695629129,-10.73942211658,0.97428861377
    ));
#357 = CARTESIAN_POINT('',(411.06695629188,-5.369710314623,
    0.974288590806));
#358 = CARTESIAN_POINT('',(411.06695629607,32.731326002221,
    0.974288427866));
#359 = CARTESIAN_POINT('',(411.06695630221,65.463566920983,
    0.974288189569));
#360 = CARTESIAN_POINT('',(411.06695631185,98.196357076798,
    0.974287813969));
#361 = CARTESIAN_POINT('',(411.06695632798,130.93417598226,
    0.974287187638));
#362 = CARTESIAN_POINT('',(411.06695634269,163.66685870819,
    0.974286615422));
#363 = CARTESIAN_POINT('',(411.06695636892,196.41740534296,
    0.974285594294));
#364 = CARTESIAN_POINT('',(411.06695632384,229.13865123256,
    0.974287349719));
#365 = CARTESIAN_POINT('',(411.06695626295,261.87936649686,
    0.974289714652));
#366 = CARTESIAN_POINT('',(411.06695577403,294.42823871006,
    0.974308725933));
#367 = CARTESIAN_POINT('',(411.06695769229,327.3,0.974234141692));
#368 = CARTESIAN_POINT('',(411.04057524638,-53.69707075711,2.));
#369 = CARTESIAN_POINT('',(411.04057524655,-48.32735279419,2.));
#370 = CARTESIAN_POINT('',(411.04057524672,-42.95763515605,2.));
#371 = CARTESIAN_POINT('',(411.04057524689,-37.58791780051,2.));
#372 = CARTESIAN_POINT('',(411.04057524705,-32.21820068537,2.));
#373 = CARTESIAN_POINT('',(411.04057524722,-26.84848376845,2.));
#374 = CARTESIAN_POINT('',(411.04057524739,-21.47876700756,2.));
#375 = CARTESIAN_POINT('',(411.04057524756,-16.10905036051,2.));
#376 = CARTESIAN_POINT('',(411.04057524773,-10.73933378512,2.));
#377 = CARTESIAN_POINT('',(411.0405752479,-5.3696172392,2.));
#378 = CARTESIAN_POINT('',(411.04057524909,32.731466119365,2.));
#379 = CARTESIAN_POINT('',(411.04057525083,65.463757205297,2.));
#380 = CARTESIAN_POINT('',(411.04057525358,98.196639394522,2.));
#381 = CARTESIAN_POINT('',(411.04057525817,130.93444553354,2.));
#382 = CARTESIAN_POINT('',(411.04057526236,163.6673920304,2.));
#383 = CARTESIAN_POINT('',(411.04057526984,196.41756939556,2.));
#384 = CARTESIAN_POINT('',(411.04057525698,229.13917779324,2.));
#385 = CARTESIAN_POINT('',(411.04057523967,261.87848706582,2.));
#386 = CARTESIAN_POINT('',(411.04057510047,294.42895064674,2.));
#387 = CARTESIAN_POINT('',(411.04057564658,327.29827293581,2.));
#388 = CARTESIAN_POINT('',(412.06662761281,-53.70093360849,2.));
#389 = CARTESIAN_POINT('',(412.06662671293,-48.33097090742,2.));
#390 = CARTESIAN_POINT('',(412.06662581307,-42.9610628049,2.));
#391 = CARTESIAN_POINT('',(412.06662491322,-37.5912093009,2.));
#392 = CARTESIAN_POINT('',(412.06662401337,-32.22141039544,2.));
#393 = CARTESIAN_POINT('',(412.06662311354,-26.85166608852,2.));
#394 = CARTESIAN_POINT('',(412.06662221371,-21.48197638013,2.));
#395 = CARTESIAN_POINT('',(412.0666213139,-16.11234127028,2.));
#396 = CARTESIAN_POINT('',(412.06662041409,-10.74276075896,2.));
#397 = CARTESIAN_POINT('',(412.06661951429,-5.373234846185,2.));
#398 = CARTESIAN_POINT('',(412.06661312979,32.726105632067,2.));
#399 = CARTESIAN_POINT('',(412.06660433462,65.456500322257,2.));
#400 = CARTESIAN_POINT('',(412.06658605833,98.187113095824,2.));
#401 = CARTESIAN_POINT('',(412.06657294277,130.92254176208,2.));
#402 = CARTESIAN_POINT('',(412.06652713734,163.65333913124,2.));
#403 = CARTESIAN_POINT('',(412.06652085648,196.40312330093,2.));
#404 = CARTESIAN_POINT('',(412.06655345963,229.12737442579,2.));
#405 = CARTESIAN_POINT('',(412.06667623906,261.87748994207,2.));
#406 = CARTESIAN_POINT('',(412.06740064517,294.44908695887,2.));
#407 = CARTESIAN_POINT('',(412.06449052637,327.3653021092,2.));
#408 = ADVANCED_FACE('',(#409),#427,.F.);
#409 = FACE_BOUND('',#410,.F.);
#410 = EDGE_LOOP('',(#411,#419,#420,#421));
#411 = ORIENTED_EDGE('',*,*,#412,.F.);
#412 = EDGE_CURVE('',#182,#413,#415,.T.);
#413 = VERTEX_POINT('',#414);
#414 = CARTESIAN_POINT('',(428.1470932376,327.3,6.661338147749E-17));
#415 = LINE('',#416,#417);
#416 = CARTESIAN_POINT('',(428.1470932376,0.,0.));
#417 = VECTOR('',#418,1.);
#418 = DIRECTION('',(0.,1.,-2.22044604925E-16));
#419 = ORIENTED_EDGE('',*,*,#189,.T.);
#420 = ORIENTED_EDGE('',*,*,#284,.T.);
#421 = ORIENTED_EDGE('',*,*,#422,.F.);
#422 = EDGE_CURVE('',#413,#285,#423,.T.);
#423 = LINE('',#424,#425);
#424 = CARTESIAN_POINT('',(428.1470932376,327.3,-7.267519919196E-14));
#425 = VECTOR('',#426,1.);
#426 = DIRECTION('',(0.,2.22044604925E-16,1.));
#427 = PLANE('',#428);
#428 = AXIS2_PLACEMENT_3D('',#429,#430,#431);
#429 = CARTESIAN_POINT('',(428.1470932376,0.,0.));
#430 = DIRECTION('',(-1.,0.,0.));
#431 = DIRECTION('',(0.,2.22044604925E-16,1.));
#432 = ADVANCED_FACE('',(#433),#469,.F.);
#433 = FACE_BOUND('',#434,.F.);
#434 = EDGE_LOOP('',(#435,#436,#461,#468));
#435 = ORIENTED_EDGE('',*,*,#58,.F.);
#436 = ORIENTED_EDGE('',*,*,#437,.T.);
#437 = EDGE_CURVE('',#59,#438,#440,.T.);
#438 = VERTEX_POINT('',#439);
#439 = CARTESIAN_POINT('',(367.0278269294,327.3,0.152194792652));
#440 = B_SPLINE_CURVE_WITH_KNOTS('',10,(#441,#442,#443,#444,#445,#446,
    #447,#448,#449,#450,#451,#452,#453,#454,#455,#456,#457,#458,#459,
    #460),.UNSPECIFIED.,.F.,.F.,(11,9,11),(-49.45532736517,
    -4.730689776281E-03,327.29183906977),.UNSPECIFIED.);
#441 = CARTESIAN_POINT('',(367.02788034973,-49.45739507261,
    0.151847066536));
#442 = CARTESIAN_POINT('',(367.02788033387,-44.51176677708,
    0.151847169787));
#443 = CARTESIAN_POINT('',(367.02788031801,-39.56618555676,
    0.151847273037));
#444 = CARTESIAN_POINT('',(367.02788030215,-34.62065141166,
    0.151847376286));
#445 = CARTESIAN_POINT('',(367.02788028629,-29.67516434177,
    0.151847479534));
#446 = CARTESIAN_POINT('',(367.02788027042,-24.72972434709,
    0.151847582781));
#447 = CARTESIAN_POINT('',(367.02788025456,-19.78433142763,
    0.151847686027));
#448 = CARTESIAN_POINT('',(367.0278802387,-14.83898558338,0.151847789272
    ));
#449 = CARTESIAN_POINT('',(367.02788022284,-9.893686814345,
    0.151847892517));
#450 = CARTESIAN_POINT('',(367.02788020698,-4.948435120521,0.15184799576
    ));
#451 = CARTESIAN_POINT('',(367.02788008614,32.727385855559,
    0.151848782327));
#452 = CARTESIAN_POINT('',(367.02787989515,65.458872562959,
    0.151850025944));
#453 = CARTESIAN_POINT('',(367.02787958431,98.19037158323,0.151852046521
    ));
#454 = CARTESIAN_POINT('',(367.02787896479,130.92868459982,
    0.151856087783));
#455 = CARTESIAN_POINT('',(367.02787846653,163.65773895657,
    0.151859313565));
#456 = CARTESIAN_POINT('',(367.02787696618,196.41481605477,
    0.151869104381));
#457 = CARTESIAN_POINT('',(367.02787868325,229.13126490623,
    0.151857901775));
#458 = CARTESIAN_POINT('',(367.0278793225,261.89430411937,0.15185376158)
  );
#459 = CARTESIAN_POINT('',(367.02790328553,294.40947425098,
    0.151697767992));
#460 = CARTESIAN_POINT('',(367.0278269294,327.3,0.152194792652));
#461 = ORIENTED_EDGE('',*,*,#462,.F.);
#462 = EDGE_CURVE('',#318,#438,#463,.T.);
#463 = ( BOUNDED_CURVE() B_SPLINE_CURVE(3,(#464,#465,#466,#467),
.UNSPECIFIED.,.F.,.F.) B_SPLINE_CURVE_WITH_KNOTS((4,4),(0.,
267.88504348397),.PIECEWISE_BEZIER_KNOTS.) CURVE() 
GEOMETRIC_REPRESENTATION_ITEM() RATIONAL_B_SPLINE_CURVE((1.087403030057,
1.,1.,1.)) REPRESENTATION_ITEM('') );
#464 = CARTESIAN_POINT('',(411.03684667418,327.3,2.));
#465 = CARTESIAN_POINT('',(413.08304063375,327.3,-60.07265881471));
#466 = CARTESIAN_POINT('',(375.93511909295,327.3,-60.07265881471));
#467 = CARTESIAN_POINT('',(366.9,327.3,1.000000000069));
#468 = ORIENTED_EDGE('',*,*,#325,.F.);
#469 = SURFACE_OF_LINEAR_EXTRUSION('',#470,#475);
#470 = ( BOUNDED_CURVE() B_SPLINE_CURVE(3,(#471,#472,#473,#474),
.UNSPECIFIED.,.F.,.F.) B_SPLINE_CURVE_WITH_KNOTS((4,4),(0.,
267.88504348397),.PIECEWISE_BEZIER_KNOTS.) CURVE() 
GEOMETRIC_REPRESENTATION_ITEM() RATIONAL_B_SPLINE_CURVE((1.087403030057,
1.,1.,1.)) REPRESENTATION_ITEM('') );
#471 = CARTESIAN_POINT('',(411.03684667418,4.440892098501E-16,2.));
#472 = CARTESIAN_POINT('',(413.08304063375,-1.333880979331E-14,
    -60.07265881471));
#473 = CARTESIAN_POINT('',(375.93511909295,-1.333880979331E-14,
    -60.07265881471));
#474 = CARTESIAN_POINT('',(366.9,2.220446049403E-16,1.000000000069));
#475 = VECTOR('',#476,1.);
#476 = DIRECTION('',(0.,1.,0.));
#477 = ADVANCED_FACE('',(#478),#577,.T.);
#478 = FACE_BOUND('',#479,.T.);
#479 = EDGE_LOOP('',(#480,#490,#498,#505,#506,#507,#532,#552));
#480 = ORIENTED_EDGE('',*,*,#481,.T.);
#481 = EDGE_CURVE('',#482,#484,#486,.T.);
#482 = VERTEX_POINT('',#483);
#483 = CARTESIAN_POINT('',(0.,574.07669016019,-7.591146971322E-15));
#484 = VERTEX_POINT('',#485);
#485 = CARTESIAN_POINT('',(-3.502529857524E-15,588.0470932376,
    1.045679933807E-17));
#486 = LINE('',#487,#488);
#487 = CARTESIAN_POINT('',(-2.590345883009E-15,573.0470932376,
    1.045679933807E-17));
#488 = VECTOR('',#489,1.);
#489 = DIRECTION('',(-6.081226496766E-17,1.,0.));
#490 = ORIENTED_EDGE('',*,*,#491,.F.);
#491 = EDGE_CURVE('',#492,#484,#494,.T.);
#492 = VERTEX_POINT('',#493);
#493 = CARTESIAN_POINT('',(167.4,588.0470932376,1.045679933807E-17));
#494 = LINE('',#495,#496);
#495 = CARTESIAN_POINT('',(-3.502529857524E-15,588.0470932376,
    1.045679933807E-17));
#496 = VECTOR('',#497,1.);
#497 = DIRECTION('',(-1.,5.473822126269E-48,-2.22044604925E-16));
#498 = ORIENTED_EDGE('',*,*,#499,.F.);
#499 = EDGE_CURVE('',#413,#492,#500,.T.);
#500 = CIRCLE('',#501,260.7470932376);
#501 = AXIS2_PLACEMENT_3D('',#502,#503,#504);
#502 = CARTESIAN_POINT('',(167.4,327.3,6.661338147749E-17));
#503 = DIRECTION('',(-0.,9.279379077392E-19,1.));
#504 = DIRECTION('',(1.,0.,0.));
#505 = ORIENTED_EDGE('',*,*,#412,.F.);
#506 = ORIENTED_EDGE('',*,*,#181,.F.);
#507 = ORIENTED_EDGE('',*,*,#508,.T.);
#508 = EDGE_CURVE('',#155,#509,#511,.T.);
#509 = VERTEX_POINT('',#510);
#510 = CARTESIAN_POINT('',(414.1745656344,327.36516257161,
    -4.111086284698E-15));
#511 = B_SPLINE_CURVE_WITH_KNOTS('',10,(#512,#513,#514,#515,#516,#517,
    #518,#519,#520,#521,#522,#523,#524,#525,#526,#527,#528,#529,#530,
    #531),.UNSPECIFIED.,.F.,.F.,(11,9,11),(-53.90007770191,
    -2.167994107458E-03,327.29871049176),.UNSPECIFIED.);
#512 = CARTESIAN_POINT('',(414.17669358601,-53.90382123573,
    -4.760138167243E-15));
#513 = CARTESIAN_POINT('',(414.17669267637,-48.51357106858,
    -4.239775696768E-15));
#514 = CARTESIAN_POINT('',(414.17669176674,-43.12337573158,
    -3.719418519471E-15));
#515 = CARTESIAN_POINT('',(414.17669085712,-37.73323522472,
    -3.199066635351E-15));
#516 = CARTESIAN_POINT('',(414.17668994751,-32.34314954801,
    -2.678720044408E-15));
#517 = CARTESIAN_POINT('',(414.17668903791,-26.95311870144,
    -2.158378746643E-15));
#518 = CARTESIAN_POINT('',(414.17668812831,-21.56314268501,
    -1.638042742054E-15));
#519 = CARTESIAN_POINT('',(414.17668721873,-16.17322149873,
    -1.117712030643E-15));
#520 = CARTESIAN_POINT('',(414.17668630916,-10.78335514259,
    -5.973866124083E-16));
#521 = CARTESIAN_POINT('',(414.1766853996,-5.393543616599,
    -7.706648735117E-17));
#522 = CARTESIAN_POINT('',(414.17667896668,32.726092789632,
    3.602916362951E-15));
#523 = CARTESIAN_POINT('',(414.17667012413,65.456501957766,
    -1.355437940603E-14));
#524 = CARTESIAN_POINT('',(414.17665187924,98.1871519472,
    2.624281946133E-14));
#525 = CARTESIAN_POINT('',(414.17663869714,130.92255861308,
    -4.13174919582E-14));
#526 = CARTESIAN_POINT('',(414.17659334685,163.65348351289,
    4.533117959069E-14));
#527 = CARTESIAN_POINT('',(414.17658756963,196.40302719246,
    -4.653987702051E-14));
#528 = CARTESIAN_POINT('',(414.17662059176,229.12743900731,
    2.94492072966E-14));
#529 = CARTESIAN_POINT('',(414.17674501212,261.87672476959,
    -1.967832013569E-14));
#530 = CARTESIAN_POINT('',(414.17745707387,294.44975220584,
    1.876221890261E-15));
#531 = CARTESIAN_POINT('',(414.1745656344,327.36516257161,
    -4.111086284698E-15));
#532 = ORIENTED_EDGE('',*,*,#533,.T.);
#533 = EDGE_CURVE('',#509,#534,#536,.T.);
#534 = VERTEX_POINT('',#535);
#535 = CARTESIAN_POINT('',(167.43886994373,574.07593569712,
    -7.591136329026E-15));
#536 = ( BOUNDED_CURVE() B_SPLINE_CURVE(14,(#537,#538,#539,#540,#541,
    #542,#543,#544,#545,#546,#547,#548,#549,#550,#551),.UNSPECIFIED.,.F.
,.F.) B_SPLINE_CURVE_WITH_KNOTS((15,15),(327.29871049176,713.30413755906
),.PIECEWISE_BEZIER_KNOTS.) CURVE() GEOMETRIC_REPRESENTATION_ITEM() 
RATIONAL_B_SPLINE_CURVE((1.,1.,1.,1.000000000001,0.999999999997,
    1.000000000006,0.99999999999,1.000000000011,0.999999999989,
    1.000000000008,0.999999999995,1.000000000003,0.999999999999,1.,1.)) 
REPRESENTATION_ITEM('') );
#537 = CARTESIAN_POINT('',(414.1745656344,327.36516257161,
    -4.111086284698E-15));
#538 = CARTESIAN_POINT('',(414.17212988664,355.0930944238,
    2.067111455497E-17));
#539 = CARTESIAN_POINT('',(410.80455365729,382.88440241545,
    -2.855839955286E-14));
#540 = CARTESIAN_POINT('',(404.06440112139,410.46994347646,
    5.672572266945E-14));
#541 = CARTESIAN_POINT('',(393.88326681979,436.41338975609,
    -1.054904186768E-13));
#542 = CARTESIAN_POINT('',(381.06530589572,461.38372354468,
    7.735672625679E-14));
#543 = CARTESIAN_POINT('',(364.85920430284,484.73975869793,
    2.092542998831E-14));
#544 = CARTESIAN_POINT('',(346.13998465044,505.97863166248,
    -2.128344985447E-13));
#545 = CARTESIAN_POINT('',(324.82118544379,524.81813363388,
    3.523444055706E-13));
#546 = CARTESIAN_POINT('',(301.49347078396,540.91369261333,
    -4.088032817566E-13));
#547 = CARTESIAN_POINT('',(276.4752937069,553.9581346539,
    3.16182221439E-13));
#548 = CARTESIAN_POINT('',(250.24992617418,563.9909425389,
    -1.983988656609E-13));
#549 = CARTESIAN_POINT('',(222.9014127648,570.7287906905,
    7.121609761696E-14));
#550 = CARTESIAN_POINT('',(195.09858315526,574.0731014196,
    -2.640707621024E-14));
#551 = CARTESIAN_POINT('',(167.43886994373,574.07593569712,
    -7.591136329026E-15));
#552 = ORIENTED_EDGE('',*,*,#553,.T.);
#553 = EDGE_CURVE('',#534,#482,#554,.T.);
#554 = B_SPLINE_CURVE_WITH_KNOTS('',11,(#555,#556,#557,#558,#559,#560,
    #561,#562,#563,#564,#565,#566,#567,#568,#569,#570,#571,#572,#573,
    #574,#575,#576),.UNSPECIFIED.,.F.,.F.,(12,10,12),(713.30413755906,
    880.71895443637,934.6186210249),.UNSPECIFIED.);
#555 = CARTESIAN_POINT('',(167.43886994373,574.07593569712,
    -7.591136329026E-15));
#556 = CARTESIAN_POINT('',(152.17082235951,574.0775002067,
    -2.229827429221E-14));
#557 = CARTESIAN_POINT('',(137.00075633098,574.07610973967,
    5.364067184651E-14));
#558 = CARTESIAN_POINT('',(121.73063277815,574.07698530298,
    -1.6052115519E-13));
#559 = CARTESIAN_POINT('',(106.54936087406,574.07639485259,
    2.619185745736E-13));
#560 = CARTESIAN_POINT('',(91.298720314152,574.0768482986,
    -3.60472352347E-13));
#561 = CARTESIAN_POINT('',(76.10169753422,574.07657518065,
    3.387460479183E-13));
#562 = CARTESIAN_POINT('',(60.870574066301,574.07672685438,
    -2.614404855159E-13));
#563 = CARTESIAN_POINT('',(45.656636888179,574.07667316024,
    1.285808511132E-13));
#564 = CARTESIAN_POINT('',(30.436295247894,574.0766899506,
    -5.893581401789E-14));
#565 = CARTESIAN_POINT('',(15.217407599008,574.0766893294,
    3.902809038048E-15));
#566 = CARTESIAN_POINT('',(-4.901577967169,574.07669042779,
    -1.121411364068E-14));
#567 = CARTESIAN_POINT('',(-9.801454406286,574.0766906953,
    -1.48957631464E-14));
#568 = CARTESIAN_POINT('',(-14.70136251551,574.07669096281,
    -1.857743644829E-14));
#569 = CARTESIAN_POINT('',(-19.60130229484,574.07669123031,
    -2.225913354633E-14));
#570 = CARTESIAN_POINT('',(-24.50127374427,574.07669149781,
    -2.594085444053E-14));
#571 = CARTESIAN_POINT('',(-29.40127686382,574.07669176531,
    -2.962259913089E-14));
#572 = CARTESIAN_POINT('',(-34.30131165347,574.07669203281,
    -3.33043676174E-14));
#573 = CARTESIAN_POINT('',(-39.20137811323,574.0766923003,
    -3.698615990007E-14));
#574 = CARTESIAN_POINT('',(-44.10147624309,574.0766925678,
    -4.066797597891E-14));
#575 = CARTESIAN_POINT('',(-49.00160604306,574.07669283529,
    -4.434981585389E-14));
#576 = CARTESIAN_POINT('',(-53.90176751314,574.07669310278,
    -4.803167952504E-14));
#577 = PLANE('',#578);
#578 = AXIS2_PLACEMENT_3D('',#579,#580,#581);
#579 = CARTESIAN_POINT('',(313.05622881847,382.98133156033,
    -4.895596214697E-15));
#580 = DIRECTION('',(0.,-1.410578873488E-17,-1.));
#581 = DIRECTION('',(0.,1.,-1.410578873488E-17));
#582 = ADVANCED_FACE('',(#583),#618,.F.);
#583 = FACE_BOUND('',#584,.F.);
#584 = EDGE_LOOP('',(#585,#586,#611,#617));
#585 = ORIENTED_EDGE('',*,*,#67,.T.);
#586 = ORIENTED_EDGE('',*,*,#587,.T.);
#587 = EDGE_CURVE('',#68,#588,#590,.T.);
#588 = VERTEX_POINT('',#589);
#589 = CARTESIAN_POINT('',(366.04180137691,327.2322478418,1.000000000069
    ));
#590 = B_SPLINE_CURVE_WITH_KNOTS('',10,(#591,#592,#593,#594,#595,#596,
    #597,#598,#599,#600,#601,#602,#603,#604,#605,#606,#607,#608,#609,
    #610),.UNSPECIFIED.,.F.,.F.,(11,9,11),(-49.45532736517,
    -4.730689776281E-03,327.29183906977),.UNSPECIFIED.);
#591 = CARTESIAN_POINT('',(366.03947470467,-49.4541645707,1.000000000069
    ));
#592 = CARTESIAN_POINT('',(366.03947539704,-44.50874811363,
    1.000000000069));
#593 = CARTESIAN_POINT('',(366.03947608942,-39.56333165656,
    1.000000000069));
#594 = CARTESIAN_POINT('',(366.0394767818,-34.61791519949,1.000000000069
    ));
#595 = CARTESIAN_POINT('',(366.03947747417,-29.67249874242,
    1.000000000069));
#596 = CARTESIAN_POINT('',(366.03947816655,-24.72708228535,
    1.000000000069));
#597 = CARTESIAN_POINT('',(366.03947885893,-19.78166582828,
    1.000000000069));
#598 = CARTESIAN_POINT('',(366.03947955131,-14.83624937121,
    1.000000000069));
#599 = CARTESIAN_POINT('',(366.03948024368,-9.890832914141,
    1.000000000069));
#600 = CARTESIAN_POINT('',(366.03948093606,-4.945416457071,
    1.000000000069));
#601 = CARTESIAN_POINT('',(366.03948621105,32.73201844371,1.000000000069
    ));
#602 = CARTESIAN_POINT('',(366.039493762,65.465358358899,1.000000000069)
  );
#603 = CARTESIAN_POINT('',(366.03951247888,98.199139309901,
    1.000000000069));
#604 = CARTESIAN_POINT('',(366.03952306829,130.94014721293,
    1.000000000069));
#605 = CARTESIAN_POINT('',(366.03957828091,163.67151316192,
    1.000000000069));
#606 = CARTESIAN_POINT('',(366.03959599441,196.43014514023,
    1.000000000069));
#607 = CARTESIAN_POINT('',(366.03957145241,229.14425128613,
    1.000000000069));
#608 = CARTESIAN_POINT('',(366.03950269074,261.8984599932,1.000000000069
    ));
#609 = CARTESIAN_POINT('',(366.03848333191,294.39000574557,
    1.000000000069));
#610 = CARTESIAN_POINT('',(366.04180137691,327.2322478418,1.000000000069
    ));
#611 = ORIENTED_EDGE('',*,*,#612,.F.);
#612 = EDGE_CURVE('',#438,#588,#613,.T.);
#613 = ( BOUNDED_CURVE() B_SPLINE_CURVE(2,(#614,#615,#616),
.UNSPECIFIED.,.F.,.F.) B_SPLINE_CURVE_WITH_KNOTS((3,3),(0.,
327.29656975955),.PIECEWISE_BEZIER_KNOTS.) CURVE() 
GEOMETRIC_REPRESENTATION_ITEM() RATIONAL_B_SPLINE_CURVE((1.,
0.759010801169,1.)) REPRESENTATION_ITEM('') );
#614 = CARTESIAN_POINT('',(367.0278269294,327.3,0.152194792652));
#615 = CARTESIAN_POINT('',(366.89758163111,327.29105053613,
    1.000000000069));
#616 = CARTESIAN_POINT('',(366.04180137691,327.2322478418,1.000000000069
    ));
#617 = ORIENTED_EDGE('',*,*,#437,.F.);
#618 = ( BOUNDED_SURFACE() B_SPLINE_SURFACE(2,10,(
    (#619,#620,#621,#622,#623,#624,#625,#626,#627,#628,#629,#630,#631
      ,#632,#633,#634,#635,#636,#637,#638)
    ,(#639,#640,#641,#642,#643,#644,#645,#646,#647,#648,#649,#650,#651
      ,#652,#653,#654,#655,#656,#657,#658)
    ,(#659,#660,#661,#662,#663,#664,#665,#666,#667,#668,#669,#670,#671
      ,#672,#673,#674,#675,#676,#677,#678
)),.UNSPECIFIED.,.F.,.F.,.F.) B_SPLINE_SURFACE_WITH_KNOTS((3,3),(11,9,11
    ),(0.,327.29656975955),(-49.45532736517,-4.730689776281E-03,
327.29183906977),.UNSPECIFIED.) GEOMETRIC_REPRESENTATION_ITEM() 
RATIONAL_B_SPLINE_SURFACE((
    (1.,1.,1.,1.,1.,1.,1.,1.,1.,1.,1.,1.,1.,1.,1.,1.,1.,1.,1.,1.)
    ,(0.758896599984,0.758896565973,0.75889653952,0.758896520625
      ,0.758896509289,0.75889650551,0.758896509289,0.758896520625
      ,0.75889653952,0.758896565973,0.758896825088,0.758897233478
      ,0.75889790755,0.75889921187,0.758900329358,0.758903476455
      ,0.758899868519,0.758898437857,0.758847093137,0.759010801169)
    ,(1.,1.,1.,1.,1.,1.,1.,1.,1.,1.,1.,1.,1.,1.,1.,1.,1.,1.,1.,1.
))) REPRESENTATION_ITEM('') SURFACE() );
#619 = CARTESIAN_POINT('',(367.02788034973,-49.45739507261,
    0.151847066536));
#620 = CARTESIAN_POINT('',(367.02788033387,-44.51176677708,
    0.151847169787));
#621 = CARTESIAN_POINT('',(367.02788031801,-39.56618555676,
    0.151847273037));
#622 = CARTESIAN_POINT('',(367.02788030215,-34.62065141166,
    0.151847376286));
#623 = CARTESIAN_POINT('',(367.02788028629,-29.67516434177,
    0.151847479534));
#624 = CARTESIAN_POINT('',(367.02788027042,-24.72972434709,
    0.151847582781));
#625 = CARTESIAN_POINT('',(367.02788025456,-19.78433142763,
    0.151847686027));
#626 = CARTESIAN_POINT('',(367.0278802387,-14.83898558338,0.151847789272
    ));
#627 = CARTESIAN_POINT('',(367.02788022284,-9.893686814345,
    0.151847892517));
#628 = CARTESIAN_POINT('',(367.02788020698,-4.948435120521,0.15184799576
    ));
#629 = CARTESIAN_POINT('',(367.02788008614,32.727385855559,
    0.151848782327));
#630 = CARTESIAN_POINT('',(367.02787989515,65.458872562959,
    0.151850025944));
#631 = CARTESIAN_POINT('',(367.02787958431,98.19037158323,0.151852046521
    ));
#632 = CARTESIAN_POINT('',(367.02787896479,130.92868459982,
    0.151856087783));
#633 = CARTESIAN_POINT('',(367.02787846653,163.65773895657,
    0.151859313565));
#634 = CARTESIAN_POINT('',(367.02787696618,196.41481605477,
    0.151869104381));
#635 = CARTESIAN_POINT('',(367.02787868325,229.13126490623,
    0.151857901775));
#636 = CARTESIAN_POINT('',(367.0278793225,261.89430411937,0.15185376158)
  );
#637 = CARTESIAN_POINT('',(367.02790328553,294.40947425098,
    0.151697767992));
#638 = CARTESIAN_POINT('',(367.0278269294,327.3,0.152194792652));
#639 = CARTESIAN_POINT('',(366.89757963352,-49.45696919565,
    1.000000000069));
#640 = CARTESIAN_POINT('',(366.89757963411,-44.51137082171,
    1.000000000069));
#641 = CARTESIAN_POINT('',(366.8975796347,-39.56581247973,1.000000000069
    ));
#642 = CARTESIAN_POINT('',(366.8975796353,-34.62029431744,1.000000000069
    ));
#643 = CARTESIAN_POINT('',(366.89757963589,-29.67481648263,
    1.000000000069));
#644 = CARTESIAN_POINT('',(366.89757963648,-24.72937912305,
    1.000000000069));
#645 = CARTESIAN_POINT('',(366.89757963708,-19.78398238645,
    1.000000000069));
#646 = CARTESIAN_POINT('',(366.89757963767,-14.83862642059,
    1.000000000069));
#647 = CARTESIAN_POINT('',(366.89757963826,-9.893311373219,
    1.000000000069));
#648 = CARTESIAN_POINT('',(366.89757963885,-4.948037392088,
    1.000000000069));
#649 = CARTESIAN_POINT('',(366.89757964337,32.727986862533,
    1.000000000069));
#650 = CARTESIAN_POINT('',(366.8975796505,65.459721371758,1.000000000069
    ));
#651 = CARTESIAN_POINT('',(366.89757966222,98.191290015999,
    1.000000000069));
#652 = CARTESIAN_POINT('',(366.89757968509,130.93053090465,
    1.000000000069));
#653 = CARTESIAN_POINT('',(366.89757970435,163.65831008128,
    1.000000000069));
#654 = CARTESIAN_POINT('',(366.89757975957,196.41831336468,
    1.000000000069));
#655 = CARTESIAN_POINT('',(366.8975796963,229.13095191298,1.000000000069
    ));
#656 = CARTESIAN_POINT('',(366.89757967162,261.90087373674,
    1.000000000069));
#657 = CARTESIAN_POINT('',(366.89757877582,294.39983382235,
    1.000000000069));
#658 = CARTESIAN_POINT('',(366.89758163111,327.29105053613,
    1.000000000069));
#659 = CARTESIAN_POINT('',(366.03947470467,-49.4541645707,1.000000000069
    ));
#660 = CARTESIAN_POINT('',(366.03947539704,-44.50874811363,
    1.000000000069));
#661 = CARTESIAN_POINT('',(366.03947608942,-39.56333165656,
    1.000000000069));
#662 = CARTESIAN_POINT('',(366.0394767818,-34.61791519949,1.000000000069
    ));
#663 = CARTESIAN_POINT('',(366.03947747417,-29.67249874242,
    1.000000000069));
#664 = CARTESIAN_POINT('',(366.03947816655,-24.72708228535,
    1.000000000069));
#665 = CARTESIAN_POINT('',(366.03947885893,-19.78166582828,
    1.000000000069));
#666 = CARTESIAN_POINT('',(366.03947955131,-14.83624937121,
    1.000000000069));
#667 = CARTESIAN_POINT('',(366.03948024368,-9.890832914141,
    1.000000000069));
#668 = CARTESIAN_POINT('',(366.03948093606,-4.945416457071,
    1.000000000069));
#669 = CARTESIAN_POINT('',(366.03948621105,32.73201844371,1.000000000069
    ));
#670 = CARTESIAN_POINT('',(366.039493762,65.465358358899,1.000000000069)
  );
#671 = CARTESIAN_POINT('',(366.03951247888,98.199139309901,
    1.000000000069));
#672 = CARTESIAN_POINT('',(366.03952306829,130.94014721293,
    1.000000000069));
#673 = CARTESIAN_POINT('',(366.03957828091,163.67151316192,
    1.000000000069));
#674 = CARTESIAN_POINT('',(366.03959599441,196.43014514023,
    1.000000000069));
#675 = CARTESIAN_POINT('',(366.03957145241,229.14425128613,
    1.000000000069));
#676 = CARTESIAN_POINT('',(366.03950269074,261.8984599932,1.000000000069
    ));
#677 = CARTESIAN_POINT('',(366.03848333191,294.39000574557,
    1.000000000069));
#678 = CARTESIAN_POINT('',(366.04180137691,327.2322478418,1.000000000069
    ));
#679 = ADVANCED_FACE('',(#680),#715,.F.);
#680 = FACE_BOUND('',#681,.F.);
#681 = EDGE_LOOP('',(#682,#683,#684,#692));
#682 = ORIENTED_EDGE('',*,*,#154,.T.);
#683 = ORIENTED_EDGE('',*,*,#508,.T.);
#684 = ORIENTED_EDGE('',*,*,#685,.F.);
#685 = EDGE_CURVE('',#686,#509,#688,.T.);
#686 = VERTEX_POINT('',#687);
#687 = CARTESIAN_POINT('',(413.17701458406,327.3,-1.025411438643));
#688 = ( BOUNDED_CURVE() B_SPLINE_CURVE(2,(#689,#690,#691),
.UNSPECIFIED.,.F.,.F.) B_SPLINE_CURVE_WITH_KNOTS((3,3),(0.,
327.30087848587),.PIECEWISE_BEZIER_KNOTS.) CURVE() 
GEOMETRIC_REPRESENTATION_ITEM() RATIONAL_B_SPLINE_CURVE((1.,
0.698064667977,1.)) REPRESENTATION_ITEM('') );
#689 = CARTESIAN_POINT('',(413.17701458406,327.3,-1.025411438643));
#690 = CARTESIAN_POINT('',(413.15100442109,327.29830095,
    -4.152611376983E-15));
#691 = CARTESIAN_POINT('',(414.1745656344,327.36516257161,
    -4.111086284698E-15));
#692 = ORIENTED_EDGE('',*,*,#693,.F.);
#693 = EDGE_CURVE('',#146,#686,#694,.T.);
#694 = B_SPLINE_CURVE_WITH_KNOTS('',10,(#695,#696,#697,#698,#699,#700,
    #701,#702,#703,#704,#705,#706,#707,#708,#709,#710,#711,#712,#713,
    #714),.UNSPECIFIED.,.F.,.F.,(11,9,11),(-53.90007770191,
    -2.167994107458E-03,327.29871049176),.UNSPECIFIED.);
#695 = CARTESIAN_POINT('',(413.17701322306,-53.90003431498,
    -1.025357783744));
#696 = CARTESIAN_POINT('',(413.17701322364,-48.51002425212,
    -1.02535780663));
#697 = CARTESIAN_POINT('',(413.17701322422,-43.1200156629,
    -1.025357829516));
#698 = CARTESIAN_POINT('',(413.1770132248,-37.73000854732,
    -1.025357852402));
#699 = CARTESIAN_POINT('',(413.17701322538,-32.34000290537,
    -1.025357875288));
#700 = CARTESIAN_POINT('',(413.17701322596,-26.94999873705,
    -1.025357898173));
#701 = CARTESIAN_POINT('',(413.17701322654,-21.55999604237,
    -1.025357921059));
#702 = CARTESIAN_POINT('',(413.17701322712,-16.16999482132,
    -1.025357943945));
#703 = CARTESIAN_POINT('',(413.1770132277,-10.77999507391,
    -1.025357966831));
#704 = CARTESIAN_POINT('',(413.17701322828,-5.389996800142,
    -1.025357989717));
#705 = CARTESIAN_POINT('',(413.1770132324,32.731337769616,
    -1.025358151579));
#706 = CARTESIAN_POINT('',(413.17701323833,65.463591144275,
    -1.02535838745));
#707 = CARTESIAN_POINT('',(413.17701324787,98.196411606593,
    -1.02535875867));
#708 = CARTESIAN_POINT('',(413.17701326323,130.93419283723,
    -1.025359372451));
#709 = CARTESIAN_POINT('',(413.1770132778,163.66698157494,
    -1.025359936023));
#710 = CARTESIAN_POINT('',(413.17701330235,196.41725265199,
    -1.025360914826));
#711 = CARTESIAN_POINT('',(413.1770132588,229.13863096185,
    -1.025359189243));
#712 = CARTESIAN_POINT('',(413.17701319816,261.87849871865,
    -1.025356804286));
#713 = CARTESIAN_POINT('',(413.17701273085,294.42885355011,
    -1.025338378626));
#714 = CARTESIAN_POINT('',(413.17701458406,327.3,-1.025411438643));
#715 = ( BOUNDED_SURFACE() B_SPLINE_SURFACE(2,10,(
    (#716,#717,#718,#719,#720,#721,#722,#723,#724,#725,#726,#727,#728
      ,#729,#730,#731,#732,#733,#734,#735)
    ,(#736,#737,#738,#739,#740,#741,#742,#743,#744,#745,#746,#747,#748
      ,#749,#750,#751,#752,#753,#754,#755)
    ,(#756,#757,#758,#759,#760,#761,#762,#763,#764,#765,#766,#767,#768
      ,#769,#770,#771,#772,#773,#774,#775
)),.UNSPECIFIED.,.F.,.F.,.F.) B_SPLINE_SURFACE_WITH_KNOTS((3,3),(11,9,11
    ),(0.,327.30087848587),(-53.90007770191,-2.167994107458E-03,
327.29871049176),.UNSPECIFIED.) GEOMETRIC_REPRESENTATION_ITEM() 
RATIONAL_B_SPLINE_SURFACE((
    (1.,1.,1.,1.,1.,1.,1.,1.,1.,1.,1.,1.,1.,1.,1.,1.,1.,1.,1.,1.)
    ,(0.698083801344,0.69808380954,0.698083815914,0.698083820468
      ,0.6980838232,0.69808382411,0.6980838232,0.698083820468
      ,0.698083815914,0.69808380954,0.698083751573,0.698083667071
      ,0.698083534336,0.698083313861,0.698083113394,0.6980827609
      ,0.698083380974,0.698084233333,0.698090833181,0.698064667977)
    ,(1.,1.,1.,1.,1.,1.,1.,1.,1.,1.,1.,1.,1.,1.,1.,1.,1.,1.,1.,1.
))) REPRESENTATION_ITEM('') SURFACE() );
#716 = CARTESIAN_POINT('',(413.17701322306,-53.90003431498,
    -1.025357783744));
#717 = CARTESIAN_POINT('',(413.17701322364,-48.51002425212,
    -1.02535780663));
#718 = CARTESIAN_POINT('',(413.17701322422,-43.1200156629,
    -1.025357829516));
#719 = CARTESIAN_POINT('',(413.1770132248,-37.73000854732,
    -1.025357852402));
#720 = CARTESIAN_POINT('',(413.17701322538,-32.34000290537,
    -1.025357875288));
#721 = CARTESIAN_POINT('',(413.17701322596,-26.94999873705,
    -1.025357898173));
#722 = CARTESIAN_POINT('',(413.17701322654,-21.55999604237,
    -1.025357921059));
#723 = CARTESIAN_POINT('',(413.17701322712,-16.16999482132,
    -1.025357943945));
#724 = CARTESIAN_POINT('',(413.1770132277,-10.77999507391,
    -1.025357966831));
#725 = CARTESIAN_POINT('',(413.17701322828,-5.389996800142,
    -1.025357989717));
#726 = CARTESIAN_POINT('',(413.1770132324,32.731337769616,
    -1.025358151579));
#727 = CARTESIAN_POINT('',(413.17701323833,65.463591144275,
    -1.02535838745));
#728 = CARTESIAN_POINT('',(413.17701324787,98.196411606593,
    -1.02535875867));
#729 = CARTESIAN_POINT('',(413.17701326323,130.93419283723,
    -1.025359372451));
#730 = CARTESIAN_POINT('',(413.1770132778,163.66698157494,
    -1.025359936023));
#731 = CARTESIAN_POINT('',(413.17701330235,196.41725265199,
    -1.025360914826));
#732 = CARTESIAN_POINT('',(413.1770132588,229.13863096185,
    -1.025359189243));
#733 = CARTESIAN_POINT('',(413.17701319816,261.87849871865,
    -1.025356804286));
#734 = CARTESIAN_POINT('',(413.17701273085,294.42885355011,
    -1.025338378626));
#735 = CARTESIAN_POINT('',(413.17701458406,327.3,-1.025411438643));
#736 = CARTESIAN_POINT('',(413.15100400857,-53.89993578774,
    1.008843927871E-14));
#737 = CARTESIAN_POINT('',(413.15100400875,-48.50993140242,
    9.146210753322E-15));
#738 = CARTESIAN_POINT('',(413.15100400893,-43.11992734156,
    8.203982284653E-15));
#739 = CARTESIAN_POINT('',(413.1510040091,-37.72992356297,
    7.26175386533E-15));
#740 = CARTESIAN_POINT('',(413.15100400928,-32.33992002447,
    6.319525487975E-15));
#741 = CARTESIAN_POINT('',(413.15100400945,-26.94991668387,
    5.377297145216E-15));
#742 = CARTESIAN_POINT('',(413.15100400963,-21.55991349898,
    4.435068829676E-15));
#743 = CARTESIAN_POINT('',(413.15100400981,-16.16991042761,
    3.492840533981E-15));
#744 = CARTESIAN_POINT('',(413.15100400998,-10.77990742757,
    2.550612250756E-15));
#745 = CARTESIAN_POINT('',(413.15100401016,-5.389904456691,
    1.608383972627E-15));
#746 = CARTESIAN_POINT('',(413.1510040114,32.731476566486,
    -5.055627790521E-15));
#747 = CARTESIAN_POINT('',(413.15100401322,65.463779440307,
    1.708939199936E-14));
#748 = CARTESIAN_POINT('',(413.15100401606,98.196689882433,
    -3.503937365092E-14));
#749 = CARTESIAN_POINT('',(413.1510040208,130.93445988641,
    2.885124581163E-14));
#750 = CARTESIAN_POINT('',(413.15100402511,163.66750345801,
    -9.732769377543E-15));
#751 = CARTESIAN_POINT('',(413.15100403266,196.41741653542,
    -1.017537934928E-15));
#752 = CARTESIAN_POINT('',(413.15100401937,229.13914057785,
    -1.628938304735E-14));
#753 = CARTESIAN_POINT('',(413.15100400104,261.87764188502,
    1.362857424359E-14));
#754 = CARTESIAN_POINT('',(413.15100385939,294.42954565337,
    -1.045174043904E-14));
#755 = CARTESIAN_POINT('',(413.15100442109,327.29830095,
    -4.152611376983E-15));
#756 = CARTESIAN_POINT('',(414.17669358601,-53.90382123573,
    -4.760138167243E-15));
#757 = CARTESIAN_POINT('',(414.17669267637,-48.51357106858,
    -4.239775696768E-15));
#758 = CARTESIAN_POINT('',(414.17669176674,-43.12337573158,
    -3.719418519471E-15));
#759 = CARTESIAN_POINT('',(414.17669085712,-37.73323522472,
    -3.199066635351E-15));
#760 = CARTESIAN_POINT('',(414.17668994751,-32.34314954801,
    -2.678720044408E-15));
#761 = CARTESIAN_POINT('',(414.17668903791,-26.95311870144,
    -2.158378746643E-15));
#762 = CARTESIAN_POINT('',(414.17668812831,-21.56314268501,
    -1.638042742054E-15));
#763 = CARTESIAN_POINT('',(414.17668721873,-16.17322149873,
    -1.117712030643E-15));
#764 = CARTESIAN_POINT('',(414.17668630916,-10.78335514259,
    -5.973866124083E-16));
#765 = CARTESIAN_POINT('',(414.1766853996,-5.393543616599,
    -7.706648735117E-17));
#766 = CARTESIAN_POINT('',(414.17667896668,32.726092789632,
    3.602916362951E-15));
#767 = CARTESIAN_POINT('',(414.17667012413,65.456501957766,
    -1.355437940603E-14));
#768 = CARTESIAN_POINT('',(414.17665187924,98.1871519472,
    2.624281946133E-14));
#769 = CARTESIAN_POINT('',(414.17663869714,130.92255861308,
    -4.13174919582E-14));
#770 = CARTESIAN_POINT('',(414.17659334685,163.65348351289,
    4.533117959069E-14));
#771 = CARTESIAN_POINT('',(414.17658756963,196.40302719246,
    -4.653987702051E-14));
#772 = CARTESIAN_POINT('',(414.17662059176,229.12743900731,
    2.94492072966E-14));
#773 = CARTESIAN_POINT('',(414.17674501212,261.87672476959,
    -1.967832013569E-14));
#774 = CARTESIAN_POINT('',(414.17745707387,294.44975220584,
    1.876221890261E-15));
#775 = CARTESIAN_POINT('',(414.1745656344,327.36516257161,
    -4.111086284698E-15));
#776 = ADVANCED_FACE('',(#777),#861,.T.);
#777 = FACE_BOUND('',#778,.T.);
#778 = EDGE_LOOP('',(#779,#789,#797,#806,#812,#813,#814,#834));
#779 = ORIENTED_EDGE('',*,*,#780,.T.);
#780 = EDGE_CURVE('',#781,#783,#785,.T.);
#781 = VERTEX_POINT('',#782);
#782 = CARTESIAN_POINT('',(0.,525.93947767963,1.000000000069));
#783 = VERTEX_POINT('',#784);
#784 = CARTESIAN_POINT('',(1.071790074643E-15,509.17542911429,
    1.000000000069));
#785 = LINE('',#786,#787);
#786 = CARTESIAN_POINT('',(0.,526.8,1.000000000069));
#787 = VECTOR('',#788,1.);
#788 = DIRECTION('',(6.081226496766E-17,-1.,0.));
#789 = ORIENTED_EDGE('',*,*,#790,.F.);
#790 = EDGE_CURVE('',#791,#783,#793,.T.);
#791 = VERTEX_POINT('',#792);
#792 = CARTESIAN_POINT('',(167.4,509.17542911429,1.000000000069));
#793 = LINE('',#794,#795);
#794 = CARTESIAN_POINT('',(1.071790074643E-15,509.17542911429,
    1.000000000069));
#795 = VECTOR('',#796,1.);
#796 = DIRECTION('',(-1.,-6.081226496766E-17,0.));
#797 = ORIENTED_EDGE('',*,*,#798,.F.);
#798 = EDGE_CURVE('',#799,#791,#801,.T.);
#799 = VERTEX_POINT('',#800);
#800 = CARTESIAN_POINT('',(349.27542911429,327.3,1.000000000069));
#801 = CIRCLE('',#802,181.87542911429);
#802 = AXIS2_PLACEMENT_3D('',#803,#804,#805);
#803 = CARTESIAN_POINT('',(167.4,327.3,1.000000000069));
#804 = DIRECTION('',(-0.,9.279379077392E-19,1.));
#805 = DIRECTION('',(1.,0.,0.));
#806 = ORIENTED_EDGE('',*,*,#807,.F.);
#807 = EDGE_CURVE('',#95,#799,#808,.T.);
#808 = LINE('',#809,#810);
#809 = CARTESIAN_POINT('',(349.27542911429,2.220446049403E-16,
    1.000000000069));
#810 = VECTOR('',#811,1.);
#811 = DIRECTION('',(0.,1.,0.));
#812 = ORIENTED_EDGE('',*,*,#94,.F.);
#813 = ORIENTED_EDGE('',*,*,#587,.T.);
#814 = ORIENTED_EDGE('',*,*,#815,.T.);
#815 = EDGE_CURVE('',#588,#816,#818,.T.);
#816 = VERTEX_POINT('',#817);
#817 = CARTESIAN_POINT('',(167.35617144298,525.94044859975,
    1.000000000069));
#818 = ( BOUNDED_CURVE() B_SPLINE_CURVE(14,(#819,#820,#821,#822,#823,
    #824,#825,#826,#827,#828,#829,#830,#831,#832,#833),.UNSPECIFIED.,.F.
,.F.) B_SPLINE_CURVE_WITH_KNOTS((15,15),(327.29183906977,640.66351785036
),.PIECEWISE_BEZIER_KNOTS.) CURVE() GEOMETRIC_REPRESENTATION_ITEM() 
RATIONAL_B_SPLINE_CURVE((1.,1.,1.000000000002,0.999999999993,
    1.000000000014,0.999999999977,1.000000000031,0.999999999966,
    1.00000000003,0.999999999978,1.000000000013,0.999999999994,
1.000000000002,1.,1.)) REPRESENTATION_ITEM('') );
#819 = CARTESIAN_POINT('',(366.04180137691,327.2322478418,1.000000000069
    ));
#820 = CARTESIAN_POINT('',(366.04407057564,349.69293573052,
    1.000000000069));
#821 = CARTESIAN_POINT('',(363.32239192472,372.08048636189,
    1.000000000068));
#822 = CARTESIAN_POINT('',(357.88461327425,394.30632773195,1.00000000007
    ));
#823 = CARTESIAN_POINT('',(349.67581172757,415.13691580659,
    1.000000000067));
#824 = CARTESIAN_POINT('',(339.39270253869,435.22542376666,
    1.000000000072));
#825 = CARTESIAN_POINT('',(326.33686638097,454.03120567674,
    1.000000000065));
#826 = CARTESIAN_POINT('',(311.27945480265,471.11946264367,
    1.000000000073));
#827 = CARTESIAN_POINT('',(294.11549326861,486.28738218777,
    1.000000000065));
#828 = CARTESIAN_POINT('',(275.3402833781,499.2432708026,1.000000000071)
  );
#829 = CARTESIAN_POINT('',(255.21028663417,509.72295950127,
    1.000000000067));
#830 = CARTESIAN_POINT('',(234.13618222524,517.8103481783,1.000000000069
    ));
#831 = CARTESIAN_POINT('',(212.10296243771,523.24290676329,
    1.000000000069));
#832 = CARTESIAN_POINT('',(189.7022592888,525.94339387327,1.000000000069
    ));
#833 = CARTESIAN_POINT('',(167.35617144298,525.94044859975,
    1.000000000069));
#834 = ORIENTED_EDGE('',*,*,#835,.T.);
#835 = EDGE_CURVE('',#816,#781,#836,.T.);
#836 = B_SPLINE_CURVE_WITH_KNOTS('',12,(#837,#838,#839,#840,#841,#842,
    #843,#844,#845,#846,#847,#848,#849,#850,#851,#852,#853,#854,#855,
    #856,#857,#858,#859,#860),.UNSPECIFIED.,.F.,.F.,(13,11,13),(
    640.66351785036,808.07564480488,857.52806720598),.UNSPECIFIED.);
#837 = CARTESIAN_POINT('',(167.35617144298,525.94044859975,
    1.000000000069));
#838 = CARTESIAN_POINT('',(153.42859787199,525.93861290877,
    1.000000000069));
#839 = CARTESIAN_POINT('',(139.55162650124,525.9399270471,1.000000000068
    ));
#840 = CARTESIAN_POINT('',(125.56287957653,525.93935999924,1.00000000007
    ));
#841 = CARTESIAN_POINT('',(111.6330318424,525.93963409255,1.000000000067
    ));
#842 = CARTESIAN_POINT('',(97.657606473746,525.93945073386,
    1.000000000072));
#843 = CARTESIAN_POINT('',(83.719084724863,525.93951973962,
    1.000000000066));
#844 = CARTESIAN_POINT('',(69.75614718039,525.93948183894,1.000000000071
    ));
#845 = CARTESIAN_POINT('',(55.808642864982,525.9394850869,1.000000000067
    ));
#846 = CARTESIAN_POINT('',(41.854610573344,525.93948155012,
    1.000000000069));
#847 = CARTESIAN_POINT('',(27.903217396147,525.93947949309,
    1.000000000068));
#848 = CARTESIAN_POINT('',(13.951502062581,525.9394784147,1.000000000069
    ));
#849 = CARTESIAN_POINT('',(-4.121180380892,525.93947746249,
    1.000000000069));
#850 = CARTESIAN_POINT('',(-8.242360761785,525.93947724536,
    1.000000000069));
#851 = CARTESIAN_POINT('',(-12.36354114267,525.93947702822,
    1.000000000069));
#852 = CARTESIAN_POINT('',(-16.48472152356,525.93947681109,
    1.000000000069));
#853 = CARTESIAN_POINT('',(-20.60590190446,525.93947659396,
    1.000000000069));
#854 = CARTESIAN_POINT('',(-24.72708228535,525.93947637683,
    1.000000000069));
#855 = CARTESIAN_POINT('',(-28.84826266624,525.9394761597,1.000000000069
    ));
#856 = CARTESIAN_POINT('',(-32.96944304713,525.93947594258,
    1.000000000069));
#857 = CARTESIAN_POINT('',(-37.09062342803,525.93947572545,
    1.000000000069));
#858 = CARTESIAN_POINT('',(-41.21180380892,525.93947550833,
    1.000000000069));
#859 = CARTESIAN_POINT('',(-45.33298418981,525.93947529121,
    1.000000000069));
#860 = CARTESIAN_POINT('',(-49.4541645707,525.93947507409,1.000000000069
    ));
#861 = PLANE('',#862);
#862 = AXIS2_PLACEMENT_3D('',#863,#864,#865);
#863 = CARTESIAN_POINT('',(271.0602543677,342.5792203464,1.000000000069)
  );
#864 = DIRECTION('',(0.,-2.22044604925E-16,1.));
#865 = DIRECTION('',(0.,-1.,-2.22044604925E-16));
#866 = ADVANCED_FACE('',(#867),#903,.F.);
#867 = FACE_BOUND('',#868,.F.);
#868 = EDGE_LOOP('',(#869,#870,#871,#880));
#869 = ORIENTED_EDGE('',*,*,#145,.T.);
#870 = ORIENTED_EDGE('',*,*,#693,.T.);
#871 = ORIENTED_EDGE('',*,*,#872,.F.);
#872 = EDGE_CURVE('',#873,#686,#875,.T.);
#873 = VERTEX_POINT('',#874);
#874 = CARTESIAN_POINT('',(364.40347339783,327.3,-1.847041308361));
#875 = B_SPLINE_CURVE_WITH_KNOTS('',3,(#876,#877,#878,#879),
  .UNSPECIFIED.,.F.,.F.,(4,4),(0.,426.92048624656),
  .PIECEWISE_BEZIER_KNOTS.);
#876 = CARTESIAN_POINT('',(364.27542911429,327.3,-0.999999999931));
#877 = CARTESIAN_POINT('',(373.26537402023,327.3,-61.76730504103));
#878 = CARTESIAN_POINT('',(415.18322136368,327.3,-61.76730504103));
#879 = CARTESIAN_POINT('',(413.1470932376,327.3,0.));
#880 = ORIENTED_EDGE('',*,*,#881,.F.);
#881 = EDGE_CURVE('',#119,#873,#882,.T.);
#882 = B_SPLINE_CURVE_WITH_KNOTS('',10,(#883,#884,#885,#886,#887,#888,
    #889,#890,#891,#892,#893,#894,#895,#896,#897,#898,#899,#900,#901,
    #902),.UNSPECIFIED.,.F.,.F.,(11,9,11),(-49.20300929219,
    -4.686155441419E-03,327.2917924578),.UNSPECIFIED.);
#883 = CARTESIAN_POINT('',(364.40352763484,-49.20505742128,
    -1.847392550164));
#884 = CARTESIAN_POINT('',(364.4035276191,-44.28466147395,
    -1.847392448211));
#885 = CARTESIAN_POINT('',(364.40352760335,-39.36431225235,
    -1.84739234626));
#886 = CARTESIAN_POINT('',(364.40352758761,-34.44400975649,
    -1.847392244309));
#887 = CARTESIAN_POINT('',(364.40352757187,-29.52375398636,
    -1.847392142359));
#888 = CARTESIAN_POINT('',(364.40352755612,-24.60354494197,
    -1.847392040411));
#889 = CARTESIAN_POINT('',(364.40352754038,-19.68338262332,
    -1.847391938463));
#890 = CARTESIAN_POINT('',(364.40352752464,-14.7632670304,
    -1.847391836516));
#891 = CARTESIAN_POINT('',(364.4035275089,-9.843198163221,
    -1.847391734571));
#892 = CARTESIAN_POINT('',(364.40352749316,-4.923176021774,
    -1.847391632626));
#893 = CARTESIAN_POINT('',(364.40352737271,32.727399255039,
    -1.847390852491));
#894 = CARTESIAN_POINT('',(364.40352718129,65.458870101244,
    -1.847389612756));
#895 = CARTESIAN_POINT('',(364.40352686981,98.190314599561,
    -1.847387597859));
#896 = CARTESIAN_POINT('',(364.40352623996,130.9287100806,
    -1.847383510447));
#897 = CARTESIAN_POINT('',(364.4035257419,163.65751558405,
    -1.847380303439));
#898 = CARTESIAN_POINT('',(364.4035241841,196.41509330385,
    -1.847370187996));
#899 = CARTESIAN_POINT('',(364.40352593536,229.13111592098,
    -1.847381558195));
#900 = CARTESIAN_POINT('',(364.40352645627,261.89573149368,
    -1.847384907962));
#901 = CARTESIAN_POINT('',(364.40355114042,294.40846975811,
    -1.847544777904));
#902 = CARTESIAN_POINT('',(364.40347339783,327.3,-1.847041308361));
#903 = SURFACE_OF_LINEAR_EXTRUSION('',#904,#909);
#904 = B_SPLINE_CURVE_WITH_KNOTS('',3,(#905,#906,#907,#908),
  .UNSPECIFIED.,.F.,.F.,(4,4),(0.,426.92048624656),
  .PIECEWISE_BEZIER_KNOTS.);
#905 = CARTESIAN_POINT('',(364.27542911429,-2.220446049098E-16,
    -0.999999999931));
#906 = CARTESIAN_POINT('',(373.26537402023,-1.371509684512E-14,
    -61.76730504103));
#907 = CARTESIAN_POINT('',(415.18322136368,-1.371509684512E-14,
    -61.76730504103));
#908 = CARTESIAN_POINT('',(413.1470932376,0.,0.));
#909 = VECTOR('',#910,1.);
#910 = DIRECTION('',(0.,1.,0.));
#911 = ADVANCED_FACE('',(#912),#930,.F.);
#912 = FACE_BOUND('',#913,.F.);
#913 = EDGE_LOOP('',(#914,#915,#916,#924));
#914 = ORIENTED_EDGE('',*,*,#807,.F.);
#915 = ORIENTED_EDGE('',*,*,#102,.T.);
#916 = ORIENTED_EDGE('',*,*,#917,.T.);
#917 = EDGE_CURVE('',#103,#918,#920,.T.);
#918 = VERTEX_POINT('',#919);
#919 = CARTESIAN_POINT('',(349.27542911429,327.3,-0.999999999931));
#920 = LINE('',#921,#922);
#921 = CARTESIAN_POINT('',(349.27542911429,-2.220446049098E-16,
    -0.999999999931));
#922 = VECTOR('',#923,1.);
#923 = DIRECTION('',(0.,1.,-2.22044604925E-16));
#924 = ORIENTED_EDGE('',*,*,#925,.F.);
#925 = EDGE_CURVE('',#799,#918,#926,.T.);
#926 = LINE('',#927,#928);
#927 = CARTESIAN_POINT('',(349.27542911429,327.3,1.000000000069));
#928 = VECTOR('',#929,1.);
#929 = DIRECTION('',(0.,-2.22044604925E-16,-1.));
#930 = PLANE('',#931);
#931 = AXIS2_PLACEMENT_3D('',#932,#933,#934);
#932 = CARTESIAN_POINT('',(349.27542911429,2.220446049403E-16,
    1.000000000069));
#933 = DIRECTION('',(1.,0.,0.));
#934 = DIRECTION('',(0.,-2.22044604925E-16,-1.));
#935 = ADVANCED_FACE('',(#936),#971,.T.);
#936 = FACE_BOUND('',#937,.T.);
#937 = EDGE_LOOP('',(#938,#939,#964,#970));
#938 = ORIENTED_EDGE('',*,*,#118,.T.);
#939 = ORIENTED_EDGE('',*,*,#940,.T.);
#940 = EDGE_CURVE('',#111,#941,#943,.T.);
#941 = VERTEX_POINT('',#942);
#942 = CARTESIAN_POINT('',(363.41757996856,327.23204571537,
    -0.999999999931));
#943 = B_SPLINE_CURVE_WITH_KNOTS('',10,(#944,#945,#946,#947,#948,#949,
    #950,#951,#952,#953,#954,#955,#956,#957,#958,#959,#960,#961,#962,
    #963),.UNSPECIFIED.,.F.,.F.,(11,9,11),(-49.20300929219,
    -4.686155441419E-03,327.2917924578),.UNSPECIFIED.);
#944 = CARTESIAN_POINT('',(363.41523912332,-49.20185681522,
    -0.999999999931));
#945 = CARTESIAN_POINT('',(363.41523980428,-44.28167113369,
    -0.999999999931));
#946 = CARTESIAN_POINT('',(363.41524048523,-39.36148545217,
    -0.999999999931));
#947 = CARTESIAN_POINT('',(363.41524116619,-34.44129977065,
    -0.999999999931));
#948 = CARTESIAN_POINT('',(363.41524184715,-29.52111408913,
    -0.999999999931));
#949 = CARTESIAN_POINT('',(363.41524252811,-24.60092840761,
    -0.999999999931));
#950 = CARTESIAN_POINT('',(363.41524320906,-19.68074272608,
    -0.999999999931));
#951 = CARTESIAN_POINT('',(363.41524389002,-14.76055704456,
    -0.999999999931));
#952 = CARTESIAN_POINT('',(363.41524457098,-9.840371363045,
    -0.999999999931));
#953 = CARTESIAN_POINT('',(363.41524525194,-4.920185681522,
    -0.999999999931));
#954 = CARTESIAN_POINT('',(363.41525046305,32.731998674212,
    -0.999999999931));
#955 = CARTESIAN_POINT('',(363.41525793575,65.465323236495,
    -0.999999999931));
#956 = CARTESIAN_POINT('',(363.41527668563,98.199056144936,
    -0.999999999931));
#957 = CARTESIAN_POINT('',(363.41528708195,130.94016620599,
    -0.999999999931));
#958 = CARTESIAN_POINT('',(363.41534287092,163.67130986227,
    -0.999999999932));
#959 = CARTESIAN_POINT('',(363.41536139763,196.43049440986,
    -0.999999999931));
#960 = CARTESIAN_POINT('',(363.4153371389,229.14421529494,
    -0.999999999931));
#961 = CARTESIAN_POINT('',(363.41527293711,261.90003479465,
    -0.999999999931));
#962 = CARTESIAN_POINT('',(363.4142323107,294.38907855931,
    -0.999999999931));
#963 = CARTESIAN_POINT('',(363.41757996856,327.23204571537,
    -0.999999999931));
#964 = ORIENTED_EDGE('',*,*,#965,.F.);
#965 = EDGE_CURVE('',#873,#941,#966,.T.);
#966 = ( BOUNDED_CURVE() B_SPLINE_CURVE(2,(#967,#968,#969),
.UNSPECIFIED.,.F.,.F.) B_SPLINE_CURVE_WITH_KNOTS((3,3),(0.,
327.29647861324),.PIECEWISE_BEZIER_KNOTS.) CURVE() 
GEOMETRIC_REPRESENTATION_ITEM() RATIONAL_B_SPLINE_CURVE((1.,
0.759262369531,1.)) REPRESENTATION_ITEM('') );
#967 = CARTESIAN_POINT('',(364.40347339783,327.3,-1.847041308361));
#968 = CARTESIAN_POINT('',(364.27267862602,327.29098476073,
    -0.999999999931));
#969 = CARTESIAN_POINT('',(363.41757996856,327.23204571537,
    -0.999999999931));
#970 = ORIENTED_EDGE('',*,*,#881,.F.);
#971 = ( BOUNDED_SURFACE() B_SPLINE_SURFACE(2,10,(
    (#972,#973,#974,#975,#976,#977,#978,#979,#980,#981,#982,#983,#984
      ,#985,#986,#987,#988,#989,#990,#991)
    ,(#992,#993,#994,#995,#996,#997,#998,#999,#1000,#1001,#1002,#1003
      ,#1004,#1005,#1006,#1007,#1008,#1009,#1010,#1011)
    ,(#1012,#1013,#1014,#1015,#1016,#1017,#1018,#1019,#1020,#1021,#1022
      ,#1023,#1024,#1025,#1026,#1027,#1028,#1029,#1030,#1031
)),.UNSPECIFIED.,.F.,.F.,.F.) B_SPLINE_SURFACE_WITH_KNOTS((3,3),(11,9,11
    ),(0.,327.29647861324),(-49.20300929219,-4.686155441419E-03,
327.2917924578),.UNSPECIFIED.) GEOMETRIC_REPRESENTATION_ITEM() 
RATIONAL_B_SPLINE_SURFACE((
    (1.,1.,1.,1.,1.,1.,1.,1.,1.,1.,1.,1.,1.,1.,1.,1.,1.,1.,1.,1.)
    ,(0.759147044139,0.759147010567,0.759146984456,0.759146965805
      ,0.759146954614,0.759146950884,0.759146954614,0.759146965805
      ,0.759146984456,0.759147010567,0.759147267479,0.759147674412
      ,0.759148346667,0.759149664882,0.759150777571,0.759154028084
      ,0.759150368649,0.759149196841,0.759096593653,0.759262369531)
    ,(1.,1.,1.,1.,1.,1.,1.,1.,1.,1.,1.,1.,1.,1.,1.,1.,1.,1.,1.,1.
))) REPRESENTATION_ITEM('') SURFACE() );
#972 = CARTESIAN_POINT('',(364.40352763484,-49.20505742128,
    -1.847392550164));
#973 = CARTESIAN_POINT('',(364.4035276191,-44.28466147395,
    -1.847392448211));
#974 = CARTESIAN_POINT('',(364.40352760335,-39.36431225235,
    -1.84739234626));
#975 = CARTESIAN_POINT('',(364.40352758761,-34.44400975649,
    -1.847392244309));
#976 = CARTESIAN_POINT('',(364.40352757187,-29.52375398636,
    -1.847392142359));
#977 = CARTESIAN_POINT('',(364.40352755612,-24.60354494197,
    -1.847392040411));
#978 = CARTESIAN_POINT('',(364.40352754038,-19.68338262332,
    -1.847391938463));
#979 = CARTESIAN_POINT('',(364.40352752464,-14.7632670304,
    -1.847391836516));
#980 = CARTESIAN_POINT('',(364.4035275089,-9.843198163221,
    -1.847391734571));
#981 = CARTESIAN_POINT('',(364.40352749316,-4.923176021774,
    -1.847391632626));
#982 = CARTESIAN_POINT('',(364.40352737271,32.727399255039,
    -1.847390852491));
#983 = CARTESIAN_POINT('',(364.40352718129,65.458870101244,
    -1.847389612756));
#984 = CARTESIAN_POINT('',(364.40352686981,98.190314599561,
    -1.847387597859));
#985 = CARTESIAN_POINT('',(364.40352623996,130.9287100806,
    -1.847383510447));
#986 = CARTESIAN_POINT('',(364.4035257419,163.65751558405,
    -1.847380303439));
#987 = CARTESIAN_POINT('',(364.4035241841,196.41509330385,
    -1.847370187996));
#988 = CARTESIAN_POINT('',(364.40352593536,229.13111592098,
    -1.847381558195));
#989 = CARTESIAN_POINT('',(364.40352645627,261.89573149368,
    -1.847384907962));
#990 = CARTESIAN_POINT('',(364.40355114042,294.40846975811,
    -1.847544777904));
#991 = CARTESIAN_POINT('',(364.40347339783,327.3,-1.847041308361));
#992 = CARTESIAN_POINT('',(364.27267632943,-49.20463365241,
    -0.999999999931));
#993 = CARTESIAN_POINT('',(364.2726763301,-44.28426750334,
    -0.999999999931));
#994 = CARTESIAN_POINT('',(364.27267633076,-39.36394107135,
    -0.999999999931));
#995 = CARTESIAN_POINT('',(364.27267633143,-34.44365450149,
    -0.999999999931));
#996 = CARTESIAN_POINT('',(364.2726763321,-29.52340793882,
    -0.999999999931));
#997 = CARTESIAN_POINT('',(364.27267633277,-24.60320152841,
    -0.999999999931));
#998 = CARTESIAN_POINT('',(364.27267633343,-19.68303541532,
    -0.999999999931));
#999 = CARTESIAN_POINT('',(364.2726763341,-14.7629097446,-0.999999999931
    ));
#1000 = CARTESIAN_POINT('',(364.27267633477,-9.842824661305,
    -0.999999999931));
#1001 = CARTESIAN_POINT('',(364.27267633543,-4.922780310485,
    -0.999999999931));
#1002 = CARTESIAN_POINT('',(364.27267634053,32.727998602837,
    -0.999999999931));
#1003 = CARTESIAN_POINT('',(364.27267634862,65.459719290657,
    -0.999999999931));
#1004 = CARTESIAN_POINT('',(364.27267636193,98.191229522662,
    -0.999999999931));
#1005 = CARTESIAN_POINT('',(364.27267638824,130.93057651978,
    -0.999999999931));
#1006 = CARTESIAN_POINT('',(364.27267641007,163.65806245267,
    -0.999999999931));
#1007 = CARTESIAN_POINT('',(364.272676475,196.41865115813,
    -0.999999999931));
#1008 = CARTESIAN_POINT('',(364.27267640193,229.13074719759,
    -0.999999999931));
#1009 = CARTESIAN_POINT('',(364.27267637898,261.90244933977,
    -0.999999999931));
#1010 = CARTESIAN_POINT('',(364.27267533407,294.39874130915,
    -0.999999999931));
#1011 = CARTESIAN_POINT('',(364.27267862602,327.29098476073,
    -0.999999999931));
#1012 = CARTESIAN_POINT('',(363.41523912332,-49.20185681522,
    -0.999999999931));
#1013 = CARTESIAN_POINT('',(363.41523980428,-44.28167113369,
    -0.999999999931));
#1014 = CARTESIAN_POINT('',(363.41524048523,-39.36148545217,
    -0.999999999931));
#1015 = CARTESIAN_POINT('',(363.41524116619,-34.44129977065,
    -0.999999999931));
#1016 = CARTESIAN_POINT('',(363.41524184715,-29.52111408913,
    -0.999999999931));
#1017 = CARTESIAN_POINT('',(363.41524252811,-24.60092840761,
    -0.999999999931));
#1018 = CARTESIAN_POINT('',(363.41524320906,-19.68074272608,
    -0.999999999931));
#1019 = CARTESIAN_POINT('',(363.41524389002,-14.76055704456,
    -0.999999999931));
#1020 = CARTESIAN_POINT('',(363.41524457098,-9.840371363045,
    -0.999999999931));
#1021 = CARTESIAN_POINT('',(363.41524525194,-4.920185681522,
    -0.999999999931));
#1022 = CARTESIAN_POINT('',(363.41525046305,32.731998674212,
    -0.999999999931));
#1023 = CARTESIAN_POINT('',(363.41525793575,65.465323236495,
    -0.999999999931));
#1024 = CARTESIAN_POINT('',(363.41527668563,98.199056144936,
    -0.999999999931));
#1025 = CARTESIAN_POINT('',(363.41528708195,130.94016620599,
    -0.999999999931));
#1026 = CARTESIAN_POINT('',(363.41534287092,163.67130986227,
    -0.999999999932));
#1027 = CARTESIAN_POINT('',(363.41536139763,196.43049440986,
    -0.999999999931));
#1028 = CARTESIAN_POINT('',(363.4153371389,229.14421529494,
    -0.999999999931));
#1029 = CARTESIAN_POINT('',(363.41527293711,261.90003479465,
    -0.999999999931));
#1030 = CARTESIAN_POINT('',(363.4142323107,294.38907855931,
    -0.999999999931));
#1031 = CARTESIAN_POINT('',(363.41757996856,327.23204571537,
    -0.999999999931));
#1032 = ADVANCED_FACE('',(#1033),#1110,.T.);
#1033 = FACE_BOUND('',#1034,.T.);
#1034 = EDGE_LOOP('',(#1035,#1045,#1074,#1092,#1093,#1094,#1095,#1104));
#1035 = ORIENTED_EDGE('',*,*,#1036,.T.);
#1036 = EDGE_CURVE('',#1037,#1039,#1041,.T.);
#1037 = VERTEX_POINT('',#1038);
#1038 = CARTESIAN_POINT('',(1.515879284493E-15,509.17542911429,
    -0.999999999931));
#1039 = VERTEX_POINT('',#1040);
#1040 = CARTESIAN_POINT('',(0.,523.31524207131,-0.999999999931));
#1041 = LINE('',#1042,#1043);
#1042 = CARTESIAN_POINT('',(1.515879284493E-15,509.17542911429,
    -0.999999999931));
#1043 = VECTOR('',#1044,1.);
#1044 = DIRECTION('',(-6.081226496766E-17,1.,0.));
#1045 = ORIENTED_EDGE('',*,*,#1046,.F.);
#1046 = EDGE_CURVE('',#1047,#1039,#1049,.T.);
#1047 = VERTEX_POINT('',#1048);
#1048 = CARTESIAN_POINT('',(167.35582613595,523.31622850682,
    -0.999999999931));
#1049 = B_SPLINE_CURVE_WITH_KNOTS('',12,(#1050,#1051,#1052,#1053,#1054,
    #1055,#1056,#1057,#1058,#1059,#1060,#1061,#1062,#1063,#1064,#1065,
    #1066,#1067,#1068,#1069,#1070,#1071,#1072,#1073),.UNSPECIFIED.,.F.,
  .F.,(13,11,13),(636.54089982325,803.95297276991,853.15309328917),
  .UNSPECIFIED.);
#1050 = CARTESIAN_POINT('',(167.35582613595,523.31622850682,
    -0.999999999931));
#1051 = CARTESIAN_POINT('',(153.42808182852,523.31436410417,
    -0.999999999931));
#1052 = CARTESIAN_POINT('',(139.55210242117,523.31569846059,
    -0.999999999931));
#1053 = CARTESIAN_POINT('',(125.56273956147,523.31512215345,
    -0.999999999932));
#1054 = CARTESIAN_POINT('',(111.63325257528,523.31540060626,
    -0.999999999929));
#1055 = CARTESIAN_POINT('',(97.65749363137,523.31521440884,
    -0.999999999934));
#1056 = CARTESIAN_POINT('',(83.71917401522,523.3152846498,
    -0.999999999929));
#1057 = CARTESIAN_POINT('',(69.756095909723,523.31524610826,
    -0.999999999933));
#1058 = CARTESIAN_POINT('',(55.80865341093,523.31524953398,
    -0.99999999993));
#1059 = CARTESIAN_POINT('',(41.854597431015,523.31524593563,
    -0.999999999932));
#1060 = CARTESIAN_POINT('',(27.903211582128,523.3152438838,
    -0.999999999931));
#1061 = CARTESIAN_POINT('',(13.951498416616,523.31524280492,
    -0.999999999931));
#1062 = CARTESIAN_POINT('',(-4.100154734602,523.31524185572,
    -0.999999999931));
#1063 = CARTESIAN_POINT('',(-8.200309469204,523.31524164012,
    -0.999999999931));
#1064 = CARTESIAN_POINT('',(-12.3004642038,523.31524142452,
    -0.999999999931));
#1065 = CARTESIAN_POINT('',(-16.4006189384,523.31524120893,
    -0.999999999931));
#1066 = CARTESIAN_POINT('',(-20.50077367301,523.31524099334,
    -0.999999999931));
#1067 = CARTESIAN_POINT('',(-24.60092840761,523.31524077775,
    -0.999999999931));
#1068 = CARTESIAN_POINT('',(-28.70108314221,523.31524056216,
    -0.999999999931));
#1069 = CARTESIAN_POINT('',(-32.80123787681,523.31524034657,
    -0.999999999931));
#1070 = CARTESIAN_POINT('',(-36.90139261141,523.31524013098,
    -0.999999999931));
#1071 = CARTESIAN_POINT('',(-41.00154734601,523.3152399154,
    -0.999999999931));
#1072 = CARTESIAN_POINT('',(-45.10170208062,523.31523969981,
    -0.999999999931));
#1073 = CARTESIAN_POINT('',(-49.20185681522,523.31523948423,
    -0.999999999931));
#1074 = ORIENTED_EDGE('',*,*,#1075,.F.);
#1075 = EDGE_CURVE('',#941,#1047,#1076,.T.);
#1076 = ( BOUNDED_CURVE() B_SPLINE_CURVE(14,(#1077,#1078,#1079,#1080,
    #1081,#1082,#1083,#1084,#1085,#1086,#1087,#1088,#1089,#1090,#1091),
.UNSPECIFIED.,.F.,.F.) B_SPLINE_CURVE_WITH_KNOTS((15,15),(327.2917924578
,636.54089982325),.PIECEWISE_BEZIER_KNOTS.) CURVE() 
GEOMETRIC_REPRESENTATION_ITEM() RATIONAL_B_SPLINE_CURVE((1.,1.,
    1.000000000001,0.999999999996,1.000000000009,0.999999999985,
    1.00000000002,0.999999999979,1.000000000019,0.999999999986,
    1.000000000008,0.999999999996,1.000000000001,1.,1.)) 
REPRESENTATION_ITEM('') );
#1077 = CARTESIAN_POINT('',(363.41757996856,327.23204571537,
    -0.999999999931));
#1078 = CARTESIAN_POINT('',(363.41983930109,349.39774680183,
    -0.999999999931));
#1079 = CARTESIAN_POINT('',(360.73392678139,371.48913648522,
    -0.999999999931));
#1080 = CARTESIAN_POINT('',(355.36803424281,393.42312969311,
    -0.999999999931));
#1081 = CARTESIAN_POINT('',(347.26663860071,413.97659819086,
    -0.999999999932));
#1082 = CARTESIAN_POINT('',(337.12088862883,433.79959690319,
    -0.999999999931));
#1083 = CARTESIAN_POINT('',(324.23684526934,452.35688377215,
    -0.999999999932));
#1084 = CARTESIAN_POINT('',(309.37891420275,469.21942697111,
    -0.999999999931));
#1085 = CARTESIAN_POINT('',(292.44150230487,484.1866758943,
    -0.999999999932));
#1086 = CARTESIAN_POINT('',(273.91449003788,496.97176516752,
    -0.999999999931));
#1087 = CARTESIAN_POINT('',(254.05077021639,507.31174541001,
    -0.999999999931));
#1088 = CARTESIAN_POINT('',(233.25688073279,515.29318904667,
    -0.999999999931));
#1089 = CARTESIAN_POINT('',(211.51326540794,520.65415847052,
    -0.999999999931));
#1090 = CARTESIAN_POINT('',(189.40821673738,523.31918049502,
    -0.999999999931));
#1091 = CARTESIAN_POINT('',(167.35582613595,523.31622850682,
    -0.999999999931));
#1092 = ORIENTED_EDGE('',*,*,#940,.F.);
#1093 = ORIENTED_EDGE('',*,*,#110,.F.);
#1094 = ORIENTED_EDGE('',*,*,#917,.T.);
#1095 = ORIENTED_EDGE('',*,*,#1096,.T.);
#1096 = EDGE_CURVE('',#918,#1097,#1099,.T.);
#1097 = VERTEX_POINT('',#1098);
#1098 = CARTESIAN_POINT('',(167.4,509.17542911429,-0.999999999931));
#1099 = CIRCLE('',#1100,181.87542911429);
#1100 = AXIS2_PLACEMENT_3D('',#1101,#1102,#1103);
#1101 = CARTESIAN_POINT('',(167.4,327.3,-0.999999999931));
#1102 = DIRECTION('',(-0.,9.279379077392E-19,1.));
#1103 = DIRECTION('',(1.,0.,0.));
#1104 = ORIENTED_EDGE('',*,*,#1105,.T.);
#1105 = EDGE_CURVE('',#1097,#1037,#1106,.T.);
#1106 = LINE('',#1107,#1108);
#1107 = CARTESIAN_POINT('',(1.515879284493E-15,509.17542911429,
    -0.999999999931));
#1108 = VECTOR('',#1109,1.);
#1109 = DIRECTION('',(-1.,5.473822126269E-48,-2.22044604925E-16));
#1110 = PLANE('',#1111);
#1111 = AXIS2_PLACEMENT_3D('',#1112,#1113,#1114);
#1112 = CARTESIAN_POINT('',(270.45183506746,341.98025361488,
    -0.999999999931));
#1113 = DIRECTION('',(0.,-1.689435922937E-17,-1.));
#1114 = DIRECTION('',(0.,1.,-1.689435922937E-17));
#1115 = ADVANCED_FACE('',(#1116),#1256,.F.);
#1116 = FACE_BOUND('',#1117,.F.);
#1117 = EDGE_LOOP('',(#1118,#1119,#1146,#1155,#1180,#1181,#1187,#1188,
    #1215,#1224,#1249,#1250));
#1118 = ORIENTED_EDGE('',*,*,#203,.T.);
#1119 = ORIENTED_EDGE('',*,*,#1120,.F.);
#1120 = EDGE_CURVE('',#1121,#206,#1123,.T.);
#1121 = VERTEX_POINT('',#1122);
#1122 = CARTESIAN_POINT('',(-2.68018359551E-15,570.9669562888,
    0.974288710473));
#1123 = B_SPLINE_CURVE_WITH_KNOTS('',6,(#1124,#1125,#1126,#1127,#1128,
    #1129,#1130,#1131,#1132,#1133,#1134,#1135,#1136,#1137,#1138,#1139,
    #1140,#1141,#1142,#1143,#1144,#1145),.UNSPECIFIED.,.F.,.F.,(7,5,5,5,
    7),(0.,0.249999064557,0.500000000001,0.750000935444,1.),
  .UNSPECIFIED.);
#1124 = CARTESIAN_POINT('',(-1.413182775236E-15,570.9669562888,
    0.974288710473));
#1125 = CARTESIAN_POINT('',(-1.42642970459E-15,570.96542187746,
    1.033947576577));
#1126 = CARTESIAN_POINT('',(-1.440101126287E-15,570.96811369841,
    1.095518186234));
#1127 = CARTESIAN_POINT('',(-1.454095030815E-15,570.97552673268,
    1.158541129452));
#1128 = CARTESIAN_POINT('',(-1.468273091368E-15,570.98810083047,
    1.222393437679));
#1129 = CARTESIAN_POINT('',(-1.482458536461E-15,571.00611861551,
    1.286279002914));
#1130 = CARTESIAN_POINT('',(-1.510463214103E-15,571.05314047882,
    1.412400858705));
#1131 = CARTESIAN_POINT('',(-1.524282397122E-15,571.08214483429,
    1.474636926199));
#1132 = CARTESIAN_POINT('',(-1.537728148568E-15,571.11669276759,
    1.535191207402));
#1133 = CARTESIAN_POINT('',(-1.550594962085E-15,571.15660780474,
    1.593138183963));
#1134 = CARTESIAN_POINT('',(-1.562691665289E-15,571.20142366039,
    1.647616892003));
#1135 = CARTESIAN_POINT('',(-1.585047285405E-15,571.29954808276,
    1.74829765443));
#1136 = CARTESIAN_POINT('',(-1.595306151351E-15,571.35285642576,
    1.794499479278));
#1137 = CARTESIAN_POINT('',(-1.604496975639E-15,571.40975789189,
    1.835891272119));
#1138 = CARTESIAN_POINT('',(-1.612511340906E-15,571.46940379198,
    1.871984764548));
#1139 = CARTESIAN_POINT('',(-1.619304791122E-15,571.53087345238,
    1.90257974441));
#1140 = CARTESIAN_POINT('',(-1.630462342502E-15,571.65574443218,
    1.952828888646));
#1141 = CARTESIAN_POINT('',(-1.634826503926E-15,571.71914552145,
    1.972483324409));
#1142 = CARTESIAN_POINT('',(-1.637982131885E-15,571.78265332897,
    1.98669500931));
#1143 = CARTESIAN_POINT('',(-1.639987415785E-15,571.8454647445,
    1.995726005136));
#1144 = CARTESIAN_POINT('',(-1.640936433286E-15,571.90694569725,2.));
#1145 = CARTESIAN_POINT('',(-1.640936433286E-15,571.96662420319,2.));
#1146 = ORIENTED_EDGE('',*,*,#1147,.F.);
#1147 = EDGE_CURVE('',#1148,#1121,#1150,.T.);
#1148 = VERTEX_POINT('',#1149);
#1149 = CARTESIAN_POINT('',(1.805509949616E-16,526.92788028158,
    0.1518475102));
#1150 = ( BOUNDED_CURVE() B_SPLINE_CURVE(3,(#1151,#1152,#1153,#1154),
.UNSPECIFIED.,.F.,.F.) B_SPLINE_CURVE_WITH_KNOTS((4,4),(0.,
267.88504348397),.PIECEWISE_BEZIER_KNOTS.) CURVE() 
GEOMETRIC_REPRESENTATION_ITEM() RATIONAL_B_SPLINE_CURVE((1.,1.,1.,
1.087403030057)) REPRESENTATION_ITEM('') );
#1151 = CARTESIAN_POINT('',(0.,526.8,1.000000000069));
#1152 = CARTESIAN_POINT('',(1.301140834196E-14,535.83511909295,
    -60.07265881471));
#1153 = CARTESIAN_POINT('',(1.075235909422E-14,572.98304063375,
    -60.07265881471));
#1154 = CARTESIAN_POINT('',(-2.906106219698E-15,570.93684667418,2.));
#1155 = ORIENTED_EDGE('',*,*,#1156,.T.);
#1156 = EDGE_CURVE('',#1148,#781,#1157,.T.);
#1157 = B_SPLINE_CURVE_WITH_KNOTS('',6,(#1158,#1159,#1160,#1161,#1162,
    #1163,#1164,#1165,#1166,#1167,#1168,#1169,#1170,#1171,#1172,#1173,
    #1174,#1175,#1176,#1177,#1178,#1179),.UNSPECIFIED.,.F.,.F.,(7,5,5,5,
    7),(0.,0.249999421188,0.5,0.750000578811,1.),.UNSPECIFIED.);
#1158 = CARTESIAN_POINT('',(-1.230564143847E-15,526.92788028158,
    0.1518475102));
#1159 = CARTESIAN_POINT('',(-1.242474284071E-15,526.91963986295,
    0.205486013273));
#1160 = CARTESIAN_POINT('',(-1.254552407322E-15,526.90770770202,
    0.259881044644));
#1161 = CARTESIAN_POINT('',(-1.266706037173E-15,526.89182500236,
    0.314616127512));
#1162 = CARTESIAN_POINT('',(-1.278822699572E-15,526.87180050537,
    0.369184723779));
#1163 = CARTESIAN_POINT('',(-1.290773372799E-15,526.8475654593,
    0.42300577127));
#1164 = CARTESIAN_POINT('',(-1.31408172025E-15,526.79082815855,
    0.527977236165));
#1165 = CARTESIAN_POINT('',(-1.325439366851E-15,526.75832580303,
    0.579127529166));
#1166 = CARTESIAN_POINT('',(-1.336370016907E-15,526.72176634332,
    0.628354800687));
#1167 = CARTESIAN_POINT('',(-1.346740907627E-15,526.68137001037,
    0.675061140265));
#1168 = CARTESIAN_POINT('',(-1.356433458498E-15,526.63751685879,
    0.718712508756));
#1169 = CARTESIAN_POINT('',(-1.374278693711E-15,526.54385948196,
    0.799080303412));
#1170 = CARTESIAN_POINT('',(-1.382431357632E-15,526.49405536389,
    0.835796637611));
#1171 = CARTESIAN_POINT('',(-1.389722349159E-15,526.44175661375,
    0.868632344332));
#1172 = CARTESIAN_POINT('',(-1.396086263838E-15,526.38754878756,
    0.897292868114));
#1173 = CARTESIAN_POINT('',(-1.401494927271E-15,526.33205630311,
    0.921651322733));
#1174 = CARTESIAN_POINT('',(-1.410407751327E-15,526.21968681622,
    0.961791113832));
#1175 = CARTESIAN_POINT('',(-1.413911938275E-15,526.16280992143,
    0.977572568864));
#1176 = CARTESIAN_POINT('',(-1.416466830735E-15,526.10583350888,
    0.989078781595));
#1177 = CARTESIAN_POINT('',(-1.41810710929E-15,526.04932146216,
    0.996465939485));
#1178 = CARTESIAN_POINT('',(-1.418891828376E-15,525.99374540269,
    1.000000000069));
#1179 = CARTESIAN_POINT('',(-1.418891828376E-15,525.93947767963,
    1.000000000069));
#1180 = ORIENTED_EDGE('',*,*,#780,.T.);
#1181 = ORIENTED_EDGE('',*,*,#1182,.T.);
#1182 = EDGE_CURVE('',#783,#1037,#1183,.T.);
#1183 = LINE('',#1184,#1185);
#1184 = CARTESIAN_POINT('',(1.071790074643E-15,509.17542911429,
    1.000000000069));
#1185 = VECTOR('',#1186,1.);
#1186 = DIRECTION('',(2.22044604925E-16,2.465190328816E-32,-1.));
#1187 = ORIENTED_EDGE('',*,*,#1036,.T.);
#1188 = ORIENTED_EDGE('',*,*,#1189,.F.);
#1189 = EDGE_CURVE('',#1190,#1039,#1192,.T.);
#1190 = VERTEX_POINT('',#1191);
#1191 = CARTESIAN_POINT('',(7.840641989731E-16,524.30352756668,
    -1.847392108772));
#1192 = B_SPLINE_CURVE_WITH_KNOTS('',6,(#1193,#1194,#1195,#1196,#1197,
    #1198,#1199,#1200,#1201,#1202,#1203,#1204,#1205,#1206,#1207,#1208,
    #1209,#1210,#1211,#1212,#1213,#1214),.UNSPECIFIED.,.F.,.F.,(7,5,5,5,
    7),(0.,0.249999422459,0.5,0.750000577541,1.),.UNSPECIFIED.);
#1193 = CARTESIAN_POINT('',(-7.866437725023E-16,524.30352756669,
    -1.847392108772));
#1194 = CARTESIAN_POINT('',(-7.985471620405E-16,524.29524959705,
    -1.793784008083));
#1195 = CARTESIAN_POINT('',(-8.106175844406E-16,524.28328273243,
    -1.739423658259));
#1196 = CARTESIAN_POINT('',(-8.227626346098E-16,524.2673690401,
    -1.684727214843));
#1197 = CARTESIAN_POINT('',(-8.348699700837E-16,524.24731811434,
    -1.630200623314));
#1198 = CARTESIAN_POINT('',(-8.468107710402E-16,524.2230618732,
    -1.576424036576));
#1199 = CARTESIAN_POINT('',(-8.700987526723E-16,524.16629333482,
    -1.471544291176));
#1200 = CARTESIAN_POINT('',(-8.814459058058E-16,524.13378093724,
    -1.420441256552));
#1201 = CARTESIAN_POINT('',(-8.92365986154E-16,524.09721735611,
    -1.371261586765));
#1202 = CARTESIAN_POINT('',(-9.027265005664E-16,524.05682285066,
    -1.324601977918));
#1203 = CARTESIAN_POINT('',(-9.124091276209E-16,524.01297706693,
    -1.280995302324));
#1204 = CARTESIAN_POINT('',(-9.302358260293E-16,523.91934411882,
    -1.200710990014));
#1205 = CARTESIAN_POINT('',(-9.383798770485E-16,523.86955706124,
    -1.164033444879));
#1206 = CARTESIAN_POINT('',(-9.456631146277E-16,523.81727952631,
    -1.131232658831));
#1207 = CARTESIAN_POINT('',(-9.520202844855E-16,523.76309608098,
    -1.102602511028));
#1208 = CARTESIAN_POINT('',(-9.574232715453E-16,523.70763004466,
    -1.078269620519));
#1209 = CARTESIAN_POINT('',(-9.663268597007E-16,523.59531558659,
    -1.03817142422));
#1210 = CARTESIAN_POINT('',(-9.698274870197E-16,523.53846727211,
    -1.02240600033));
#1211 = CARTESIAN_POINT('',(-9.723798684216E-16,523.48151950309,
    -1.0109110964));
#1212 = CARTESIAN_POINT('',(-9.74018603007E-16,523.42503524639,
    -1.003530891932));
#1213 = CARTESIAN_POINT('',(-9.748026185263E-16,523.36948546315,
    -0.999999999931));
#1214 = CARTESIAN_POINT('',(-9.748026185263E-16,523.31524207131,
    -0.999999999931));
#1215 = ORIENTED_EDGE('',*,*,#1216,.T.);
#1216 = EDGE_CURVE('',#1190,#1217,#1219,.T.);
#1217 = VERTEX_POINT('',#1218);
#1218 = CARTESIAN_POINT('',(-2.36449020209E-15,573.07701322524,
    -1.025357869931));
#1219 = B_SPLINE_CURVE_WITH_KNOTS('',3,(#1220,#1221,#1222,#1223),
  .UNSPECIFIED.,.F.,.F.,(4,4),(0.,426.92048624656),
  .PIECEWISE_BEZIER_KNOTS.);
#1220 = CARTESIAN_POINT('',(6.036953099782E-16,524.17542911429,
    -0.999999999931));
#1221 = CARTESIAN_POINT('',(1.355004863852E-14,533.16537402023,
    -61.76730504103));
#1222 = CARTESIAN_POINT('',(1.1000929399E-14,575.08322136368,
    -61.76730504103));
#1223 = CARTESIAN_POINT('',(-2.590345883009E-15,573.0470932376,
    1.045679933807E-17));
#1224 = ORIENTED_EDGE('',*,*,#1225,.T.);
#1225 = EDGE_CURVE('',#1217,#482,#1226,.T.);
#1226 = B_SPLINE_CURVE_WITH_KNOTS('',6,(#1227,#1228,#1229,#1230,#1231,
    #1232,#1233,#1234,#1235,#1236,#1237,#1238,#1239,#1240,#1241,#1242,
    #1243,#1244,#1245,#1246,#1247,#1248),.UNSPECIFIED.,.F.,.F.,(7,5,5,5,
    7),(0.,0.249999065398,0.5,0.750000934602,1.),.UNSPECIFIED.);
#1227 = CARTESIAN_POINT('',(-9.691720403005E-16,573.07701322524,
    -1.025357869931));
#1228 = CARTESIAN_POINT('',(-9.824168068208E-16,573.07550016621,
    -0.965708744365));
#1229 = CARTESIAN_POINT('',(-9.960854890138E-16,573.07821256969,
    -0.904150472335));
#1230 = CARTESIAN_POINT('',(-1.010076079549E-15,573.0856448814,
    -0.841142454014));
#1231 = CARTESIAN_POINT('',(-1.024250290141E-15,573.09823635619,
    -0.777307484473));
#1232 = CARTESIAN_POINT('',(-1.038431443146E-15,573.11626906694,
    -0.713441249084));
#1233 = CARTESIAN_POINT('',(-1.066426910279E-15,573.16331516696,
    -0.587360873738));
#1234 = CARTESIAN_POINT('',(-1.080241174924E-15,573.19232883294,
    -0.525146956627));
#1235 = CARTESIAN_POINT('',(-1.093681823274E-15,573.22688291216,
    -0.464615657728));
#1236 = CARTESIAN_POINT('',(-1.106543514086E-15,573.2668007555,
    -0.406691751777));
#1237 = CARTESIAN_POINT('',(-1.118635246021E-15,573.31161622384,
    -0.352235432341));
#1238 = CARTESIAN_POINT('',(-1.140981497439E-15,573.40973421728,
    -0.251596862784));
#1239 = CARTESIAN_POINT('',(-1.15123596604E-15,573.46303651897,
    -0.205414841813));
#1240 = CARTESIAN_POINT('',(-1.160422816012E-15,573.51992948025,
    -0.164040947703));
#1241 = CARTESIAN_POINT('',(-1.168433733418E-15,573.57956500576,
    -0.127962983057));
#1242 = CARTESIAN_POINT('',(-1.175224299812E-15,573.64102309896,
    -9.738099077485E-02));
#1243 = CARTESIAN_POINT('',(-1.186377194465E-15,573.76586975325,
    -4.715281857214E-02));
#1244 = CARTESIAN_POINT('',(-1.190739582892E-15,573.82925808456,
    -2.750636768029E-02));
#1245 = CARTESIAN_POINT('',(-1.193893984878E-15,573.89275313827,
    -1.330020406894E-02));
#1246 = CARTESIAN_POINT('',(-1.195898532975E-15,573.9555523333,
    -4.272522005401E-03));
#1247 = CARTESIAN_POINT('',(-1.196847223436E-15,574.01702193723,
    -7.545736938124E-15));
#1248 = CARTESIAN_POINT('',(-1.196847223436E-15,574.07669016019,
    -7.532487931128E-15));
#1249 = ORIENTED_EDGE('',*,*,#481,.T.);
#1250 = ORIENTED_EDGE('',*,*,#1251,.T.);
#1251 = EDGE_CURVE('',#484,#204,#1252,.T.);
#1252 = LINE('',#1253,#1254);
#1253 = CARTESIAN_POINT('',(-3.502529857524E-15,588.0470932376,
    1.045679933807E-17));
#1254 = VECTOR('',#1255,1.);
#1255 = DIRECTION('',(-2.22044604925E-16,-2.465190328816E-32,1.));
#1256 = PLANE('',#1257);
#1257 = AXIS2_PLACEMENT_3D('',#1258,#1259,#1260);
#1258 = CARTESIAN_POINT('',(2.775691644846E-15,550.13232990303,
    -17.89072456691));
#1259 = DIRECTION('',(1.,-4.930380657631E-32,2.22044604925E-16));
#1260 = DIRECTION('',(-2.22044604925E-16,-2.22044604925E-16,1.));
#1261 = ADVANCED_FACE('',(#1262),#1299,.T.);
#1262 = FACE_BOUND('',#1263,.T.);
#1263 = EDGE_LOOP('',(#1264,#1272,#1273,#1274));
#1264 = ORIENTED_EDGE('',*,*,#1265,.T.);
#1265 = EDGE_CURVE('',#1266,#214,#1268,.T.);
#1266 = VERTEX_POINT('',#1267);
#1267 = CARTESIAN_POINT('',(167.4,570.96695679007,0.974269220845));
#1268 = ( BOUNDED_CURVE() B_SPLINE_CURVE(2,(#1269,#1270,#1271),
.UNSPECIFIED.,.F.,.F.) B_SPLINE_CURVE_WITH_KNOTS((3,3),(0.,
382.6906692649),.PIECEWISE_BEZIER_KNOTS.) CURVE() 
GEOMETRIC_REPRESENTATION_ITEM() RATIONAL_B_SPLINE_CURVE((1.,
0.697950292229,1.)) REPRESENTATION_ITEM('') );
#1269 = CARTESIAN_POINT('',(167.4,570.96695679007,0.974269220845));
#1270 = CARTESIAN_POINT('',(167.39896759775,570.94057538972,2.));
#1271 = CARTESIAN_POINT('',(167.43909083855,571.96586110648,2.));
#1272 = ORIENTED_EDGE('',*,*,#213,.T.);
#1273 = ORIENTED_EDGE('',*,*,#1120,.F.);
#1274 = ORIENTED_EDGE('',*,*,#1275,.F.);
#1275 = EDGE_CURVE('',#1266,#1121,#1276,.T.);
#1276 = B_SPLINE_CURVE_WITH_KNOTS('',11,(#1277,#1278,#1279,#1280,#1281,
    #1282,#1283,#1284,#1285,#1286,#1287,#1288,#1289,#1290,#1291,#1292,
    #1293,#1294,#1295,#1296,#1297,#1298),.UNSPECIFIED.,.F.,.F.,(12,10,12
    ),(709.98936004615,877.40418609657,931.10098892752),.UNSPECIFIED.);
#1277 = CARTESIAN_POINT('',(167.4,570.96695679007,0.974269220845));
#1278 = CARTESIAN_POINT('',(152.17190384137,570.96695575011,
    0.974309656859));
#1279 = CARTESIAN_POINT('',(137.0125162381,570.96695667694,
    0.974273613744));
#1280 = CARTESIAN_POINT('',(121.74124522594,570.96695608717,
    0.974296562482));
#1281 = CARTESIAN_POINT('',(106.55937037258,570.96695649255,
    0.974280769884));
#1282 = CARTESIAN_POINT('',(91.305245944016,570.96695617565,
    0.974293131247));
#1283 = CARTESIAN_POINT('',(76.108046374424,570.96695637103,
    0.974285494763));
#1284 = CARTESIAN_POINT('',(60.874833148449,570.96695626138,0.9742897893
    ));
#1285 = CARTESIAN_POINT('',(45.660324216343,570.966956301,0.974288229836
    ));
#1286 = CARTESIAN_POINT('',(30.439099794458,570.9669562888,
    0.974288712793));
#1287 = CARTESIAN_POINT('',(15.219620900235,570.96695628934,
    0.974288689286));
#1288 = CARTESIAN_POINT('',(-4.881556800684,570.96695628863,
    0.974288717269));
#1289 = CARTESIAN_POINT('',(-9.763114424442,570.96695628846,
    0.974288724065));
#1290 = CARTESIAN_POINT('',(-14.64467287127,570.96695628829,
    0.974288730861));
#1291 = CARTESIAN_POINT('',(-19.52623214117,570.96695628811,
    0.974288737656));
#1292 = CARTESIAN_POINT('',(-24.40779223415,570.96695628794,
    0.974288744452));
#1293 = CARTESIAN_POINT('',(-29.2893531502,570.96695628777,
    0.974288751248));
#1294 = CARTESIAN_POINT('',(-34.17091488932,570.96695628759,
    0.974288758043));
#1295 = CARTESIAN_POINT('',(-39.05247745152,570.96695628741,
    0.974288764839));
#1296 = CARTESIAN_POINT('',(-43.93404083679,570.96695628724,
    0.974288771635));
#1297 = CARTESIAN_POINT('',(-48.81560504513,570.96695628706,
    0.97428877843));
#1298 = CARTESIAN_POINT('',(-53.69717007655,570.96695628688,
    0.974288785226));
#1299 = ( BOUNDED_SURFACE() B_SPLINE_SURFACE(2,11,(
    (#1300,#1301,#1302,#1303,#1304,#1305,#1306,#1307,#1308,#1309,#1310
      ,#1311,#1312,#1313,#1314,#1315,#1316,#1317,#1318,#1319,#1320,#1321
      )
    ,(#1322,#1323,#1324,#1325,#1326,#1327,#1328,#1329,#1330,#1331,#1332
      ,#1333,#1334,#1335,#1336,#1337,#1338,#1339,#1340,#1341,#1342,#1343
      )
    ,(#1344,#1345,#1346,#1347,#1348,#1349,#1350,#1351,#1352,#1353,#1354
      ,#1355,#1356,#1357,#1358,#1359,#1360,#1361,#1362,#1363,#1364,#1365
)),.UNSPECIFIED.,.F.,.F.,.F.) B_SPLINE_SURFACE_WITH_KNOTS((3,3),(12,10,
    12),(0.,167.41482605041),(709.98936004615,877.40418609657,
931.10098892752),.UNSPECIFIED.) GEOMETRIC_REPRESENTATION_ITEM() 
RATIONAL_B_SPLINE_SURFACE((
    (1.,1.,1.,1.,1.,1.,1.,1.,1.,1.,1.,1.,1.,1.,1.,1.,1.,1.,1.,1.,1.,1.)
    ,(0.697950292229,0.697964776074,0.697951865468,0.697960086253
      ,0.697954428226,0.697958857482,0.697956120793,0.697957659949
      ,0.697957100957,0.697957274065,0.697957265628,0.697957275651
      ,0.697957277599,0.697957279059,0.697957280033,0.69795728052
      ,0.69795728052,0.697957280033,0.697957279059,0.697957277599
      ,0.697957275651,0.697957273217)
    ,(1.,1.,1.,1.,1.,1.,1.,1.,1.,1.,1.,1.,1.,1.,1.,1.,1.,1.,1.,1.,1.,1.
))) REPRESENTATION_ITEM('') SURFACE() );
#1300 = CARTESIAN_POINT('',(167.4,570.96695679007,0.974269220845));
#1301 = CARTESIAN_POINT('',(152.17190384137,570.96695575011,
    0.974309656859));
#1302 = CARTESIAN_POINT('',(137.0125162381,570.96695667694,
    0.974273613744));
#1303 = CARTESIAN_POINT('',(121.74124522594,570.96695608717,
    0.974296562482));
#1304 = CARTESIAN_POINT('',(106.55937037258,570.96695649255,
    0.974280769884));
#1305 = CARTESIAN_POINT('',(91.305245944016,570.96695617565,
    0.974293131247));
#1306 = CARTESIAN_POINT('',(76.108046374424,570.96695637103,
    0.974285494763));
#1307 = CARTESIAN_POINT('',(60.874833148449,570.96695626138,0.9742897893
    ));
#1308 = CARTESIAN_POINT('',(45.660324216343,570.966956301,0.974288229836
    ));
#1309 = CARTESIAN_POINT('',(30.439099794458,570.9669562888,
    0.974288712793));
#1310 = CARTESIAN_POINT('',(15.219620900235,570.96695628934,
    0.974288689286));
#1311 = CARTESIAN_POINT('',(-4.881556800684,570.96695628863,
    0.974288717269));
#1312 = CARTESIAN_POINT('',(-9.763114424442,570.96695628846,
    0.974288724065));
#1313 = CARTESIAN_POINT('',(-14.64467287127,570.96695628829,
    0.974288730861));
#1314 = CARTESIAN_POINT('',(-19.52623214117,570.96695628811,
    0.974288737656));
#1315 = CARTESIAN_POINT('',(-24.40779223415,570.96695628794,
    0.974288744452));
#1316 = CARTESIAN_POINT('',(-29.2893531502,570.96695628777,
    0.974288751248));
#1317 = CARTESIAN_POINT('',(-34.17091488932,570.96695628759,
    0.974288758043));
#1318 = CARTESIAN_POINT('',(-39.05247745152,570.96695628741,
    0.974288764839));
#1319 = CARTESIAN_POINT('',(-43.93404083679,570.96695628724,
    0.974288771635));
#1320 = CARTESIAN_POINT('',(-48.81560504513,570.96695628706,
    0.97428877843));
#1321 = CARTESIAN_POINT('',(-53.69717007655,570.96695628688,
    0.974288785226));
#1322 = CARTESIAN_POINT('',(167.39896759775,570.94057538972,2.));
#1323 = CARTESIAN_POINT('',(152.17225676042,570.94057509365,2.));
#1324 = CARTESIAN_POINT('',(137.01219743427,570.94057535756,2.));
#1325 = CARTESIAN_POINT('',(121.74222505489,570.94057518954,2.));
#1326 = CARTESIAN_POINT('',(106.55896968411,570.94057530514,2.));
#1327 = CARTESIAN_POINT('',(91.305992378607,570.94057521467,2.));
#1328 = CARTESIAN_POINT('',(76.107841027458,570.94057527055,2.));
#1329 = CARTESIAN_POINT('',(60.87513058617,570.94057523913,2.));
#1330 = CARTESIAN_POINT('',(45.660364081154,570.94057525054,2.));
#1331 = CARTESIAN_POINT('',(30.439183737236,570.940575247,2.));
#1332 = CARTESIAN_POINT('',(15.219679365934,570.94057524717,2.));
#1333 = CARTESIAN_POINT('',(-4.881515211056,570.94057524697,2.));
#1334 = CARTESIAN_POINT('',(-9.76307604038,570.94057524692,2.));
#1335 = CARTESIAN_POINT('',(-14.64463686329,570.94057524687,2.));
#1336 = CARTESIAN_POINT('',(-19.52619769001,570.94057524682,2.));
#1337 = CARTESIAN_POINT('',(-24.40775853075,570.94057524677,2.));
#1338 = CARTESIAN_POINT('',(-29.28931939573,570.94057524672,2.));
#1339 = CARTESIAN_POINT('',(-34.17088029516,570.94057524667,2.));
#1340 = CARTESIAN_POINT('',(-39.05244123925,570.94057524662,2.));
#1341 = CARTESIAN_POINT('',(-43.93400223822,570.94057524657,2.));
#1342 = CARTESIAN_POINT('',(-48.81556330228,570.94057524652,2.));
#1343 = CARTESIAN_POINT('',(-53.69712444166,570.94057524647,2.));
#1344 = CARTESIAN_POINT('',(167.43909083855,571.96586110648,2.));
#1345 = CARTESIAN_POINT('',(152.17056839757,571.96744313879,2.));
#1346 = CARTESIAN_POINT('',(137.00107372674,571.96603730251,2.));
#1347 = CARTESIAN_POINT('',(121.73038396257,571.96692293792,
    2.000000000001));
#1348 = CARTESIAN_POINT('',(106.54955907439,571.96632575524,
    1.999999999998));
#1349 = CARTESIAN_POINT('',(91.298554179833,571.96678424637,
    2.000000000002));
#1350 = CARTESIAN_POINT('',(76.101793218439,571.96650805022,
    1.999999999998));
#1351 = CARTESIAN_POINT('',(60.870528791959,571.9666613679,
    2.000000000001));
#1352 = CARTESIAN_POINT('',(45.656653096008,571.96660705869,
    1.999999999999));
#1353 = CARTESIAN_POINT('',(30.436296740773,571.96662401439,2.));
#1354 = CARTESIAN_POINT('',(15.217411707288,571.96662337307,2.));
#1355 = CARTESIAN_POINT('',(-4.883132129334,571.96662446957,2.));
#1356 = CARTESIAN_POINT('',(-9.764566606294,571.96662473585,2.));
#1357 = CARTESIAN_POINT('',(-14.64603269302,571.96662500214,2.));
#1358 = CARTESIAN_POINT('',(-19.52753038953,571.96662526842,2.));
#1359 = CARTESIAN_POINT('',(-24.4090596958,571.96662553471,2.));
#1360 = CARTESIAN_POINT('',(-29.29062061186,571.966625801,2.));
#1361 = CARTESIAN_POINT('',(-34.17221313768,571.96662606729,2.));
#1362 = CARTESIAN_POINT('',(-39.05383727327,571.96662633358,2.));
#1363 = CARTESIAN_POINT('',(-43.93549301864,571.96662659987,2.));
#1364 = CARTESIAN_POINT('',(-48.81718037378,571.96662686616,2.));
#1365 = CARTESIAN_POINT('',(-53.6988993387,571.96662713246,2.));
#1366 = ADVANCED_FACE('',(#1367),#1378,.F.);
#1367 = FACE_BOUND('',#1368,.F.);
#1368 = EDGE_LOOP('',(#1369,#1370,#1376,#1377));
#1369 = ORIENTED_EDGE('',*,*,#491,.F.);
#1370 = ORIENTED_EDGE('',*,*,#1371,.T.);
#1371 = EDGE_CURVE('',#492,#293,#1372,.T.);
#1372 = LINE('',#1373,#1374);
#1373 = CARTESIAN_POINT('',(167.4,588.0470932376,-1.753437306705E-16));
#1374 = VECTOR('',#1375,1.);
#1375 = DIRECTION('',(0.,9.279379077392E-19,1.));
#1376 = ORIENTED_EDGE('',*,*,#301,.T.);
#1377 = ORIENTED_EDGE('',*,*,#1251,.F.);
#1378 = PLANE('',#1379);
#1379 = AXIS2_PLACEMENT_3D('',#1380,#1381,#1382);
#1380 = CARTESIAN_POINT('',(-3.502529857524E-15,588.0470932376,
    1.045679933807E-17));
#1381 = DIRECTION('',(0.,-1.,-2.465190328816E-32));
#1382 = DIRECTION('',(-2.22044604925E-16,-2.465190328816E-32,1.));
#1383 = ADVANCED_FACE('',(#1384),#1407,.T.);
#1384 = FACE_BOUND('',#1385,.T.);
#1385 = EDGE_LOOP('',(#1386,#1387,#1388,#1389));
#1386 = ORIENTED_EDGE('',*,*,#317,.T.);
#1387 = ORIENTED_EDGE('',*,*,#240,.T.);
#1388 = ORIENTED_EDGE('',*,*,#1265,.F.);
#1389 = ORIENTED_EDGE('',*,*,#1390,.F.);
#1390 = EDGE_CURVE('',#318,#1266,#1391,.T.);
#1391 = ( BOUNDED_CURVE() B_SPLINE_CURVE(14,(#1392,#1393,#1394,#1395,
    #1396,#1397,#1398,#1399,#1400,#1401,#1402,#1403,#1404,#1405,#1406),
.UNSPECIFIED.,.F.,.F.) B_SPLINE_CURVE_WITH_KNOTS((15,15),(
327.29869078125,709.98936004615),.PIECEWISE_BEZIER_KNOTS.) CURVE() 
GEOMETRIC_REPRESENTATION_ITEM() RATIONAL_B_SPLINE_CURVE((1.,
    0.999999999999,1.000000000003,0.999999999993,1.000000000014,
    0.999999999979,1.000000000026,0.999999999974,1.000000000021,
    0.999999999986,1.000000000008,0.999999999996,1.000000000001,1.,1.)) 
REPRESENTATION_ITEM('') );
#1392 = CARTESIAN_POINT('',(411.06695769229,327.3,0.974234141692));
#1393 = CARTESIAN_POINT('',(411.06695444459,354.75337150241,
    0.974360417145));
#1394 = CARTESIAN_POINT('',(407.73599627964,382.20870298887,
    0.974227308849));
#1395 = CARTESIAN_POINT('',(401.0723920894,409.44337837205,
    0.974317552329));
#1396 = CARTESIAN_POINT('',(391.02037078045,435.04353071011,
    0.974266330788));
#1397 = CARTESIAN_POINT('',(378.37212528632,459.69360070735,
    0.974319854122));
#1398 = CARTESIAN_POINT('',(362.36959268584,482.7579703814,
    0.974248772775));
#1399 = CARTESIAN_POINT('',(343.88803848502,503.72481689892,
    0.974328411155));
#1400 = CARTESIAN_POINT('',(322.8375558493,522.33016495712,
    0.974259292384));
#1401 = CARTESIAN_POINT('',(299.80417449837,538.22035212758,
    0.974305064928));
#1402 = CARTESIAN_POINT('',(275.10345373897,551.09798115155,
    0.974281424026));
#1403 = CARTESIAN_POINT('',(249.21595802478,561.00408216681,
    0.974294917581));
#1404 = CARTESIAN_POINT('',(222.21279774,567.66091747713,0.974275047684)
  );
#1405 = CARTESIAN_POINT('',(194.75043359233,570.96695577355,
    0.974308744752));
#1406 = CARTESIAN_POINT('',(167.4,570.96695679007,0.974269220845));
#1407 = ( BOUNDED_SURFACE() B_SPLINE_SURFACE(2,14,(
    (#1408,#1409,#1410,#1411,#1412,#1413,#1414,#1415,#1416,#1417,#1418
      ,#1419,#1420,#1421,#1422)
    ,(#1423,#1424,#1425,#1426,#1427,#1428,#1429,#1430,#1431,#1432,#1433
      ,#1434,#1435,#1436,#1437)
    ,(#1438,#1439,#1440,#1441,#1442,#1443,#1444,#1445,#1446,#1447,#1448
      ,#1449,#1450,#1451,#1452
)),.UNSPECIFIED.,.F.,.F.,.F.) B_SPLINE_SURFACE_WITH_KNOTS((3,3),(15,15),
  (0.,382.6906692649),(327.29869078125,709.98936004615),
.PIECEWISE_BEZIER_KNOTS.) GEOMETRIC_REPRESENTATION_ITEM() 
RATIONAL_B_SPLINE_SURFACE((
    (1.,0.999999999999,1.000000000003,0.999999999993,1.000000000014
      ,0.999999999979,1.000000000026,0.999999999974,1.000000000021
      ,0.999999999986,1.000000000008,0.999999999996,1.000000000001,1.,1.
      )
    ,(0.697937727055,0.697982958688,0.697935276814,0.69796761166
      ,0.697949242162,0.697968451331,0.697942940633,0.697971519226
      ,0.69794671722,0.697963141784,0.697954658743,0.697959498022
      ,0.697952378972,0.697964449364,0.697950292229)
    ,(1.,0.999999999999,1.000000000003,0.999999999993,1.000000000014
      ,0.999999999979,1.000000000026,0.999999999974,1.000000000021
      ,0.999999999986,1.000000000008,0.999999999996,1.000000000001,1.,1.
))) REPRESENTATION_ITEM('') SURFACE() );
#1408 = CARTESIAN_POINT('',(411.06695769229,327.3,0.974234141692));
#1409 = CARTESIAN_POINT('',(411.06695444459,354.75337150241,
    0.974360417145));
#1410 = CARTESIAN_POINT('',(407.73599627964,382.20870298887,
    0.974227308849));
#1411 = CARTESIAN_POINT('',(401.0723920894,409.44337837205,
    0.974317552329));
#1412 = CARTESIAN_POINT('',(391.02037078045,435.04353071011,
    0.974266330788));
#1413 = CARTESIAN_POINT('',(378.37212528632,459.69360070735,
    0.974319854122));
#1414 = CARTESIAN_POINT('',(362.36959268584,482.7579703814,
    0.974248772775));
#1415 = CARTESIAN_POINT('',(343.88803848502,503.72481689892,
    0.974328411155));
#1416 = CARTESIAN_POINT('',(322.8375558493,522.33016495712,
    0.974259292384));
#1417 = CARTESIAN_POINT('',(299.80417449837,538.22035212758,
    0.974305064928));
#1418 = CARTESIAN_POINT('',(275.10345373897,551.09798115155,
    0.974281424026));
#1419 = CARTESIAN_POINT('',(249.21595802478,561.00408216681,
    0.974294917581));
#1420 = CARTESIAN_POINT('',(222.21279774,567.66091747713,0.974275047684)
  );
#1421 = CARTESIAN_POINT('',(194.75043359233,570.96695577355,
    0.974308744752));
#1422 = CARTESIAN_POINT('',(167.4,570.96695679007,0.974269220845));
#1423 = CARTESIAN_POINT('',(411.04057564658,327.29827293581,2.));
#1424 = CARTESIAN_POINT('',(411.04076929358,354.74889221908,2.));
#1425 = CARTESIAN_POINT('',(407.70986758504,382.20742918887,
    2.000000000001));
#1426 = CARTESIAN_POINT('',(401.04653756162,409.43036483445,
    1.999999999997));
#1427 = CARTESIAN_POINT('',(390.99684546943,435.03580613142,
    2.000000000006));
#1428 = CARTESIAN_POINT('',(378.34824889576,459.67590010557,
    1.999999999991));
#1429 = CARTESIAN_POINT('',(362.34902906464,482.74461839448,
    2.000000000012));
#1430 = CARTESIAN_POINT('',(343.86895381096,503.70231353139,
    1.999999999987));
#1431 = CARTESIAN_POINT('',(322.82041297191,522.31179067302,
    2.000000000012));
#1432 = CARTESIAN_POINT('',(299.78997732301,538.1957614618,
    1.999999999991));
#1433 = CARTESIAN_POINT('',(275.09223993058,551.0744926942,
    2.000000000005));
#1434 = CARTESIAN_POINT('',(249.20640382091,560.97841824622,
    1.999999999998));
#1435 = CARTESIAN_POINT('',(222.20815096842,567.6349037847,
    2.000000000001));
#1436 = CARTESIAN_POINT('',(194.74693049951,570.94069098014,2.));
#1437 = CARTESIAN_POINT('',(167.39896759775,570.94057538972,2.));
#1438 = CARTESIAN_POINT('',(412.06449052637,327.3653021092,2.));
#1439 = CARTESIAN_POINT('',(412.06206009461,354.85580027433,2.));
#1440 = CARTESIAN_POINT('',(408.72321818355,382.40887502198,
    1.999999999999));
#1441 = CARTESIAN_POINT('',(402.04092408773,409.76002548698,
    2.000000000002));
#1442 = CARTESIAN_POINT('',(391.94599045162,435.48040483151,
    1.999999999996));
#1443 = CARTESIAN_POINT('',(379.23865572642,460.23732152861,
    2.000000000006));
#1444 = CARTESIAN_POINT('',(363.17059673412,483.39341118437,
    1.999999999992));
#1445 = CARTESIAN_POINT('',(344.61186126536,504.45092039401,
    2.000000000009));
#1446 = CARTESIAN_POINT('',(323.47518351731,523.12896258729,
    1.999999999992));
#1447 = CARTESIAN_POINT('',(300.34705834904,539.08723636764,
    2.000000000006));
#1448 = CARTESIAN_POINT('',(275.54303791539,552.01929660803,
    1.999999999996));
#1449 = CARTESIAN_POINT('',(249.54299253772,561.96696251969,
    2.000000000002));
#1450 = CARTESIAN_POINT('',(222.42729832568,568.64725574624,
    1.999999999999));
#1451 = CARTESIAN_POINT('',(194.86213219897,571.96301969624,2.));
#1452 = CARTESIAN_POINT('',(167.43909083855,571.96586110648,2.));
#1453 = ADVANCED_FACE('',(#1454),#1460,.T.);
#1454 = FACE_BOUND('',#1455,.T.);
#1455 = EDGE_LOOP('',(#1456,#1457,#1458,#1459));
#1456 = ORIENTED_EDGE('',*,*,#499,.T.);
#1457 = ORIENTED_EDGE('',*,*,#1371,.T.);
#1458 = ORIENTED_EDGE('',*,*,#292,.F.);
#1459 = ORIENTED_EDGE('',*,*,#422,.F.);
#1460 = CYLINDRICAL_SURFACE('',#1461,260.7470932376);
#1461 = AXIS2_PLACEMENT_3D('',#1462,#1463,#1464);
#1462 = CARTESIAN_POINT('',(167.4,327.3,6.661338147749E-17));
#1463 = DIRECTION('',(0.,9.279379077392E-19,1.));
#1464 = DIRECTION('',(1.,0.,0.));
#1465 = ADVANCED_FACE('',(#1466),#1497,.T.);
#1466 = FACE_BOUND('',#1467,.T.);
#1467 = EDGE_LOOP('',(#1468,#1469,#1470,#1479));
#1468 = ORIENTED_EDGE('',*,*,#462,.F.);
#1469 = ORIENTED_EDGE('',*,*,#1390,.T.);
#1470 = ORIENTED_EDGE('',*,*,#1471,.T.);
#1471 = EDGE_CURVE('',#1266,#1472,#1474,.T.);
#1472 = VERTEX_POINT('',#1473);
#1473 = CARTESIAN_POINT('',(167.4,526.92785801876,0.151992423677));
#1474 = ( BOUNDED_CURVE() B_SPLINE_CURVE(3,(#1475,#1476,#1477,#1478),
.UNSPECIFIED.,.F.,.F.) B_SPLINE_CURVE_WITH_KNOTS((4,4),(0.,
267.88504348397),.PIECEWISE_BEZIER_KNOTS.) CURVE() 
GEOMETRIC_REPRESENTATION_ITEM() RATIONAL_B_SPLINE_CURVE((1.087403030057,
1.,1.,1.)) REPRESENTATION_ITEM('') );
#1475 = CARTESIAN_POINT('',(167.4,570.93684667418,2.));
#1476 = CARTESIAN_POINT('',(167.4,572.98304063375,-60.07265881471));
#1477 = CARTESIAN_POINT('',(167.4,535.83511909295,-60.07265881471));
#1478 = CARTESIAN_POINT('',(167.4,526.8,1.000000000069));
#1479 = ORIENTED_EDGE('',*,*,#1480,.F.);
#1480 = EDGE_CURVE('',#438,#1472,#1481,.T.);
#1481 = ( BOUNDED_CURVE() B_SPLINE_CURVE(14,(#1482,#1483,#1484,#1485,
    #1486,#1487,#1488,#1489,#1490,#1491,#1492,#1493,#1494,#1495,#1496),
.UNSPECIFIED.,.F.,.F.) B_SPLINE_CURVE_WITH_KNOTS((15,15),(
327.29183906977,640.66351785036),.PIECEWISE_BEZIER_KNOTS.) CURVE() 
GEOMETRIC_REPRESENTATION_ITEM() RATIONAL_B_SPLINE_CURVE((1.,1.,
    1.000000000002,0.999999999993,1.000000000014,0.999999999977,
    1.000000000031,0.999999999966,1.00000000003,0.999999999978,
    1.000000000013,0.999999999994,1.000000000002,1.,1.)) 
REPRESENTATION_ITEM('') );
#1482 = CARTESIAN_POINT('',(367.0278269294,327.3,0.152194792652));
#1483 = CARTESIAN_POINT('',(367.02795039084,349.79372097173,0.1513911458
    ));
#1484 = CARTESIAN_POINT('',(364.29837321479,372.27711408871,
    0.152238764651));
#1485 = CARTESIAN_POINT('',(358.84276237394,394.61882215764,
    0.151662887757));
#1486 = CARTESIAN_POINT('',(350.59137687428,415.56767701405,
    0.151991751701));
#1487 = CARTESIAN_POINT('',(340.24951757997,435.76469887844,
    0.151646726203));
#1488 = CARTESIAN_POINT('',(327.12886350567,454.65722736844,
    0.152106016716));
#1489 = CARTESIAN_POINT('',(311.99521362259,471.83952907065,
    0.151588299363));
#1490 = CARTESIAN_POINT('',(294.74583881704,487.0756550434,
    0.152042698878));
#1491 = CARTESIAN_POINT('',(275.87707059195,500.10129965572,
    0.151736024168));
#1492 = CARTESIAN_POINT('',(255.64464357656,510.63401750012,
    0.151900262143));
#1493 = CARTESIAN_POINT('',(234.45835779546,518.76304531261,
    0.151799858638));
#1494 = CARTESIAN_POINT('',(212.31364060962,524.21808603983,
    0.151951426447));
#1495 = CARTESIAN_POINT('',(189.81244364661,526.9279033572,
    0.151697305174));
#1496 = CARTESIAN_POINT('',(167.4,526.92785801876,0.151992423677));
#1497 = SURFACE_OF_REVOLUTION('',#1498,#1503);
#1498 = ( BOUNDED_CURVE() B_SPLINE_CURVE(3,(#1499,#1500,#1501,#1502),
.UNSPECIFIED.,.F.,.F.) B_SPLINE_CURVE_WITH_KNOTS((4,4),(0.,
267.88504348397),.PIECEWISE_BEZIER_KNOTS.) CURVE() 
GEOMETRIC_REPRESENTATION_ITEM() RATIONAL_B_SPLINE_CURVE((1.087403030057,
1.,1.,1.)) REPRESENTATION_ITEM('') );
#1499 = CARTESIAN_POINT('',(411.03684667418,327.3,2.));
#1500 = CARTESIAN_POINT('',(413.08304063375,327.3,-60.07265881471));
#1501 = CARTESIAN_POINT('',(375.93511909295,327.3,-60.07265881471));
#1502 = CARTESIAN_POINT('',(366.9,327.3,1.000000000069));
#1503 = AXIS1_PLACEMENT('',#1504,#1505);
#1504 = CARTESIAN_POINT('',(167.4,327.3,1.000000000069));
#1505 = DIRECTION('',(0.,9.279379077392E-19,1.));
#1506 = ADVANCED_FACE('',(#1507),#1544,.F.);
#1507 = FACE_BOUND('',#1508,.F.);
#1508 = EDGE_LOOP('',(#1509,#1517,#1518,#1519));
#1509 = ORIENTED_EDGE('',*,*,#1510,.T.);
#1510 = EDGE_CURVE('',#1511,#534,#1513,.T.);
#1511 = VERTEX_POINT('',#1512);
#1512 = CARTESIAN_POINT('',(167.4,573.07701370713,-1.02537686741));
#1513 = ( BOUNDED_CURVE() B_SPLINE_CURVE(2,(#1514,#1515,#1516),
.UNSPECIFIED.,.F.,.F.) B_SPLINE_CURVE_WITH_KNOTS((3,3),(0.,
386.0054270673),.PIECEWISE_BEZIER_KNOTS.) CURVE() 
GEOMETRIC_REPRESENTATION_ITEM() RATIONAL_B_SPLINE_CURVE((1.,
0.698077048967,1.)) REPRESENTATION_ITEM('') );
#1514 = CARTESIAN_POINT('',(167.4,573.07701370713,-1.02537686741));
#1515 = CARTESIAN_POINT('',(167.39898791915,573.05100415529,
    -7.316146765014E-15));
#1516 = CARTESIAN_POINT('',(167.43886994373,574.07593569712,
    -7.591136329026E-15));
#1517 = ORIENTED_EDGE('',*,*,#553,.T.);
#1518 = ORIENTED_EDGE('',*,*,#1225,.F.);
#1519 = ORIENTED_EDGE('',*,*,#1520,.F.);
#1520 = EDGE_CURVE('',#1511,#1217,#1521,.T.);
#1521 = B_SPLINE_CURVE_WITH_KNOTS('',11,(#1522,#1523,#1524,#1525,#1526,
    #1527,#1528,#1529,#1530,#1531,#1532,#1533,#1534,#1535,#1536,#1537,
    #1538,#1539,#1540,#1541,#1542,#1543),.UNSPECIFIED.,.F.,.F.,(12,10,12
    ),(713.30413755906,880.71895443637,934.6186210249),.UNSPECIFIED.);
#1522 = CARTESIAN_POINT('',(167.4,573.07701370713,-1.02537686741));
#1523 = CARTESIAN_POINT('',(152.17215883955,573.07701270719,
    -1.025337443347));
#1524 = CARTESIAN_POINT('',(137.01214866335,573.07701359826,
    -1.025372588296));
#1525 = CARTESIAN_POINT('',(121.74145303199,573.07701303207,
    -1.025350223956));
#1526 = CARTESIAN_POINT('',(106.55913957062,573.07701342038,
    -1.025365612496));
#1527 = CARTESIAN_POINT('',(91.305396778447,573.07701311764,
    -1.025353566776));
#1528 = CARTESIAN_POINT('',(76.107939009388,573.07701330332,
    -1.025361005271));
#1529 = CARTESIAN_POINT('',(60.874875057397,573.07701319969,
    -1.02535682102));
#1530 = CARTESIAN_POINT('',(45.660307198436,573.07701323657,
    -1.025358339205));
#1531 = CARTESIAN_POINT('',(30.439100171984,573.07701322543,
    -1.025357868328));
#1532 = CARTESIAN_POINT('',(15.219620009895,573.07701322572,
    -1.025357890836));
#1533 = CARTESIAN_POINT('',(-4.899999052883,573.07701322509,
    -1.025357863201));
#1534 = CARTESIAN_POINT('',(-9.799998919098,573.07701322493,
    -1.02535785647));
#1535 = CARTESIAN_POINT('',(-14.69999959864,573.07701322477,
    -1.02535784974));
#1536 = CARTESIAN_POINT('',(-19.60000109152,573.07701322461,
    -1.02535784301));
#1537 = CARTESIAN_POINT('',(-24.50000339773,573.07701322444,
    -1.025357836279));
#1538 = CARTESIAN_POINT('',(-29.40000651728,573.07701322427,
    -1.025357829549));
#1539 = CARTESIAN_POINT('',(-34.30001045015,573.0770132241,
    -1.025357822818));
#1540 = CARTESIAN_POINT('',(-39.20001519636,573.07701322392,
    -1.025357816088));
#1541 = CARTESIAN_POINT('',(-44.1000207559,573.07701322374,
    -1.025357809358));
#1542 = CARTESIAN_POINT('',(-49.00002712877,573.07701322355,
    -1.025357802627));
#1543 = CARTESIAN_POINT('',(-53.90003431498,573.07701322337,
    -1.025357795897));
#1544 = ( BOUNDED_SURFACE() B_SPLINE_SURFACE(2,11,(
    (#1545,#1546,#1547,#1548,#1549,#1550,#1551,#1552,#1553,#1554,#1555
      ,#1556,#1557,#1558,#1559,#1560,#1561,#1562,#1563,#1564,#1565,#1566
      )
    ,(#1567,#1568,#1569,#1570,#1571,#1572,#1573,#1574,#1575,#1576,#1577
      ,#1578,#1579,#1580,#1581,#1582,#1583,#1584,#1585,#1586,#1587,#1588
      )
    ,(#1589,#1590,#1591,#1592,#1593,#1594,#1595,#1596,#1597,#1598,#1599
      ,#1600,#1601,#1602,#1603,#1604,#1605,#1606,#1607,#1608,#1609,#1610
)),.UNSPECIFIED.,.F.,.F.,.F.) B_SPLINE_SURFACE_WITH_KNOTS((3,3),(12,10,
    12),(0.,167.4148168773),(713.30413755906,880.71895443637,
934.6186210249),.UNSPECIFIED.) GEOMETRIC_REPRESENTATION_ITEM() 
RATIONAL_B_SPLINE_SURFACE((
    (1.,1.,1.,1.,1.,1.,1.,1.,1.,1.,1.,1.,1.,1.,1.,1.,1.,1.,1.,1.,1.,1.)
    ,(0.698077048967,0.698091167775,0.698078581183,0.698086591153
      ,0.698081078916,0.698085394255,0.698082729034,0.698084228371
      ,0.698083684283,0.698083853028,0.698083844951,0.698083854848
      ,0.698083856776,0.698083858223,0.698083859187,0.698083859669
      ,0.698083859669,0.698083859187,0.698083858223,0.698083856776
      ,0.698083854848,0.698083852438)
    ,(1.,1.,1.,1.,1.,1.,1.,1.,1.,1.,1.,1.,1.,1.,1.,1.,1.,1.,1.,1.,1.,1.
))) REPRESENTATION_ITEM('') SURFACE() );
#1545 = CARTESIAN_POINT('',(167.4,573.07701370713,-1.02537686741));
#1546 = CARTESIAN_POINT('',(152.17215883955,573.07701270719,
    -1.025337443347));
#1547 = CARTESIAN_POINT('',(137.01214866335,573.07701359826,
    -1.025372588296));
#1548 = CARTESIAN_POINT('',(121.74145303199,573.07701303207,
    -1.025350223956));
#1549 = CARTESIAN_POINT('',(106.55913957062,573.07701342038,
    -1.025365612496));
#1550 = CARTESIAN_POINT('',(91.305396778447,573.07701311764,
    -1.025353566776));
#1551 = CARTESIAN_POINT('',(76.107939009388,573.07701330332,
    -1.025361005271));
#1552 = CARTESIAN_POINT('',(60.874875057397,573.07701319969,
    -1.02535682102));
#1553 = CARTESIAN_POINT('',(45.660307198436,573.07701323657,
    -1.025358339205));
#1554 = CARTESIAN_POINT('',(30.439100171984,573.07701322543,
    -1.025357868328));
#1555 = CARTESIAN_POINT('',(15.219620009895,573.07701322572,
    -1.025357890836));
#1556 = CARTESIAN_POINT('',(-4.899999052883,573.07701322509,
    -1.025357863201));
#1557 = CARTESIAN_POINT('',(-9.799998919098,573.07701322493,
    -1.02535785647));
#1558 = CARTESIAN_POINT('',(-14.69999959864,573.07701322477,
    -1.02535784974));
#1559 = CARTESIAN_POINT('',(-19.60000109152,573.07701322461,
    -1.02535784301));
#1560 = CARTESIAN_POINT('',(-24.50000339773,573.07701322444,
    -1.025357836279));
#1561 = CARTESIAN_POINT('',(-29.40000651728,573.07701322427,
    -1.025357829549));
#1562 = CARTESIAN_POINT('',(-34.30001045015,573.0770132241,
    -1.025357822818));
#1563 = CARTESIAN_POINT('',(-39.20001519636,573.07701322392,
    -1.025357816088));
#1564 = CARTESIAN_POINT('',(-44.1000207559,573.07701322374,
    -1.025357809358));
#1565 = CARTESIAN_POINT('',(-49.00002712877,573.07701322355,
    -1.025357802627));
#1566 = CARTESIAN_POINT('',(-53.90003431498,573.07701322337,
    -1.025357795897));
#1567 = CARTESIAN_POINT('',(167.39898791915,573.05100415529,
    -7.427169067476E-15));
#1568 = CARTESIAN_POINT('',(152.17250321155,573.0510038522,
    4.554143400617E-16));
#1569 = CARTESIAN_POINT('',(137.01184001088,573.05100412239,
    -3.429456627071E-14));
#1570 = CARTESIAN_POINT('',(121.74240992019,573.05100395046,
    3.420619431049E-14));
#1571 = CARTESIAN_POINT('',(106.55875146318,573.05100406875,
    -3.595990081956E-14));
#1572 = CARTESIAN_POINT('',(91.306125569589,573.05100397617,
    -2.807731736528E-14));
#1573 = CARTESIAN_POINT('',(76.10774069283,573.05100403334,
    7.017742032674E-14));
#1574 = CARTESIAN_POINT('',(60.875166024865,573.05100400117,
    -1.045716837564E-13));
#1575 = CARTESIAN_POINT('',(45.660347177448,573.05100401285,
    6.129563612519E-14));
#1576 = CARTESIAN_POINT('',(30.439182864187,573.05100400922,
    -3.44055885983E-14));
#1577 = CARTESIAN_POINT('',(15.219677734823,573.0510040094,
    -3.097299303833E-15));
#1578 = CARTESIAN_POINT('',(-4.899957956382,573.05100400918,
    -7.793819030609E-15));
#1579 = CARTESIAN_POINT('',(-9.799960989897,573.05100400913,
    -8.937625074683E-15));
#1580 = CARTESIAN_POINT('',(-14.699964017,573.05100400908,
    -1.008143111726E-14));
#1581 = CARTESIAN_POINT('',(-19.59996704785,573.05100400903,
    -1.122523716071E-14));
#1582 = CARTESIAN_POINT('',(-24.49997009259,573.05100400898,
    -1.236904320741E-14));
#1583 = CARTESIAN_POINT('',(-29.39997316138,573.05100400893,
    -1.351284925971E-14));
#1584 = CARTESIAN_POINT('',(-34.29997626436,573.05100400887,
    -1.465665532E-14));
#1585 = CARTESIAN_POINT('',(-39.19997941169,573.05100400882,
    -1.580046139065E-14));
#1586 = CARTESIAN_POINT('',(-44.09998261353,573.05100400877,
    -1.694426747401E-14));
#1587 = CARTESIAN_POINT('',(-48.99998588001,573.05100400872,
    -1.808807357247E-14));
#1588 = CARTESIAN_POINT('',(-53.89998922129,573.05100400867,
    -1.923187968838E-14));
#1589 = CARTESIAN_POINT('',(167.43886994373,574.07593569712,
    -7.591136329026E-15));
#1590 = CARTESIAN_POINT('',(152.17082235951,574.0775002067,
    -2.229827429221E-14));
#1591 = CARTESIAN_POINT('',(137.00075633098,574.07610973967,
    5.364067184651E-14));
#1592 = CARTESIAN_POINT('',(121.73063277815,574.07698530298,
    -1.6052115519E-13));
#1593 = CARTESIAN_POINT('',(106.54936087406,574.07639485259,
    2.619185745736E-13));
#1594 = CARTESIAN_POINT('',(91.298720314152,574.0768482986,
    -3.60472352347E-13));
#1595 = CARTESIAN_POINT('',(76.10169753422,574.07657518065,
    3.387460479183E-13));
#1596 = CARTESIAN_POINT('',(60.870574066301,574.07672685438,
    -2.614404855159E-13));
#1597 = CARTESIAN_POINT('',(45.656636888179,574.07667316024,
    1.285808511132E-13));
#1598 = CARTESIAN_POINT('',(30.436295247894,574.0766899506,
    -5.893581401789E-14));
#1599 = CARTESIAN_POINT('',(15.217407599008,574.0766893294,
    3.902809038048E-15));
#1600 = CARTESIAN_POINT('',(-4.901577967169,574.07669042779,
    -1.121411364068E-14));
#1601 = CARTESIAN_POINT('',(-9.801454406286,574.0766906953,
    -1.48957631464E-14));
#1602 = CARTESIAN_POINT('',(-14.70136251551,574.07669096281,
    -1.857743644829E-14));
#1603 = CARTESIAN_POINT('',(-19.60130229484,574.07669123031,
    -2.225913354633E-14));
#1604 = CARTESIAN_POINT('',(-24.50127374427,574.07669149781,
    -2.594085444053E-14));
#1605 = CARTESIAN_POINT('',(-29.40127686382,574.07669176531,
    -2.962259913089E-14));
#1606 = CARTESIAN_POINT('',(-34.30131165347,574.07669203281,
    -3.33043676174E-14));
#1607 = CARTESIAN_POINT('',(-39.20137811323,574.0766923003,
    -3.698615990007E-14));
#1608 = CARTESIAN_POINT('',(-44.10147624309,574.0766925678,
    -4.066797597891E-14));
#1609 = CARTESIAN_POINT('',(-49.00160604306,574.07669283529,
    -4.434981585389E-14));
#1610 = CARTESIAN_POINT('',(-53.90176751314,574.07669310278,
    -4.803167952504E-14));
#1611 = ADVANCED_FACE('',(#1612),#1635,.F.);
#1612 = FACE_BOUND('',#1613,.F.);
#1613 = EDGE_LOOP('',(#1614,#1615,#1616,#1617));
#1614 = ORIENTED_EDGE('',*,*,#685,.T.);
#1615 = ORIENTED_EDGE('',*,*,#533,.T.);
#1616 = ORIENTED_EDGE('',*,*,#1510,.F.);
#1617 = ORIENTED_EDGE('',*,*,#1618,.F.);
#1618 = EDGE_CURVE('',#686,#1511,#1619,.T.);
#1619 = ( BOUNDED_CURVE() B_SPLINE_CURVE(14,(#1620,#1621,#1622,#1623,
    #1624,#1625,#1626,#1627,#1628,#1629,#1630,#1631,#1632,#1633,#1634),
.UNSPECIFIED.,.F.,.F.) B_SPLINE_CURVE_WITH_KNOTS((15,15),(
327.29871049176,713.30413755906),.PIECEWISE_BEZIER_KNOTS.) CURVE() 
GEOMETRIC_REPRESENTATION_ITEM() RATIONAL_B_SPLINE_CURVE((1.,1.,1.,
    1.000000000001,0.999999999997,1.000000000006,0.99999999999,
    1.000000000011,0.999999999989,1.000000000008,0.999999999995,
1.000000000003,0.999999999999,1.,1.)) REPRESENTATION_ITEM('') );
#1620 = CARTESIAN_POINT('',(413.17701458406,327.3,-1.025411438643));
#1621 = CARTESIAN_POINT('',(413.17701143974,354.9906436353,
    -1.02528747936));
#1622 = CARTESIAN_POINT('',(409.81732013356,382.68417731704,
    -1.025418134028));
#1623 = CARTESIAN_POINT('',(403.09588285796,410.1532546773,
    -1.025329591082));
#1624 = CARTESIAN_POINT('',(392.95765372213,435.97649470426,
    -1.025379766039));
#1625 = CARTESIAN_POINT('',(380.1987714006,460.84001280662,
    -1.025327415865));
#1626 = CARTESIAN_POINT('',(364.05819145587,484.1042891718,
    -1.025396920009));
#1627 = CARTESIAN_POINT('',(345.41616069166,505.25254248277,
    -1.025319059864));
#1628 = CARTESIAN_POINT('',(324.18354699211,524.01931564768,
    -1.025386611613));
#1629 = CARTESIAN_POINT('',(300.9505831782,540.04681118975,
    -1.025341907312));
#1630 = CARTESIAN_POINT('',(276.03569414734,553.03682671875,
    -1.025364966279));
#1631 = CARTESIAN_POINT('',(249.92284021832,563.02807812004,
    -1.025351831231));
#1632 = CARTESIAN_POINT('',(222.68685193993,569.74244273248,
    -1.025371174855));
#1633 = CARTESIAN_POINT('',(194.98687483443,573.07701273004,
    -1.025338347691));
#1634 = CARTESIAN_POINT('',(167.4,573.07701370713,-1.02537686741));
#1635 = ( BOUNDED_SURFACE() B_SPLINE_SURFACE(2,14,(
    (#1636,#1637,#1638,#1639,#1640,#1641,#1642,#1643,#1644,#1645,#1646
      ,#1647,#1648,#1649,#1650)
    ,(#1651,#1652,#1653,#1654,#1655,#1656,#1657,#1658,#1659,#1660,#1661
      ,#1662,#1663,#1664,#1665)
    ,(#1666,#1667,#1668,#1669,#1670,#1671,#1672,#1673,#1674,#1675,#1676
      ,#1677,#1678,#1679,#1680
)),.UNSPECIFIED.,.F.,.F.,.F.) B_SPLINE_SURFACE_WITH_KNOTS((3,3),(15,15),
  (0.,386.0054270673),(327.29871049176,713.30413755906),
.PIECEWISE_BEZIER_KNOTS.) GEOMETRIC_REPRESENTATION_ITEM() 
RATIONAL_B_SPLINE_SURFACE((
    (1.,1.,1.,1.000000000001,0.999999999997,1.000000000006,0.99999999999
      ,1.000000000011,0.999999999989,1.000000000008,0.999999999995
      ,1.000000000003,0.999999999999,1.,1.)
    ,(0.698064667977,0.698109061889,0.69806226751,0.698093987101
      ,0.698075996568,0.698094780727,0.698069841345,0.698097775955
      ,0.698073541299,0.69808957921,0.698081306696,0.698086016466
      ,0.698079087258,0.698090843906,0.698077048967)
    ,(1.,1.,1.,1.000000000001,0.999999999997,1.000000000006
      ,0.99999999999,1.000000000011,0.999999999989,1.000000000008
      ,0.999999999995,1.000000000003,0.999999999999,1.,1.
))) REPRESENTATION_ITEM('') SURFACE() );
#1636 = CARTESIAN_POINT('',(413.17701458406,327.3,-1.025411438643));
#1637 = CARTESIAN_POINT('',(413.17701143974,354.9906436353,
    -1.02528747936));
#1638 = CARTESIAN_POINT('',(409.81732013356,382.68417731704,
    -1.025418134028));
#1639 = CARTESIAN_POINT('',(403.09588285796,410.1532546773,
    -1.025329591082));
#1640 = CARTESIAN_POINT('',(392.95765372213,435.97649470426,
    -1.025379766039));
#1641 = CARTESIAN_POINT('',(380.1987714006,460.84001280662,
    -1.025327415865));
#1642 = CARTESIAN_POINT('',(364.05819145587,484.1042891718,
    -1.025396920009));
#1643 = CARTESIAN_POINT('',(345.41616069166,505.25254248277,
    -1.025319059864));
#1644 = CARTESIAN_POINT('',(324.18354699211,524.01931564768,
    -1.025386611613));
#1645 = CARTESIAN_POINT('',(300.9505831782,540.04681118975,
    -1.025341907312));
#1646 = CARTESIAN_POINT('',(276.03569414734,553.03682671875,
    -1.025364966279));
#1647 = CARTESIAN_POINT('',(249.92284021832,563.02807812004,
    -1.025351831231));
#1648 = CARTESIAN_POINT('',(222.68685193993,569.74244273248,
    -1.025371174855));
#1649 = CARTESIAN_POINT('',(194.98687483443,573.07701273004,
    -1.025338347691));
#1650 = CARTESIAN_POINT('',(167.4,573.07701370713,-1.02537686741));
#1651 = CARTESIAN_POINT('',(413.15100442109,327.29830095,
    -4.152611376983E-15));
#1652 = CARTESIAN_POINT('',(413.15119488059,354.98622000332,
    -1.876582889008E-14));
#1653 = CARTESIAN_POINT('',(409.79155990757,382.68293547711,
    7.087284880683E-14));
#1654 = CARTESIAN_POINT('',(403.07039199776,410.14040673575,
    -2.746379997341E-13));
#1655 = CARTESIAN_POINT('',(392.93446370188,435.96889003512,
    6.744535796599E-13));
#1656 = CARTESIAN_POINT('',(380.17522851315,460.8225551334,
    -1.276129745179E-12));
#1657 = CARTESIAN_POINT('',(364.03791817173,484.09112963805,
    1.847542370123E-12));
#1658 = CARTESIAN_POINT('',(345.39734784947,505.23035293829,
    -2.19996679697E-12));
#1659 = CARTESIAN_POINT('',(324.16664095001,524.00120263838,
    2.113198772111E-12));
#1660 = CARTESIAN_POINT('',(300.93659102322,540.02256629782,
    -1.68142776007E-12));
#1661 = CARTESIAN_POINT('',(276.02463355944,553.01366980707,
    1.066816339669E-12));
#1662 = CARTESIAN_POINT('',(249.91342391328,563.00277658188,
    -5.541116950654E-13));
#1663 = CARTESIAN_POINT('',(222.68226539884,569.71679586709,
    1.985560151556E-13));
#1664 = CARTESIAN_POINT('',(194.98342268637,573.05111745641,
    -5.494468936353E-14));
#1665 = CARTESIAN_POINT('',(167.39898791915,573.05100415529,
    -7.316146765014E-15));
#1666 = CARTESIAN_POINT('',(414.1745656344,327.36516257161,
    -4.111086284698E-15));
#1667 = CARTESIAN_POINT('',(414.17212988664,355.0930944238,
    2.067111455497E-17));
#1668 = CARTESIAN_POINT('',(410.80455365729,382.88440241545,
    -2.855839955286E-14));
#1669 = CARTESIAN_POINT('',(404.06440112139,410.46994347646,
    5.672572266945E-14));
#1670 = CARTESIAN_POINT('',(393.88326681979,436.41338975609,
    -1.054904186768E-13));
#1671 = CARTESIAN_POINT('',(381.06530589572,461.38372354468,
    7.735672625679E-14));
#1672 = CARTESIAN_POINT('',(364.85920430284,484.73975869793,
    2.092542998831E-14));
#1673 = CARTESIAN_POINT('',(346.13998465044,505.97863166248,
    -2.128344985447E-13));
#1674 = CARTESIAN_POINT('',(324.82118544379,524.81813363388,
    3.523444055706E-13));
#1675 = CARTESIAN_POINT('',(301.49347078396,540.91369261333,
    -4.088032817566E-13));
#1676 = CARTESIAN_POINT('',(276.4752937069,553.9581346539,
    3.16182221439E-13));
#1677 = CARTESIAN_POINT('',(250.24992617418,563.9909425389,
    -1.983988656609E-13));
#1678 = CARTESIAN_POINT('',(222.9014127648,570.7287906905,
    7.121609761696E-14));
#1679 = CARTESIAN_POINT('',(195.09858315526,574.0731014196,
    -2.640707621024E-14));
#1680 = CARTESIAN_POINT('',(167.43886994373,574.07593569712,
    -7.591136329026E-15));
#1681 = ADVANCED_FACE('',(#1682),#1693,.F.);
#1682 = FACE_BOUND('',#1683,.F.);
#1683 = EDGE_LOOP('',(#1684,#1685,#1686,#1692));
#1684 = ORIENTED_EDGE('',*,*,#612,.T.);
#1685 = ORIENTED_EDGE('',*,*,#815,.T.);
#1686 = ORIENTED_EDGE('',*,*,#1687,.F.);
#1687 = EDGE_CURVE('',#1472,#816,#1688,.T.);
#1688 = ( BOUNDED_CURVE() B_SPLINE_CURVE(2,(#1689,#1690,#1691),
.UNSPECIFIED.,.F.,.F.) B_SPLINE_CURVE_WITH_KNOTS((3,3),(0.,
313.37167878058),.PIECEWISE_BEZIER_KNOTS.) CURVE() 
GEOMETRIC_REPRESENTATION_ITEM() RATIONAL_B_SPLINE_CURVE((1.,
0.758944142743,1.)) REPRESENTATION_ITEM('') );
#1689 = CARTESIAN_POINT('',(167.4,526.92785801876,0.151992423677));
#1690 = CARTESIAN_POINT('',(167.39421731561,526.79758046866,
    1.000000000069));
#1691 = CARTESIAN_POINT('',(167.35617144298,525.94044859975,
    1.000000000069));
#1692 = ORIENTED_EDGE('',*,*,#1480,.F.);
#1693 = ( BOUNDED_SURFACE() B_SPLINE_SURFACE(2,14,(
    (#1694,#1695,#1696,#1697,#1698,#1699,#1700,#1701,#1702,#1703,#1704
      ,#1705,#1706,#1707,#1708)
    ,(#1709,#1710,#1711,#1712,#1713,#1714,#1715,#1716,#1717,#1718,#1719
      ,#1720,#1721,#1722,#1723)
    ,(#1724,#1725,#1726,#1727,#1728,#1729,#1730,#1731,#1732,#1733,#1734
      ,#1735,#1736,#1737,#1738
)),.UNSPECIFIED.,.F.,.F.,.F.) B_SPLINE_SURFACE_WITH_KNOTS((3,3),(15,15),
  (0.,313.37167878058),(327.29183906977,640.66351785036),
.PIECEWISE_BEZIER_KNOTS.) GEOMETRIC_REPRESENTATION_ITEM() 
RATIONAL_B_SPLINE_SURFACE((
    (1.,1.,1.000000000002,0.999999999993,1.000000000014,0.999999999977
      ,1.000000000031,0.999999999966,1.00000000003,0.999999999978
      ,1.000000000013,0.999999999994,1.000000000002,1.,1.)
    ,(0.759010801169,0.758746099122,0.759025198424,0.758835827941
      ,0.758943449645,0.758830990412,0.758980685932,0.758811848286
      ,0.758960088416,0.758860035796,0.758913625201,0.758880763509
      ,0.7589306227,0.758846929231,0.758944142743)
    ,(1.,1.,1.000000000002,0.999999999993,1.000000000014,0.999999999977
      ,1.000000000031,0.999999999966,1.00000000003,0.999999999978
      ,1.000000000013,0.999999999994,1.000000000002,1.,1.
))) REPRESENTATION_ITEM('') SURFACE() );
#1694 = CARTESIAN_POINT('',(367.0278269294,327.3,0.152194792652));
#1695 = CARTESIAN_POINT('',(367.02795039084,349.79372097173,0.1513911458
    ));
#1696 = CARTESIAN_POINT('',(364.29837321479,372.27711408871,
    0.152238764651));
#1697 = CARTESIAN_POINT('',(358.84276237394,394.61882215764,
    0.151662887757));
#1698 = CARTESIAN_POINT('',(350.59137687428,415.56767701405,
    0.151991751701));
#1699 = CARTESIAN_POINT('',(340.24951757997,435.76469887844,
    0.151646726203));
#1700 = CARTESIAN_POINT('',(327.12886350567,454.65722736844,
    0.152106016716));
#1701 = CARTESIAN_POINT('',(311.99521362259,471.83952907065,
    0.151588299363));
#1702 = CARTESIAN_POINT('',(294.74583881704,487.0756550434,
    0.152042698878));
#1703 = CARTESIAN_POINT('',(275.87707059195,500.10129965572,
    0.151736024168));
#1704 = CARTESIAN_POINT('',(255.64464357656,510.63401750012,
    0.151900262143));
#1705 = CARTESIAN_POINT('',(234.45835779546,518.76304531261,
    0.151799858638));
#1706 = CARTESIAN_POINT('',(212.31364060962,524.21808603983,
    0.151951426447));
#1707 = CARTESIAN_POINT('',(189.81244364661,526.9279033572,
    0.151697305174));
#1708 = CARTESIAN_POINT('',(167.4,526.92785801876,0.151992423677));
#1709 = CARTESIAN_POINT('',(366.89758163111,327.29105053613,
    1.000000000069));
#1710 = CARTESIAN_POINT('',(366.89858577576,349.78829496872,
    1.000000000069));
#1711 = CARTESIAN_POINT('',(364.16946620085,372.23351061229,
    1.000000000069));
#1712 = CARTESIAN_POINT('',(358.7180450856,394.59823762324,
    1.000000000067));
#1713 = CARTESIAN_POINT('',(350.46638250704,415.49385001195,
    1.000000000073));
#1714 = CARTESIAN_POINT('',(340.14166185638,435.70876187952,
    1.000000000061));
#1715 = CARTESIAN_POINT('',(327.02083899485,454.55931050352,
    1.00000000008));
#1716 = CARTESIAN_POINT('',(311.90214169793,471.75955460311,
    1.000000000055));
#1717 = CARTESIAN_POINT('',(294.662806232,486.95964742041,1.000000000082
    ));
#1718 = CARTESIAN_POINT('',(275.80683840031,499.99591142429,
    1.000000000059));
#1719 = CARTESIAN_POINT('',(255.58474088047,510.51011628043,
    1.000000000074));
#1720 = CARTESIAN_POINT('',(234.42089475454,518.63868277732,
    1.000000000067));
#1721 = CARTESIAN_POINT('',(212.28057893125,524.08931795567,
    1.000000000069));
#1722 = CARTESIAN_POINT('',(189.80078587633,526.79822808465,
    1.000000000069));
#1723 = CARTESIAN_POINT('',(167.39421731561,526.79758046866,
    1.000000000069));
#1724 = CARTESIAN_POINT('',(366.04180137691,327.2322478418,
    1.000000000069));
#1725 = CARTESIAN_POINT('',(366.04407057564,349.69293573052,
    1.000000000069));
#1726 = CARTESIAN_POINT('',(363.32239192472,372.08048636189,
    1.000000000068));
#1727 = CARTESIAN_POINT('',(357.88461327425,394.30632773195,
    1.00000000007));
#1728 = CARTESIAN_POINT('',(349.67581172757,415.13691580659,
    1.000000000067));
#1729 = CARTESIAN_POINT('',(339.39270253869,435.22542376666,
    1.000000000072));
#1730 = CARTESIAN_POINT('',(326.33686638097,454.03120567674,
    1.000000000065));
#1731 = CARTESIAN_POINT('',(311.27945480265,471.11946264367,
    1.000000000073));
#1732 = CARTESIAN_POINT('',(294.11549326861,486.28738218777,
    1.000000000065));
#1733 = CARTESIAN_POINT('',(275.3402833781,499.2432708026,1.000000000071
    ));
#1734 = CARTESIAN_POINT('',(255.21028663417,509.72295950127,
    1.000000000067));
#1735 = CARTESIAN_POINT('',(234.13618222524,517.8103481783,
    1.000000000069));
#1736 = CARTESIAN_POINT('',(212.10296243771,523.24290676329,
    1.000000000069));
#1737 = CARTESIAN_POINT('',(189.7022592888,525.94339387327,
    1.000000000069));
#1738 = CARTESIAN_POINT('',(167.35617144298,525.94044859975,
    1.000000000069));
#1739 = ADVANCED_FACE('',(#1740),#1772,.F.);
#1740 = FACE_BOUND('',#1741,.F.);
#1741 = EDGE_LOOP('',(#1742,#1743,#1744,#1745));
#1742 = ORIENTED_EDGE('',*,*,#1687,.T.);
#1743 = ORIENTED_EDGE('',*,*,#835,.T.);
#1744 = ORIENTED_EDGE('',*,*,#1156,.F.);
#1745 = ORIENTED_EDGE('',*,*,#1746,.F.);
#1746 = EDGE_CURVE('',#1472,#1148,#1747,.T.);
#1747 = B_SPLINE_CURVE_WITH_KNOTS('',12,(#1748,#1749,#1750,#1751,#1752,
    #1753,#1754,#1755,#1756,#1757,#1758,#1759,#1760,#1761,#1762,#1763,
    #1764,#1765,#1766,#1767,#1768,#1769,#1770,#1771),.UNSPECIFIED.,.F.,
  .F.,(13,11,13),(640.66351785036,808.07564480488,857.52806720598),
  .UNSPECIFIED.);
#1748 = CARTESIAN_POINT('',(167.4,526.92785801876,0.151992423677));
#1749 = CARTESIAN_POINT('',(153.43107218904,526.92790015055,
    0.151718178329));
#1750 = CARTESIAN_POINT('',(139.54101893291,526.9278698439,0.15191545234
    ));
#1751 = CARTESIAN_POINT('',(125.55106861775,526.92788326015,
    0.15182812044));
#1752 = CARTESIAN_POINT('',(111.62193675088,526.92787626609,
    0.15187364957));
#1753 = CARTESIAN_POINT('',(97.649693840543,526.9278814033,
    0.151840207332));
#1754 = CARTESIAN_POINT('',(83.71174523156,526.9278788749,0.151856666669
    ));
#1755 = CARTESIAN_POINT('',(69.751147595279,526.92788047312,
    0.151846264611));
#1756 = CARTESIAN_POINT('',(55.80422243793,526.92787998068,
    0.151849466975));
#1757 = CARTESIAN_POINT('',(41.851313433574,526.92788023181,
    0.151847835591));
#1758 = CARTESIAN_POINT('',(27.90057358855,526.92788023413,0.1518478183)
  );
#1759 = CARTESIAN_POINT('',(13.949432313107,526.92788026477,
    0.151847619791));
#1760 = CARTESIAN_POINT('',(-4.122669817285,526.92788028654,
    0.151847477811));
#1761 = CARTESIAN_POINT('',(-8.243741927416,526.92788029151,
    0.151847445434));
#1762 = CARTESIAN_POINT('',(-12.36483809771,526.92788029648,
    0.151847413057));
#1763 = CARTESIAN_POINT('',(-16.48595832818,526.92788030145,
    0.151847380681));
#1764 = CARTESIAN_POINT('',(-20.60710261882,526.92788030642,
    0.151847348304));
#1765 = CARTESIAN_POINT('',(-24.72827096963,526.92788031139,
    0.151847315926));
#1766 = CARTESIAN_POINT('',(-28.8494633806,526.92788031637,
    0.151847283549));
#1767 = CARTESIAN_POINT('',(-32.97067985175,526.92788032134,
    0.151847251171));
#1768 = CARTESIAN_POINT('',(-37.09192038306,526.92788032632,
    0.151847218793));
#1769 = CARTESIAN_POINT('',(-41.21318497455,526.9278803313,
    0.151847186416));
#1770 = CARTESIAN_POINT('',(-45.3344736262,526.92788033628,
    0.151847154037));
#1771 = CARTESIAN_POINT('',(-49.45578633803,526.92788034127,
    0.151847121659));
#1772 = ( BOUNDED_SURFACE() B_SPLINE_SURFACE(2,12,(
    (#1773,#1774,#1775,#1776,#1777,#1778,#1779,#1780,#1781,#1782,#1783
      ,#1784,#1785,#1786,#1787,#1788,#1789,#1790,#1791,#1792,#1793,#1794
      ,#1795,#1796)
    ,(#1797,#1798,#1799,#1800,#1801,#1802,#1803,#1804,#1805,#1806,#1807
      ,#1808,#1809,#1810,#1811,#1812,#1813,#1814,#1815,#1816,#1817,#1818
      ,#1819,#1820)
    ,(#1821,#1822,#1823,#1824,#1825,#1826,#1827,#1828,#1829,#1830,#1831
      ,#1832,#1833,#1834,#1835,#1836,#1837,#1838,#1839,#1840,#1841,#1842
      ,#1843,#1844
)),.UNSPECIFIED.,.F.,.F.,.F.) B_SPLINE_SURFACE_WITH_KNOTS((3,3),(13,11,
    13),(0.,167.41212695452),(640.66351785036,808.07564480488,
857.52806720598),.UNSPECIFIED.) GEOMETRIC_REPRESENTATION_ITEM() 
RATIONAL_B_SPLINE_SURFACE((
    (1.,1.,1.,1.,1.,1.,1.,1.,1.,1.,1.,1.,1.,1.,1.,1.,1.,1.,1.,1.,1.,1.
      ,1.,1.)
    ,(0.758944142743,0.758853804953,0.758918777722,0.758890038577
      ,0.758904986343,0.758894036026,0.758899390983,0.758896016005
      ,0.758897041348,0.758896515951,0.758896507103,0.758896442119
      ,0.758896395347,0.758896386621,0.758896379834,0.758896374986
      ,0.758896372077,0.758896371107,0.758896372077,0.758896374986
      ,0.758896379834,0.758896386621,0.758896395347,0.758896406013)
    ,(1.,1.,1.,1.,1.,1.,1.,1.,1.,1.,1.,1.,1.,1.,1.,1.,1.,1.,1.,1.,1.,1.
,1.,1.))) REPRESENTATION_ITEM('') SURFACE() );
#1773 = CARTESIAN_POINT('',(167.4,526.92785801876,0.151992423677));
#1774 = CARTESIAN_POINT('',(153.43107218904,526.92790015055,
    0.151718178329));
#1775 = CARTESIAN_POINT('',(139.54101893291,526.9278698439,0.15191545234
    ));
#1776 = CARTESIAN_POINT('',(125.55106861775,526.92788326015,
    0.15182812044));
#1777 = CARTESIAN_POINT('',(111.62193675088,526.92787626609,
    0.15187364957));
#1778 = CARTESIAN_POINT('',(97.649693840543,526.9278814033,
    0.151840207332));
#1779 = CARTESIAN_POINT('',(83.71174523156,526.9278788749,0.151856666669
    ));
#1780 = CARTESIAN_POINT('',(69.751147595279,526.92788047312,
    0.151846264611));
#1781 = CARTESIAN_POINT('',(55.80422243793,526.92787998068,
    0.151849466975));
#1782 = CARTESIAN_POINT('',(41.851313433574,526.92788023181,
    0.151847835591));
#1783 = CARTESIAN_POINT('',(27.90057358855,526.92788023413,0.1518478183)
  );
#1784 = CARTESIAN_POINT('',(13.949432313107,526.92788026477,
    0.151847619791));
#1785 = CARTESIAN_POINT('',(-4.122669817285,526.92788028654,
    0.151847477811));
#1786 = CARTESIAN_POINT('',(-8.243741927416,526.92788029151,
    0.151847445434));
#1787 = CARTESIAN_POINT('',(-12.36483809771,526.92788029648,
    0.151847413057));
#1788 = CARTESIAN_POINT('',(-16.48595832818,526.92788030145,
    0.151847380681));
#1789 = CARTESIAN_POINT('',(-20.60710261882,526.92788030642,
    0.151847348304));
#1790 = CARTESIAN_POINT('',(-24.72827096963,526.92788031139,
    0.151847315926));
#1791 = CARTESIAN_POINT('',(-28.8494633806,526.92788031637,
    0.151847283549));
#1792 = CARTESIAN_POINT('',(-32.97067985175,526.92788032134,
    0.151847251171));
#1793 = CARTESIAN_POINT('',(-37.09192038306,526.92788032632,
    0.151847218793));
#1794 = CARTESIAN_POINT('',(-41.21318497455,526.9278803313,
    0.151847186416));
#1795 = CARTESIAN_POINT('',(-45.3344736262,526.92788033628,
    0.151847154037));
#1796 = CARTESIAN_POINT('',(-49.45578633803,526.92788034127,
    0.151847121659));
#1797 = CARTESIAN_POINT('',(167.39421731561,526.79758046866,
    1.000000000069));
#1798 = CARTESIAN_POINT('',(153.42909250691,526.79757889295,
    1.000000000069));
#1799 = CARTESIAN_POINT('',(139.54508651722,526.79758002631,
    1.000000000069));
#1800 = CARTESIAN_POINT('',(125.55031461158,526.79757952494,
    1.000000000069));
#1801 = CARTESIAN_POINT('',(111.62527844715,526.7975797858,
    1.000000000069));
#1802 = CARTESIAN_POINT('',(97.649119070191,526.79757959468,
    1.000000000069));
#1803 = CARTESIAN_POINT('',(83.713782895517,526.79757968814,
    1.000000000068));
#1804 = CARTESIAN_POINT('',(69.751184627683,526.79757962928,
    1.000000000069));
#1805 = CARTESIAN_POINT('',(55.805045497986,526.79757964713,
    1.000000000068));
#1806 = CARTESIAN_POINT('',(41.851675988574,526.79757963799,
    1.000000000069));
#1807 = CARTESIAN_POINT('',(27.900929709137,526.79757963783,
    1.000000000069));
#1808 = CARTESIAN_POINT('',(13.94970450357,526.79757963669,
    1.000000000069));
#1809 = CARTESIAN_POINT('',(-4.12247352355,526.79757963588,
    1.000000000069));
#1810 = CARTESIAN_POINT('',(-8.243560059689,526.79757963569,
    1.000000000069));
#1811 = CARTESIAN_POINT('',(-12.36466754733,526.79757963551,
    1.000000000069));
#1812 = CARTESIAN_POINT('',(-16.48579595489,526.79757963532,
    1.000000000069));
#1813 = CARTESIAN_POINT('',(-20.60694525077,526.79757963513,
    1.000000000069));
#1814 = CARTESIAN_POINT('',(-24.72811540338,526.79757963495,
    1.000000000069));
#1815 = CARTESIAN_POINT('',(-28.84930638113,526.79757963476,
    1.000000000069));
#1816 = CARTESIAN_POINT('',(-32.97051815243,526.79757963458,
    1.000000000069));
#1817 = CARTESIAN_POINT('',(-37.09175068568,526.79757963439,
    1.000000000069));
#1818 = CARTESIAN_POINT('',(-41.21300394929,526.7975796342,
    1.000000000069));
#1819 = CARTESIAN_POINT('',(-45.33427791166,526.79757963402,
    1.000000000069));
#1820 = CARTESIAN_POINT('',(-49.45557254121,526.79757963383,
    1.000000000069));
#1821 = CARTESIAN_POINT('',(167.35617144298,525.94044859975,
    1.000000000069));
#1822 = CARTESIAN_POINT('',(153.42859787199,525.93861290877,
    1.000000000069));
#1823 = CARTESIAN_POINT('',(139.55162650124,525.9399270471,
    1.000000000068));
#1824 = CARTESIAN_POINT('',(125.56287957653,525.93935999924,
    1.00000000007));
#1825 = CARTESIAN_POINT('',(111.6330318424,525.93963409255,
    1.000000000067));
#1826 = CARTESIAN_POINT('',(97.657606473746,525.93945073386,
    1.000000000072));
#1827 = CARTESIAN_POINT('',(83.719084724863,525.93951973962,
    1.000000000066));
#1828 = CARTESIAN_POINT('',(69.75614718039,525.93948183894,
    1.000000000071));
#1829 = CARTESIAN_POINT('',(55.808642864982,525.9394850869,
    1.000000000067));
#1830 = CARTESIAN_POINT('',(41.854610573344,525.93948155012,
    1.000000000069));
#1831 = CARTESIAN_POINT('',(27.903217396147,525.93947949309,
    1.000000000068));
#1832 = CARTESIAN_POINT('',(13.951502062581,525.9394784147,
    1.000000000069));
#1833 = CARTESIAN_POINT('',(-4.121180380892,525.93947746249,
    1.000000000069));
#1834 = CARTESIAN_POINT('',(-8.242360761785,525.93947724536,
    1.000000000069));
#1835 = CARTESIAN_POINT('',(-12.36354114267,525.93947702822,
    1.000000000069));
#1836 = CARTESIAN_POINT('',(-16.48472152356,525.93947681109,
    1.000000000069));
#1837 = CARTESIAN_POINT('',(-20.60590190446,525.93947659396,
    1.000000000069));
#1838 = CARTESIAN_POINT('',(-24.72708228535,525.93947637683,
    1.000000000069));
#1839 = CARTESIAN_POINT('',(-28.84826266624,525.9394761597,
    1.000000000069));
#1840 = CARTESIAN_POINT('',(-32.96944304713,525.93947594258,
    1.000000000069));
#1841 = CARTESIAN_POINT('',(-37.09062342803,525.93947572545,
    1.000000000069));
#1842 = CARTESIAN_POINT('',(-41.21180380892,525.93947550833,
    1.000000000069));
#1843 = CARTESIAN_POINT('',(-45.33298418981,525.93947529121,
    1.000000000069));
#1844 = CARTESIAN_POINT('',(-49.4541645707,525.93947507409,
    1.000000000069));
#1845 = ADVANCED_FACE('',(#1846),#1857,.F.);
#1846 = FACE_BOUND('',#1847,.F.);
#1847 = EDGE_LOOP('',(#1848,#1849,#1855,#1856));
#1848 = ORIENTED_EDGE('',*,*,#790,.F.);
#1849 = ORIENTED_EDGE('',*,*,#1850,.T.);
#1850 = EDGE_CURVE('',#791,#1097,#1851,.T.);
#1851 = LINE('',#1852,#1853);
#1852 = CARTESIAN_POINT('',(167.4,509.17542911429,1.000000000069));
#1853 = VECTOR('',#1854,1.);
#1854 = DIRECTION('',(0.,-9.279379077392E-19,-1.));
#1855 = ORIENTED_EDGE('',*,*,#1105,.T.);
#1856 = ORIENTED_EDGE('',*,*,#1182,.F.);
#1857 = PLANE('',#1858);
#1858 = AXIS2_PLACEMENT_3D('',#1859,#1860,#1861);
#1859 = CARTESIAN_POINT('',(1.071790074643E-15,509.17542911429,
    1.000000000069));
#1860 = DIRECTION('',(0.,1.,2.465190328816E-32));
#1861 = DIRECTION('',(2.22044604925E-16,2.465190328816E-32,-1.));
#1862 = ADVANCED_FACE('',(#1863),#1869,.F.);
#1863 = FACE_BOUND('',#1864,.T.);
#1864 = EDGE_LOOP('',(#1865,#1866,#1867,#1868));
#1865 = ORIENTED_EDGE('',*,*,#798,.T.);
#1866 = ORIENTED_EDGE('',*,*,#1850,.T.);
#1867 = ORIENTED_EDGE('',*,*,#1096,.F.);
#1868 = ORIENTED_EDGE('',*,*,#925,.F.);
#1869 = CYLINDRICAL_SURFACE('',#1870,181.87542911429);
#1870 = AXIS2_PLACEMENT_3D('',#1871,#1872,#1873);
#1871 = CARTESIAN_POINT('',(167.4,327.3,1.000000000069));
#1872 = DIRECTION('',(0.,-9.279379077392E-19,-1.));
#1873 = DIRECTION('',(1.,0.,0.));
#1874 = ADVANCED_FACE('',(#1875),#1906,.T.);
#1875 = FACE_BOUND('',#1876,.T.);
#1876 = EDGE_LOOP('',(#1877,#1878,#1898,#1905));
#1877 = ORIENTED_EDGE('',*,*,#872,.F.);
#1878 = ORIENTED_EDGE('',*,*,#1879,.T.);
#1879 = EDGE_CURVE('',#873,#1880,#1882,.T.);
#1880 = VERTEX_POINT('',#1881);
#1881 = CARTESIAN_POINT('',(167.4,524.30350474129,-1.847244291058));
#1882 = ( BOUNDED_CURVE() B_SPLINE_CURVE(14,(#1883,#1884,#1885,#1886,
    #1887,#1888,#1889,#1890,#1891,#1892,#1893,#1894,#1895,#1896,#1897),
.UNSPECIFIED.,.F.,.F.) B_SPLINE_CURVE_WITH_KNOTS((15,15),(327.2917924578
,636.54089982325),.PIECEWISE_BEZIER_KNOTS.) CURVE() 
GEOMETRIC_REPRESENTATION_ITEM() RATIONAL_B_SPLINE_CURVE((1.,1.,
    1.000000000001,0.999999999996,1.000000000009,0.999999999985,
    1.00000000002,0.999999999979,1.000000000019,0.999999999986,
    1.000000000008,0.999999999996,1.000000000001,1.,1.)) 
REPRESENTATION_ITEM('') );
#1883 = CARTESIAN_POINT('',(364.40347339783,327.3,-1.847041308361));
#1884 = CARTESIAN_POINT('',(364.40359875091,349.49848854392,
    -1.847853108675));
#1885 = CARTESIAN_POINT('',(361.70978693558,371.68566089392,
    -1.846996808089));
#1886 = CARTESIAN_POINT('',(356.32610394854,393.73553742571,
    -1.847578831321));
#1887 = CARTESIAN_POINT('',(348.18211853831,414.40726045692,
    -1.84724591461));
#1888 = CARTESIAN_POINT('',(337.97760717648,434.33886844726,
    -1.847595743367));
#1889 = CARTESIAN_POINT('',(325.02874641347,452.98274809879,
    -1.847129846965));
#1890 = CARTESIAN_POINT('',(310.09459743385,469.93948629426,
    -1.847655239468));
#1891 = CARTESIAN_POINT('',(293.0717637885,484.97480157885,
    -1.847193743563));
#1892 = CARTESIAN_POINT('',(274.45121668249,497.8297273569,
    -1.847505620176));
#1893 = CARTESIAN_POINT('',(254.48505647176,508.22271463585,
    -1.847338207774));
#1894 = CARTESIAN_POINT('',(233.57893781143,516.24581648649,
    -1.847440872952));
#1895 = CARTESIAN_POINT('',(211.72382218206,521.62921970951,
    -1.847285933138));
#1896 = CARTESIAN_POINT('',(189.5183689747,524.30355124026,
    -1.847545420287));
#1897 = CARTESIAN_POINT('',(167.4,524.30350474129,-1.847244291058));
#1898 = ORIENTED_EDGE('',*,*,#1899,.T.);
#1899 = EDGE_CURVE('',#1880,#1511,#1900,.T.);
#1900 = B_SPLINE_CURVE_WITH_KNOTS('',3,(#1901,#1902,#1903,#1904),
  .UNSPECIFIED.,.F.,.F.,(4,4),(0.,426.92048624656),
  .PIECEWISE_BEZIER_KNOTS.);
#1901 = CARTESIAN_POINT('',(167.4,524.17542911429,-0.999999999931));
#1902 = CARTESIAN_POINT('',(167.4,533.16537402023,-61.76730504103));
#1903 = CARTESIAN_POINT('',(167.4,575.08322136368,-61.76730504103));
#1904 = CARTESIAN_POINT('',(167.4,573.0470932376,-2.572964560244E-16));
#1905 = ORIENTED_EDGE('',*,*,#1618,.F.);
#1906 = SURFACE_OF_REVOLUTION('',#1907,#1912);
#1907 = B_SPLINE_CURVE_WITH_KNOTS('',3,(#1908,#1909,#1910,#1911),
  .UNSPECIFIED.,.F.,.F.,(4,4),(0.,426.92048624656),
  .PIECEWISE_BEZIER_KNOTS.);
#1908 = CARTESIAN_POINT('',(364.27542911429,327.3,-0.999999999931));
#1909 = CARTESIAN_POINT('',(373.26537402023,327.3,-61.76730504103));
#1910 = CARTESIAN_POINT('',(415.18322136368,327.3,-61.76730504103));
#1911 = CARTESIAN_POINT('',(413.1470932376,327.3,6.661338147749E-17));
#1912 = AXIS1_PLACEMENT('',#1913,#1914);
#1913 = CARTESIAN_POINT('',(167.4,327.3,1.000000000069));
#1914 = DIRECTION('',(0.,9.279379077392E-19,1.));
#1915 = ADVANCED_FACE('',(#1916),#1927,.T.);
#1916 = FACE_BOUND('',#1917,.T.);
#1917 = EDGE_LOOP('',(#1918,#1919,#1920,#1926));
#1918 = ORIENTED_EDGE('',*,*,#965,.T.);
#1919 = ORIENTED_EDGE('',*,*,#1075,.T.);
#1920 = ORIENTED_EDGE('',*,*,#1921,.F.);
#1921 = EDGE_CURVE('',#1880,#1047,#1922,.T.);
#1922 = ( BOUNDED_CURVE() B_SPLINE_CURVE(2,(#1923,#1924,#1925),
.UNSPECIFIED.,.F.,.F.) B_SPLINE_CURVE_WITH_KNOTS((3,3),(0.,
309.24910736544),.PIECEWISE_BEZIER_KNOTS.) CURVE() 
GEOMETRIC_REPRESENTATION_ITEM() RATIONAL_B_SPLINE_CURVE((1.,
0.759195531096,1.)) REPRESENTATION_ITEM('') );
#1923 = CARTESIAN_POINT('',(167.4,524.30350474129,-1.847244291058));
#1924 = CARTESIAN_POINT('',(167.39414636608,524.17267729894,
    -0.999999999931));
#1925 = CARTESIAN_POINT('',(167.35582613595,523.31622850682,
    -0.999999999931));
#1926 = ORIENTED_EDGE('',*,*,#1879,.F.);
#1927 = ( BOUNDED_SURFACE() B_SPLINE_SURFACE(2,14,(
    (#1928,#1929,#1930,#1931,#1932,#1933,#1934,#1935,#1936,#1937,#1938
      ,#1939,#1940,#1941,#1942)
    ,(#1943,#1944,#1945,#1946,#1947,#1948,#1949,#1950,#1951,#1952,#1953
      ,#1954,#1955,#1956,#1957)
    ,(#1958,#1959,#1960,#1961,#1962,#1963,#1964,#1965,#1966,#1967,#1968
      ,#1969,#1970,#1971,#1972
)),.UNSPECIFIED.,.F.,.F.,.F.) B_SPLINE_SURFACE_WITH_KNOTS((3,3),(15,15),
  (0.,309.24910736544),(327.2917924578,636.54089982325),
.PIECEWISE_BEZIER_KNOTS.) GEOMETRIC_REPRESENTATION_ITEM() 
RATIONAL_B_SPLINE_SURFACE((
    (1.,1.,1.000000000001,0.999999999996,1.000000000009,0.999999999985
      ,1.00000000002,0.999999999979,1.000000000019,0.999999999986
      ,1.000000000008,0.999999999996,1.000000000001,1.,1.)
    ,(0.759262369531,0.758995070522,0.759276934257,0.759085608893
      ,0.759194515332,0.759080536005,0.759232323968,0.759061051275
      ,0.75921154708,0.759109837276,0.759164441392,0.759130851715
      ,0.759181802633,0.759096370466,0.759195531096)
    ,(1.,1.,1.000000000001,0.999999999996,1.000000000009,0.999999999985
      ,1.00000000002,0.999999999979,1.000000000019,0.999999999986
      ,1.000000000008,0.999999999996,1.000000000001,1.,1.
))) REPRESENTATION_ITEM('') SURFACE() );
#1928 = CARTESIAN_POINT('',(364.40347339783,327.3,-1.847041308361));
#1929 = CARTESIAN_POINT('',(364.40359875091,349.49848854392,
    -1.847853108675));
#1930 = CARTESIAN_POINT('',(361.70978693558,371.68566089392,
    -1.846996808089));
#1931 = CARTESIAN_POINT('',(356.32610394854,393.73553742571,
    -1.847578831321));
#1932 = CARTESIAN_POINT('',(348.18211853831,414.40726045692,
    -1.84724591461));
#1933 = CARTESIAN_POINT('',(337.97760717648,434.33886844726,
    -1.847595743367));
#1934 = CARTESIAN_POINT('',(325.02874641347,452.98274809879,
    -1.847129846965));
#1935 = CARTESIAN_POINT('',(310.09459743385,469.93948629426,
    -1.847655239468));
#1936 = CARTESIAN_POINT('',(293.0717637885,484.97480157885,
    -1.847193743563));
#1937 = CARTESIAN_POINT('',(274.45121668249,497.8297273569,
    -1.847505620176));
#1938 = CARTESIAN_POINT('',(254.48505647176,508.22271463585,
    -1.847338207774));
#1939 = CARTESIAN_POINT('',(233.57893781143,516.24581648649,
    -1.847440872952));
#1940 = CARTESIAN_POINT('',(211.72382218206,521.62921970951,
    -1.847285933138));
#1941 = CARTESIAN_POINT('',(189.5183689747,524.30355124026,
    -1.847545420287));
#1942 = CARTESIAN_POINT('',(167.4,524.30350474129,-1.847244291058));
#1943 = CARTESIAN_POINT('',(364.27267862602,327.29098476073,
    -0.999999999931));
#1944 = CARTESIAN_POINT('',(364.27368951855,349.49298124819,
    -0.999999999931));
#1945 = CARTESIAN_POINT('',(361.58033400696,371.64202389406,
    -0.999999999931));
#1946 = CARTESIAN_POINT('',(356.20084599362,393.71471411965,
    -0.999999999932));
#1947 = CARTESIAN_POINT('',(348.05661861905,414.33324817943,
    -0.999999999931));
#1948 = CARTESIAN_POINT('',(337.86927582642,434.28259214233,
    -0.999999999932));
#1949 = CARTESIAN_POINT('',(324.92025588803,452.8845189099,
    -0.99999999993));
#1950 = CARTESIAN_POINT('',(310.00117323957,469.85907800836,
    -0.999999999933));
#1951 = CARTESIAN_POINT('',(292.98832464411,484.85837648545,
    -0.99999999993));
#1952 = CARTESIAN_POINT('',(274.38073750053,497.72385275238,
    -0.999999999932));
#1953 = CARTESIAN_POINT('',(254.42486819526,508.09830073706,
    -0.99999999993));
#1954 = CARTESIAN_POINT('',(233.541351026,516.12091986479,
    -0.999999999932));
#1955 = CARTESIAN_POINT('',(211.69061836672,521.49990726418,
    -0.999999999931));
#1956 = CARTESIAN_POINT('',(189.50667050296,524.17333262637,
    -0.999999999931));
#1957 = CARTESIAN_POINT('',(167.39414636608,524.17267729894,
    -0.999999999931));
#1958 = CARTESIAN_POINT('',(363.41757996856,327.23204571537,
    -0.999999999931));
#1959 = CARTESIAN_POINT('',(363.41983930109,349.39774680183,
    -0.999999999931));
#1960 = CARTESIAN_POINT('',(360.73392678139,371.48913648522,
    -0.999999999931));
#1961 = CARTESIAN_POINT('',(355.36803424281,393.42312969311,
    -0.999999999931));
#1962 = CARTESIAN_POINT('',(347.26663860071,413.97659819086,
    -0.999999999932));
#1963 = CARTESIAN_POINT('',(337.12088862883,433.79959690319,
    -0.999999999931));
#1964 = CARTESIAN_POINT('',(324.23684526934,452.35688377215,
    -0.999999999932));
#1965 = CARTESIAN_POINT('',(309.37891420275,469.21942697111,
    -0.999999999931));
#1966 = CARTESIAN_POINT('',(292.44150230487,484.1866758943,
    -0.999999999932));
#1967 = CARTESIAN_POINT('',(273.91449003788,496.97176516752,
    -0.999999999931));
#1968 = CARTESIAN_POINT('',(254.05077021639,507.31174541001,
    -0.999999999931));
#1969 = CARTESIAN_POINT('',(233.25688073279,515.29318904667,
    -0.999999999931));
#1970 = CARTESIAN_POINT('',(211.51326540794,520.65415847052,
    -0.999999999931));
#1971 = CARTESIAN_POINT('',(189.40821673738,523.31918049502,
    -0.999999999931));
#1972 = CARTESIAN_POINT('',(167.35582613595,523.31622850682,
    -0.999999999931));
#1973 = ADVANCED_FACE('',(#1974),#2006,.T.);
#1974 = FACE_BOUND('',#1975,.T.);
#1975 = EDGE_LOOP('',(#1976,#1977,#1978,#1979));
#1976 = ORIENTED_EDGE('',*,*,#1921,.T.);
#1977 = ORIENTED_EDGE('',*,*,#1046,.T.);
#1978 = ORIENTED_EDGE('',*,*,#1189,.F.);
#1979 = ORIENTED_EDGE('',*,*,#1980,.F.);
#1980 = EDGE_CURVE('',#1880,#1190,#1981,.T.);
#1981 = B_SPLINE_CURVE_WITH_KNOTS('',12,(#1982,#1983,#1984,#1985,#1986,
    #1987,#1988,#1989,#1990,#1991,#1992,#1993,#1994,#1995,#1996,#1997,
    #1998,#1999,#2000,#2001,#2002,#2003,#2004,#2005),.UNSPECIFIED.,.F.,
  .F.,(13,11,13),(636.54089982325,803.95297276991,853.15309328917),
  .UNSPECIFIED.);
#1982 = CARTESIAN_POINT('',(167.4,524.30350474129,-1.847244291058));
#1983 = CARTESIAN_POINT('',(153.43058863049,524.3035479239,
    -1.847523943181));
#1984 = CARTESIAN_POINT('',(139.54143294486,524.30351686713,
    -1.847322816158));
#1985 = CARTESIAN_POINT('',(125.55086357788,524.30353063248,
    -1.847411966901));
#1986 = CARTESIAN_POINT('',(111.62210845809,524.30352345285,
    -1.847365461866));
#1987 = CARTESIAN_POINT('',(97.649546083196,524.30352872992,
    -1.847399647998));
#1988 = CARTESIAN_POINT('',(83.711819266332,524.30352612229,
    -1.847382750419));
#1989 = CARTESIAN_POINT('',(69.751084075896,524.30352777112,
    -1.847393434421));
#1990 = CARTESIAN_POINT('',(55.804231401803,524.30352725799,
    -1.847390109975));
#1991 = CARTESIAN_POINT('',(41.851300945995,524.3035275177,
    -1.847391790666));
#1992 = CARTESIAN_POINT('',(27.900571568258,524.30352751868,
    -1.847391798444));
#1993 = CARTESIAN_POINT('',(13.949433842267,524.30352754975,
    -1.847391998963));
#1994 = CARTESIAN_POINT('',(-4.101638799791,524.30352757166,
    -1.847392141059));
#1995 = CARTESIAN_POINT('',(-8.201685654088,524.30352757664,
    -1.847392173335));
#1996 = CARTESIAN_POINT('',(-12.30175648178,524.30352758162,
    -1.84739220561));
#1997 = CARTESIAN_POINT('',(-16.40185128288,524.3035275866,
    -1.847392237886));
#1998 = CARTESIAN_POINT('',(-20.50197005738,524.30352759158,
    -1.847392270161));
#1999 = CARTESIAN_POINT('',(-24.60211280528,524.30352759657,
    -1.847392302437));
#2000 = CARTESIAN_POINT('',(-28.70227952658,524.30352760155,
    -1.847392334713));
#2001 = CARTESIAN_POINT('',(-32.80247022129,524.30352760654,
    -1.84739236699));
#2002 = CARTESIAN_POINT('',(-36.90268488939,524.30352761152,
    -1.847392399266));
#2003 = CARTESIAN_POINT('',(-41.0029235309,524.30352761651,
    -1.847392431543));
#2004 = CARTESIAN_POINT('',(-45.1031861458,524.3035276215,-1.84739246382
    ));
#2005 = CARTESIAN_POINT('',(-49.20347273411,524.30352762649,
    -1.847392496097));
#2006 = ( BOUNDED_SURFACE() B_SPLINE_SURFACE(2,12,(
    (#2007,#2008,#2009,#2010,#2011,#2012,#2013,#2014,#2015,#2016,#2017
      ,#2018,#2019,#2020,#2021,#2022,#2023,#2024,#2025,#2026,#2027,#2028
      ,#2029,#2030)
    ,(#2031,#2032,#2033,#2034,#2035,#2036,#2037,#2038,#2039,#2040,#2041
      ,#2042,#2043,#2044,#2045,#2046,#2047,#2048,#2049,#2050,#2051,#2052
      ,#2053,#2054)
    ,(#2055,#2056,#2057,#2058,#2059,#2060,#2061,#2062,#2063,#2064,#2065
      ,#2066,#2067,#2068,#2069,#2070,#2071,#2072,#2073,#2074,#2075,#2076
      ,#2077,#2078
)),.UNSPECIFIED.,.F.,.F.,.F.) B_SPLINE_SURFACE_WITH_KNOTS((3,3),(13,11,
    13),(0.,167.41207294666),(636.54089982325,803.95297276991,
853.15309328917),.UNSPECIFIED.) GEOMETRIC_REPRESENTATION_ITEM() 
RATIONAL_B_SPLINE_SURFACE((
    (1.,1.,1.,1.,1.,1.,1.,1.,1.,1.,1.,1.,1.,1.,1.,1.,1.,1.,1.,1.,1.,1.
      ,1.,1.)
    ,(0.759195531096,0.75910344279,0.759169662424,0.759140334964
      ,0.759155597206,0.759144408111,0.759149903006,0.759146438307
      ,0.759147502362,0.759146961369,0.759146955534,0.759146889926
      ,0.759146843131,0.759146834435,0.759146827671,0.75914682284
      ,0.759146819941,0.759146818975,0.759146819941,0.75914682284
      ,0.759146827671,0.759146834435,0.759146843131,0.75914685376)
    ,(1.,1.,1.,1.,1.,1.,1.,1.,1.,1.,1.,1.,1.,1.,1.,1.,1.,1.,1.,1.,1.,1.
,1.,1.))) REPRESENTATION_ITEM('') SURFACE() );
#2007 = CARTESIAN_POINT('',(167.4,524.30350474129,-1.847244291058));
#2008 = CARTESIAN_POINT('',(153.43058863049,524.3035479239,
    -1.847523943181));
#2009 = CARTESIAN_POINT('',(139.54143294486,524.30351686713,
    -1.847322816158));
#2010 = CARTESIAN_POINT('',(125.55086357788,524.30353063248,
    -1.847411966901));
#2011 = CARTESIAN_POINT('',(111.62210845809,524.30352345285,
    -1.847365461866));
#2012 = CARTESIAN_POINT('',(97.649546083196,524.30352872992,
    -1.847399647998));
#2013 = CARTESIAN_POINT('',(83.711819266332,524.30352612229,
    -1.847382750419));
#2014 = CARTESIAN_POINT('',(69.751084075896,524.30352777112,
    -1.847393434421));
#2015 = CARTESIAN_POINT('',(55.804231401803,524.30352725799,
    -1.847390109975));
#2016 = CARTESIAN_POINT('',(41.851300945995,524.3035275177,
    -1.847391790666));
#2017 = CARTESIAN_POINT('',(27.900571568258,524.30352751868,
    -1.847391798444));
#2018 = CARTESIAN_POINT('',(13.949433842267,524.30352754975,
    -1.847391998963));
#2019 = CARTESIAN_POINT('',(-4.101638799791,524.30352757166,
    -1.847392141059));
#2020 = CARTESIAN_POINT('',(-8.201685654088,524.30352757664,
    -1.847392173335));
#2021 = CARTESIAN_POINT('',(-12.30175648178,524.30352758162,
    -1.84739220561));
#2022 = CARTESIAN_POINT('',(-16.40185128288,524.3035275866,
    -1.847392237886));
#2023 = CARTESIAN_POINT('',(-20.50197005738,524.30352759158,
    -1.847392270161));
#2024 = CARTESIAN_POINT('',(-24.60211280528,524.30352759657,
    -1.847392302437));
#2025 = CARTESIAN_POINT('',(-28.70227952658,524.30352760155,
    -1.847392334713));
#2026 = CARTESIAN_POINT('',(-32.80247022129,524.30352760654,
    -1.84739236699));
#2027 = CARTESIAN_POINT('',(-36.90268488939,524.30352761152,
    -1.847392399266));
#2028 = CARTESIAN_POINT('',(-41.0029235309,524.30352761651,
    -1.847392431543));
#2029 = CARTESIAN_POINT('',(-45.1031861458,524.3035276215,-1.84739246382
    ));
#2030 = CARTESIAN_POINT('',(-49.20347273411,524.30352762649,
    -1.847392496097));
#2031 = CARTESIAN_POINT('',(167.39414636608,524.17267729894,
    -0.999999999931));
#2032 = CARTESIAN_POINT('',(153.42857175625,524.17267547016,
    -0.999999999931));
#2033 = CARTESIAN_POINT('',(139.54556515784,524.17267678531,
    -0.999999999931));
#2034 = CARTESIAN_POINT('',(125.55007936598,524.17267620276,
    -0.999999999931));
#2035 = CARTESIAN_POINT('',(111.62550087948,524.17267650612,
    -0.999999999931));
#2036 = CARTESIAN_POINT('',(97.64894744994,524.17267628354,
    -0.999999999932));
#2037 = CARTESIAN_POINT('',(83.713886179476,524.17267639306,
    -0.999999999931));
#2038 = CARTESIAN_POINT('',(69.751112042482,524.17267632395,
    -0.999999999932));
#2039 = CARTESIAN_POINT('',(55.805062853705,524.17267634525,
    -0.999999999931));
#2040 = CARTESIAN_POINT('',(41.851663659682,524.17267633445,
    -0.999999999931));
#2041 = CARTESIAN_POINT('',(27.900928931626,524.17267633434,
    -0.999999999931));
#2042 = CARTESIAN_POINT('',(13.949706532074,524.17267633304,
    -0.999999999931));
#2043 = CARTESIAN_POINT('',(-4.101442363647,524.17267633211,
    -0.999999999931));
#2044 = CARTESIAN_POINT('',(-8.201503652911,524.1726763319,
    -0.999999999931));
#2045 = CARTESIAN_POINT('',(-12.30158580406,524.17267633168,
    -0.999999999931));
#2046 = CARTESIAN_POINT('',(-16.40168878578,524.17267633147,
    -0.999999999931));
#2047 = CARTESIAN_POINT('',(-20.50181256676,524.17267633126,
    -0.999999999931));
#2048 = CARTESIAN_POINT('',(-24.6019571157,524.17267633105,
    -0.999999999931));
#2049 = CARTESIAN_POINT('',(-28.70212240128,524.17267633084,
    -0.999999999931));
#2050 = CARTESIAN_POINT('',(-32.80230839218,524.17267633063,
    -0.999999999931));
#2051 = CARTESIAN_POINT('',(-36.9025150571,524.17267633042,
    -0.999999999931));
#2052 = CARTESIAN_POINT('',(-41.00274236471,524.17267633021,
    -0.999999999931));
#2053 = CARTESIAN_POINT('',(-45.10299028372,524.17267633,-0.999999999931
    ));
#2054 = CARTESIAN_POINT('',(-49.2032587828,524.17267632979,
    -0.999999999931));
#2055 = CARTESIAN_POINT('',(167.35582613595,523.31622850682,
    -0.999999999931));
#2056 = CARTESIAN_POINT('',(153.42808182852,523.31436410417,
    -0.999999999931));
#2057 = CARTESIAN_POINT('',(139.55210242117,523.31569846059,
    -0.999999999931));
#2058 = CARTESIAN_POINT('',(125.56273956147,523.31512215345,
    -0.999999999932));
#2059 = CARTESIAN_POINT('',(111.63325257528,523.31540060626,
    -0.999999999929));
#2060 = CARTESIAN_POINT('',(97.65749363137,523.31521440884,
    -0.999999999934));
#2061 = CARTESIAN_POINT('',(83.71917401522,523.3152846498,
    -0.999999999929));
#2062 = CARTESIAN_POINT('',(69.756095909723,523.31524610826,
    -0.999999999933));
#2063 = CARTESIAN_POINT('',(55.80865341093,523.31524953398,
    -0.99999999993));
#2064 = CARTESIAN_POINT('',(41.854597431015,523.31524593563,
    -0.999999999932));
#2065 = CARTESIAN_POINT('',(27.903211582128,523.3152438838,
    -0.999999999931));
#2066 = CARTESIAN_POINT('',(13.951498416616,523.31524280492,
    -0.999999999931));
#2067 = CARTESIAN_POINT('',(-4.100154734602,523.31524185572,
    -0.999999999931));
#2068 = CARTESIAN_POINT('',(-8.200309469204,523.31524164012,
    -0.999999999931));
#2069 = CARTESIAN_POINT('',(-12.3004642038,523.31524142452,
    -0.999999999931));
#2070 = CARTESIAN_POINT('',(-16.4006189384,523.31524120893,
    -0.999999999931));
#2071 = CARTESIAN_POINT('',(-20.50077367301,523.31524099334,
    -0.999999999931));
#2072 = CARTESIAN_POINT('',(-24.60092840761,523.31524077775,
    -0.999999999931));
#2073 = CARTESIAN_POINT('',(-28.70108314221,523.31524056216,
    -0.999999999931));
#2074 = CARTESIAN_POINT('',(-32.80123787681,523.31524034657,
    -0.999999999931));
#2075 = CARTESIAN_POINT('',(-36.90139261141,523.31524013098,
    -0.999999999931));
#2076 = CARTESIAN_POINT('',(-41.00154734601,523.3152399154,
    -0.999999999931));
#2077 = CARTESIAN_POINT('',(-45.10170208062,523.31523969981,
    -0.999999999931));
#2078 = CARTESIAN_POINT('',(-49.20185681522,523.31523948423,
    -0.999999999931));
#2079 = ADVANCED_FACE('',(#2080),#2086,.F.);
#2080 = FACE_BOUND('',#2081,.F.);
#2081 = EDGE_LOOP('',(#2082,#2083,#2084,#2085));
#2082 = ORIENTED_EDGE('',*,*,#1471,.T.);
#2083 = ORIENTED_EDGE('',*,*,#1746,.T.);
#2084 = ORIENTED_EDGE('',*,*,#1147,.T.);
#2085 = ORIENTED_EDGE('',*,*,#1275,.F.);
#2086 = SURFACE_OF_LINEAR_EXTRUSION('',#2087,#2092);
#2087 = ( BOUNDED_CURVE() B_SPLINE_CURVE(3,(#2088,#2089,#2090,#2091),
.UNSPECIFIED.,.F.,.F.) B_SPLINE_CURVE_WITH_KNOTS((4,4),(0.,
267.88504348397),.PIECEWISE_BEZIER_KNOTS.) CURVE() 
GEOMETRIC_REPRESENTATION_ITEM() RATIONAL_B_SPLINE_CURVE((1.087403030057,
1.,1.,1.)) REPRESENTATION_ITEM('') );
#2088 = CARTESIAN_POINT('',(-2.906106219698E-15,570.93684667418,2.));
#2089 = CARTESIAN_POINT('',(1.075235909422E-14,572.98304063375,
    -60.07265881471));
#2090 = CARTESIAN_POINT('',(1.301140834196E-14,535.83511909295,
    -60.07265881471));
#2091 = CARTESIAN_POINT('',(0.,526.8,1.000000000069));
#2092 = VECTOR('',#2093,1.);
#2093 = DIRECTION('',(-1.,0.,0.));
#2094 = ADVANCED_FACE('',(#2095),#2101,.F.);
#2095 = FACE_BOUND('',#2096,.F.);
#2096 = EDGE_LOOP('',(#2097,#2098,#2099,#2100));
#2097 = ORIENTED_EDGE('',*,*,#1899,.T.);
#2098 = ORIENTED_EDGE('',*,*,#1520,.T.);
#2099 = ORIENTED_EDGE('',*,*,#1216,.F.);
#2100 = ORIENTED_EDGE('',*,*,#1980,.F.);
#2101 = SURFACE_OF_LINEAR_EXTRUSION('',#2102,#2107);
#2102 = B_SPLINE_CURVE_WITH_KNOTS('',3,(#2103,#2104,#2105,#2106),
  .UNSPECIFIED.,.F.,.F.,(4,4),(0.,426.92048624656),
  .PIECEWISE_BEZIER_KNOTS.);
#2103 = CARTESIAN_POINT('',(6.036953099782E-16,524.17542911429,
    -0.999999999931));
#2104 = CARTESIAN_POINT('',(1.355004863852E-14,533.16537402023,
    -61.76730504103));
#2105 = CARTESIAN_POINT('',(1.1000929399E-14,575.08322136368,
    -61.76730504103));
#2106 = CARTESIAN_POINT('',(-2.590345883009E-15,573.0470932376,
    1.045679933807E-17));
#2107 = VECTOR('',#2108,1.);
#2108 = DIRECTION('',(-1.,0.,0.));
#2109 = ( GEOMETRIC_REPRESENTATION_CONTEXT(3) 
GLOBAL_UNCERTAINTY_ASSIGNED_CONTEXT((#2113)) 
GLOBAL_UNIT_ASSIGNED_CONTEXT((#2110,#2111,#2112)) REPRESENTATION_CONTEXT
('Context #1','3D Context with UNIT and UNCERTAINTY') );
#2110 = ( LENGTH_UNIT() NAMED_UNIT(*) SI_UNIT(.MILLI.,.METRE.) );
#2111 = ( NAMED_UNIT(*) PLANE_ANGLE_UNIT() SI_UNIT($,.RADIAN.) );
#2112 = ( NAMED_UNIT(*) SI_UNIT($,.STERADIAN.) SOLID_ANGLE_UNIT() );
#2113 = UNCERTAINTY_MEASURE_WITH_UNIT(LENGTH_MEASURE(2.E-05),#2110,
  'distance_accuracy_value','confusion accuracy');
#2114 = PRODUCT_RELATED_PRODUCT_CATEGORY('part',$,(#7));
ENDSEC;
END-ISO-10303-21;
